frame,time_seconds,segment_label,cycle_index
0,0.0,start_transient,-1
1,0.01,start_transient,-1
2,0.02,start_transient,-1
3,0.03,start_transient,-1
4,0.04,start_transient,-1
5,0.05,start_transient,-1
6,0.06,start_transient,-1
7,0.07,start_transient,-1
8,0.08,start_transient,-1
9,0.09,start_transient,-1
10,0.1,start_transient,-1
11,0.11,start_transient,-1
12,0.12,start_transient,-1
13,0.13,start_transient,-1
14,0.14,start_transient,-1
15,0.15,start_transient,-1
16,0.16,start_transient,-1
17,0.17,start_transient,-1
18,0.18,start_transient,-1
19,0.19,start_transient,-1
20,0.2,start_transient,-1
21,0.21,start_transient,-1
22,0.22,start_transient,-1
23,0.23,start_transient,-1
24,0.24,start_transient,-1
25,0.25,start_transient,-1
26,0.26,start_transient,-1
27,0.27,start_transient,-1
28,0.28,start_transient,-1
29,0.29,start_transient,-1
30,0.3,start_transient,-1
31,0.31,start_transient,-1
32,0.32,start_transient,-1
33,0.33,start_transient,-1
34,0.34,start_transient,-1
35,0.35,start_transient,-1
36,0.36,start_transient,-1
37,0.37,start_transient,-1
38,0.38,start_transient,-1
39,0.39,start_transient,-1
40,0.4,start_transient,-1
41,0.41,start_transient,-1
42,0.42,start_transient,-1
43,0.43,start_transient,-1
44,0.44,start_transient,-1
45,0.45,start_transient,-1
46,0.46,start_transient,-1
47,0.47,start_transient,-1
48,0.48,start_transient,-1
49,0.49,start_transient,-1
50,0.5,start_transient,-1
51,0.51,start_transient,-1
52,0.52,start_transient,-1
53,0.53,start_transient,-1
54,0.54,start_transient,-1
55,0.55,start_transient,-1
56,0.56,start_transient,-1
57,0.57,start_transient,-1
58,0.58,start_transient,-1
59,0.59,start_transient,-1
60,0.6,start_transient,-1
61,0.61,start_transient,-1
62,0.62,start_transient,-1
63,0.63,start_transient,-1
64,0.64,start_transient,-1
65,0.65,start_transient,-1
66,0.66,start_transient,-1
67,0.67,start_transient,-1
68,0.68,start_transient,-1
69,0.69,start_transient,-1
70,0.7,start_transient,-1
71,0.71,start_transient,-1
72,0.72,start_transient,-1
73,0.73,start_transient,-1
74,0.74,start_transient,-1
75,0.75,start_transient,-1
76,0.76,start_transient,-1
77,0.77,start_transient,-1
78,0.78,start_transient,-1
79,0.79,start_transient,-1
80,0.8,start_transient,-1
81,0.81,start_transient,-1
82,0.82,start_transient,-1
83,0.83,start_transient,-1
84,0.84,start_transient,-1
85,0.85,start_transient,-1
86,0.86,start_transient,-1
87,0.87,start_transient,-1
88,0.88,start_transient,-1
89,0.89,start_transient,-1
90,0.9,start_transient,-1
91,0.91,start_transient,-1
92,0.92,start_transient,-1
93,0.93,start_transient,-1
94,0.94,start_transient,-1
95,0.95,start_transient,-1
96,0.96,start_transient,-1
97,0.97,start_transient,-1
98,0.98,start_transient,-1
99,0.99,start_transient,-1
100,1.0,start_transient,-1
101,1.01,start_transient,-1
102,1.02,start_transient,-1
103,1.03,start_transient,-1
104,1.04,start_transient,-1
105,1.05,start_transient,-1
106,1.06,start_transient,-1
107,1.07,start_transient,-1
108,1.08,start_transient,-1
109,1.09,start_transient,-1
110,1.1,start_transient,-1
111,1.11,start_transient,-1
112,1.12,start_transient,-1
113,1.13,start_transient,-1
114,1.14,start_transient,-1
115,1.15,start_transient,-1
116,1.16,start_transient,-1
117,1.17,start_transient,-1
118,1.18,start_transient,-1
119,1.19,start_transient,-1
120,1.2,start_transient,-1
121,1.21,start_transient,-1
122,1.22,start_transient,-1
123,1.23,start_transient,-1
124,1.24,start_transient,-1
125,1.25,start_transient,-1
126,1.26,start_transient,-1
127,1.27,start_transient,-1
128,1.28,start_transient,-1
129,1.29,start_transient,-1
130,1.3,start_transient,-1
131,1.31,start_transient,-1
132,1.32,start_transient,-1
133,1.33,start_transient,-1
134,1.34,start_transient,-1
135,1.35,start_transient,-1
136,1.36,start_transient,-1
137,1.37,start_transient,-1
138,1.38,start_transient,-1
139,1.39,start_transient,-1
140,1.4,start_transient,-1
141,1.41,start_transient,-1
142,1.42,start_transient,-1
143,1.43,start_transient,-1
144,1.44,start_transient,-1
145,1.45,start_transient,-1
146,1.46,start_transient,-1
147,1.47,start_transient,-1
148,1.48,start_transient,-1
149,1.49,start_transient,-1
150,1.5,start_transient,-1
151,1.51,start_transient,-1
152,1.52,start_transient,-1
153,1.53,start_transient,-1
154,1.54,start_transient,-1
155,1.55,start_transient,-1
156,1.56,start_transient,-1
157,1.57,start_transient,-1
158,1.58,start_transient,-1
159,1.59,start_transient,-1
160,1.6,start_transient,-1
161,1.61,start_transient,-1
162,1.62,start_transient,-1
163,1.63,start_transient,-1
164,1.64,start_transient,-1
165,1.65,start_transient,-1
166,1.66,start_transient,-1
167,1.67,start_transient,-1
168,1.68,start_transient,-1
169,1.69,start_transient,-1
170,1.7,start_transient,-1
171,1.71,start_transient,-1
172,1.72,start_transient,-1
173,1.73,start_transient,-1
174,1.74,start_transient,-1
175,1.75,start_transient,-1
176,1.76,start_transient,-1
177,1.77,start_transient,-1
178,1.78,start_transient,-1
179,1.79,start_transient,-1
180,1.8,start_transient,-1
181,1.81,start_transient,-1
182,1.82,start_transient,-1
183,1.83,start_transient,-1
184,1.84,start_transient,-1
185,1.85,start_transient,-1
186,1.86,start_transient,-1
187,1.87,start_transient,-1
188,1.88,start_transient,-1
189,1.89,start_transient,-1
190,1.9,start_transient,-1
191,1.91,start_transient,-1
192,1.92,start_transient,-1
193,1.93,start_transient,-1
194,1.94,start_transient,-1
195,1.95,start_transient,-1
196,1.96,start_transient,-1
197,1.97,start_transient,-1
198,1.98,start_transient,-1
199,1.99,start_transient,-1
200,2.0,start_transient,-1
201,2.01,start_transient,-1
202,2.02,start_transient,-1
203,2.03,start_transient,-1
204,2.04,start_transient,-1
205,2.05,start_transient,-1
206,2.06,start_transient,-1
207,2.07,start_transient,-1
208,2.08,start_transient,-1
209,2.09,start_transient,-1
210,2.1,start_transient,-1
211,2.11,start_transient,-1
212,2.12,start_transient,-1
213,2.13,start_transient,-1
214,2.14,start_transient,-1
215,2.15,start_transient,-1
216,2.16,start_transient,-1
217,2.17,start_transient,-1
218,2.18,start_transient,-1
219,2.19,start_transient,-1
220,2.2,start_transient,-1
221,2.21,start_transient,-1
222,2.22,start_transient,-1
223,2.23,start_transient,-1
224,2.24,start_transient,-1
225,2.25,start_transient,-1
226,2.26,start_transient,-1
227,2.27,start_transient,-1
228,2.28,start_transient,-1
229,2.29,start_transient,-1
230,2.3,start_transient,-1
231,2.31,start_transient,-1
232,2.32,start_transient,-1
233,2.33,start_transient,-1
234,2.34,start_transient,-1
235,2.35,start_transient,-1
236,2.36,start_transient,-1
237,2.37,start_transient,-1
238,2.38,start_transient,-1
239,2.39,start_transient,-1
240,2.4,start_transient,-1
241,2.41,start_transient,-1
242,2.42,start_transient,-1
243,2.43,start_transient,-1
244,2.44,start_transient,-1
245,2.45,start_transient,-1
246,2.46,start_transient,-1
247,2.47,start_transient,-1
248,2.48,start_transient,-1
249,2.49,start_transient,-1
250,2.5,start_transient,-1
251,2.51,start_transient,-1
252,2.52,start_transient,-1
253,2.53,start_transient,-1
254,2.54,start_transient,-1
255,2.55,start_transient,-1
256,2.56,start_transient,-1
257,2.57,start_transient,-1
258,2.58,start_transient,-1
259,2.59,start_transient,-1
260,2.6,start_transient,-1
261,2.61,start_transient,-1
262,2.62,start_transient,-1
263,2.63,start_transient,-1
264,2.64,start_transient,-1
265,2.65,start_transient,-1
266,2.66,start_transient,-1
267,2.67,start_transient,-1
268,2.68,start_transient,-1
269,2.69,start_transient,-1
270,2.7,start_transient,-1
271,2.71,start_transient,-1
272,2.72,start_transient,-1
273,2.73,start_transient,-1
274,2.74,start_transient,-1
275,2.75,start_transient,-1
276,2.76,start_transient,-1
277,2.77,start_transient,-1
278,2.78,start_transient,-1
279,2.79,start_transient,-1
280,2.8,start_transient,-1
281,2.81,start_transient,-1
282,2.82,start_transient,-1
283,2.83,start_transient,-1
284,2.84,start_transient,-1
285,2.85,start_transient,-1
286,2.86,start_transient,-1
287,2.87,start_transient,-1
288,2.88,start_transient,-1
289,2.89,start_transient,-1
290,2.9,start_transient,-1
291,2.91,start_transient,-1
292,2.92,start_transient,-1
293,2.93,start_transient,-1
294,2.94,start_transient,-1
295,2.95,start_transient,-1
296,2.96,start_transient,-1
297,2.97,start_transient,-1
298,2.98,start_transient,-1
299,2.99,start_transient,-1
300,3.0,start_transient,-1
301,3.01,start_transient,-1
302,3.02,start_transient,-1
303,3.03,start_transient,-1
304,3.04,start_transient,-1
305,3.05,start_transient,-1
306,3.06,start_transient,-1
307,3.07,start_transient,-1
308,3.08,start_transient,-1
309,3.09,start_transient,-1
310,3.1,start_transient,-1
311,3.11,start_transient,-1
312,3.12,start_transient,-1
313,3.13,start_transient,-1
314,3.14,start_transient,-1
315,3.15,start_transient,-1
316,3.16,start_transient,-1
317,3.17,start_transient,-1
318,3.18,start_transient,-1
319,3.19,start_transient,-1
320,3.2,start_transient,-1
321,3.21,start_transient,-1
322,3.22,start_transient,-1
323,3.23,start_transient,-1
324,3.24,start_transient,-1
325,3.25,start_transient,-1
326,3.26,start_transient,-1
327,3.27,start_transient,-1
328,3.28,start_transient,-1
329,3.29,start_transient,-1
330,3.3,start_transient,-1
331,3.31,start_transient,-1
332,3.32,start_transient,-1
333,3.33,start_transient,-1
334,3.34,start_transient,-1
335,3.35,start_transient,-1
336,3.36,start_transient,-1
337,3.37,start_transient,-1
338,3.38,start_transient,-1
339,3.39,start_transient,-1
340,3.4,start_transient,-1
341,3.41,start_transient,-1
342,3.42,start_transient,-1
343,3.43,start_transient,-1
344,3.44,start_transient,-1
345,3.45,start_transient,-1
346,3.46,start_transient,-1
347,3.47,start_transient,-1
348,3.48,start_transient,-1
349,3.49,start_transient,-1
350,3.5,start_transient,-1
351,3.51,start_transient,-1
352,3.52,start_transient,-1
353,3.53,start_transient,-1
354,3.54,start_transient,-1
355,3.55,start_transient,-1
356,3.56,start_transient,-1
357,3.57,start_transient,-1
358,3.58,start_transient,-1
359,3.59,start_transient,-1
360,3.6,start_transient,-1
361,3.61,start_transient,-1
362,3.62,start_transient,-1
363,3.63,start_transient,-1
364,3.64,start_transient,-1
365,3.65,start_transient,-1
366,3.66,start_transient,-1
367,3.67,start_transient,-1
368,3.68,start_transient,-1
369,3.69,start_transient,-1
370,3.7,start_transient,-1
371,3.71,start_transient,-1
372,3.72,start_transient,-1
373,3.73,start_transient,-1
374,3.74,start_transient,-1
375,3.75,start_transient,-1
376,3.76,start_transient,-1
377,3.77,start_transient,-1
378,3.78,start_transient,-1
379,3.79,start_transient,-1
380,3.8,start_transient,-1
381,3.81,start_transient,-1
382,3.82,start_transient,-1
383,3.83,start_transient,-1
384,3.84,start_transient,-1
385,3.85,start_transient,-1
386,3.86,start_transient,-1
387,3.87,start_transient,-1
388,3.88,start_transient,-1
389,3.89,start_transient,-1
390,3.9,start_transient,-1
391,3.91,start_transient,-1
392,3.92,start_transient,-1
393,3.93,start_transient,-1
394,3.94,start_transient,-1
395,3.95,start_transient,-1
396,3.96,start_transient,-1
397,3.97,start_transient,-1
398,3.98,start_transient,-1
399,3.99,start_transient,-1
400,4.0,start_transient,-1
401,4.01,start_transient,-1
402,4.02,start_transient,-1
403,4.03,start_transient,-1
404,4.04,start_transient,-1
405,4.05,start_transient,-1
406,4.06,start_transient,-1
407,4.07,start_transient,-1
408,4.08,start_transient,-1
409,4.09,start_transient,-1
410,4.1,start_transient,-1
411,4.11,start_transient,-1
412,4.12,start_transient,-1
413,4.13,start_transient,-1
414,4.14,start_transient,-1
415,4.15,start_transient,-1
416,4.16,start_transient,-1
417,4.17,start_transient,-1
418,4.18,start_transient,-1
419,4.19,start_transient,-1
420,4.2,start_transient,-1
421,4.21,start_transient,-1
422,4.22,start_transient,-1
423,4.23,start_transient,-1
424,4.24,start_transient,-1
425,4.25,start_transient,-1
426,4.26,start_transient,-1
427,4.27,start_transient,-1
428,4.28,start_transient,-1
429,4.29,start_transient,-1
430,4.3,start_transient,-1
431,4.31,start_transient,-1
432,4.32,start_transient,-1
433,4.33,start_transient,-1
434,4.34,start_transient,-1
435,4.35,start_transient,-1
436,4.36,start_transient,-1
437,4.37,start_transient,-1
438,4.38,start_transient,-1
439,4.39,start_transient,-1
440,4.4,start_transient,-1
441,4.41,start_transient,-1
442,4.42,start_transient,-1
443,4.43,start_transient,-1
444,4.44,start_transient,-1
445,4.45,start_transient,-1
446,4.46,start_transient,-1
447,4.47,start_transient,-1
448,4.48,start_transient,-1
449,4.49,start_transient,-1
450,4.5,start_transient,-1
451,4.51,start_transient,-1
452,4.52,start_transient,-1
453,4.53,start_transient,-1
454,4.54,start_transient,-1
455,4.55,start_transient,-1
456,4.56,start_transient,-1
457,4.57,start_transient,-1
458,4.58,start_transient,-1
459,4.59,start_transient,-1
460,4.6,start_transient,-1
461,4.61,start_transient,-1
462,4.62,start_transient,-1
463,4.63,start_transient,-1
464,4.64,start_transient,-1
465,4.65,start_transient,-1
466,4.66,start_transient,-1
467,4.67,start_transient,-1
468,4.68,start_transient,-1
469,4.69,start_transient,-1
470,4.7,start_transient,-1
471,4.71,start_transient,-1
472,4.72,start_transient,-1
473,4.73,start_transient,-1
474,4.74,start_transient,-1
475,4.75,start_transient,-1
476,4.76,start_transient,-1
477,4.77,start_transient,-1
478,4.78,start_transient,-1
479,4.79,start_transient,-1
480,4.8,start_transient,-1
481,4.81,start_transient,-1
482,4.82,start_transient,-1
483,4.83,start_transient,-1
484,4.84,start_transient,-1
485,4.85,start_transient,-1
486,4.86,start_transient,-1
487,4.87,start_transient,-1
488,4.88,start_transient,-1
489,4.89,start_transient,-1
490,4.9,start_transient,-1
491,4.91,start_transient,-1
492,4.92,start_transient,-1
493,4.93,start_transient,-1
494,4.94,start_transient,-1
495,4.95,start_transient,-1
496,4.96,start_transient,-1
497,4.97,start_transient,-1
498,4.98,start_transient,-1
499,4.99,start_transient,-1
500,5.0,start_transient,-1
501,5.01,start_transient,-1
502,5.02,start_transient,-1
503,5.03,start_transient,-1
504,5.04,start_transient,-1
505,5.05,start_transient,-1
506,5.06,start_transient,-1
507,5.07,start_transient,-1
508,5.08,start_transient,-1
509,5.09,start_transient,-1
510,5.1,start_transient,-1
511,5.11,start_transient,-1
512,5.12,start_transient,-1
513,5.13,start_transient,-1
514,5.14,start_transient,-1
515,5.15,start_transient,-1
516,5.16,start_transient,-1
517,5.17,start_transient,-1
518,5.18,start_transient,-1
519,5.19,start_transient,-1
520,5.2,start_transient,-1
521,5.21,start_transient,-1
522,5.22,start_transient,-1
523,5.23,start_transient,-1
524,5.24,start_transient,-1
525,5.25,start_transient,-1
526,5.26,start_transient,-1
527,5.27,start_transient,-1
528,5.28,start_transient,-1
529,5.29,start_transient,-1
530,5.3,start_transient,-1
531,5.31,start_transient,-1
532,5.32,start_transient,-1
533,5.33,start_transient,-1
534,5.34,start_transient,-1
535,5.35,start_transient,-1
536,5.36,start_transient,-1
537,5.37,start_transient,-1
538,5.38,start_transient,-1
539,5.39,start_transient,-1
540,5.4,start_transient,-1
541,5.41,start_transient,-1
542,5.42,start_transient,-1
543,5.43,start_transient,-1
544,5.44,start_transient,-1
545,5.45,start_transient,-1
546,5.46,start_transient,-1
547,5.47,start_transient,-1
548,5.48,start_transient,-1
549,5.49,start_transient,-1
550,5.5,start_transient,-1
551,5.51,start_transient,-1
552,5.52,start_transient,-1
553,5.53,start_transient,-1
554,5.54,start_transient,-1
555,5.55,start_transient,-1
556,5.56,start_transient,-1
557,5.57,start_transient,-1
558,5.58,start_transient,-1
559,5.59,start_transient,-1
560,5.6,start_transient,-1
561,5.61,start_transient,-1
562,5.62,start_transient,-1
563,5.63,start_transient,-1
564,5.64,start_transient,-1
565,5.65,start_transient,-1
566,5.66,start_transient,-1
567,5.67,start_transient,-1
568,5.68,start_transient,-1
569,5.69,start_transient,-1
570,5.7,start_transient,-1
571,5.71,start_transient,-1
572,5.72,start_transient,-1
573,5.73,start_transient,-1
574,5.74,start_transient,-1
575,5.75,start_transient,-1
576,5.76,start_transient,-1
577,5.77,start_transient,-1
578,5.78,start_transient,-1
579,5.79,start_transient,-1
580,5.8,start_transient,-1
581,5.81,start_transient,-1
582,5.82,start_transient,-1
583,5.83,start_transient,-1
584,5.84,start_transient,-1
585,5.85,start_transient,-1
586,5.86,start_transient,-1
587,5.87,start_transient,-1
588,5.88,start_transient,-1
589,5.89,start_transient,-1
590,5.9,start_transient,-1
591,5.91,start_transient,-1
592,5.92,start_transient,-1
593,5.93,start_transient,-1
594,5.94,start_transient,-1
595,5.95,start_transient,-1
596,5.96,start_transient,-1
597,5.97,start_transient,-1
598,5.98,start_transient,-1
599,5.99,start_transient,-1
600,6.0,start_transient,-1
601,6.01,start_transient,-1
602,6.02,start_transient,-1
603,6.03,start_transient,-1
604,6.04,start_transient,-1
605,6.05,start_transient,-1
606,6.06,start_transient,-1
607,6.07,start_transient,-1
608,6.08,start_transient,-1
609,6.09,start_transient,-1
610,6.1,start_transient,-1
611,6.11,start_transient,-1
612,6.12,start_transient,-1
613,6.13,start_transient,-1
614,6.14,start_transient,-1
615,6.15,start_transient,-1
616,6.16,start_transient,-1
617,6.17,start_transient,-1
618,6.18,start_transient,-1
619,6.19,start_transient,-1
620,6.2,start_transient,-1
621,6.21,start_transient,-1
622,6.22,start_transient,-1
623,6.23,start_transient,-1
624,6.24,start_transient,-1
625,6.25,start_transient,-1
626,6.26,start_transient,-1
627,6.27,start_transient,-1
628,6.28,start_transient,-1
629,6.29,start_transient,-1
630,6.3,start_transient,-1
631,6.31,start_transient,-1
632,6.32,start_transient,-1
633,6.33,start_transient,-1
634,6.34,start_transient,-1
635,6.35,start_transient,-1
636,6.36,start_transient,-1
637,6.37,start_transient,-1
638,6.38,start_transient,-1
639,6.39,start_transient,-1
640,6.4,start_transient,-1
641,6.41,start_transient,-1
642,6.42,start_transient,-1
643,6.43,start_transient,-1
644,6.44,start_transient,-1
645,6.45,start_transient,-1
646,6.46,start_transient,-1
647,6.47,start_transient,-1
648,6.48,start_transient,-1
649,6.49,start_transient,-1
650,6.5,start_transient,-1
651,6.51,start_transient,-1
652,6.52,start_transient,-1
653,6.53,start_transient,-1
654,6.54,start_transient,-1
655,6.55,start_transient,-1
656,6.56,start_transient,-1
657,6.57,start_transient,-1
658,6.58,start_transient,-1
659,6.59,start_transient,-1
660,6.6,start_transient,-1
661,6.61,start_transient,-1
662,6.62,start_transient,-1
663,6.63,start_transient,-1
664,6.64,start_transient,-1
665,6.65,start_transient,-1
666,6.66,start_transient,-1
667,6.67,start_transient,-1
668,6.68,start_transient,-1
669,6.69,start_transient,-1
670,6.7,start_transient,-1
671,6.71,start_transient,-1
672,6.72,start_transient,-1
673,6.73,start_transient,-1
674,6.74,start_transient,-1
675,6.75,start_transient,-1
676,6.76,start_transient,-1
677,6.77,start_transient,-1
678,6.78,start_transient,-1
679,6.79,start_transient,-1
680,6.8,start_transient,-1
681,6.81,start_transient,-1
682,6.82,start_transient,-1
683,6.83,start_transient,-1
684,6.84,start_transient,-1
685,6.85,start_transient,-1
686,6.86,start_transient,-1
687,6.87,start_transient,-1
688,6.88,start_transient,-1
689,6.89,start_transient,-1
690,6.9,start_transient,-1
691,6.91,start_transient,-1
692,6.92,start_transient,-1
693,6.93,start_transient,-1
694,6.94,start_transient,-1
695,6.95,start_transient,-1
696,6.96,start_transient,-1
697,6.97,start_transient,-1
698,6.98,start_transient,-1
699,6.99,start_transient,-1
700,7.0,start_transient,-1
701,7.01,start_transient,-1
702,7.02,start_transient,-1
703,7.03,start_transient,-1
704,7.04,start_transient,-1
705,7.05,start_transient,-1
706,7.06,start_transient,-1
707,7.07,start_transient,-1
708,7.08,start_transient,-1
709,7.09,start_transient,-1
710,7.1,start_transient,-1
711,7.11,start_transient,-1
712,7.12,start_transient,-1
713,7.13,start_transient,-1
714,7.14,start_transient,-1
715,7.15,start_transient,-1
716,7.16,start_transient,-1
717,7.17,start_transient,-1
718,7.18,start_transient,-1
719,7.19,start_transient,-1
720,7.2,start_transient,-1
721,7.21,start_transient,-1
722,7.22,start_transient,-1
723,7.23,start_transient,-1
724,7.24,start_transient,-1
725,7.25,start_transient,-1
726,7.26,start_transient,-1
727,7.27,start_transient,-1
728,7.28,start_transient,-1
729,7.29,start_transient,-1
730,7.3,start_transient,-1
731,7.31,start_transient,-1
732,7.32,start_transient,-1
733,7.33,start_transient,-1
734,7.34,start_transient,-1
735,7.35,start_transient,-1
736,7.36,start_transient,-1
737,7.37,start_transient,-1
738,7.38,start_transient,-1
739,7.39,start_transient,-1
740,7.4,start_transient,-1
741,7.41,start_transient,-1
742,7.42,start_transient,-1
743,7.43,start_transient,-1
744,7.44,start_transient,-1
745,7.45,start_transient,-1
746,7.46,start_transient,-1
747,7.47,start_transient,-1
748,7.48,start_transient,-1
749,7.49,start_transient,-1
750,7.5,start_transient,-1
751,7.51,start_transient,-1
752,7.52,start_transient,-1
753,7.53,start_transient,-1
754,7.54,start_transient,-1
755,7.55,start_transient,-1
756,7.56,start_transient,-1
757,7.57,start_transient,-1
758,7.58,start_transient,-1
759,7.59,start_transient,-1
760,7.6,start_transient,-1
761,7.61,start_transient,-1
762,7.62,start_transient,-1
763,7.63,start_transient,-1
764,7.64,start_transient,-1
765,7.65,start_transient,-1
766,7.66,start_transient,-1
767,7.67,start_transient,-1
768,7.68,start_transient,-1
769,7.69,start_transient,-1
770,7.7,start_transient,-1
771,7.71,start_transient,-1
772,7.72,start_transient,-1
773,7.73,start_transient,-1
774,7.74,start_transient,-1
775,7.75,start_transient,-1
776,7.76,start_transient,-1
777,7.77,start_transient,-1
778,7.78,start_transient,-1
779,7.79,start_transient,-1
780,7.8,start_transient,-1
781,7.81,start_transient,-1
782,7.82,start_transient,-1
783,7.83,start_transient,-1
784,7.84,start_transient,-1
785,7.85,start_transient,-1
786,7.86,start_transient,-1
787,7.87,start_transient,-1
788,7.88,start_transient,-1
789,7.89,start_transient,-1
790,7.9,start_transient,-1
791,7.91,start_transient,-1
792,7.92,start_transient,-1
793,7.93,start_transient,-1
794,7.94,start_transient,-1
795,7.95,start_transient,-1
796,7.96,start_transient,-1
797,7.97,start_transient,-1
798,7.98,start_transient,-1
799,7.99,start_transient,-1
800,8.0,start_transient,-1
801,8.01,start_transient,-1
802,8.02,start_transient,-1
803,8.03,start_transient,-1
804,8.04,start_transient,-1
805,8.05,start_transient,-1
806,8.06,start_transient,-1
807,8.07,start_transient,-1
808,8.08,start_transient,-1
809,8.09,start_transient,-1
810,8.1,start_transient,-1
811,8.11,start_transient,-1
812,8.12,start_transient,-1
813,8.13,start_transient,-1
814,8.14,start_transient,-1
815,8.15,start_transient,-1
816,8.16,start_transient,-1
817,8.17,start_transient,-1
818,8.18,start_transient,-1
819,8.19,start_transient,-1
820,8.2,start_transient,-1
821,8.21,start_transient,-1
822,8.22,start_transient,-1
823,8.23,start_transient,-1
824,8.24,start_transient,-1
825,8.25,start_transient,-1
826,8.26,start_transient,-1
827,8.27,start_transient,-1
828,8.28,start_transient,-1
829,8.29,start_transient,-1
830,8.3,start_transient,-1
831,8.31,start_transient,-1
832,8.32,start_transient,-1
833,8.33,start_transient,-1
834,8.34,start_transient,-1
835,8.35,start_transient,-1
836,8.36,start_transient,-1
837,8.37,start_transient,-1
838,8.38,start_transient,-1
839,8.39,start_transient,-1
840,8.4,start_transient,-1
841,8.41,start_transient,-1
842,8.42,start_transient,-1
843,8.43,start_transient,-1
844,8.44,start_transient,-1
845,8.45,start_transient,-1
846,8.46,start_transient,-1
847,8.47,start_transient,-1
848,8.48,start_transient,-1
849,8.49,start_transient,-1
850,8.5,start_transient,-1
851,8.51,start_transient,-1
852,8.52,start_transient,-1
853,8.53,start_transient,-1
854,8.54,start_transient,-1
855,8.55,start_transient,-1
856,8.56,start_transient,-1
857,8.57,start_transient,-1
858,8.58,start_transient,-1
859,8.59,start_transient,-1
860,8.6,start_transient,-1
861,8.61,start_transient,-1
862,8.62,start_transient,-1
863,8.63,start_transient,-1
864,8.64,start_transient,-1
865,8.65,start_transient,-1
866,8.66,start_transient,-1
867,8.67,start_transient,-1
868,8.68,start_transient,-1
869,8.69,start_transient,-1
870,8.7,start_transient,-1
871,8.71,start_transient,-1
872,8.72,start_transient,-1
873,8.73,start_transient,-1
874,8.74,start_transient,-1
875,8.75,start_transient,-1
876,8.76,start_transient,-1
877,8.77,start_transient,-1
878,8.78,start_transient,-1
879,8.79,start_transient,-1
880,8.8,start_transient,-1
881,8.81,start_transient,-1
882,8.82,start_transient,-1
883,8.83,start_transient,-1
884,8.84,start_transient,-1
885,8.85,start_transient,-1
886,8.86,start_transient,-1
887,8.87,start_transient,-1
888,8.88,start_transient,-1
889,8.89,start_transient,-1
890,8.9,start_transient,-1
891,8.91,start_transient,-1
892,8.92,start_transient,-1
893,8.93,start_transient,-1
894,8.94,start_transient,-1
895,8.95,start_transient,-1
896,8.96,start_transient,-1
897,8.97,start_transient,-1
898,8.98,start_transient,-1
899,8.99,start_transient,-1
900,9.0,start_transient,-1
901,9.01,start_transient,-1
902,9.02,start_transient,-1
903,9.03,start_transient,-1
904,9.04,start_transient,-1
905,9.05,start_transient,-1
906,9.06,start_transient,-1
907,9.07,start_transient,-1
908,9.08,start_transient,-1
909,9.09,start_transient,-1
910,9.1,start_transient,-1
911,9.11,start_transient,-1
912,9.12,start_transient,-1
913,9.13,start_transient,-1
914,9.14,start_transient,-1
915,9.15,start_transient,-1
916,9.16,start_transient,-1
917,9.17,start_transient,-1
918,9.18,start_transient,-1
919,9.19,start_transient,-1
920,9.2,start_transient,-1
921,9.21,start_transient,-1
922,9.22,start_transient,-1
923,9.23,start_transient,-1
924,9.24,start_transient,-1
925,9.25,start_transient,-1
926,9.26,start_transient,-1
927,9.27,start_transient,-1
928,9.28,start_transient,-1
929,9.29,start_transient,-1
930,9.3,start_transient,-1
931,9.31,start_transient,-1
932,9.32,start_transient,-1
933,9.33,start_transient,-1
934,9.34,start_transient,-1
935,9.35,start_transient,-1
936,9.36,start_transient,-1
937,9.37,start_transient,-1
938,9.38,start_transient,-1
939,9.39,start_transient,-1
940,9.4,start_transient,-1
941,9.41,start_transient,-1
942,9.42,start_transient,-1
943,9.43,start_transient,-1
944,9.44,start_transient,-1
945,9.45,start_transient,-1
946,9.46,start_transient,-1
947,9.47,start_transient,-1
948,9.48,start_transient,-1
949,9.49,start_transient,-1
950,9.5,start_transient,-1
951,9.51,start_transient,-1
952,9.52,start_transient,-1
953,9.53,start_transient,-1
954,9.54,start_transient,-1
955,9.55,start_transient,-1
956,9.56,start_transient,-1
957,9.57,start_transient,-1
958,9.58,start_transient,-1
959,9.59,start_transient,-1
960,9.6,start_transient,-1
961,9.61,start_transient,-1
962,9.62,start_transient,-1
963,9.63,start_transient,-1
964,9.64,start_transient,-1
965,9.65,start_transient,-1
966,9.66,start_transient,-1
967,9.67,start_transient,-1
968,9.68,start_transient,-1
969,9.69,start_transient,-1
970,9.7,start_transient,-1
971,9.71,start_transient,-1
972,9.72,start_transient,-1
973,9.73,start_transient,-1
974,9.74,start_transient,-1
975,9.75,start_transient,-1
976,9.76,start_transient,-1
977,9.77,start_transient,-1
978,9.78,start_transient,-1
979,9.79,start_transient,-1
980,9.8,start_transient,-1
981,9.81,start_transient,-1
982,9.82,start_transient,-1
983,9.83,start_transient,-1
984,9.84,start_transient,-1
985,9.85,start_transient,-1
986,9.86,start_transient,-1
987,9.87,start_transient,-1
988,9.88,start_transient,-1
989,9.89,start_transient,-1
990,9.9,start_transient,-1
991,9.91,start_transient,-1
992,9.92,start_transient,-1
993,9.93,start_transient,-1
994,9.94,start_transient,-1
995,9.95,start_transient,-1
996,9.96,start_transient,-1
997,9.97,start_transient,-1
998,9.98,start_transient,-1
999,9.99,start_transient,-1
1000,10.0,start_transient,-1
1001,10.01,start_transient,-1
1002,10.02,start_transient,-1
1003,10.03,start_transient,-1
1004,10.04,start_transient,-1
1005,10.05,start_transient,-1
1006,10.06,start_transient,-1
1007,10.07,start_transient,-1
1008,10.08,start_transient,-1
1009,10.09,start_transient,-1
1010,10.1,start_transient,-1
1011,10.11,start_transient,-1
1012,10.12,start_transient,-1
1013,10.13,start_transient,-1
1014,10.14,start_transient,-1
1015,10.15,start_transient,-1
1016,10.16,start_transient,-1
1017,10.17,start_transient,-1
1018,10.18,start_transient,-1
1019,10.19,start_transient,-1
1020,10.2,start_transient,-1
1021,10.21,start_transient,-1
1022,10.22,start_transient,-1
1023,10.23,start_transient,-1
1024,10.24,start_transient,-1
1025,10.25,start_transient,-1
1026,10.26,start_transient,-1
1027,10.27,start_transient,-1
1028,10.28,start_transient,-1
1029,10.29,start_transient,-1
1030,10.3,start_transient,-1
1031,10.31,start_transient,-1
1032,10.32,start_transient,-1
1033,10.33,start_transient,-1
1034,10.34,start_transient,-1
1035,10.35,start_transient,-1
1036,10.36,start_transient,-1
1037,10.37,start_transient,-1
1038,10.38,start_transient,-1
1039,10.39,start_transient,-1
1040,10.4,start_transient,-1
1041,10.41,start_transient,-1
1042,10.42,start_transient,-1
1043,10.43,start_transient,-1
1044,10.44,start_transient,-1
1045,10.45,start_transient,-1
1046,10.46,start_transient,-1
1047,10.47,start_transient,-1
1048,10.48,start_transient,-1
1049,10.49,start_transient,-1
1050,10.5,start_transient,-1
1051,10.51,start_transient,-1
1052,10.52,start_transient,-1
1053,10.53,start_transient,-1
1054,10.54,start_transient,-1
1055,10.55,start_transient,-1
1056,10.56,start_transient,-1
1057,10.57,start_transient,-1
1058,10.58,start_transient,-1
1059,10.59,start_transient,-1
1060,10.6,start_transient,-1
1061,10.61,start_transient,-1
1062,10.62,start_transient,-1
1063,10.63,start_transient,-1
1064,10.64,start_transient,-1
1065,10.65,start_transient,-1
1066,10.66,start_transient,-1
1067,10.67,start_transient,-1
1068,10.68,start_transient,-1
1069,10.69,start_transient,-1
1070,10.7,start_transient,-1
1071,10.71,start_transient,-1
1072,10.72,start_transient,-1
1073,10.73,start_transient,-1
1074,10.74,start_transient,-1
1075,10.75,start_transient,-1
1076,10.76,start_transient,-1
1077,10.77,start_transient,-1
1078,10.78,start_transient,-1
1079,10.79,start_transient,-1
1080,10.8,start_transient,-1
1081,10.81,start_transient,-1
1082,10.82,start_transient,-1
1083,10.83,start_transient,-1
1084,10.84,start_transient,-1
1085,10.85,start_transient,-1
1086,10.86,start_transient,-1
1087,10.87,start_transient,-1
1088,10.88,start_transient,-1
1089,10.89,start_transient,-1
1090,10.9,start_transient,-1
1091,10.91,start_transient,-1
1092,10.92,start_transient,-1
1093,10.93,start_transient,-1
1094,10.94,start_transient,-1
1095,10.95,start_transient,-1
1096,10.96,start_transient,-1
1097,10.97,start_transient,-1
1098,10.98,start_transient,-1
1099,10.99,start_transient,-1
1100,11.0,start_transient,-1
1101,11.01,start_transient,-1
1102,11.02,start_transient,-1
1103,11.03,start_transient,-1
1104,11.04,start_transient,-1
1105,11.05,start_transient,-1
1106,11.06,start_transient,-1
1107,11.07,start_transient,-1
1108,11.08,start_transient,-1
1109,11.09,start_transient,-1
1110,11.1,start_transient,-1
1111,11.11,start_transient,-1
1112,11.12,start_transient,-1
1113,11.13,start_transient,-1
1114,11.14,start_transient,-1
1115,11.15,start_transient,-1
1116,11.16,start_transient,-1
1117,11.17,start_transient,-1
1118,11.18,start_transient,-1
1119,11.19,start_transient,-1
1120,11.2,start_transient,-1
1121,11.21,start_transient,-1
1122,11.22,start_transient,-1
1123,11.23,start_transient,-1
1124,11.24,start_transient,-1
1125,11.25,start_transient,-1
1126,11.26,start_transient,-1
1127,11.27,start_transient,-1
1128,11.28,start_transient,-1
1129,11.29,start_transient,-1
1130,11.3,start_transient,-1
1131,11.31,start_transient,-1
1132,11.32,start_transient,-1
1133,11.33,start_transient,-1
1134,11.34,start_transient,-1
1135,11.35,start_transient,-1
1136,11.36,start_transient,-1
1137,11.37,start_transient,-1
1138,11.38,start_transient,-1
1139,11.39,start_transient,-1
1140,11.4,start_transient,-1
1141,11.41,start_transient,-1
1142,11.42,start_transient,-1
1143,11.43,start_transient,-1
1144,11.44,start_transient,-1
1145,11.45,start_transient,-1
1146,11.46,start_transient,-1
1147,11.47,start_transient,-1
1148,11.48,start_transient,-1
1149,11.49,start_transient,-1
1150,11.5,start_transient,-1
1151,11.51,start_transient,-1
1152,11.52,start_transient,-1
1153,11.53,start_transient,-1
1154,11.54,start_transient,-1
1155,11.55,start_transient,-1
1156,11.56,start_transient,-1
1157,11.57,start_transient,-1
1158,11.58,start_transient,-1
1159,11.59,start_transient,-1
1160,11.6,start_transient,-1
1161,11.61,start_transient,-1
1162,11.62,start_transient,-1
1163,11.63,start_transient,-1
1164,11.64,start_transient,-1
1165,11.65,start_transient,-1
1166,11.66,start_transient,-1
1167,11.67,start_transient,-1
1168,11.68,start_transient,-1
1169,11.69,start_transient,-1
1170,11.7,start_transient,-1
1171,11.71,start_transient,-1
1172,11.72,start_transient,-1
1173,11.73,start_transient,-1
1174,11.74,start_transient,-1
1175,11.75,start_transient,-1
1176,11.76,start_transient,-1
1177,11.77,start_transient,-1
1178,11.78,start_transient,-1
1179,11.79,start_transient,-1
1180,11.8,start_transient,-1
1181,11.81,start_transient,-1
1182,11.82,start_transient,-1
1183,11.83,start_transient,-1
1184,11.84,start_transient,-1
1185,11.85,start_transient,-1
1186,11.86,start_transient,-1
1187,11.87,start_transient,-1
1188,11.88,start_transient,-1
1189,11.89,start_transient,-1
1190,11.9,start_transient,-1
1191,11.91,start_transient,-1
1192,11.92,start_transient,-1
1193,11.93,start_transient,-1
1194,11.94,start_transient,-1
1195,11.95,start_transient,-1
1196,11.96,start_transient,-1
1197,11.97,start_transient,-1
1198,11.98,start_transient,-1
1199,11.99,start_transient,-1
1200,12.0,start_transient,-1
1201,12.01,start_transient,-1
1202,12.02,start_transient,-1
1203,12.03,start_transient,-1
1204,12.04,start_transient,-1
1205,12.05,start_transient,-1
1206,12.06,start_transient,-1
1207,12.07,start_transient,-1
1208,12.08,start_transient,-1
1209,12.09,start_transient,-1
1210,12.1,start_transient,-1
1211,12.11,start_transient,-1
1212,12.12,start_transient,-1
1213,12.13,start_transient,-1
1214,12.14,start_transient,-1
1215,12.15,start_transient,-1
1216,12.16,start_transient,-1
1217,12.17,start_transient,-1
1218,12.18,start_transient,-1
1219,12.19,start_transient,-1
1220,12.2,start_transient,-1
1221,12.21,start_transient,-1
1222,12.22,start_transient,-1
1223,12.23,start_transient,-1
1224,12.24,start_transient,-1
1225,12.25,start_transient,-1
1226,12.26,start_transient,-1
1227,12.27,start_transient,-1
1228,12.28,start_transient,-1
1229,12.29,start_transient,-1
1230,12.3,start_transient,-1
1231,12.31,start_transient,-1
1232,12.32,start_transient,-1
1233,12.33,start_transient,-1
1234,12.34,start_transient,-1
1235,12.35,start_transient,-1
1236,12.36,start_transient,-1
1237,12.37,start_transient,-1
1238,12.38,start_transient,-1
1239,12.39,start_transient,-1
1240,12.4,start_transient,-1
1241,12.41,start_transient,-1
1242,12.42,start_transient,-1
1243,12.43,start_transient,-1
1244,12.44,start_transient,-1
1245,12.45,start_transient,-1
1246,12.46,start_transient,-1
1247,12.47,start_transient,-1
1248,12.48,start_transient,-1
1249,12.49,start_transient,-1
1250,12.5,start_transient,-1
1251,12.51,start_transient,-1
1252,12.52,start_transient,-1
1253,12.53,start_transient,-1
1254,12.54,start_transient,-1
1255,12.55,start_transient,-1
1256,12.56,start_transient,-1
1257,12.57,start_transient,-1
1258,12.58,start_transient,-1
1259,12.59,start_transient,-1
1260,12.6,start_transient,-1
1261,12.61,start_transient,-1
1262,12.62,start_transient,-1
1263,12.63,start_transient,-1
1264,12.64,start_transient,-1
1265,12.65,start_transient,-1
1266,12.66,start_transient,-1
1267,12.67,start_transient,-1
1268,12.68,start_transient,-1
1269,12.69,start_transient,-1
1270,12.7,start_transient,-1
1271,12.71,start_transient,-1
1272,12.72,start_transient,-1
1273,12.73,start_transient,-1
1274,12.74,start_transient,-1
1275,12.75,start_transient,-1
1276,12.76,start_transient,-1
1277,12.77,start_transient,-1
1278,12.78,start_transient,-1
1279,12.79,start_transient,-1
1280,12.8,start_transient,-1
1281,12.81,start_transient,-1
1282,12.82,start_transient,-1
1283,12.83,start_transient,-1
1284,12.84,start_transient,-1
1285,12.85,start_transient,-1
1286,12.86,start_transient,-1
1287,12.87,start_transient,-1
1288,12.88,start_transient,-1
1289,12.89,start_transient,-1
1290,12.9,start_transient,-1
1291,12.91,start_transient,-1
1292,12.92,start_transient,-1
1293,12.93,start_transient,-1
1294,12.94,start_transient,-1
1295,12.95,start_transient,-1
1296,12.96,start_transient,-1
1297,12.97,start_transient,-1
1298,12.98,start_transient,-1
1299,12.99,start_transient,-1
1300,13.0,start_transient,-1
1301,13.01,start_transient,-1
1302,13.02,start_transient,-1
1303,13.03,start_transient,-1
1304,13.04,start_transient,-1
1305,13.05,start_transient,-1
1306,13.06,start_transient,-1
1307,13.07,start_transient,-1
1308,13.08,start_transient,-1
1309,13.09,start_transient,-1
1310,13.1,start_transient,-1
1311,13.11,start_transient,-1
1312,13.12,start_transient,-1
1313,13.13,start_transient,-1
1314,13.14,start_transient,-1
1315,13.15,start_transient,-1
1316,13.16,start_transient,-1
1317,13.17,start_transient,-1
1318,13.18,start_transient,-1
1319,13.19,start_transient,-1
1320,13.2,start_transient,-1
1321,13.21,start_transient,-1
1322,13.22,start_transient,-1
1323,13.23,start_transient,-1
1324,13.24,start_transient,-1
1325,13.25,start_transient,-1
1326,13.26,start_transient,-1
1327,13.27,start_transient,-1
1328,13.28,start_transient,-1
1329,13.29,start_transient,-1
1330,13.3,start_transient,-1
1331,13.31,start_transient,-1
1332,13.32,start_transient,-1
1333,13.33,start_transient,-1
1334,13.34,start_transient,-1
1335,13.35,start_transient,-1
1336,13.36,start_transient,-1
1337,13.37,start_transient,-1
1338,13.38,start_transient,-1
1339,13.39,start_transient,-1
1340,13.4,start_transient,-1
1341,13.41,start_transient,-1
1342,13.42,start_transient,-1
1343,13.43,start_transient,-1
1344,13.44,start_transient,-1
1345,13.45,start_transient,-1
1346,13.46,start_transient,-1
1347,13.47,start_transient,-1
1348,13.48,start_transient,-1
1349,13.49,start_transient,-1
1350,13.5,start_transient,-1
1351,13.51,start_transient,-1
1352,13.52,start_transient,-1
1353,13.53,start_transient,-1
1354,13.54,start_transient,-1
1355,13.55,start_transient,-1
1356,13.56,start_transient,-1
1357,13.57,start_transient,-1
1358,13.58,start_transient,-1
1359,13.59,start_transient,-1
1360,13.6,start_transient,-1
1361,13.61,start_transient,-1
1362,13.62,start_transient,-1
1363,13.63,start_transient,-1
1364,13.64,start_transient,-1
1365,13.65,start_transient,-1
1366,13.66,start_transient,-1
1367,13.67,start_transient,-1
1368,13.68,start_transient,-1
1369,13.69,start_transient,-1
1370,13.7,start_transient,-1
1371,13.71,start_transient,-1
1372,13.72,start_transient,-1
1373,13.73,start_transient,-1
1374,13.74,start_transient,-1
1375,13.75,start_transient,-1
1376,13.76,start_transient,-1
1377,13.77,start_transient,-1
1378,13.78,start_transient,-1
1379,13.79,start_transient,-1
1380,13.8,start_transient,-1
1381,13.81,start_transient,-1
1382,13.82,start_transient,-1
1383,13.83,start_transient,-1
1384,13.84,start_transient,-1
1385,13.85,start_transient,-1
1386,13.86,start_transient,-1
1387,13.87,start_transient,-1
1388,13.88,start_transient,-1
1389,13.89,start_transient,-1
1390,13.9,start_transient,-1
1391,13.91,start_transient,-1
1392,13.92,start_transient,-1
1393,13.93,start_transient,-1
1394,13.94,start_transient,-1
1395,13.95,start_transient,-1
1396,13.96,start_transient,-1
1397,13.97,start_transient,-1
1398,13.98,start_transient,-1
1399,13.99,start_transient,-1
1400,14.0,start_transient,-1
1401,14.01,start_transient,-1
1402,14.02,start_transient,-1
1403,14.03,start_transient,-1
1404,14.04,start_transient,-1
1405,14.05,start_transient,-1
1406,14.06,start_transient,-1
1407,14.07,start_transient,-1
1408,14.08,start_transient,-1
1409,14.09,start_transient,-1
1410,14.1,start_transient,-1
1411,14.11,start_transient,-1
1412,14.12,start_transient,-1
1413,14.13,start_transient,-1
1414,14.14,start_transient,-1
1415,14.15,start_transient,-1
1416,14.16,start_transient,-1
1417,14.17,start_transient,-1
1418,14.18,start_transient,-1
1419,14.19,start_transient,-1
1420,14.2,start_transient,-1
1421,14.21,start_transient,-1
1422,14.22,start_transient,-1
1423,14.23,start_transient,-1
1424,14.24,start_transient,-1
1425,14.25,start_transient,-1
1426,14.26,start_transient,-1
1427,14.27,start_transient,-1
1428,14.28,start_transient,-1
1429,14.29,start_transient,-1
1430,14.3,start_transient,-1
1431,14.31,start_transient,-1
1432,14.32,start_transient,-1
1433,14.33,start_transient,-1
1434,14.34,start_transient,-1
1435,14.35,start_transient,-1
1436,14.36,start_transient,-1
1437,14.37,start_transient,-1
1438,14.38,start_transient,-1
1439,14.39,start_transient,-1
1440,14.4,start_transient,-1
1441,14.41,start_transient,-1
1442,14.42,start_transient,-1
1443,14.43,start_transient,-1
1444,14.44,start_transient,-1
1445,14.45,start_transient,-1
1446,14.46,start_transient,-1
1447,14.47,start_transient,-1
1448,14.48,start_transient,-1
1449,14.49,start_transient,-1
1450,14.5,start_transient,-1
1451,14.51,start_transient,-1
1452,14.52,start_transient,-1
1453,14.53,start_transient,-1
1454,14.54,start_transient,-1
1455,14.55,start_transient,-1
1456,14.56,start_transient,-1
1457,14.57,start_transient,-1
1458,14.58,start_transient,-1
1459,14.59,start_transient,-1
1460,14.6,start_transient,-1
1461,14.61,start_transient,-1
1462,14.62,start_transient,-1
1463,14.63,start_transient,-1
1464,14.64,start_transient,-1
1465,14.65,start_transient,-1
1466,14.66,start_transient,-1
1467,14.67,start_transient,-1
1468,14.68,start_transient,-1
1469,14.69,start_transient,-1
1470,14.7,start_transient,-1
1471,14.71,start_transient,-1
1472,14.72,start_transient,-1
1473,14.73,start_transient,-1
1474,14.74,start_transient,-1
1475,14.75,start_transient,-1
1476,14.76,start_transient,-1
1477,14.77,start_transient,-1
1478,14.78,start_transient,-1
1479,14.79,start_transient,-1
1480,14.8,start_transient,-1
1481,14.81,start_transient,-1
1482,14.82,start_transient,-1
1483,14.83,start_transient,-1
1484,14.84,start_transient,-1
1485,14.85,start_transient,-1
1486,14.86,start_transient,-1
1487,14.87,start_transient,-1
1488,14.88,start_transient,-1
1489,14.89,start_transient,-1
1490,14.9,start_transient,-1
1491,14.91,start_transient,-1
1492,14.92,start_transient,-1
1493,14.93,start_transient,-1
1494,14.94,start_transient,-1
1495,14.95,start_transient,-1
1496,14.96,start_transient,-1
1497,14.97,start_transient,-1
1498,14.98,start_transient,-1
1499,14.99,start_transient,-1
1500,15.0,start_transient,-1
1501,15.01,start_transient,-1
1502,15.02,start_transient,-1
1503,15.03,start_transient,-1
1504,15.04,start_transient,-1
1505,15.05,start_transient,-1
1506,15.06,start_transient,-1
1507,15.07,start_transient,-1
1508,15.08,start_transient,-1
1509,15.09,start_transient,-1
1510,15.1,start_transient,-1
1511,15.11,start_transient,-1
1512,15.12,start_transient,-1
1513,15.13,start_transient,-1
1514,15.14,start_transient,-1
1515,15.15,start_transient,-1
1516,15.16,start_transient,-1
1517,15.17,start_transient,-1
1518,15.18,start_transient,-1
1519,15.19,start_transient,-1
1520,15.2,start_transient,-1
1521,15.21,start_transient,-1
1522,15.22,start_transient,-1
1523,15.23,start_transient,-1
1524,15.24,start_transient,-1
1525,15.25,start_transient,-1
1526,15.26,start_transient,-1
1527,15.27,start_transient,-1
1528,15.28,start_transient,-1
1529,15.29,start_transient,-1
1530,15.3,start_transient,-1
1531,15.31,start_transient,-1
1532,15.32,start_transient,-1
1533,15.33,start_transient,-1
1534,15.34,start_transient,-1
1535,15.35,start_transient,-1
1536,15.36,start_transient,-1
1537,15.37,start_transient,-1
1538,15.38,start_transient,-1
1539,15.39,start_transient,-1
1540,15.4,start_transient,-1
1541,15.41,start_transient,-1
1542,15.42,start_transient,-1
1543,15.43,start_transient,-1
1544,15.44,start_transient,-1
1545,15.45,start_transient,-1
1546,15.46,start_transient,-1
1547,15.47,start_transient,-1
1548,15.48,start_transient,-1
1549,15.49,start_transient,-1
1550,15.5,start_transient,-1
1551,15.51,start_transient,-1
1552,15.52,start_transient,-1
1553,15.53,start_transient,-1
1554,15.54,start_transient,-1
1555,15.55,start_transient,-1
1556,15.56,start_transient,-1
1557,15.57,start_transient,-1
1558,15.58,start_transient,-1
1559,15.59,start_transient,-1
1560,15.6,start_transient,-1
1561,15.61,start_transient,-1
1562,15.62,start_transient,-1
1563,15.63,start_transient,-1
1564,15.64,start_transient,-1
1565,15.65,start_transient,-1
1566,15.66,start_transient,-1
1567,15.67,start_transient,-1
1568,15.68,start_transient,-1
1569,15.69,start_transient,-1
1570,15.7,start_transient,-1
1571,15.71,start_transient,-1
1572,15.72,start_transient,-1
1573,15.73,start_transient,-1
1574,15.74,start_transient,-1
1575,15.75,start_transient,-1
1576,15.76,start_transient,-1
1577,15.77,start_transient,-1
1578,15.78,start_transient,-1
1579,15.79,start_transient,-1
1580,15.8,start_transient,-1
1581,15.81,start_transient,-1
1582,15.82,start_transient,-1
1583,15.83,start_transient,-1
1584,15.84,start_transient,-1
1585,15.85,start_transient,-1
1586,15.86,start_transient,-1
1587,15.87,start_transient,-1
1588,15.88,start_transient,-1
1589,15.89,start_transient,-1
1590,15.9,start_transient,-1
1591,15.91,start_transient,-1
1592,15.92,start_transient,-1
1593,15.93,start_transient,-1
1594,15.94,start_transient,-1
1595,15.95,start_transient,-1
1596,15.96,start_transient,-1
1597,15.97,start_transient,-1
1598,15.98,start_transient,-1
1599,15.99,start_transient,-1
1600,16.0,start_transient,-1
1601,16.01,start_transient,-1
1602,16.02,start_transient,-1
1603,16.03,start_transient,-1
1604,16.04,start_transient,-1
1605,16.05,start_transient,-1
1606,16.06,start_transient,-1
1607,16.07,start_transient,-1
1608,16.08,start_transient,-1
1609,16.09,start_transient,-1
1610,16.1,start_transient,-1
1611,16.11,start_transient,-1
1612,16.12,start_transient,-1
1613,16.13,start_transient,-1
1614,16.14,start_transient,-1
1615,16.15,start_transient,-1
1616,16.16,start_transient,-1
1617,16.17,start_transient,-1
1618,16.18,start_transient,-1
1619,16.19,start_transient,-1
1620,16.2,start_transient,-1
1621,16.21,start_transient,-1
1622,16.22,start_transient,-1
1623,16.23,start_transient,-1
1624,16.24,start_transient,-1
1625,16.25,start_transient,-1
1626,16.26,start_transient,-1
1627,16.27,start_transient,-1
1628,16.28,start_transient,-1
1629,16.29,start_transient,-1
1630,16.3,start_transient,-1
1631,16.31,start_transient,-1
1632,16.32,start_transient,-1
1633,16.33,start_transient,-1
1634,16.34,start_transient,-1
1635,16.35,start_transient,-1
1636,16.36,start_transient,-1
1637,16.37,start_transient,-1
1638,16.38,start_transient,-1
1639,16.39,start_transient,-1
1640,16.4,start_transient,-1
1641,16.41,start_transient,-1
1642,16.42,start_transient,-1
1643,16.43,start_transient,-1
1644,16.44,start_transient,-1
1645,16.45,start_transient,-1
1646,16.46,start_transient,-1
1647,16.47,start_transient,-1
1648,16.48,start_transient,-1
1649,16.49,start_transient,-1
1650,16.5,start_transient,-1
1651,16.51,start_transient,-1
1652,16.52,start_transient,-1
1653,16.53,start_transient,-1
1654,16.54,start_transient,-1
1655,16.55,start_transient,-1
1656,16.56,start_transient,-1
1657,16.57,start_transient,-1
1658,16.58,start_transient,-1
1659,16.59,start_transient,-1
1660,16.6,start_transient,-1
1661,16.61,start_transient,-1
1662,16.62,start_transient,-1
1663,16.63,start_transient,-1
1664,16.64,start_transient,-1
1665,16.65,start_transient,-1
1666,16.66,start_transient,-1
1667,16.67,start_transient,-1
1668,16.68,start_transient,-1
1669,16.69,start_transient,-1
1670,16.7,start_transient,-1
1671,16.71,start_transient,-1
1672,16.72,start_transient,-1
1673,16.73,start_transient,-1
1674,16.74,start_transient,-1
1675,16.75,start_transient,-1
1676,16.76,start_transient,-1
1677,16.77,start_transient,-1
1678,16.78,start_transient,-1
1679,16.79,start_transient,-1
1680,16.8,start_transient,-1
1681,16.81,start_transient,-1
1682,16.82,start_transient,-1
1683,16.83,start_transient,-1
1684,16.84,start_transient,-1
1685,16.85,start_transient,-1
1686,16.86,start_transient,-1
1687,16.87,start_transient,-1
1688,16.88,start_transient,-1
1689,16.89,start_transient,-1
1690,16.9,start_transient,-1
1691,16.91,start_transient,-1
1692,16.92,start_transient,-1
1693,16.93,start_transient,-1
1694,16.94,start_transient,-1
1695,16.95,start_transient,-1
1696,16.96,start_transient,-1
1697,16.97,start_transient,-1
1698,16.98,start_transient,-1
1699,16.99,start_transient,-1
1700,17.0,start_transient,-1
1701,17.01,start_transient,-1
1702,17.02,start_transient,-1
1703,17.03,start_transient,-1
1704,17.04,start_transient,-1
1705,17.05,start_transient,-1
1706,17.06,start_transient,-1
1707,17.07,start_transient,-1
1708,17.08,start_transient,-1
1709,17.09,start_transient,-1
1710,17.1,periodic,-1
1711,17.11,periodic,-1
1712,17.12,periodic,-1
1713,17.13,periodic,-1
1714,17.14,periodic,-1
1715,17.15,periodic,-1
1716,17.16,periodic,-1
1717,17.17,periodic,-1
1718,17.18,periodic,-1
1719,17.19,periodic,-1
1720,17.2,periodic,-1
1721,17.21,periodic,-1
1722,17.22,periodic,-1
1723,17.23,periodic,-1
1724,17.24,periodic,-1
1725,17.25,periodic,-1
1726,17.26,periodic,-1
1727,17.27,periodic,-1
1728,17.28,periodic,-1
1729,17.29,periodic,-1
1730,17.3,periodic,-1
1731,17.31,periodic,-1
1732,17.32,periodic,-1
1733,17.33,periodic,-1
1734,17.34,periodic,-1
1735,17.35,periodic,-1
1736,17.36,periodic,-1
1737,17.37,periodic,-1
1738,17.38,periodic,-1
1739,17.39,periodic,-1
1740,17.4,periodic,-1
1741,17.41,periodic,-1
1742,17.42,periodic,-1
1743,17.43,periodic,1
1744,17.44,periodic,1
1745,17.45,periodic,1
1746,17.46,periodic,1
1747,17.47,periodic,1
1748,17.48,periodic,1
1749,17.49,periodic,1
1750,17.5,periodic,1
1751,17.51,periodic,1
1752,17.52,periodic,1
1753,17.53,periodic,1
1754,17.54,periodic,1
1755,17.55,periodic,1
1756,17.56,periodic,1
1757,17.57,periodic,1
1758,17.58,periodic,1
1759,17.59,periodic,1
1760,17.6,periodic,1
1761,17.61,periodic,1
1762,17.62,periodic,1
1763,17.63,periodic,1
1764,17.64,periodic,1
1765,17.65,periodic,1
1766,17.66,periodic,1
1767,17.67,periodic,1
1768,17.68,periodic,1
1769,17.69,periodic,1
1770,17.7,periodic,1
1771,17.71,periodic,1
1772,17.72,periodic,1
1773,17.73,periodic,1
1774,17.74,periodic,1
1775,17.75,periodic,1
1776,17.76,periodic,1
1777,17.77,periodic,1
1778,17.78,periodic,1
1779,17.79,periodic,1
1780,17.8,periodic,1
1781,17.81,periodic,1
1782,17.82,periodic,1
1783,17.83,periodic,1
1784,17.84,periodic,1
1785,17.85,periodic,1
1786,17.86,periodic,1
1787,17.87,periodic,1
1788,17.88,periodic,1
1789,17.89,periodic,1
1790,17.9,periodic,1
1791,17.91,periodic,1
1792,17.92,periodic,1
1793,17.93,periodic,1
1794,17.94,periodic,1
1795,17.95,periodic,1
1796,17.96,periodic,1
1797,17.97,periodic,1
1798,17.98,periodic,1
1799,17.99,periodic,1
1800,18.0,periodic,1
1801,18.01,periodic,1
1802,18.02,periodic,1
1803,18.03,periodic,1
1804,18.04,periodic,1
1805,18.05,periodic,1
1806,18.06,periodic,1
1807,18.07,periodic,1
1808,18.08,periodic,1
1809,18.09,periodic,1
1810,18.1,periodic,1
1811,18.11,periodic,1
1812,18.12,periodic,1
1813,18.13,periodic,1
1814,18.14,periodic,1
1815,18.15,periodic,1
1816,18.16,periodic,1
1817,18.17,periodic,1
1818,18.18,periodic,1
1819,18.19,periodic,1
1820,18.2,periodic,1
1821,18.21,periodic,1
1822,18.22,periodic,1
1823,18.23,periodic,1
1824,18.24,periodic,1
1825,18.25,periodic,1
1826,18.26,periodic,1
1827,18.27,periodic,1
1828,18.28,periodic,1
1829,18.29,periodic,1
1830,18.3,periodic,1
1831,18.31,periodic,1
1832,18.32,periodic,1
1833,18.33,periodic,1
1834,18.34,periodic,1
1835,18.35,periodic,1
1836,18.36,periodic,1
1837,18.37,periodic,1
1838,18.38,periodic,1
1839,18.39,periodic,1
1840,18.4,periodic,1
1841,18.41,periodic,1
1842,18.42,periodic,1
1843,18.43,periodic,1
1844,18.44,periodic,1
1845,18.45,periodic,1
1846,18.46,periodic,1
1847,18.47,periodic,1
1848,18.48,periodic,1
1849,18.49,periodic,1
1850,18.5,periodic,1
1851,18.51,periodic,1
1852,18.52,periodic,1
1853,18.53,periodic,1
1854,18.54,periodic,1
1855,18.55,periodic,1
1856,18.56,periodic,1
1857,18.57,periodic,1
1858,18.58,periodic,1
1859,18.59,periodic,1
1860,18.6,periodic,1
1861,18.61,periodic,1
1862,18.62,periodic,1
1863,18.63,periodic,1
1864,18.64,periodic,1
1865,18.65,periodic,1
1866,18.66,periodic,1
1867,18.67,periodic,1
1868,18.68,periodic,1
1869,18.69,periodic,1
1870,18.7,periodic,1
1871,18.71,periodic,1
1872,18.72,periodic,1
1873,18.73,periodic,1
1874,18.74,periodic,1
1875,18.75,periodic,1
1876,18.76,periodic,1
1877,18.77,periodic,1
1878,18.78,periodic,1
1879,18.79,periodic,1
1880,18.8,periodic,1
1881,18.81,periodic,2
1882,18.82,periodic,2
1883,18.83,periodic,2
1884,18.84,periodic,2
1885,18.85,periodic,2
1886,18.86,periodic,2
1887,18.87,periodic,2
1888,18.88,periodic,2
1889,18.89,periodic,2
1890,18.9,periodic,2
1891,18.91,periodic,2
1892,18.92,periodic,2
1893,18.93,periodic,2
1894,18.94,periodic,2
1895,18.95,periodic,2
1896,18.96,periodic,2
1897,18.97,periodic,2
1898,18.98,periodic,2
1899,18.99,periodic,2
1900,19.0,periodic,2
1901,19.01,periodic,2
1902,19.02,periodic,2
1903,19.03,periodic,2
1904,19.04,periodic,2
1905,19.05,periodic,2
1906,19.06,periodic,2
1907,19.07,periodic,2
1908,19.08,periodic,2
1909,19.09,periodic,2
1910,19.1,periodic,2
1911,19.11,periodic,2
1912,19.12,periodic,2
1913,19.13,periodic,2
1914,19.14,periodic,2
1915,19.15,periodic,2
1916,19.16,periodic,2
1917,19.17,periodic,2
1918,19.18,periodic,2
1919,19.19,periodic,2
1920,19.2,periodic,2
1921,19.21,periodic,2
1922,19.22,periodic,2
1923,19.23,periodic,2
1924,19.24,periodic,2
1925,19.25,periodic,2
1926,19.26,periodic,2
1927,19.27,periodic,2
1928,19.28,periodic,2
1929,19.29,periodic,2
1930,19.3,periodic,2
1931,19.31,periodic,2
1932,19.32,periodic,2
1933,19.33,periodic,2
1934,19.34,periodic,2
1935,19.35,periodic,2
1936,19.36,periodic,2
1937,19.37,periodic,2
1938,19.38,periodic,2
1939,19.39,periodic,2
1940,19.4,periodic,2
1941,19.41,periodic,2
1942,19.42,periodic,2
1943,19.43,periodic,2
1944,19.44,periodic,2
1945,19.45,periodic,2
1946,19.46,periodic,2
1947,19.47,periodic,2
1948,19.48,periodic,2
1949,19.49,periodic,2
1950,19.5,periodic,2
1951,19.51,periodic,2
1952,19.52,periodic,2
1953,19.53,periodic,2
1954,19.54,periodic,2
1955,19.55,periodic,2
1956,19.56,periodic,2
1957,19.57,periodic,2
1958,19.58,periodic,2
1959,19.59,periodic,2
1960,19.6,periodic,2
1961,19.61,periodic,2
1962,19.62,periodic,2
1963,19.63,periodic,2
1964,19.64,periodic,2
1965,19.65,periodic,2
1966,19.66,periodic,2
1967,19.67,periodic,2
1968,19.68,periodic,2
1969,19.69,periodic,2
1970,19.7,periodic,2
1971,19.71,periodic,2
1972,19.72,periodic,2
1973,19.73,periodic,2
1974,19.74,periodic,2
1975,19.75,periodic,2
1976,19.76,periodic,2
1977,19.77,periodic,2
1978,19.78,periodic,2
1979,19.79,periodic,2
1980,19.8,periodic,2
1981,19.81,periodic,2
1982,19.82,periodic,2
1983,19.83,periodic,3
1984,19.84,periodic,3
1985,19.85,periodic,3
1986,19.86,periodic,3
1987,19.87,periodic,3
1988,19.88,periodic,3
1989,19.89,periodic,3
1990,19.9,periodic,3
1991,19.91,periodic,3
1992,19.92,periodic,3
1993,19.93,periodic,3
1994,19.94,periodic,3
1995,19.95,periodic,3
1996,19.96,periodic,3
1997,19.97,periodic,3
1998,19.98,periodic,3
1999,19.99,periodic,3
2000,20.0,periodic,3
2001,20.01,periodic,3
2002,20.02,periodic,3
2003,20.03,periodic,3
2004,20.04,periodic,3
2005,20.05,periodic,3
2006,20.06,periodic,3
2007,20.07,periodic,3
2008,20.08,periodic,3
2009,20.09,periodic,3
2010,20.1,periodic,3
2011,20.11,periodic,3
2012,20.12,periodic,3
2013,20.13,periodic,3
2014,20.14,periodic,3
2015,20.15,periodic,3
2016,20.16,periodic,3
2017,20.17,periodic,3
2018,20.18,periodic,3
2019,20.19,periodic,3
2020,20.2,periodic,3
2021,20.21,periodic,3
2022,20.22,periodic,3
2023,20.23,periodic,3
2024,20.24,periodic,3
2025,20.25,periodic,3
2026,20.26,periodic,3
2027,20.27,periodic,3
2028,20.28,periodic,3
2029,20.29,periodic,3
2030,20.3,periodic,3
2031,20.31,periodic,3
2032,20.32,periodic,3
2033,20.33,periodic,3
2034,20.34,periodic,3
2035,20.35,periodic,3
2036,20.36,periodic,3
2037,20.37,periodic,3
2038,20.38,periodic,3
2039,20.39,periodic,3
2040,20.4,periodic,3
2041,20.41,periodic,3
2042,20.42,periodic,3
2043,20.43,periodic,3
2044,20.44,periodic,3
2045,20.45,periodic,3
2046,20.46,periodic,3
2047,20.47,periodic,3
2048,20.48,periodic,3
2049,20.49,periodic,3
2050,20.5,periodic,3
2051,20.51,periodic,3
2052,20.52,periodic,3
2053,20.53,periodic,3
2054,20.54,periodic,3
2055,20.55,periodic,3
2056,20.56,periodic,3
2057,20.57,periodic,3
2058,20.58,periodic,3
2059,20.59,periodic,3
2060,20.6,periodic,3
2061,20.61,periodic,3
2062,20.62,periodic,3
2063,20.63,periodic,3
2064,20.64,periodic,3
2065,20.65,periodic,3
2066,20.66,periodic,3
2067,20.67,periodic,3
2068,20.68,periodic,3
2069,20.69,periodic,3
2070,20.7,periodic,3
2071,20.71,periodic,3
2072,20.72,periodic,3
2073,20.73,periodic,3
2074,20.74,periodic,3
2075,20.75,periodic,3
2076,20.76,periodic,3
2077,20.77,periodic,3
2078,20.78,periodic,3
2079,20.79,periodic,3
2080,20.8,periodic,3
2081,20.81,periodic,4
2082,20.82,periodic,4
2083,20.83,periodic,4
2084,20.84,periodic,4
2085,20.85,periodic,4
2086,20.86,periodic,4
2087,20.87,periodic,4
2088,20.88,periodic,4
2089,20.89,periodic,4
2090,20.9,periodic,4
2091,20.91,periodic,4
2092,20.92,periodic,4
2093,20.93,periodic,4
2094,20.94,periodic,4
2095,20.95,periodic,4
2096,20.96,periodic,4
2097,20.97,periodic,4
2098,20.98,periodic,4
2099,20.99,periodic,4
2100,21.0,periodic,4
2101,21.01,periodic,4
2102,21.02,periodic,4
2103,21.03,periodic,4
2104,21.04,periodic,4
2105,21.05,periodic,4
2106,21.06,periodic,4
2107,21.07,periodic,4
2108,21.08,periodic,4
2109,21.09,periodic,4
2110,21.1,periodic,4
2111,21.11,periodic,4
2112,21.12,periodic,4
2113,21.13,periodic,4
2114,21.14,periodic,4
2115,21.15,periodic,4
2116,21.16,periodic,4
2117,21.17,periodic,4
2118,21.18,periodic,4
2119,21.19,periodic,4
2120,21.2,periodic,4
2121,21.21,periodic,4
2122,21.22,periodic,4
2123,21.23,periodic,4
2124,21.24,periodic,4
2125,21.25,periodic,4
2126,21.26,periodic,4
2127,21.27,periodic,4
2128,21.28,periodic,4
2129,21.29,periodic,4
2130,21.3,periodic,4
2131,21.31,periodic,4
2132,21.32,periodic,4
2133,21.33,periodic,4
2134,21.34,periodic,4
2135,21.35,periodic,4
2136,21.36,periodic,4
2137,21.37,periodic,4
2138,21.38,periodic,4
2139,21.39,periodic,4
2140,21.4,periodic,4
2141,21.41,periodic,4
2142,21.42,periodic,4
2143,21.43,periodic,4
2144,21.44,periodic,4
2145,21.45,periodic,4
2146,21.46,periodic,4
2147,21.47,periodic,4
2148,21.48,periodic,4
2149,21.49,periodic,4
2150,21.5,periodic,4
2151,21.51,periodic,4
2152,21.52,periodic,4
2153,21.53,periodic,4
2154,21.54,periodic,4
2155,21.55,periodic,4
2156,21.56,periodic,4
2157,21.57,periodic,4
2158,21.58,periodic,4
2159,21.59,periodic,4
2160,21.6,periodic,4
2161,21.61,periodic,4
2162,21.62,periodic,4
2163,21.63,periodic,4
2164,21.64,periodic,4
2165,21.65,periodic,4
2166,21.66,periodic,4
2167,21.67,periodic,4
2168,21.68,periodic,4
2169,21.69,periodic,4
2170,21.7,periodic,4
2171,21.71,periodic,4
2172,21.72,periodic,4
2173,21.73,periodic,4
2174,21.74,periodic,4
2175,21.75,periodic,4
2176,21.76,periodic,4
2177,21.77,periodic,4
2178,21.78,periodic,4
2179,21.79,periodic,4
2180,21.8,periodic,5
2181,21.81,periodic,5
2182,21.82,periodic,5
2183,21.83,periodic,5
2184,21.84,periodic,5
2185,21.85,periodic,5
2186,21.86,periodic,5
2187,21.87,periodic,5
2188,21.88,periodic,5
2189,21.89,periodic,5
2190,21.9,periodic,5
2191,21.91,periodic,5
2192,21.92,periodic,5
2193,21.93,periodic,5
2194,21.94,periodic,5
2195,21.95,periodic,5
2196,21.96,periodic,5
2197,21.97,periodic,5
2198,21.98,periodic,5
2199,21.99,periodic,5
2200,22.0,periodic,5
2201,22.01,periodic,5
2202,22.02,periodic,5
2203,22.03,periodic,5
2204,22.04,periodic,5
2205,22.05,periodic,5
2206,22.06,periodic,5
2207,22.07,periodic,5
2208,22.08,periodic,5
2209,22.09,periodic,5
2210,22.1,periodic,5
2211,22.11,periodic,5
2212,22.12,periodic,5
2213,22.13,periodic,5
2214,22.14,periodic,5
2215,22.15,periodic,5
2216,22.16,periodic,5
2217,22.17,periodic,5
2218,22.18,periodic,5
2219,22.19,periodic,5
2220,22.2,periodic,5
2221,22.21,periodic,5
2222,22.22,periodic,5
2223,22.23,periodic,5
2224,22.24,periodic,5
2225,22.25,periodic,5
2226,22.26,periodic,5
2227,22.27,periodic,5
2228,22.28,periodic,5
2229,22.29,periodic,5
2230,22.3,periodic,5
2231,22.31,periodic,5
2232,22.32,periodic,5
2233,22.33,periodic,5
2234,22.34,periodic,5
2235,22.35,periodic,5
2236,22.36,periodic,5
2237,22.37,periodic,5
2238,22.38,periodic,5
2239,22.39,periodic,5
2240,22.4,periodic,5
2241,22.41,periodic,5
2242,22.42,periodic,5
2243,22.43,periodic,5
2244,22.44,periodic,5
2245,22.45,periodic,5
2246,22.46,periodic,5
2247,22.47,periodic,5
2248,22.48,periodic,5
2249,22.49,periodic,5
2250,22.5,periodic,5
2251,22.51,periodic,5
2252,22.52,periodic,5
2253,22.53,periodic,5
2254,22.54,periodic,5
2255,22.55,periodic,5
2256,22.56,periodic,5
2257,22.57,periodic,5
2258,22.58,periodic,5
2259,22.59,periodic,5
2260,22.6,periodic,5
2261,22.61,periodic,5
2262,22.62,periodic,5
2263,22.63,periodic,5
2264,22.64,periodic,5
2265,22.65,periodic,5
2266,22.66,periodic,5
2267,22.67,periodic,5
2268,22.68,periodic,5
2269,22.69,periodic,5
2270,22.7,periodic,5
2271,22.71,periodic,5
2272,22.72,periodic,5
2273,22.73,periodic,5
2274,22.74,periodic,5
2275,22.75,periodic,5
2276,22.76,periodic,5
2277,22.77,periodic,5
2278,22.78,periodic,5
2279,22.79,periodic,6
2280,22.8,periodic,6
2281,22.81,periodic,6
2282,22.82,periodic,6
2283,22.83,periodic,6
2284,22.84,periodic,6
2285,22.85,periodic,6
2286,22.86,periodic,6
2287,22.87,periodic,6
2288,22.88,periodic,6
2289,22.89,periodic,6
2290,22.9,periodic,6
2291,22.91,periodic,6
2292,22.92,periodic,6
2293,22.93,periodic,6
2294,22.94,periodic,6
2295,22.95,periodic,6
2296,22.96,periodic,6
2297,22.97,periodic,6
2298,22.98,periodic,6
2299,22.99,periodic,6
2300,23.0,periodic,6
2301,23.01,periodic,6
2302,23.02,periodic,6
2303,23.03,periodic,6
2304,23.04,periodic,6
2305,23.05,periodic,6
2306,23.06,periodic,6
2307,23.07,periodic,6
2308,23.08,periodic,6
2309,23.09,periodic,6
2310,23.1,periodic,6
2311,23.11,periodic,6
2312,23.12,periodic,6
2313,23.13,periodic,6
2314,23.14,periodic,6
2315,23.15,periodic,6
2316,23.16,periodic,6
2317,23.17,periodic,6
2318,23.18,periodic,6
2319,23.19,periodic,6
2320,23.2,periodic,6
2321,23.21,periodic,6
2322,23.22,periodic,6
2323,23.23,periodic,6
2324,23.24,periodic,6
2325,23.25,periodic,6
2326,23.26,periodic,6
2327,23.27,periodic,6
2328,23.28,periodic,6
2329,23.29,periodic,6
2330,23.3,periodic,6
2331,23.31,periodic,6
2332,23.32,periodic,6
2333,23.33,periodic,6
2334,23.34,periodic,6
2335,23.35,periodic,6
2336,23.36,periodic,6
2337,23.37,periodic,6
2338,23.38,periodic,6
2339,23.39,periodic,6
2340,23.4,periodic,6
2341,23.41,periodic,6
2342,23.42,periodic,6
2343,23.43,periodic,6
2344,23.44,periodic,6
2345,23.45,periodic,6
2346,23.46,periodic,6
2347,23.47,periodic,6
2348,23.48,periodic,6
2349,23.49,periodic,6
2350,23.5,periodic,6
2351,23.51,periodic,6
2352,23.52,periodic,6
2353,23.53,periodic,6
2354,23.54,periodic,6
2355,23.55,periodic,6
2356,23.56,periodic,6
2357,23.57,periodic,6
2358,23.58,periodic,6
2359,23.59,periodic,6
2360,23.6,periodic,6
2361,23.61,periodic,6
2362,23.62,periodic,6
2363,23.63,periodic,6
2364,23.64,periodic,6
2365,23.65,periodic,6
2366,23.66,periodic,6
2367,23.67,periodic,6
2368,23.68,periodic,6
2369,23.69,periodic,6
2370,23.7,periodic,6
2371,23.71,periodic,6
2372,23.72,periodic,6
2373,23.73,periodic,6
2374,23.74,periodic,6
2375,23.75,periodic,6
2376,23.76,periodic,6
2377,23.77,periodic,6
2378,23.78,periodic,7
2379,23.79,periodic,7
2380,23.8,periodic,7
2381,23.81,periodic,7
2382,23.82,periodic,7
2383,23.83,periodic,7
2384,23.84,periodic,7
2385,23.85,periodic,7
2386,23.86,periodic,7
2387,23.87,periodic,7
2388,23.88,periodic,7
2389,23.89,periodic,7
2390,23.9,periodic,7
2391,23.91,periodic,7
2392,23.92,periodic,7
2393,23.93,periodic,7
2394,23.94,periodic,7
2395,23.95,periodic,7
2396,23.96,periodic,7
2397,23.97,periodic,7
2398,23.98,periodic,7
2399,23.99,periodic,7
2400,24.0,periodic,7
2401,24.01,periodic,7
2402,24.02,periodic,7
2403,24.03,periodic,7
2404,24.04,periodic,7
2405,24.05,periodic,7
2406,24.06,periodic,7
2407,24.07,periodic,7
2408,24.08,periodic,7
2409,24.09,periodic,7
2410,24.1,periodic,7
2411,24.11,periodic,7
2412,24.12,periodic,7
2413,24.13,periodic,7
2414,24.14,periodic,7
2415,24.15,periodic,7
2416,24.16,periodic,7
2417,24.17,periodic,7
2418,24.18,periodic,7
2419,24.19,periodic,7
2420,24.2,periodic,7
2421,24.21,periodic,7
2422,24.22,periodic,7
2423,24.23,periodic,7
2424,24.24,periodic,7
2425,24.25,periodic,7
2426,24.26,periodic,7
2427,24.27,periodic,7
2428,24.28,periodic,7
2429,24.29,periodic,7
2430,24.3,periodic,7
2431,24.31,periodic,7
2432,24.32,periodic,7
2433,24.33,periodic,7
2434,24.34,periodic,7
2435,24.35,periodic,7
2436,24.36,periodic,7
2437,24.37,periodic,7
2438,24.38,periodic,7
2439,24.39,periodic,7
2440,24.4,periodic,7
2441,24.41,periodic,7
2442,24.42,periodic,7
2443,24.43,periodic,7
2444,24.44,periodic,7
2445,24.45,periodic,7
2446,24.46,periodic,7
2447,24.47,periodic,7
2448,24.48,periodic,7
2449,24.49,periodic,7
2450,24.5,periodic,7
2451,24.51,periodic,7
2452,24.52,periodic,7
2453,24.53,periodic,7
2454,24.54,periodic,7
2455,24.55,periodic,7
2456,24.56,periodic,7
2457,24.57,periodic,7
2458,24.58,periodic,7
2459,24.59,periodic,7
2460,24.6,periodic,7
2461,24.61,periodic,7
2462,24.62,periodic,7
2463,24.63,periodic,7
2464,24.64,periodic,7
2465,24.65,periodic,7
2466,24.66,periodic,7
2467,24.67,periodic,7
2468,24.68,periodic,7
2469,24.69,periodic,7
2470,24.7,periodic,7
2471,24.71,periodic,7
2472,24.72,periodic,7
2473,24.73,periodic,7
2474,24.74,periodic,7
2475,24.75,periodic,7
2476,24.76,periodic,7
2477,24.77,periodic,7
2478,24.78,periodic,8
2479,24.79,periodic,8
2480,24.8,periodic,8
2481,24.81,periodic,8
2482,24.82,periodic,8
2483,24.83,periodic,8
2484,24.84,periodic,8
2485,24.85,periodic,8
2486,24.86,periodic,8
2487,24.87,periodic,8
2488,24.88,periodic,8
2489,24.89,periodic,8
2490,24.9,periodic,8
2491,24.91,periodic,8
2492,24.92,periodic,8
2493,24.93,periodic,8
2494,24.94,periodic,8
2495,24.95,periodic,8
2496,24.96,periodic,8
2497,24.97,periodic,8
2498,24.98,periodic,8
2499,24.99,periodic,8
2500,25.0,periodic,8
2501,25.01,periodic,8
2502,25.02,periodic,8
2503,25.03,periodic,8
2504,25.04,periodic,8
2505,25.05,periodic,8
2506,25.06,periodic,8
2507,25.07,periodic,8
2508,25.08,periodic,8
2509,25.09,periodic,8
2510,25.1,periodic,8
2511,25.11,periodic,8
2512,25.12,periodic,8
2513,25.13,periodic,8
2514,25.14,periodic,8
2515,25.15,periodic,8
2516,25.16,periodic,8
2517,25.17,periodic,8
2518,25.18,periodic,8
2519,25.19,periodic,8
2520,25.2,periodic,8
2521,25.21,periodic,8
2522,25.22,periodic,8
2523,25.23,periodic,8
2524,25.24,periodic,8
2525,25.25,periodic,8
2526,25.26,periodic,8
2527,25.27,periodic,8
2528,25.28,periodic,8
2529,25.29,periodic,8
2530,25.3,periodic,8
2531,25.31,periodic,8
2532,25.32,periodic,8
2533,25.33,periodic,8
2534,25.34,periodic,8
2535,25.35,periodic,8
2536,25.36,periodic,8
2537,25.37,periodic,8
2538,25.38,periodic,8
2539,25.39,periodic,8
2540,25.4,periodic,8
2541,25.41,periodic,8
2542,25.42,periodic,8
2543,25.43,periodic,8
2544,25.44,periodic,8
2545,25.45,periodic,8
2546,25.46,periodic,8
2547,25.47,periodic,8
2548,25.48,periodic,8
2549,25.49,periodic,8
2550,25.5,periodic,8
2551,25.51,periodic,8
2552,25.52,periodic,8
2553,25.53,periodic,8
2554,25.54,periodic,8
2555,25.55,periodic,8
2556,25.56,periodic,8
2557,25.57,periodic,8
2558,25.58,periodic,8
2559,25.59,periodic,8
2560,25.6,periodic,8
2561,25.61,periodic,8
2562,25.62,periodic,8
2563,25.63,periodic,8
2564,25.64,periodic,8
2565,25.65,periodic,8
2566,25.66,periodic,8
2567,25.67,periodic,8
2568,25.68,periodic,8
2569,25.69,periodic,8
2570,25.7,periodic,8
2571,25.71,periodic,8
2572,25.72,periodic,8
2573,25.73,periodic,8
2574,25.74,periodic,8
2575,25.75,periodic,8
2576,25.76,periodic,8
2577,25.77,periodic,8
2578,25.78,periodic,9
2579,25.79,periodic,9
2580,25.8,periodic,9
2581,25.81,periodic,9
2582,25.82,periodic,9
2583,25.83,periodic,9
2584,25.84,periodic,9
2585,25.85,periodic,9
2586,25.86,periodic,9
2587,25.87,periodic,9
2588,25.88,periodic,9
2589,25.89,periodic,9
2590,25.9,periodic,9
2591,25.91,periodic,9
2592,25.92,periodic,9
2593,25.93,periodic,9
2594,25.94,periodic,9
2595,25.95,periodic,9
2596,25.96,periodic,9
2597,25.97,periodic,9
2598,25.98,periodic,9
2599,25.99,periodic,9
2600,26.0,periodic,9
2601,26.01,periodic,9
2602,26.02,periodic,9
2603,26.03,periodic,9
2604,26.04,periodic,9
2605,26.05,periodic,9
2606,26.06,periodic,9
2607,26.07,periodic,9
2608,26.08,periodic,9
2609,26.09,periodic,9
2610,26.1,periodic,9
2611,26.11,periodic,9
2612,26.12,periodic,9
2613,26.13,periodic,9
2614,26.14,periodic,9
2615,26.15,periodic,9
2616,26.16,periodic,9
2617,26.17,periodic,9
2618,26.18,periodic,9
2619,26.19,periodic,9
2620,26.2,periodic,9
2621,26.21,periodic,9
2622,26.22,periodic,9
2623,26.23,periodic,9
2624,26.24,periodic,9
2625,26.25,periodic,9
2626,26.26,periodic,9
2627,26.27,periodic,9
2628,26.28,periodic,9
2629,26.29,periodic,9
2630,26.3,periodic,9
2631,26.31,periodic,9
2632,26.32,periodic,9
2633,26.33,periodic,9
2634,26.34,periodic,9
2635,26.35,periodic,9
2636,26.36,periodic,9
2637,26.37,periodic,9
2638,26.38,periodic,9
2639,26.39,periodic,9
2640,26.4,periodic,9
2641,26.41,periodic,9
2642,26.42,periodic,9
2643,26.43,periodic,9
2644,26.44,periodic,9
2645,26.45,periodic,9
2646,26.46,periodic,9
2647,26.47,periodic,9
2648,26.48,periodic,9
2649,26.49,periodic,9
2650,26.5,periodic,9
2651,26.51,periodic,9
2652,26.52,periodic,9
2653,26.53,periodic,9
2654,26.54,periodic,9
2655,26.55,periodic,9
2656,26.56,periodic,9
2657,26.57,periodic,9
2658,26.58,periodic,9
2659,26.59,periodic,9
2660,26.6,periodic,9
2661,26.61,periodic,9
2662,26.62,periodic,9
2663,26.63,periodic,9
2664,26.64,periodic,9
2665,26.65,periodic,9
2666,26.66,periodic,9
2667,26.67,periodic,9
2668,26.68,periodic,9
2669,26.69,periodic,9
2670,26.7,periodic,9
2671,26.71,periodic,9
2672,26.72,periodic,9
2673,26.73,periodic,9
2674,26.74,periodic,9
2675,26.75,periodic,9
2676,26.76,periodic,9
2677,26.77,periodic,9
2678,26.78,periodic,10
2679,26.79,periodic,10
2680,26.8,periodic,10
2681,26.81,periodic,10
2682,26.82,periodic,10
2683,26.83,periodic,10
2684,26.84,periodic,10
2685,26.85,periodic,10
2686,26.86,periodic,10
2687,26.87,periodic,10
2688,26.88,periodic,10
2689,26.89,periodic,10
2690,26.9,periodic,10
2691,26.91,periodic,10
2692,26.92,periodic,10
2693,26.93,periodic,10
2694,26.94,periodic,10
2695,26.95,periodic,10
2696,26.96,periodic,10
2697,26.97,periodic,10
2698,26.98,periodic,10
2699,26.99,periodic,10
2700,27.0,periodic,10
2701,27.01,periodic,10
2702,27.02,periodic,10
2703,27.03,periodic,10
2704,27.04,periodic,10
2705,27.05,periodic,10
2706,27.06,periodic,10
2707,27.07,periodic,10
2708,27.08,periodic,10
2709,27.09,periodic,10
2710,27.1,periodic,10
2711,27.11,periodic,10
2712,27.12,periodic,10
2713,27.13,periodic,10
2714,27.14,periodic,10
2715,27.15,periodic,10
2716,27.16,periodic,10
2717,27.17,periodic,10
2718,27.18,periodic,10
2719,27.19,periodic,10
2720,27.2,periodic,10
2721,27.21,periodic,10
2722,27.22,periodic,10
2723,27.23,periodic,10
2724,27.24,periodic,10
2725,27.25,periodic,10
2726,27.26,periodic,10
2727,27.27,periodic,10
2728,27.28,periodic,10
2729,27.29,periodic,10
2730,27.3,periodic,10
2731,27.31,periodic,10
2732,27.32,periodic,10
2733,27.33,periodic,10
2734,27.34,periodic,10
2735,27.35,periodic,10
2736,27.36,periodic,10
2737,27.37,periodic,10
2738,27.38,periodic,10
2739,27.39,periodic,10
2740,27.4,periodic,10
2741,27.41,periodic,10
2742,27.42,periodic,10
2743,27.43,periodic,10
2744,27.44,periodic,10
2745,27.45,periodic,10
2746,27.46,periodic,10
2747,27.47,periodic,10
2748,27.48,periodic,10
2749,27.49,periodic,10
2750,27.5,periodic,10
2751,27.51,periodic,10
2752,27.52,periodic,10
2753,27.53,periodic,10
2754,27.54,periodic,10
2755,27.55,periodic,10
2756,27.56,periodic,10
2757,27.57,periodic,10
2758,27.58,periodic,10
2759,27.59,periodic,10
2760,27.6,periodic,10
2761,27.61,periodic,10
2762,27.62,periodic,10
2763,27.63,periodic,10
2764,27.64,periodic,10
2765,27.65,periodic,10
2766,27.66,periodic,10
2767,27.67,periodic,10
2768,27.68,periodic,10
2769,27.69,periodic,10
2770,27.7,periodic,10
2771,27.71,periodic,10
2772,27.72,periodic,10
2773,27.73,periodic,10
2774,27.74,periodic,10
2775,27.75,periodic,10
2776,27.76,periodic,11
2777,27.77,periodic,11
2778,27.78,periodic,11
2779,27.79,periodic,11
2780,27.8,periodic,11
2781,27.81,periodic,11
2782,27.82,periodic,11
2783,27.83,periodic,11
2784,27.84,periodic,11
2785,27.85,periodic,11
2786,27.86,periodic,11
2787,27.87,periodic,11
2788,27.88,periodic,11
2789,27.89,periodic,11
2790,27.9,periodic,11
2791,27.91,periodic,11
2792,27.92,periodic,11
2793,27.93,periodic,11
2794,27.94,periodic,11
2795,27.95,periodic,11
2796,27.96,periodic,11
2797,27.97,periodic,11
2798,27.98,periodic,11
2799,27.99,periodic,11
2800,28.0,periodic,11
2801,28.01,periodic,11
2802,28.02,periodic,11
2803,28.03,periodic,11
2804,28.04,periodic,11
2805,28.05,periodic,11
2806,28.06,periodic,11
2807,28.07,periodic,11
2808,28.08,periodic,11
2809,28.09,periodic,11
2810,28.1,periodic,11
2811,28.11,periodic,11
2812,28.12,periodic,11
2813,28.13,periodic,11
2814,28.14,periodic,11
2815,28.15,periodic,11
2816,28.16,periodic,11
2817,28.17,periodic,11
2818,28.18,periodic,11
2819,28.19,periodic,11
2820,28.2,periodic,11
2821,28.21,periodic,11
2822,28.22,periodic,11
2823,28.23,periodic,11
2824,28.24,periodic,11
2825,28.25,periodic,11
2826,28.26,periodic,11
2827,28.27,periodic,11
2828,28.28,periodic,11
2829,28.29,periodic,11
2830,28.3,periodic,11
2831,28.31,periodic,11
2832,28.32,periodic,11
2833,28.33,periodic,11
2834,28.34,periodic,11
2835,28.35,periodic,11
2836,28.36,periodic,11
2837,28.37,periodic,11
2838,28.38,periodic,11
2839,28.39,periodic,11
2840,28.4,periodic,11
2841,28.41,periodic,11
2842,28.42,periodic,11
2843,28.43,periodic,11
2844,28.44,periodic,11
2845,28.45,periodic,11
2846,28.46,periodic,11
2847,28.47,periodic,11
2848,28.48,periodic,11
2849,28.49,periodic,11
2850,28.5,periodic,11
2851,28.51,periodic,11
2852,28.52,periodic,11
2853,28.53,periodic,11
2854,28.54,periodic,11
2855,28.55,periodic,11
2856,28.56,periodic,11
2857,28.57,periodic,11
2858,28.58,periodic,11
2859,28.59,periodic,11
2860,28.6,periodic,11
2861,28.61,periodic,11
2862,28.62,periodic,11
2863,28.63,periodic,11
2864,28.64,periodic,11
2865,28.65,periodic,11
2866,28.66,periodic,11
2867,28.67,periodic,11
2868,28.68,periodic,11
2869,28.69,periodic,11
2870,28.7,periodic,11
2871,28.71,periodic,12
2872,28.72,periodic,12
2873,28.73,periodic,12
2874,28.74,periodic,12
2875,28.75,periodic,12
2876,28.76,periodic,12
2877,28.77,periodic,12
2878,28.78,periodic,12
2879,28.79,periodic,12
2880,28.8,periodic,12
2881,28.81,periodic,12
2882,28.82,periodic,12
2883,28.83,periodic,12
2884,28.84,periodic,12
2885,28.85,periodic,12
2886,28.86,periodic,12
2887,28.87,periodic,12
2888,28.88,periodic,12
2889,28.89,periodic,12
2890,28.9,periodic,12
2891,28.91,periodic,12
2892,28.92,periodic,12
2893,28.93,periodic,12
2894,28.94,periodic,12
2895,28.95,periodic,12
2896,28.96,periodic,12
2897,28.97,periodic,12
2898,28.98,periodic,12
2899,28.99,periodic,12
2900,29.0,periodic,12
2901,29.01,periodic,12
2902,29.02,periodic,12
2903,29.03,periodic,12
2904,29.04,periodic,12
2905,29.05,periodic,12
2906,29.06,periodic,12
2907,29.07,periodic,12
2908,29.08,periodic,12
2909,29.09,periodic,12
2910,29.1,periodic,12
2911,29.11,periodic,12
2912,29.12,periodic,12
2913,29.13,periodic,12
2914,29.14,periodic,12
2915,29.15,periodic,12
2916,29.16,periodic,12
2917,29.17,periodic,12
2918,29.18,periodic,12
2919,29.19,periodic,12
2920,29.2,periodic,12
2921,29.21,periodic,12
2922,29.22,periodic,12
2923,29.23,periodic,12
2924,29.24,periodic,12
2925,29.25,periodic,12
2926,29.26,periodic,12
2927,29.27,periodic,12
2928,29.28,periodic,12
2929,29.29,periodic,12
2930,29.3,periodic,12
2931,29.31,periodic,12
2932,29.32,periodic,12
2933,29.33,periodic,12
2934,29.34,periodic,12
2935,29.35,periodic,12
2936,29.36,periodic,12
2937,29.37,periodic,12
2938,29.38,periodic,12
2939,29.39,periodic,12
2940,29.4,periodic,12
2941,29.41,periodic,12
2942,29.42,periodic,12
2943,29.43,periodic,12
2944,29.44,periodic,12
2945,29.45,periodic,12
2946,29.46,periodic,12
2947,29.47,periodic,12
2948,29.48,periodic,12
2949,29.49,periodic,12
2950,29.5,periodic,12
2951,29.51,periodic,12
2952,29.52,periodic,12
2953,29.53,periodic,12
2954,29.54,periodic,12
2955,29.55,periodic,12
2956,29.56,periodic,12
2957,29.57,periodic,12
2958,29.58,periodic,12
2959,29.59,periodic,12
2960,29.6,periodic,12
2961,29.61,periodic,12
2962,29.62,periodic,12
2963,29.63,periodic,12
2964,29.64,periodic,12
2965,29.65,periodic,12
2966,29.66,periodic,12
2967,29.67,periodic,12
2968,29.68,periodic,12
2969,29.69,periodic,13
2970,29.7,periodic,13
2971,29.71,periodic,13
2972,29.72,periodic,13
2973,29.73,periodic,13
2974,29.74,periodic,13
2975,29.75,periodic,13
2976,29.76,periodic,13
2977,29.77,periodic,13
2978,29.78,periodic,13
2979,29.79,periodic,13
2980,29.8,periodic,13
2981,29.81,periodic,13
2982,29.82,periodic,13
2983,29.83,periodic,13
2984,29.84,periodic,13
2985,29.85,periodic,13
2986,29.86,periodic,13
2987,29.87,periodic,13
2988,29.88,periodic,13
2989,29.89,periodic,13
2990,29.9,periodic,13
2991,29.91,periodic,13
2992,29.92,periodic,13
2993,29.93,periodic,13
2994,29.94,periodic,13
2995,29.95,periodic,13
2996,29.96,periodic,13
2997,29.97,periodic,13
2998,29.98,periodic,13
2999,29.99,periodic,13
3000,30.0,periodic,13
3001,30.01,periodic,13
3002,30.02,periodic,13
3003,30.03,periodic,13
3004,30.04,periodic,13
3005,30.05,periodic,13
3006,30.06,periodic,13
3007,30.07,periodic,13
3008,30.08,periodic,13
3009,30.09,periodic,13
3010,30.1,periodic,13
3011,30.11,periodic,13
3012,30.12,periodic,13
3013,30.13,periodic,13
3014,30.14,periodic,13
3015,30.15,periodic,13
3016,30.16,periodic,13
3017,30.17,periodic,13
3018,30.18,periodic,13
3019,30.19,periodic,13
3020,30.2,periodic,13
3021,30.21,periodic,13
3022,30.22,periodic,13
3023,30.23,periodic,13
3024,30.24,periodic,13
3025,30.25,periodic,13
3026,30.26,periodic,13
3027,30.27,periodic,13
3028,30.28,periodic,13
3029,30.29,periodic,13
3030,30.3,periodic,13
3031,30.31,periodic,13
3032,30.32,periodic,13
3033,30.33,periodic,13
3034,30.34,periodic,13
3035,30.35,periodic,13
3036,30.36,periodic,13
3037,30.37,periodic,13
3038,30.38,periodic,13
3039,30.39,periodic,13
3040,30.4,periodic,13
3041,30.41,periodic,13
3042,30.42,periodic,13
3043,30.43,periodic,13
3044,30.44,periodic,13
3045,30.45,periodic,13
3046,30.46,periodic,13
3047,30.47,periodic,13
3048,30.48,periodic,13
3049,30.49,periodic,13
3050,30.5,periodic,13
3051,30.51,periodic,13
3052,30.52,periodic,13
3053,30.53,periodic,13
3054,30.54,periodic,13
3055,30.55,periodic,13
3056,30.56,periodic,13
3057,30.57,periodic,13
3058,30.58,periodic,13
3059,30.59,periodic,13
3060,30.6,periodic,13
3061,30.61,periodic,13
3062,30.62,periodic,13
3063,30.63,periodic,13
3064,30.64,periodic,14
3065,30.65,periodic,14
3066,30.66,periodic,14
3067,30.67,periodic,14
3068,30.68,periodic,14
3069,30.69,periodic,14
3070,30.7,periodic,14
3071,30.71,periodic,14
3072,30.72,periodic,14
3073,30.73,periodic,14
3074,30.74,periodic,14
3075,30.75,periodic,14
3076,30.76,periodic,14
3077,30.77,periodic,14
3078,30.78,periodic,14
3079,30.79,periodic,14
3080,30.8,periodic,14
3081,30.81,periodic,14
3082,30.82,periodic,14
3083,30.83,periodic,14
3084,30.84,periodic,14
3085,30.85,periodic,14
3086,30.86,periodic,14
3087,30.87,periodic,14
3088,30.88,periodic,14
3089,30.89,periodic,14
3090,30.9,periodic,14
3091,30.91,periodic,14
3092,30.92,periodic,14
3093,30.93,periodic,14
3094,30.94,periodic,14
3095,30.95,periodic,14
3096,30.96,periodic,14
3097,30.97,periodic,14
3098,30.98,periodic,14
3099,30.99,periodic,14
3100,31.0,periodic,14
3101,31.01,periodic,14
3102,31.02,periodic,14
3103,31.03,periodic,14
3104,31.04,periodic,14
3105,31.05,periodic,14
3106,31.06,periodic,14
3107,31.07,periodic,14
3108,31.08,periodic,14
3109,31.09,periodic,14
3110,31.1,periodic,14
3111,31.11,periodic,14
3112,31.12,periodic,14
3113,31.13,periodic,14
3114,31.14,periodic,14
3115,31.15,periodic,14
3116,31.16,periodic,14
3117,31.17,periodic,14
3118,31.18,periodic,14
3119,31.19,periodic,14
3120,31.2,periodic,14
3121,31.21,periodic,14
3122,31.22,periodic,14
3123,31.23,periodic,14
3124,31.24,periodic,14
3125,31.25,periodic,14
3126,31.26,periodic,14
3127,31.27,periodic,14
3128,31.28,periodic,14
3129,31.29,periodic,14
3130,31.3,periodic,14
3131,31.31,periodic,14
3132,31.32,periodic,14
3133,31.33,periodic,14
3134,31.34,periodic,14
3135,31.35,periodic,14
3136,31.36,periodic,14
3137,31.37,periodic,14
3138,31.38,periodic,14
3139,31.39,periodic,14
3140,31.4,periodic,14
3141,31.41,periodic,14
3142,31.42,periodic,14
3143,31.43,periodic,14
3144,31.44,periodic,14
3145,31.45,periodic,14
3146,31.46,periodic,14
3147,31.47,periodic,14
3148,31.48,periodic,14
3149,31.49,periodic,14
3150,31.5,periodic,14
3151,31.51,periodic,14
3152,31.52,periodic,14
3153,31.53,periodic,14
3154,31.54,periodic,14
3155,31.55,periodic,14
3156,31.56,periodic,14
3157,31.57,periodic,14
3158,31.58,periodic,14
3159,31.59,periodic,14
3160,31.6,periodic,15
3161,31.61,periodic,15
3162,31.62,periodic,15
3163,31.63,periodic,15
3164,31.64,periodic,15
3165,31.65,periodic,15
3166,31.66,periodic,15
3167,31.67,periodic,15
3168,31.68,periodic,15
3169,31.69,periodic,15
3170,31.7,periodic,15
3171,31.71,periodic,15
3172,31.72,periodic,15
3173,31.73,periodic,15
3174,31.74,periodic,15
3175,31.75,periodic,15
3176,31.76,periodic,15
3177,31.77,periodic,15
3178,31.78,periodic,15
3179,31.79,periodic,15
3180,31.8,periodic,15
3181,31.81,periodic,15
3182,31.82,periodic,15
3183,31.83,periodic,15
3184,31.84,periodic,15
3185,31.85,periodic,15
3186,31.86,periodic,15
3187,31.87,periodic,15
3188,31.88,periodic,15
3189,31.89,periodic,15
3190,31.9,periodic,15
3191,31.91,periodic,15
3192,31.92,periodic,15
3193,31.93,periodic,15
3194,31.94,periodic,15
3195,31.95,periodic,15
3196,31.96,periodic,15
3197,31.97,periodic,15
3198,31.98,periodic,15
3199,31.99,periodic,15
3200,32.0,periodic,15
3201,32.01,periodic,15
3202,32.02,periodic,15
3203,32.03,periodic,15
3204,32.04,periodic,15
3205,32.05,periodic,15
3206,32.06,periodic,15
3207,32.07,periodic,15
3208,32.08,periodic,15
3209,32.09,periodic,15
3210,32.1,periodic,15
3211,32.11,periodic,15
3212,32.12,periodic,15
3213,32.13,periodic,15
3214,32.14,periodic,15
3215,32.15,periodic,15
3216,32.16,periodic,15
3217,32.17,periodic,15
3218,32.18,periodic,15
3219,32.19,periodic,15
3220,32.2,periodic,15
3221,32.21,periodic,15
3222,32.22,periodic,15
3223,32.23,periodic,15
3224,32.24,periodic,15
3225,32.25,periodic,15
3226,32.26,periodic,15
3227,32.27,periodic,15
3228,32.28,periodic,15
3229,32.29,periodic,15
3230,32.3,periodic,15
3231,32.31,periodic,15
3232,32.32,periodic,15
3233,32.33,periodic,15
3234,32.34,periodic,15
3235,32.35,periodic,15
3236,32.36,periodic,15
3237,32.37,periodic,15
3238,32.38,periodic,15
3239,32.39,periodic,15
3240,32.4,periodic,15
3241,32.41,periodic,15
3242,32.42,periodic,15
3243,32.43,periodic,15
3244,32.44,periodic,15
3245,32.45,periodic,15
3246,32.46,periodic,15
3247,32.47,periodic,15
3248,32.48,periodic,15
3249,32.49,periodic,15
3250,32.5,periodic,15
3251,32.51,periodic,15
3252,32.52,periodic,15
3253,32.53,periodic,15
3254,32.54,periodic,15
3255,32.55,periodic,15
3256,32.56,periodic,15
3257,32.57,periodic,16
3258,32.58,periodic,16
3259,32.59,periodic,16
3260,32.6,periodic,16
3261,32.61,periodic,16
3262,32.62,periodic,16
3263,32.63,periodic,16
3264,32.64,periodic,16
3265,32.65,periodic,16
3266,32.66,periodic,16
3267,32.67,periodic,16
3268,32.68,periodic,16
3269,32.69,periodic,16
3270,32.7,periodic,16
3271,32.71,periodic,16
3272,32.72,periodic,16
3273,32.73,periodic,16
3274,32.74,periodic,16
3275,32.75,periodic,16
3276,32.76,periodic,16
3277,32.77,periodic,16
3278,32.78,periodic,16
3279,32.79,periodic,16
3280,32.8,periodic,16
3281,32.81,periodic,16
3282,32.82,periodic,16
3283,32.83,periodic,16
3284,32.84,periodic,16
3285,32.85,periodic,16
3286,32.86,periodic,16
3287,32.87,periodic,16
3288,32.88,periodic,16
3289,32.89,periodic,16
3290,32.9,periodic,16
3291,32.91,periodic,16
3292,32.92,periodic,16
3293,32.93,periodic,16
3294,32.94,periodic,16
3295,32.95,periodic,16
3296,32.96,periodic,16
3297,32.97,periodic,16
3298,32.98,periodic,16
3299,32.99,periodic,16
3300,33.0,periodic,16
3301,33.01,periodic,16
3302,33.02,periodic,16
3303,33.03,periodic,16
3304,33.04,periodic,16
3305,33.05,periodic,16
3306,33.06,periodic,16
3307,33.07,periodic,16
3308,33.08,periodic,16
3309,33.09,periodic,16
3310,33.1,periodic,16
3311,33.11,periodic,16
3312,33.12,periodic,16
3313,33.13,periodic,16
3314,33.14,periodic,16
3315,33.15,periodic,16
3316,33.16,periodic,16
3317,33.17,periodic,16
3318,33.18,periodic,16
3319,33.19,periodic,16
3320,33.2,periodic,16
3321,33.21,periodic,16
3322,33.22,periodic,16
3323,33.23,periodic,16
3324,33.24,periodic,16
3325,33.25,periodic,16
3326,33.26,periodic,16
3327,33.27,periodic,16
3328,33.28,periodic,16
3329,33.29,periodic,16
3330,33.3,periodic,16
3331,33.31,periodic,16
3332,33.32,periodic,16
3333,33.33,periodic,16
3334,33.34,periodic,16
3335,33.35,periodic,16
3336,33.36,periodic,16
3337,33.37,periodic,16
3338,33.38,periodic,16
3339,33.39,periodic,16
3340,33.4,periodic,16
3341,33.41,periodic,16
3342,33.42,periodic,16
3343,33.43,periodic,16
3344,33.44,periodic,16
3345,33.45,periodic,16
3346,33.46,periodic,16
3347,33.47,periodic,16
3348,33.48,periodic,16
3349,33.49,periodic,16
3350,33.5,periodic,16
3351,33.51,periodic,16
3352,33.52,periodic,16
3353,33.53,periodic,16
3354,33.54,periodic,16
3355,33.55,periodic,17
3356,33.56,periodic,17
3357,33.57,periodic,17
3358,33.58,periodic,17
3359,33.59,periodic,17
3360,33.6,periodic,17
3361,33.61,periodic,17
3362,33.62,periodic,17
3363,33.63,periodic,17
3364,33.64,periodic,17
3365,33.65,periodic,17
3366,33.66,periodic,17
3367,33.67,periodic,17
3368,33.68,periodic,17
3369,33.69,periodic,17
3370,33.7,periodic,17
3371,33.71,periodic,17
3372,33.72,periodic,17
3373,33.73,periodic,17
3374,33.74,periodic,17
3375,33.75,periodic,17
3376,33.76,periodic,17
3377,33.77,periodic,17
3378,33.78,periodic,17
3379,33.79,periodic,17
3380,33.8,periodic,17
3381,33.81,periodic,17
3382,33.82,periodic,17
3383,33.83,periodic,17
3384,33.84,periodic,17
3385,33.85,periodic,17
3386,33.86,periodic,17
3387,33.87,periodic,17
3388,33.88,periodic,17
3389,33.89,periodic,17
3390,33.9,periodic,17
3391,33.91,periodic,17
3392,33.92,periodic,17
3393,33.93,periodic,17
3394,33.94,periodic,17
3395,33.95,periodic,17
3396,33.96,periodic,17
3397,33.97,periodic,17
3398,33.98,periodic,17
3399,33.99,periodic,17
3400,34.0,periodic,17
3401,34.01,periodic,17
3402,34.02,periodic,17
3403,34.03,periodic,17
3404,34.04,periodic,17
3405,34.05,periodic,17
3406,34.06,periodic,17
3407,34.07,periodic,17
3408,34.08,periodic,17
3409,34.09,periodic,17
3410,34.1,periodic,17
3411,34.11,periodic,17
3412,34.12,periodic,17
3413,34.13,periodic,17
3414,34.14,periodic,17
3415,34.15,periodic,17
3416,34.16,periodic,17
3417,34.17,periodic,17
3418,34.18,periodic,17
3419,34.19,periodic,17
3420,34.2,periodic,17
3421,34.21,periodic,17
3422,34.22,periodic,17
3423,34.23,periodic,17
3424,34.24,periodic,17
3425,34.25,periodic,17
3426,34.26,periodic,17
3427,34.27,periodic,17
3428,34.28,periodic,17
3429,34.29,periodic,17
3430,34.3,periodic,17
3431,34.31,periodic,17
3432,34.32,periodic,17
3433,34.33,periodic,17
3434,34.34,periodic,17
3435,34.35,periodic,17
3436,34.36,periodic,17
3437,34.37,periodic,17
3438,34.38,periodic,17
3439,34.39,periodic,17
3440,34.4,periodic,17
3441,34.41,periodic,17
3442,34.42,periodic,17
3443,34.43,periodic,17
3444,34.44,periodic,17
3445,34.45,periodic,17
3446,34.46,periodic,17
3447,34.47,periodic,17
3448,34.48,periodic,17
3449,34.49,periodic,17
3450,34.5,periodic,17
3451,34.51,periodic,17
3452,34.52,periodic,17
3453,34.53,periodic,17
3454,34.54,periodic,18
3455,34.55,periodic,18
3456,34.56,periodic,18
3457,34.57,periodic,18
3458,34.58,periodic,18
3459,34.59,periodic,18
3460,34.6,periodic,18
3461,34.61,periodic,18
3462,34.62,periodic,18
3463,34.63,periodic,18
3464,34.64,periodic,18
3465,34.65,periodic,18
3466,34.66,periodic,18
3467,34.67,periodic,18
3468,34.68,periodic,18
3469,34.69,periodic,18
3470,34.7,periodic,18
3471,34.71,periodic,18
3472,34.72,periodic,18
3473,34.73,periodic,18
3474,34.74,periodic,18
3475,34.75,periodic,18
3476,34.76,periodic,18
3477,34.77,periodic,18
3478,34.78,periodic,18
3479,34.79,periodic,18
3480,34.8,periodic,18
3481,34.81,periodic,18
3482,34.82,periodic,18
3483,34.83,periodic,18
3484,34.84,periodic,18
3485,34.85,periodic,18
3486,34.86,periodic,18
3487,34.87,periodic,18
3488,34.88,periodic,18
3489,34.89,periodic,18
3490,34.9,periodic,18
3491,34.91,periodic,18
3492,34.92,periodic,18
3493,34.93,periodic,18
3494,34.94,periodic,18
3495,34.95,periodic,18
3496,34.96,periodic,18
3497,34.97,periodic,18
3498,34.98,periodic,18
3499,34.99,periodic,18
3500,35.0,periodic,18
3501,35.01,periodic,18
3502,35.02,periodic,18
3503,35.03,periodic,18
3504,35.04,periodic,18
3505,35.05,periodic,18
3506,35.06,periodic,18
3507,35.07,periodic,18
3508,35.08,periodic,18
3509,35.09,periodic,18
3510,35.1,periodic,18
3511,35.11,periodic,18
3512,35.12,periodic,18
3513,35.13,periodic,18
3514,35.14,periodic,18
3515,35.15,periodic,18
3516,35.16,periodic,18
3517,35.17,periodic,18
3518,35.18,periodic,18
3519,35.19,periodic,18
3520,35.2,periodic,18
3521,35.21,periodic,18
3522,35.22,periodic,18
3523,35.23,periodic,18
3524,35.24,periodic,18
3525,35.25,periodic,18
3526,35.26,periodic,18
3527,35.27,periodic,18
3528,35.28,periodic,18
3529,35.29,periodic,18
3530,35.3,periodic,18
3531,35.31,periodic,18
3532,35.32,periodic,18
3533,35.33,periodic,18
3534,35.34,periodic,18
3535,35.35,periodic,18
3536,35.36,periodic,18
3537,35.37,periodic,18
3538,35.38,periodic,18
3539,35.39,periodic,18
3540,35.4,periodic,18
3541,35.41,periodic,18
3542,35.42,periodic,18
3543,35.43,periodic,18
3544,35.44,periodic,18
3545,35.45,periodic,18
3546,35.46,periodic,18
3547,35.47,periodic,18
3548,35.48,periodic,18
3549,35.49,periodic,18
3550,35.5,periodic,18
3551,35.51,periodic,18
3552,35.52,periodic,18
3553,35.53,periodic,18
3554,35.54,periodic,19
3555,35.55,periodic,19
3556,35.56,periodic,19
3557,35.57,periodic,19
3558,35.58,periodic,19
3559,35.59,periodic,19
3560,35.6,periodic,19
3561,35.61,periodic,19
3562,35.62,periodic,19
3563,35.63,periodic,19
3564,35.64,periodic,19
3565,35.65,periodic,19
3566,35.66,periodic,19
3567,35.67,periodic,19
3568,35.68,periodic,19
3569,35.69,periodic,19
3570,35.7,periodic,19
3571,35.71,periodic,19
3572,35.72,periodic,19
3573,35.73,periodic,19
3574,35.74,periodic,19
3575,35.75,periodic,19
3576,35.76,periodic,19
3577,35.77,periodic,19
3578,35.78,periodic,19
3579,35.79,periodic,19
3580,35.8,periodic,19
3581,35.81,periodic,19
3582,35.82,periodic,19
3583,35.83,periodic,19
3584,35.84,periodic,19
3585,35.85,periodic,19
3586,35.86,periodic,19
3587,35.87,periodic,19
3588,35.88,periodic,19
3589,35.89,periodic,19
3590,35.9,periodic,19
3591,35.91,periodic,19
3592,35.92,periodic,19
3593,35.93,periodic,19
3594,35.94,periodic,19
3595,35.95,periodic,19
3596,35.96,periodic,19
3597,35.97,periodic,19
3598,35.98,periodic,19
3599,35.99,periodic,19
3600,36.0,periodic,19
3601,36.01,periodic,19
3602,36.02,periodic,19
3603,36.03,periodic,19
3604,36.04,periodic,19
3605,36.05,periodic,19
3606,36.06,periodic,19
3607,36.07,periodic,19
3608,36.08,periodic,19
3609,36.09,periodic,19
3610,36.1,periodic,19
3611,36.11,periodic,19
3612,36.12,periodic,19
3613,36.13,periodic,19
3614,36.14,periodic,19
3615,36.15,periodic,19
3616,36.16,periodic,19
3617,36.17,periodic,19
3618,36.18,periodic,19
3619,36.19,periodic,19
3620,36.2,periodic,19
3621,36.21,periodic,19
3622,36.22,periodic,19
3623,36.23,periodic,19
3624,36.24,periodic,19
3625,36.25,periodic,19
3626,36.26,periodic,19
3627,36.27,periodic,19
3628,36.28,periodic,19
3629,36.29,periodic,19
3630,36.3,periodic,19
3631,36.31,periodic,19
3632,36.32,periodic,19
3633,36.33,periodic,19
3634,36.34,periodic,19
3635,36.35,periodic,19
3636,36.36,periodic,19
3637,36.37,periodic,19
3638,36.38,periodic,19
3639,36.39,periodic,19
3640,36.4,periodic,19
3641,36.41,periodic,19
3642,36.42,periodic,19
3643,36.43,periodic,19
3644,36.44,periodic,19
3645,36.45,periodic,19
3646,36.46,periodic,19
3647,36.47,periodic,19
3648,36.48,periodic,19
3649,36.49,periodic,19
3650,36.5,periodic,19
3651,36.51,periodic,19
3652,36.52,periodic,19
3653,36.53,periodic,19
3654,36.54,periodic,19
3655,36.55,periodic,20
3656,36.56,periodic,20
3657,36.57,periodic,20
3658,36.58,periodic,20
3659,36.59,periodic,20
3660,36.6,periodic,20
3661,36.61,periodic,20
3662,36.62,periodic,20
3663,36.63,periodic,20
3664,36.64,periodic,20
3665,36.65,periodic,20
3666,36.66,periodic,20
3667,36.67,periodic,20
3668,36.68,periodic,20
3669,36.69,periodic,20
3670,36.7,periodic,20
3671,36.71,periodic,20
3672,36.72,periodic,20
3673,36.73,periodic,20
3674,36.74,periodic,20
3675,36.75,periodic,20
3676,36.76,periodic,20
3677,36.77,periodic,20
3678,36.78,periodic,20
3679,36.79,periodic,20
3680,36.8,periodic,20
3681,36.81,periodic,20
3682,36.82,periodic,20
3683,36.83,periodic,20
3684,36.84,periodic,20
3685,36.85,periodic,20
3686,36.86,periodic,20
3687,36.87,periodic,20
3688,36.88,periodic,20
3689,36.89,periodic,20
3690,36.9,periodic,20
3691,36.91,periodic,20
3692,36.92,periodic,20
3693,36.93,periodic,20
3694,36.94,periodic,20
3695,36.95,periodic,20
3696,36.96,periodic,20
3697,36.97,periodic,20
3698,36.98,periodic,20
3699,36.99,periodic,20
3700,37.0,periodic,20
3701,37.01,periodic,20
3702,37.02,periodic,20
3703,37.03,periodic,20
3704,37.04,periodic,20
3705,37.05,periodic,20
3706,37.06,periodic,20
3707,37.07,periodic,20
3708,37.08,periodic,20
3709,37.09,periodic,20
3710,37.1,periodic,20
3711,37.11,periodic,20
3712,37.12,periodic,20
3713,37.13,periodic,20
3714,37.14,periodic,20
3715,37.15,periodic,20
3716,37.16,periodic,20
3717,37.17,periodic,20
3718,37.18,periodic,20
3719,37.19,periodic,20
3720,37.2,periodic,20
3721,37.21,periodic,20
3722,37.22,periodic,20
3723,37.23,periodic,20
3724,37.24,periodic,20
3725,37.25,periodic,20
3726,37.26,periodic,20
3727,37.27,periodic,20
3728,37.28,periodic,20
3729,37.29,periodic,20
3730,37.3,periodic,20
3731,37.31,periodic,20
3732,37.32,periodic,20
3733,37.33,periodic,20
3734,37.34,periodic,20
3735,37.35,periodic,20
3736,37.36,periodic,20
3737,37.37,periodic,20
3738,37.38,periodic,20
3739,37.39,periodic,20
3740,37.4,periodic,20
3741,37.41,periodic,20
3742,37.42,periodic,20
3743,37.43,periodic,20
3744,37.44,periodic,20
3745,37.45,periodic,20
3746,37.46,periodic,20
3747,37.47,periodic,20
3748,37.48,periodic,20
3749,37.49,periodic,20
3750,37.5,periodic,20
3751,37.51,periodic,20
3752,37.52,periodic,20
3753,37.53,periodic,20
3754,37.54,periodic,20
3755,37.55,periodic,20
3756,37.56,periodic,20
3757,37.57,periodic,20
3758,37.58,periodic,20
3759,37.59,periodic,20
3760,37.6,periodic,20
3761,37.61,periodic,20
3762,37.62,periodic,20
3763,37.63,periodic,21
3764,37.64,periodic,21
3765,37.65,periodic,21
3766,37.66,periodic,21
3767,37.67,periodic,21
3768,37.68,periodic,21
3769,37.69,periodic,21
3770,37.7,periodic,21
3771,37.71,periodic,21
3772,37.72,periodic,21
3773,37.73,periodic,21
3774,37.74,periodic,21
3775,37.75,periodic,21
3776,37.76,periodic,21
3777,37.77,periodic,21
3778,37.78,periodic,21
3779,37.79,periodic,21
3780,37.8,periodic,21
3781,37.81,periodic,21
3782,37.82,periodic,21
3783,37.83,periodic,21
3784,37.84,periodic,21
3785,37.85,periodic,21
3786,37.86,periodic,21
3787,37.87,periodic,21
3788,37.88,periodic,21
3789,37.89,periodic,21
3790,37.9,periodic,21
3791,37.91,periodic,21
3792,37.92,periodic,21
3793,37.93,periodic,21
3794,37.94,periodic,21
3795,37.95,periodic,21
3796,37.96,periodic,21
3797,37.97,periodic,21
3798,37.98,periodic,21
3799,37.99,periodic,21
3800,38.0,periodic,21
3801,38.01,periodic,21
3802,38.02,periodic,21
3803,38.03,periodic,21
3804,38.04,periodic,21
3805,38.05,periodic,21
3806,38.06,periodic,21
3807,38.07,periodic,21
3808,38.08,periodic,21
3809,38.09,periodic,21
3810,38.1,periodic,21
3811,38.11,periodic,21
3812,38.12,periodic,21
3813,38.13,periodic,21
3814,38.14,periodic,21
3815,38.15,periodic,21
3816,38.16,periodic,21
3817,38.17,periodic,21
3818,38.18,periodic,21
3819,38.19,periodic,21
3820,38.2,periodic,21
3821,38.21,periodic,21
3822,38.22,periodic,21
3823,38.23,periodic,21
3824,38.24,periodic,21
3825,38.25,periodic,21
3826,38.26,periodic,21
3827,38.27,periodic,21
3828,38.28,periodic,21
3829,38.29,periodic,21
3830,38.3,periodic,21
3831,38.31,periodic,21
3832,38.32,periodic,21
3833,38.33,periodic,21
3834,38.34,periodic,21
3835,38.35,periodic,21
3836,38.36,periodic,21
3837,38.37,periodic,21
3838,38.38,periodic,21
3839,38.39,periodic,21
3840,38.4,periodic,21
3841,38.41,periodic,21
3842,38.42,periodic,21
3843,38.43,periodic,21
3844,38.44,periodic,21
3845,38.45,periodic,21
3846,38.46,periodic,21
3847,38.47,periodic,21
3848,38.48,periodic,21
3849,38.49,periodic,21
3850,38.5,periodic,21
3851,38.51,periodic,21
3852,38.52,periodic,21
3853,38.53,periodic,21
3854,38.54,periodic,21
3855,38.55,periodic,21
3856,38.56,periodic,21
3857,38.57,periodic,21
3858,38.58,periodic,21
3859,38.59,periodic,21
3860,38.6,periodic,21
3861,38.61,periodic,-1
3862,38.62,periodic,-1
3863,38.63,periodic,-1
3864,38.64,periodic,-1
3865,38.65,periodic,-1
3866,38.66,periodic,-1
3867,38.67,periodic,-1
3868,38.68,periodic,-1
3869,38.69,periodic,-1
3870,38.7,periodic,-1
3871,38.71,periodic,-1
3872,38.72,periodic,-1
3873,38.73,periodic,-1
3874,38.74,periodic,-1
3875,38.75,periodic,-1
3876,38.76,periodic,-1
3877,38.77,periodic,-1
3878,38.78,periodic,-1
3879,38.79,periodic,-1
3880,38.8,periodic,-1
3881,38.81,periodic,-1
3882,38.82,periodic,-1
3883,38.83,periodic,-1
3884,38.84,periodic,-1
3885,38.85,periodic,-1
3886,38.86,periodic,-1
3887,38.87,periodic,-1
3888,38.88,periodic,-1
3889,38.89,periodic,-1
3890,38.9,periodic,-1
3891,38.91,periodic,-1
3892,38.92,periodic,-1
3893,38.93,periodic,-1
3894,38.94,periodic,-1
3895,38.95,periodic,-1
3896,38.96,periodic,-1
3897,38.97,periodic,-1
3898,38.98,periodic,-1
3899,38.99,periodic,-1
3900,39.0,periodic,-1
3901,39.01,periodic,-1
3902,39.02,periodic,-1
3903,39.03,periodic,-1
3904,39.04,periodic,-1
3905,39.05,periodic,-1
3906,39.06,periodic,-1
3907,39.07,periodic,-1
3908,39.08,periodic,-1
3909,39.09,periodic,-1
3910,39.1,periodic,-1
3911,39.11,periodic,-1
3912,39.12,periodic,-1
3913,39.13,periodic,-1
3914,39.14,periodic,-1
3915,39.15,periodic,-1
3916,39.16,periodic,-1
3917,39.17,periodic,-1
3918,39.18,periodic,-1
3919,39.19,periodic,-1
3920,39.2,periodic,-1
3921,39.21,periodic,-1
3922,39.22,periodic,-1
3923,39.23,periodic,-1
3924,39.24,periodic,-1
3925,39.25,periodic,-1
3926,39.26,periodic,-1
3927,39.27,periodic,-1
3928,39.28,periodic,-1
3929,39.29,periodic,-1
3930,39.3,periodic,-1
3931,39.31,periodic,-1
3932,39.32,periodic,-1
3933,39.33,periodic,-1
3934,39.34,periodic,-1
3935,39.35,periodic,-1
3936,39.36,periodic,-1
3937,39.37,periodic,-1
3938,39.38,periodic,-1
3939,39.39,periodic,-1
3940,39.4,periodic,-1
3941,39.41,periodic,-1
3942,39.42,periodic,-1
3943,39.43,periodic,-1
3944,39.44,periodic,-1
3945,39.45,periodic,-1
3946,39.46,periodic,-1
3947,39.47,periodic,-1
3948,39.48,periodic,-1
3949,39.49,periodic,-1
3950,39.5,periodic,-1
3951,39.51,periodic,-1
3952,39.52,periodic,-1
3953,39.53,periodic,-1
3954,39.54,periodic,-1
3955,39.55,periodic,-1
3956,39.56,periodic,-1
3957,39.57,periodic,-1
3958,39.58,periodic,-1
3959,39.59,periodic,-1
3960,39.6,end_transient,-1
3961,39.61,end_transient,-1
3962,39.62,end_transient,-1
3963,39.63,end_transient,-1
3964,39.64,end_transient,-1
3965,39.65,end_transient,-1
3966,39.66,end_transient,-1
3967,39.67,end_transient,-1
3968,39.68,end_transient,-1
3969,39.69,end_transient,-1
3970,39.7,end_transient,-1
3971,39.71,end_transient,-1
3972,39.72,end_transient,-1
3973,39.73,end_transient,-1
3974,39.74,end_transient,-1
3975,39.75,end_transient,-1
3976,39.76,end_transient,-1
3977,39.77,end_transient,-1
3978,39.78,end_transient,-1
3979,39.79,end_transient,-1
3980,39.8,end_transient,-1
3981,39.81,end_transient,-1
3982,39.82,end_transient,-1
3983,39.83,end_transient,-1
3984,39.84,end_transient,-1
3985,39.85,end_transient,-1
3986,39.86,end_transient,-1
3987,39.87,end_transient,-1
3988,39.88,end_transient,-1
3989,39.89,end_transient,-1
3990,39.9,end_transient,-1
3991,39.91,end_transient,-1
3992,39.92,end_transient,-1
3993,39.93,end_transient,-1
3994,39.94,end_transient,-1
3995,39.95,end_transient,-1
3996,39.96,end_transient,-1
3997,39.97,end_transient,-1
3998,39.98,end_transient,-1
3999,39.99,end_transient,-1
4000,40.0,end_transient,-1
4001,40.01,end_transient,-1
4002,40.02,end_transient,-1
4003,40.03,end_transient,-1
4004,40.04,end_transient,-1
4005,40.05,end_transient,-1
4006,40.06,end_transient,-1
4007,40.07,end_transient,-1
4008,40.08,end_transient,-1
4009,40.09,end_transient,-1
4010,40.1,end_transient,-1
4011,40.11,end_transient,-1
4012,40.12,end_transient,-1
4013,40.13,end_transient,-1
4014,40.14,end_transient,-1
4015,40.15,end_transient,-1
4016,40.16,end_transient,-1
4017,40.17,end_transient,-1
4018,40.18,end_transient,-1
4019,40.19,end_transient,-1
4020,40.2,end_transient,-1
4021,40.21,end_transient,-1
4022,40.22,end_transient,-1
4023,40.23,end_transient,-1
4024,40.24,end_transient,-1
4025,40.25,end_transient,-1
4026,40.26,end_transient,-1
4027,40.27,end_transient,-1
4028,40.28,end_transient,-1
4029,40.29,end_transient,-1
4030,40.3,end_transient,-1
4031,40.31,end_transient,-1
4032,40.32,end_transient,-1
4033,40.33,end_transient,-1
4034,40.34,end_transient,-1
4035,40.35,end_transient,-1
4036,40.36,end_transient,-1
4037,40.37,end_transient,-1
4038,40.38,end_transient,-1
4039,40.39,end_transient,-1
4040,40.4,end_transient,-1
4041,40.41,end_transient,-1
4042,40.42,end_transient,-1
4043,40.43,end_transient,-1
4044,40.44,end_transient,-1
4045,40.45,end_transient,-1
4046,40.46,end_transient,-1
4047,40.47,end_transient,-1
4048,40.48,end_transient,-1
4049,40.49,end_transient,-1
4050,40.5,end_transient,-1
4051,40.51,end_transient,-1
4052,40.52,end_transient,-1
4053,40.53,end_transient,-1
4054,40.54,end_transient,-1
4055,40.55,end_transient,-1
4056,40.56,end_transient,-1
4057,40.57,end_transient,-1
4058,40.58,end_transient,-1
4059,40.59,end_transient,-1
4060,40.6,end_transient,-1
4061,40.61,end_transient,-1
4062,40.62,end_transient,-1
4063,40.63,end_transient,-1
4064,40.64,end_transient,-1
4065,40.65,end_transient,-1
4066,40.66,end_transient,-1
4067,40.67,end_transient,-1
4068,40.68,end_transient,-1
4069,40.69,end_transient,-1
4070,40.7,end_transient,-1
4071,40.71,end_transient,-1
4072,40.72,end_transient,-1
4073,40.73,end_transient,-1
4074,40.74,end_transient,-1
4075,40.75,end_transient,-1
4076,40.76,end_transient,-1
4077,40.77,end_transient,-1
4078,40.78,end_transient,-1
4079,40.79,end_transient,-1
