frame,time_seconds,segment_label,cycle_index
0,0.0,start_transient,-1
1,0.01,start_transient,-1
2,0.02,start_transient,-1
3,0.03,start_transient,-1
4,0.04,start_transient,-1
5,0.05,start_transient,-1
6,0.06,start_transient,-1
7,0.07,start_transient,-1
8,0.08,start_transient,-1
9,0.09,start_transient,-1
10,0.1,start_transient,-1
11,0.11,start_transient,-1
12,0.12,start_transient,-1
13,0.13,start_transient,-1
14,0.14,start_transient,-1
15,0.15,start_transient,-1
16,0.16,start_transient,-1
17,0.17,start_transient,-1
18,0.18,start_transient,-1
19,0.19,start_transient,-1
20,0.2,start_transient,-1
21,0.21,start_transient,-1
22,0.22,start_transient,-1
23,0.23,start_transient,-1
24,0.24,start_transient,-1
25,0.25,start_transient,-1
26,0.26,start_transient,-1
27,0.27,start_transient,-1
28,0.28,start_transient,-1
29,0.29,start_transient,-1
30,0.3,start_transient,-1
31,0.31,start_transient,-1
32,0.32,start_transient,-1
33,0.33,start_transient,-1
34,0.34,start_transient,-1
35,0.35,start_transient,-1
36,0.36,start_transient,-1
37,0.37,start_transient,-1
38,0.38,start_transient,-1
39,0.39,start_transient,-1
40,0.4,start_transient,-1
41,0.41,start_transient,-1
42,0.42,start_transient,-1
43,0.43,start_transient,-1
44,0.44,start_transient,-1
45,0.45,start_transient,-1
46,0.46,start_transient,-1
47,0.47,start_transient,-1
48,0.48,start_transient,-1
49,0.49,start_transient,-1
50,0.5,start_transient,-1
51,0.51,start_transient,-1
52,0.52,start_transient,-1
53,0.53,start_transient,-1
54,0.54,start_transient,-1
55,0.55,start_transient,-1
56,0.56,start_transient,-1
57,0.57,start_transient,-1
58,0.58,start_transient,-1
59,0.59,start_transient,-1
60,0.6,start_transient,-1
61,0.61,start_transient,-1
62,0.62,start_transient,-1
63,0.63,start_transient,-1
64,0.64,start_transient,-1
65,0.65,start_transient,-1
66,0.66,start_transient,-1
67,0.67,start_transient,-1
68,0.68,start_transient,-1
69,0.69,start_transient,-1
70,0.7,start_transient,-1
71,0.71,start_transient,-1
72,0.72,start_transient,-1
73,0.73,start_transient,-1
74,0.74,start_transient,-1
75,0.75,start_transient,-1
76,0.76,start_transient,-1
77,0.77,start_transient,-1
78,0.78,start_transient,-1
79,0.79,start_transient,-1
80,0.8,start_transient,-1
81,0.81,start_transient,-1
82,0.82,start_transient,-1
83,0.83,start_transient,-1
84,0.84,start_transient,-1
85,0.85,start_transient,-1
86,0.86,start_transient,-1
87,0.87,start_transient,-1
88,0.88,start_transient,-1
89,0.89,start_transient,-1
90,0.9,start_transient,-1
91,0.91,start_transient,-1
92,0.92,start_transient,-1
93,0.93,start_transient,-1
94,0.94,start_transient,-1
95,0.95,start_transient,-1
96,0.96,start_transient,-1
97,0.97,start_transient,-1
98,0.98,start_transient,-1
99,0.99,start_transient,-1
100,1.0,start_transient,-1
101,1.01,start_transient,-1
102,1.02,start_transient,-1
103,1.03,start_transient,-1
104,1.04,start_transient,-1
105,1.05,start_transient,-1
106,1.06,start_transient,-1
107,1.07,start_transient,-1
108,1.08,start_transient,-1
109,1.09,start_transient,-1
110,1.1,start_transient,-1
111,1.11,start_transient,-1
112,1.12,start_transient,-1
113,1.13,start_transient,-1
114,1.14,start_transient,-1
115,1.15,start_transient,-1
116,1.16,start_transient,-1
117,1.17,start_transient,-1
118,1.18,start_transient,-1
119,1.19,start_transient,-1
120,1.2,start_transient,-1
121,1.21,start_transient,-1
122,1.22,start_transient,-1
123,1.23,start_transient,-1
124,1.24,start_transient,-1
125,1.25,start_transient,-1
126,1.26,start_transient,-1
127,1.27,start_transient,-1
128,1.28,start_transient,-1
129,1.29,start_transient,-1
130,1.3,start_transient,-1
131,1.31,start_transient,-1
132,1.32,start_transient,-1
133,1.33,start_transient,-1
134,1.34,start_transient,-1
135,1.35,start_transient,-1
136,1.36,start_transient,-1
137,1.37,start_transient,-1
138,1.38,start_transient,-1
139,1.39,start_transient,-1
140,1.4,start_transient,-1
141,1.41,start_transient,-1
142,1.42,start_transient,-1
143,1.43,start_transient,-1
144,1.44,start_transient,-1
145,1.45,start_transient,-1
146,1.46,start_transient,-1
147,1.47,start_transient,-1
148,1.48,start_transient,-1
149,1.49,start_transient,-1
150,1.5,start_transient,-1
151,1.51,start_transient,-1
152,1.52,start_transient,-1
153,1.53,start_transient,-1
154,1.54,start_transient,-1
155,1.55,start_transient,-1
156,1.56,start_transient,-1
157,1.57,start_transient,-1
158,1.58,start_transient,-1
159,1.59,start_transient,-1
160,1.6,start_transient,-1
161,1.61,start_transient,-1
162,1.62,start_transient,-1
163,1.63,start_transient,-1
164,1.64,start_transient,-1
165,1.65,start_transient,-1
166,1.66,start_transient,-1
167,1.67,start_transient,-1
168,1.68,start_transient,-1
169,1.69,start_transient,-1
170,1.7,start_transient,-1
171,1.71,start_transient,-1
172,1.72,start_transient,-1
173,1.73,start_transient,-1
174,1.74,start_transient,-1
175,1.75,start_transient,-1
176,1.76,start_transient,-1
177,1.77,start_transient,-1
178,1.78,start_transient,-1
179,1.79,start_transient,-1
180,1.8,start_transient,-1
181,1.81,start_transient,-1
182,1.82,start_transient,-1
183,1.83,start_transient,-1
184,1.84,start_transient,-1
185,1.85,start_transient,-1
186,1.86,start_transient,-1
187,1.87,start_transient,-1
188,1.88,start_transient,-1
189,1.89,start_transient,-1
190,1.9,start_transient,-1
191,1.91,start_transient,-1
192,1.92,start_transient,-1
193,1.93,start_transient,-1
194,1.94,start_transient,-1
195,1.95,start_transient,-1
196,1.96,start_transient,-1
197,1.97,start_transient,-1
198,1.98,start_transient,-1
199,1.99,start_transient,-1
200,2.0,start_transient,-1
201,2.01,start_transient,-1
202,2.02,start_transient,-1
203,2.03,start_transient,-1
204,2.04,start_transient,-1
205,2.05,start_transient,-1
206,2.06,start_transient,-1
207,2.07,start_transient,-1
208,2.08,start_transient,-1
209,2.09,start_transient,-1
210,2.1,start_transient,-1
211,2.11,start_transient,-1
212,2.12,start_transient,-1
213,2.13,start_transient,-1
214,2.14,start_transient,-1
215,2.15,start_transient,-1
216,2.16,start_transient,-1
217,2.17,start_transient,-1
218,2.18,start_transient,-1
219,2.19,start_transient,-1
220,2.2,start_transient,-1
221,2.21,start_transient,-1
222,2.22,start_transient,-1
223,2.23,start_transient,-1
224,2.24,start_transient,-1
225,2.25,start_transient,-1
226,2.26,start_transient,-1
227,2.27,start_transient,-1
228,2.28,start_transient,-1
229,2.29,start_transient,-1
230,2.3,start_transient,-1
231,2.31,start_transient,-1
232,2.32,start_transient,-1
233,2.33,start_transient,-1
234,2.34,start_transient,-1
235,2.35,start_transient,-1
236,2.36,start_transient,-1
237,2.37,start_transient,-1
238,2.38,start_transient,-1
239,2.39,start_transient,-1
240,2.4,start_transient,-1
241,2.41,start_transient,-1
242,2.42,start_transient,-1
243,2.43,start_transient,-1
244,2.44,start_transient,-1
245,2.45,start_transient,-1
246,2.46,start_transient,-1
247,2.47,start_transient,-1
248,2.48,start_transient,-1
249,2.49,start_transient,-1
250,2.5,start_transient,-1
251,2.51,start_transient,-1
252,2.52,start_transient,-1
253,2.53,start_transient,-1
254,2.54,start_transient,-1
255,2.55,start_transient,-1
256,2.56,start_transient,-1
257,2.57,start_transient,-1
258,2.58,start_transient,-1
259,2.59,start_transient,-1
260,2.6,start_transient,-1
261,2.61,start_transient,-1
262,2.62,start_transient,-1
263,2.63,start_transient,-1
264,2.64,start_transient,-1
265,2.65,start_transient,-1
266,2.66,start_transient,-1
267,2.67,start_transient,-1
268,2.68,start_transient,-1
269,2.69,start_transient,-1
270,2.7,start_transient,-1
271,2.71,start_transient,-1
272,2.72,start_transient,-1
273,2.73,start_transient,-1
274,2.74,start_transient,-1
275,2.75,start_transient,-1
276,2.76,start_transient,-1
277,2.77,start_transient,-1
278,2.78,start_transient,-1
279,2.79,start_transient,-1
280,2.8,start_transient,-1
281,2.81,start_transient,-1
282,2.82,start_transient,-1
283,2.83,start_transient,-1
284,2.84,start_transient,-1
285,2.85,start_transient,-1
286,2.86,start_transient,-1
287,2.87,start_transient,-1
288,2.88,start_transient,-1
289,2.89,start_transient,-1
290,2.9,start_transient,-1
291,2.91,start_transient,-1
292,2.92,start_transient,-1
293,2.93,start_transient,-1
294,2.94,start_transient,-1
295,2.95,start_transient,-1
296,2.96,start_transient,-1
297,2.97,start_transient,-1
298,2.98,start_transient,-1
299,2.99,start_transient,-1
300,3.0,start_transient,-1
301,3.01,start_transient,-1
302,3.02,start_transient,-1
303,3.03,start_transient,-1
304,3.04,start_transient,-1
305,3.05,start_transient,-1
306,3.06,start_transient,-1
307,3.07,start_transient,-1
308,3.08,start_transient,-1
309,3.09,start_transient,-1
310,3.1,start_transient,-1
311,3.11,start_transient,-1
312,3.12,start_transient,-1
313,3.13,start_transient,-1
314,3.14,start_transient,-1
315,3.15,start_transient,-1
316,3.16,start_transient,-1
317,3.17,start_transient,-1
318,3.18,start_transient,-1
319,3.19,start_transient,-1
320,3.2,start_transient,-1
321,3.21,start_transient,-1
322,3.22,start_transient,-1
323,3.23,start_transient,-1
324,3.24,start_transient,-1
325,3.25,start_transient,-1
326,3.26,start_transient,-1
327,3.27,start_transient,-1
328,3.28,start_transient,-1
329,3.29,start_transient,-1
330,3.3,start_transient,-1
331,3.31,start_transient,-1
332,3.32,start_transient,-1
333,3.33,start_transient,-1
334,3.34,start_transient,-1
335,3.35,start_transient,-1
336,3.36,start_transient,-1
337,3.37,start_transient,-1
338,3.38,start_transient,-1
339,3.39,start_transient,-1
340,3.4,start_transient,-1
341,3.41,start_transient,-1
342,3.42,start_transient,-1
343,3.43,start_transient,-1
344,3.44,start_transient,-1
345,3.45,start_transient,-1
346,3.46,start_transient,-1
347,3.47,start_transient,-1
348,3.48,start_transient,-1
349,3.49,start_transient,-1
350,3.5,start_transient,-1
351,3.51,start_transient,-1
352,3.52,start_transient,-1
353,3.53,start_transient,-1
354,3.54,start_transient,-1
355,3.55,start_transient,-1
356,3.56,start_transient,-1
357,3.57,start_transient,-1
358,3.58,start_transient,-1
359,3.59,start_transient,-1
360,3.6,start_transient,-1
361,3.61,start_transient,-1
362,3.62,start_transient,-1
363,3.63,start_transient,-1
364,3.64,start_transient,-1
365,3.65,start_transient,-1
366,3.66,start_transient,-1
367,3.67,start_transient,-1
368,3.68,start_transient,-1
369,3.69,start_transient,-1
370,3.7,start_transient,-1
371,3.71,start_transient,-1
372,3.72,start_transient,-1
373,3.73,start_transient,-1
374,3.74,start_transient,-1
375,3.75,start_transient,-1
376,3.76,start_transient,-1
377,3.77,start_transient,-1
378,3.78,start_transient,-1
379,3.79,start_transient,-1
380,3.8,start_transient,-1
381,3.81,start_transient,-1
382,3.82,start_transient,-1
383,3.83,start_transient,-1
384,3.84,start_transient,-1
385,3.85,start_transient,-1
386,3.86,start_transient,-1
387,3.87,start_transient,-1
388,3.88,start_transient,-1
389,3.89,start_transient,-1
390,3.9,start_transient,-1
391,3.91,start_transient,-1
392,3.92,start_transient,-1
393,3.93,start_transient,-1
394,3.94,start_transient,-1
395,3.95,start_transient,-1
396,3.96,start_transient,-1
397,3.97,start_transient,-1
398,3.98,start_transient,-1
399,3.99,start_transient,-1
400,4.0,start_transient,-1
401,4.01,start_transient,-1
402,4.02,start_transient,-1
403,4.03,start_transient,-1
404,4.04,start_transient,-1
405,4.05,start_transient,-1
406,4.06,start_transient,-1
407,4.07,start_transient,-1
408,4.08,start_transient,-1
409,4.09,start_transient,-1
410,4.1,start_transient,-1
411,4.11,start_transient,-1
412,4.12,start_transient,-1
413,4.13,start_transient,-1
414,4.14,start_transient,-1
415,4.15,start_transient,-1
416,4.16,start_transient,-1
417,4.17,start_transient,-1
418,4.18,start_transient,-1
419,4.19,start_transient,-1
420,4.2,start_transient,-1
421,4.21,start_transient,-1
422,4.22,start_transient,-1
423,4.23,start_transient,-1
424,4.24,start_transient,-1
425,4.25,start_transient,-1
426,4.26,start_transient,-1
427,4.27,start_transient,-1
428,4.28,start_transient,-1
429,4.29,start_transient,-1
430,4.3,start_transient,-1
431,4.31,start_transient,-1
432,4.32,start_transient,-1
433,4.33,start_transient,-1
434,4.34,start_transient,-1
435,4.35,start_transient,-1
436,4.36,start_transient,-1
437,4.37,start_transient,-1
438,4.38,start_transient,-1
439,4.39,start_transient,-1
440,4.4,start_transient,-1
441,4.41,start_transient,-1
442,4.42,start_transient,-1
443,4.43,start_transient,-1
444,4.44,start_transient,-1
445,4.45,start_transient,-1
446,4.46,start_transient,-1
447,4.47,start_transient,-1
448,4.48,start_transient,-1
449,4.49,start_transient,-1
450,4.5,start_transient,-1
451,4.51,start_transient,-1
452,4.52,start_transient,-1
453,4.53,start_transient,-1
454,4.54,start_transient,-1
455,4.55,start_transient,-1
456,4.56,start_transient,-1
457,4.57,start_transient,-1
458,4.58,start_transient,-1
459,4.59,start_transient,-1
460,4.6,start_transient,-1
461,4.61,start_transient,-1
462,4.62,start_transient,-1
463,4.63,start_transient,-1
464,4.64,start_transient,-1
465,4.65,start_transient,-1
466,4.66,start_transient,-1
467,4.67,start_transient,-1
468,4.68,start_transient,-1
469,4.69,start_transient,-1
470,4.7,start_transient,-1
471,4.71,start_transient,-1
472,4.72,start_transient,-1
473,4.73,start_transient,-1
474,4.74,start_transient,-1
475,4.75,start_transient,-1
476,4.76,start_transient,-1
477,4.77,start_transient,-1
478,4.78,start_transient,-1
479,4.79,start_transient,-1
480,4.8,start_transient,-1
481,4.81,start_transient,-1
482,4.82,start_transient,-1
483,4.83,start_transient,-1
484,4.84,start_transient,-1
485,4.85,start_transient,-1
486,4.86,start_transient,-1
487,4.87,start_transient,-1
488,4.88,start_transient,-1
489,4.89,start_transient,-1
490,4.9,start_transient,-1
491,4.91,start_transient,-1
492,4.92,start_transient,-1
493,4.93,start_transient,-1
494,4.94,start_transient,-1
495,4.95,start_transient,-1
496,4.96,start_transient,-1
497,4.97,start_transient,-1
498,4.98,start_transient,-1
499,4.99,start_transient,-1
500,5.0,start_transient,-1
501,5.01,start_transient,-1
502,5.02,start_transient,-1
503,5.03,start_transient,-1
504,5.04,start_transient,-1
505,5.05,start_transient,-1
506,5.06,start_transient,-1
507,5.07,start_transient,-1
508,5.08,start_transient,-1
509,5.09,start_transient,-1
510,5.1,start_transient,-1
511,5.11,start_transient,-1
512,5.12,start_transient,-1
513,5.13,start_transient,-1
514,5.14,start_transient,-1
515,5.15,start_transient,-1
516,5.16,start_transient,-1
517,5.17,start_transient,-1
518,5.18,start_transient,-1
519,5.19,start_transient,-1
520,5.2,start_transient,-1
521,5.21,start_transient,-1
522,5.22,start_transient,-1
523,5.23,start_transient,-1
524,5.24,start_transient,-1
525,5.25,start_transient,-1
526,5.26,start_transient,-1
527,5.27,start_transient,-1
528,5.28,start_transient,-1
529,5.29,start_transient,-1
530,5.3,start_transient,-1
531,5.31,start_transient,-1
532,5.32,start_transient,-1
533,5.33,start_transient,-1
534,5.34,start_transient,-1
535,5.35,start_transient,-1
536,5.36,start_transient,-1
537,5.37,start_transient,-1
538,5.38,start_transient,-1
539,5.39,start_transient,-1
540,5.4,start_transient,-1
541,5.41,start_transient,-1
542,5.42,start_transient,-1
543,5.43,start_transient,-1
544,5.44,start_transient,-1
545,5.45,start_transient,-1
546,5.46,start_transient,-1
547,5.47,start_transient,-1
548,5.48,start_transient,-1
549,5.49,start_transient,-1
550,5.5,start_transient,-1
551,5.51,start_transient,-1
552,5.52,start_transient,-1
553,5.53,start_transient,-1
554,5.54,start_transient,-1
555,5.55,start_transient,-1
556,5.56,start_transient,-1
557,5.57,start_transient,-1
558,5.58,start_transient,-1
559,5.59,start_transient,-1
560,5.6,start_transient,-1
561,5.61,start_transient,-1
562,5.62,start_transient,-1
563,5.63,start_transient,-1
564,5.64,start_transient,-1
565,5.65,start_transient,-1
566,5.66,start_transient,-1
567,5.67,start_transient,-1
568,5.68,start_transient,-1
569,5.69,start_transient,-1
570,5.7,start_transient,-1
571,5.71,start_transient,-1
572,5.72,start_transient,-1
573,5.73,start_transient,-1
574,5.74,start_transient,-1
575,5.75,start_transient,-1
576,5.76,start_transient,-1
577,5.77,start_transient,-1
578,5.78,start_transient,-1
579,5.79,start_transient,-1
580,5.8,start_transient,-1
581,5.81,start_transient,-1
582,5.82,start_transient,-1
583,5.83,start_transient,-1
584,5.84,start_transient,-1
585,5.85,start_transient,-1
586,5.86,start_transient,-1
587,5.87,start_transient,-1
588,5.88,start_transient,-1
589,5.89,start_transient,-1
590,5.9,start_transient,-1
591,5.91,start_transient,-1
592,5.92,start_transient,-1
593,5.93,start_transient,-1
594,5.94,start_transient,-1
595,5.95,start_transient,-1
596,5.96,start_transient,-1
597,5.97,start_transient,-1
598,5.98,start_transient,-1
599,5.99,start_transient,-1
600,6.0,start_transient,-1
601,6.01,start_transient,-1
602,6.02,start_transient,-1
603,6.03,start_transient,-1
604,6.04,start_transient,-1
605,6.05,start_transient,-1
606,6.06,start_transient,-1
607,6.07,start_transient,-1
608,6.08,start_transient,-1
609,6.09,start_transient,-1
610,6.1,start_transient,-1
611,6.11,start_transient,-1
612,6.12,start_transient,-1
613,6.13,start_transient,-1
614,6.14,start_transient,-1
615,6.15,start_transient,-1
616,6.16,start_transient,-1
617,6.17,start_transient,-1
618,6.18,start_transient,-1
619,6.19,start_transient,-1
620,6.2,start_transient,-1
621,6.21,start_transient,-1
622,6.22,start_transient,-1
623,6.23,start_transient,-1
624,6.24,start_transient,-1
625,6.25,start_transient,-1
626,6.26,start_transient,-1
627,6.27,start_transient,-1
628,6.28,start_transient,-1
629,6.29,start_transient,-1
630,6.3,start_transient,-1
631,6.31,start_transient,-1
632,6.32,start_transient,-1
633,6.33,start_transient,-1
634,6.34,start_transient,-1
635,6.35,start_transient,-1
636,6.36,start_transient,-1
637,6.37,start_transient,-1
638,6.38,start_transient,-1
639,6.39,start_transient,-1
640,6.4,start_transient,-1
641,6.41,start_transient,-1
642,6.42,start_transient,-1
643,6.43,start_transient,-1
644,6.44,start_transient,-1
645,6.45,start_transient,-1
646,6.46,start_transient,-1
647,6.47,start_transient,-1
648,6.48,start_transient,-1
649,6.49,start_transient,-1
650,6.5,start_transient,-1
651,6.51,start_transient,-1
652,6.52,start_transient,-1
653,6.53,start_transient,-1
654,6.54,start_transient,-1
655,6.55,start_transient,-1
656,6.56,start_transient,-1
657,6.57,start_transient,-1
658,6.58,start_transient,-1
659,6.59,start_transient,-1
660,6.6,start_transient,-1
661,6.61,start_transient,-1
662,6.62,start_transient,-1
663,6.63,start_transient,-1
664,6.64,start_transient,-1
665,6.65,start_transient,-1
666,6.66,start_transient,-1
667,6.67,start_transient,-1
668,6.68,start_transient,-1
669,6.69,start_transient,-1
670,6.7,start_transient,-1
671,6.71,start_transient,-1
672,6.72,start_transient,-1
673,6.73,start_transient,-1
674,6.74,start_transient,-1
675,6.75,start_transient,-1
676,6.76,start_transient,-1
677,6.77,start_transient,-1
678,6.78,start_transient,-1
679,6.79,start_transient,-1
680,6.8,start_transient,-1
681,6.81,start_transient,-1
682,6.82,start_transient,-1
683,6.83,start_transient,-1
684,6.84,start_transient,-1
685,6.85,start_transient,-1
686,6.86,start_transient,-1
687,6.87,start_transient,-1
688,6.88,start_transient,-1
689,6.89,start_transient,-1
690,6.9,start_transient,-1
691,6.91,start_transient,-1
692,6.92,start_transient,-1
693,6.93,start_transient,-1
694,6.94,start_transient,-1
695,6.95,start_transient,-1
696,6.96,start_transient,-1
697,6.97,start_transient,-1
698,6.98,start_transient,-1
699,6.99,start_transient,-1
700,7.0,start_transient,-1
701,7.01,start_transient,-1
702,7.02,start_transient,-1
703,7.03,start_transient,-1
704,7.04,start_transient,-1
705,7.05,start_transient,-1
706,7.06,start_transient,-1
707,7.07,start_transient,-1
708,7.08,start_transient,-1
709,7.09,start_transient,-1
710,7.1,start_transient,-1
711,7.11,start_transient,-1
712,7.12,start_transient,-1
713,7.13,start_transient,-1
714,7.14,start_transient,-1
715,7.15,start_transient,-1
716,7.16,start_transient,-1
717,7.17,start_transient,-1
718,7.18,start_transient,-1
719,7.19,start_transient,-1
720,7.2,start_transient,-1
721,7.21,start_transient,-1
722,7.22,start_transient,-1
723,7.23,start_transient,-1
724,7.24,start_transient,-1
725,7.25,start_transient,-1
726,7.26,start_transient,-1
727,7.27,start_transient,-1
728,7.28,start_transient,-1
729,7.29,start_transient,-1
730,7.3,start_transient,-1
731,7.31,start_transient,-1
732,7.32,start_transient,-1
733,7.33,start_transient,-1
734,7.34,start_transient,-1
735,7.35,start_transient,-1
736,7.36,start_transient,-1
737,7.37,start_transient,-1
738,7.38,start_transient,-1
739,7.39,start_transient,-1
740,7.4,start_transient,-1
741,7.41,start_transient,-1
742,7.42,start_transient,-1
743,7.43,start_transient,-1
744,7.44,start_transient,-1
745,7.45,start_transient,-1
746,7.46,start_transient,-1
747,7.47,start_transient,-1
748,7.48,start_transient,-1
749,7.49,start_transient,-1
750,7.5,start_transient,-1
751,7.51,start_transient,-1
752,7.52,start_transient,-1
753,7.53,start_transient,-1
754,7.54,start_transient,-1
755,7.55,start_transient,-1
756,7.56,start_transient,-1
757,7.57,start_transient,-1
758,7.58,start_transient,-1
759,7.59,start_transient,-1
760,7.6,start_transient,-1
761,7.61,start_transient,-1
762,7.62,start_transient,-1
763,7.63,start_transient,-1
764,7.64,start_transient,-1
765,7.65,start_transient,-1
766,7.66,start_transient,-1
767,7.67,start_transient,-1
768,7.68,start_transient,-1
769,7.69,start_transient,-1
770,7.7,start_transient,-1
771,7.71,start_transient,-1
772,7.72,start_transient,-1
773,7.73,start_transient,-1
774,7.74,start_transient,-1
775,7.75,start_transient,-1
776,7.76,start_transient,-1
777,7.77,start_transient,-1
778,7.78,start_transient,-1
779,7.79,start_transient,-1
780,7.8,start_transient,-1
781,7.81,start_transient,-1
782,7.82,start_transient,-1
783,7.83,start_transient,-1
784,7.84,start_transient,-1
785,7.85,start_transient,-1
786,7.86,start_transient,-1
787,7.87,start_transient,-1
788,7.88,start_transient,-1
789,7.89,start_transient,-1
790,7.9,start_transient,-1
791,7.91,start_transient,-1
792,7.92,start_transient,-1
793,7.93,start_transient,-1
794,7.94,start_transient,-1
795,7.95,start_transient,-1
796,7.96,start_transient,-1
797,7.97,start_transient,-1
798,7.98,start_transient,-1
799,7.99,start_transient,-1
800,8.0,start_transient,-1
801,8.01,start_transient,-1
802,8.02,start_transient,-1
803,8.03,start_transient,-1
804,8.04,start_transient,-1
805,8.05,start_transient,-1
806,8.06,start_transient,-1
807,8.07,start_transient,-1
808,8.08,start_transient,-1
809,8.09,start_transient,-1
810,8.1,start_transient,-1
811,8.11,start_transient,-1
812,8.12,start_transient,-1
813,8.13,start_transient,-1
814,8.14,start_transient,-1
815,8.15,start_transient,-1
816,8.16,start_transient,-1
817,8.17,start_transient,-1
818,8.18,start_transient,-1
819,8.19,start_transient,-1
820,8.2,start_transient,-1
821,8.21,start_transient,-1
822,8.22,start_transient,-1
823,8.23,start_transient,-1
824,8.24,start_transient,-1
825,8.25,start_transient,-1
826,8.26,start_transient,-1
827,8.27,start_transient,-1
828,8.28,start_transient,-1
829,8.29,start_transient,-1
830,8.3,start_transient,-1
831,8.31,start_transient,-1
832,8.32,start_transient,-1
833,8.33,start_transient,-1
834,8.34,start_transient,-1
835,8.35,start_transient,-1
836,8.36,start_transient,-1
837,8.37,start_transient,-1
838,8.38,start_transient,-1
839,8.39,start_transient,-1
840,8.4,start_transient,-1
841,8.41,start_transient,-1
842,8.42,start_transient,-1
843,8.43,start_transient,-1
844,8.44,start_transient,-1
845,8.45,start_transient,-1
846,8.46,start_transient,-1
847,8.47,start_transient,-1
848,8.48,start_transient,-1
849,8.49,start_transient,-1
850,8.5,start_transient,-1
851,8.51,start_transient,-1
852,8.52,start_transient,-1
853,8.53,start_transient,-1
854,8.54,start_transient,-1
855,8.55,start_transient,-1
856,8.56,start_transient,-1
857,8.57,start_transient,-1
858,8.58,start_transient,-1
859,8.59,start_transient,-1
860,8.6,start_transient,-1
861,8.61,start_transient,-1
862,8.62,start_transient,-1
863,8.63,start_transient,-1
864,8.64,start_transient,-1
865,8.65,start_transient,-1
866,8.66,start_transient,-1
867,8.67,start_transient,-1
868,8.68,start_transient,-1
869,8.69,start_transient,-1
870,8.7,start_transient,-1
871,8.71,start_transient,-1
872,8.72,start_transient,-1
873,8.73,start_transient,-1
874,8.74,start_transient,-1
875,8.75,start_transient,-1
876,8.76,start_transient,-1
877,8.77,start_transient,-1
878,8.78,start_transient,-1
879,8.79,start_transient,-1
880,8.8,start_transient,-1
881,8.81,start_transient,-1
882,8.82,start_transient,-1
883,8.83,start_transient,-1
884,8.84,start_transient,-1
885,8.85,start_transient,-1
886,8.86,start_transient,-1
887,8.87,start_transient,-1
888,8.88,start_transient,-1
889,8.89,start_transient,-1
890,8.9,start_transient,-1
891,8.91,start_transient,-1
892,8.92,start_transient,-1
893,8.93,start_transient,-1
894,8.94,start_transient,-1
895,8.95,start_transient,-1
896,8.96,start_transient,-1
897,8.97,start_transient,-1
898,8.98,start_transient,-1
899,8.99,start_transient,-1
900,9.0,start_transient,-1
901,9.01,start_transient,-1
902,9.02,start_transient,-1
903,9.03,start_transient,-1
904,9.04,start_transient,-1
905,9.05,start_transient,-1
906,9.06,start_transient,-1
907,9.07,start_transient,-1
908,9.08,start_transient,-1
909,9.09,start_transient,-1
910,9.1,start_transient,-1
911,9.11,start_transient,-1
912,9.12,start_transient,-1
913,9.13,start_transient,-1
914,9.14,start_transient,-1
915,9.15,start_transient,-1
916,9.16,start_transient,-1
917,9.17,start_transient,-1
918,9.18,start_transient,-1
919,9.19,start_transient,-1
920,9.2,start_transient,-1
921,9.21,start_transient,-1
922,9.22,start_transient,-1
923,9.23,start_transient,-1
924,9.24,start_transient,-1
925,9.25,start_transient,-1
926,9.26,start_transient,-1
927,9.27,start_transient,-1
928,9.28,start_transient,-1
929,9.29,start_transient,-1
930,9.3,start_transient,-1
931,9.31,start_transient,-1
932,9.32,start_transient,-1
933,9.33,start_transient,-1
934,9.34,start_transient,-1
935,9.35,start_transient,-1
936,9.36,start_transient,-1
937,9.37,start_transient,-1
938,9.38,start_transient,-1
939,9.39,start_transient,-1
940,9.4,start_transient,-1
941,9.41,start_transient,-1
942,9.42,start_transient,-1
943,9.43,start_transient,-1
944,9.44,start_transient,-1
945,9.45,start_transient,-1
946,9.46,start_transient,-1
947,9.47,start_transient,-1
948,9.48,start_transient,-1
949,9.49,start_transient,-1
950,9.5,start_transient,-1
951,9.51,start_transient,-1
952,9.52,start_transient,-1
953,9.53,start_transient,-1
954,9.54,start_transient,-1
955,9.55,start_transient,-1
956,9.56,start_transient,-1
957,9.57,start_transient,-1
958,9.58,start_transient,-1
959,9.59,start_transient,-1
960,9.6,start_transient,-1
961,9.61,start_transient,-1
962,9.62,start_transient,-1
963,9.63,start_transient,-1
964,9.64,start_transient,-1
965,9.65,start_transient,-1
966,9.66,start_transient,-1
967,9.67,start_transient,-1
968,9.68,start_transient,-1
969,9.69,start_transient,-1
970,9.7,start_transient,-1
971,9.71,start_transient,-1
972,9.72,start_transient,-1
973,9.73,start_transient,-1
974,9.74,start_transient,-1
975,9.75,start_transient,-1
976,9.76,start_transient,-1
977,9.77,start_transient,-1
978,9.78,start_transient,-1
979,9.79,start_transient,-1
980,9.8,start_transient,-1
981,9.81,start_transient,-1
982,9.82,start_transient,-1
983,9.83,start_transient,-1
984,9.84,start_transient,-1
985,9.85,start_transient,-1
986,9.86,start_transient,-1
987,9.87,start_transient,-1
988,9.88,start_transient,-1
989,9.89,start_transient,-1
990,9.9,start_transient,-1
991,9.91,start_transient,-1
992,9.92,start_transient,-1
993,9.93,start_transient,-1
994,9.94,start_transient,-1
995,9.95,start_transient,-1
996,9.96,start_transient,-1
997,9.97,start_transient,-1
998,9.98,start_transient,-1
999,9.99,start_transient,-1
1000,10.0,start_transient,-1
1001,10.01,start_transient,-1
1002,10.02,start_transient,-1
1003,10.03,start_transient,-1
1004,10.04,start_transient,-1
1005,10.05,start_transient,-1
1006,10.06,start_transient,-1
1007,10.07,start_transient,-1
1008,10.08,start_transient,-1
1009,10.09,start_transient,-1
1010,10.1,start_transient,-1
1011,10.11,start_transient,-1
1012,10.12,start_transient,-1
1013,10.13,start_transient,-1
1014,10.14,start_transient,-1
1015,10.15,start_transient,-1
1016,10.16,start_transient,-1
1017,10.17,start_transient,-1
1018,10.18,start_transient,-1
1019,10.19,start_transient,-1
1020,10.2,start_transient,-1
1021,10.21,start_transient,-1
1022,10.22,start_transient,-1
1023,10.23,start_transient,-1
1024,10.24,start_transient,-1
1025,10.25,start_transient,-1
1026,10.26,start_transient,-1
1027,10.27,start_transient,-1
1028,10.28,start_transient,-1
1029,10.29,start_transient,-1
1030,10.3,start_transient,-1
1031,10.31,start_transient,-1
1032,10.32,start_transient,-1
1033,10.33,start_transient,-1
1034,10.34,start_transient,-1
1035,10.35,start_transient,-1
1036,10.36,start_transient,-1
1037,10.37,start_transient,-1
1038,10.38,start_transient,-1
1039,10.39,start_transient,-1
1040,10.4,start_transient,-1
1041,10.41,start_transient,-1
1042,10.42,start_transient,-1
1043,10.43,start_transient,-1
1044,10.44,start_transient,-1
1045,10.45,start_transient,-1
1046,10.46,start_transient,-1
1047,10.47,start_transient,-1
1048,10.48,start_transient,-1
1049,10.49,start_transient,-1
1050,10.5,start_transient,-1
1051,10.51,start_transient,-1
1052,10.52,start_transient,-1
1053,10.53,start_transient,-1
1054,10.54,start_transient,-1
1055,10.55,start_transient,-1
1056,10.56,start_transient,-1
1057,10.57,start_transient,-1
1058,10.58,start_transient,-1
1059,10.59,start_transient,-1
1060,10.6,start_transient,-1
1061,10.61,start_transient,-1
1062,10.62,start_transient,-1
1063,10.63,start_transient,-1
1064,10.64,start_transient,-1
1065,10.65,start_transient,-1
1066,10.66,start_transient,-1
1067,10.67,start_transient,-1
1068,10.68,start_transient,-1
1069,10.69,start_transient,-1
1070,10.7,start_transient,-1
1071,10.71,start_transient,-1
1072,10.72,start_transient,-1
1073,10.73,start_transient,-1
1074,10.74,start_transient,-1
1075,10.75,start_transient,-1
1076,10.76,start_transient,-1
1077,10.77,start_transient,-1
1078,10.78,start_transient,-1
1079,10.79,start_transient,-1
1080,10.8,start_transient,-1
1081,10.81,start_transient,-1
1082,10.82,start_transient,-1
1083,10.83,start_transient,-1
1084,10.84,start_transient,-1
1085,10.85,start_transient,-1
1086,10.86,start_transient,-1
1087,10.87,start_transient,-1
1088,10.88,start_transient,-1
1089,10.89,start_transient,-1
1090,10.9,start_transient,-1
1091,10.91,start_transient,-1
1092,10.92,start_transient,-1
1093,10.93,start_transient,-1
1094,10.94,start_transient,-1
1095,10.95,start_transient,-1
1096,10.96,start_transient,-1
1097,10.97,start_transient,-1
1098,10.98,start_transient,-1
1099,10.99,start_transient,-1
1100,11.0,start_transient,-1
1101,11.01,start_transient,-1
1102,11.02,start_transient,-1
1103,11.03,start_transient,-1
1104,11.04,start_transient,-1
1105,11.05,start_transient,-1
1106,11.06,start_transient,-1
1107,11.07,start_transient,-1
1108,11.08,start_transient,-1
1109,11.09,start_transient,-1
1110,11.1,start_transient,-1
1111,11.11,start_transient,-1
1112,11.12,start_transient,-1
1113,11.13,start_transient,-1
1114,11.14,start_transient,-1
1115,11.15,start_transient,-1
1116,11.16,start_transient,-1
1117,11.17,start_transient,-1
1118,11.18,start_transient,-1
1119,11.19,start_transient,-1
1120,11.2,start_transient,-1
1121,11.21,start_transient,-1
1122,11.22,start_transient,-1
1123,11.23,start_transient,-1
1124,11.24,start_transient,-1
1125,11.25,start_transient,-1
1126,11.26,start_transient,-1
1127,11.27,start_transient,-1
1128,11.28,start_transient,-1
1129,11.29,start_transient,-1
1130,11.3,start_transient,-1
1131,11.31,start_transient,-1
1132,11.32,start_transient,-1
1133,11.33,start_transient,-1
1134,11.34,start_transient,-1
1135,11.35,start_transient,-1
1136,11.36,start_transient,-1
1137,11.37,start_transient,-1
1138,11.38,start_transient,-1
1139,11.39,start_transient,-1
1140,11.4,start_transient,-1
1141,11.41,start_transient,-1
1142,11.42,start_transient,-1
1143,11.43,start_transient,-1
1144,11.44,start_transient,-1
1145,11.45,start_transient,-1
1146,11.46,start_transient,-1
1147,11.47,start_transient,-1
1148,11.48,start_transient,-1
1149,11.49,start_transient,-1
1150,11.5,start_transient,-1
1151,11.51,start_transient,-1
1152,11.52,start_transient,-1
1153,11.53,start_transient,-1
1154,11.54,start_transient,-1
1155,11.55,start_transient,-1
1156,11.56,start_transient,-1
1157,11.57,start_transient,-1
1158,11.58,start_transient,-1
1159,11.59,start_transient,-1
1160,11.6,start_transient,-1
1161,11.61,start_transient,-1
1162,11.62,start_transient,-1
1163,11.63,start_transient,-1
1164,11.64,start_transient,-1
1165,11.65,start_transient,-1
1166,11.66,start_transient,-1
1167,11.67,start_transient,-1
1168,11.68,start_transient,-1
1169,11.69,start_transient,-1
1170,11.7,start_transient,-1
1171,11.71,start_transient,-1
1172,11.72,start_transient,-1
1173,11.73,start_transient,-1
1174,11.74,start_transient,-1
1175,11.75,start_transient,-1
1176,11.76,start_transient,-1
1177,11.77,start_transient,-1
1178,11.78,start_transient,-1
1179,11.79,start_transient,-1
1180,11.8,start_transient,-1
1181,11.81,start_transient,-1
1182,11.82,start_transient,-1
1183,11.83,start_transient,-1
1184,11.84,start_transient,-1
1185,11.85,start_transient,-1
1186,11.86,start_transient,-1
1187,11.87,start_transient,-1
1188,11.88,start_transient,-1
1189,11.89,start_transient,-1
1190,11.9,start_transient,-1
1191,11.91,start_transient,-1
1192,11.92,start_transient,-1
1193,11.93,start_transient,-1
1194,11.94,start_transient,-1
1195,11.95,start_transient,-1
1196,11.96,start_transient,-1
1197,11.97,start_transient,-1
1198,11.98,start_transient,-1
1199,11.99,start_transient,-1
1200,12.0,start_transient,-1
1201,12.01,start_transient,-1
1202,12.02,start_transient,-1
1203,12.03,start_transient,-1
1204,12.04,start_transient,-1
1205,12.05,start_transient,-1
1206,12.06,start_transient,-1
1207,12.07,start_transient,-1
1208,12.08,start_transient,-1
1209,12.09,start_transient,-1
1210,12.1,start_transient,-1
1211,12.11,start_transient,-1
1212,12.12,start_transient,-1
1213,12.13,start_transient,-1
1214,12.14,start_transient,-1
1215,12.15,start_transient,-1
1216,12.16,start_transient,-1
1217,12.17,start_transient,-1
1218,12.18,start_transient,-1
1219,12.19,start_transient,-1
1220,12.2,start_transient,-1
1221,12.21,start_transient,-1
1222,12.22,start_transient,-1
1223,12.23,start_transient,-1
1224,12.24,start_transient,-1
1225,12.25,start_transient,-1
1226,12.26,start_transient,-1
1227,12.27,start_transient,-1
1228,12.28,start_transient,-1
1229,12.29,start_transient,-1
1230,12.3,start_transient,-1
1231,12.31,start_transient,-1
1232,12.32,start_transient,-1
1233,12.33,start_transient,-1
1234,12.34,start_transient,-1
1235,12.35,start_transient,-1
1236,12.36,start_transient,-1
1237,12.37,start_transient,-1
1238,12.38,start_transient,-1
1239,12.39,start_transient,-1
1240,12.4,start_transient,-1
1241,12.41,start_transient,-1
1242,12.42,start_transient,-1
1243,12.43,start_transient,-1
1244,12.44,start_transient,-1
1245,12.45,start_transient,-1
1246,12.46,start_transient,-1
1247,12.47,start_transient,-1
1248,12.48,start_transient,-1
1249,12.49,start_transient,-1
1250,12.5,start_transient,-1
1251,12.51,start_transient,-1
1252,12.52,start_transient,-1
1253,12.53,start_transient,-1
1254,12.54,start_transient,-1
1255,12.55,start_transient,-1
1256,12.56,start_transient,-1
1257,12.57,start_transient,-1
1258,12.58,start_transient,-1
1259,12.59,start_transient,-1
1260,12.6,start_transient,-1
1261,12.61,start_transient,-1
1262,12.62,start_transient,-1
1263,12.63,start_transient,-1
1264,12.64,start_transient,-1
1265,12.65,start_transient,-1
1266,12.66,start_transient,-1
1267,12.67,start_transient,-1
1268,12.68,start_transient,-1
1269,12.69,start_transient,-1
1270,12.7,start_transient,-1
1271,12.71,start_transient,-1
1272,12.72,start_transient,-1
1273,12.73,start_transient,-1
1274,12.74,start_transient,-1
1275,12.75,start_transient,-1
1276,12.76,start_transient,-1
1277,12.77,start_transient,-1
1278,12.78,start_transient,-1
1279,12.79,start_transient,-1
1280,12.8,start_transient,-1
1281,12.81,start_transient,-1
1282,12.82,start_transient,-1
1283,12.83,start_transient,-1
1284,12.84,start_transient,-1
1285,12.85,start_transient,-1
1286,12.86,start_transient,-1
1287,12.87,start_transient,-1
1288,12.88,start_transient,-1
1289,12.89,start_transient,-1
1290,12.9,start_transient,-1
1291,12.91,start_transient,-1
1292,12.92,start_transient,-1
1293,12.93,start_transient,-1
1294,12.94,start_transient,-1
1295,12.95,start_transient,-1
1296,12.96,start_transient,-1
1297,12.97,start_transient,-1
1298,12.98,start_transient,-1
1299,12.99,start_transient,-1
1300,13.0,start_transient,-1
1301,13.01,start_transient,-1
1302,13.02,start_transient,-1
1303,13.03,start_transient,-1
1304,13.04,start_transient,-1
1305,13.05,start_transient,-1
1306,13.06,start_transient,-1
1307,13.07,start_transient,-1
1308,13.08,start_transient,-1
1309,13.09,start_transient,-1
1310,13.1,start_transient,-1
1311,13.11,start_transient,-1
1312,13.12,start_transient,-1
1313,13.13,start_transient,-1
1314,13.14,start_transient,-1
1315,13.15,start_transient,-1
1316,13.16,start_transient,-1
1317,13.17,start_transient,-1
1318,13.18,start_transient,-1
1319,13.19,start_transient,-1
1320,13.2,start_transient,-1
1321,13.21,start_transient,-1
1322,13.22,start_transient,-1
1323,13.23,start_transient,-1
1324,13.24,start_transient,-1
1325,13.25,start_transient,-1
1326,13.26,start_transient,-1
1327,13.27,start_transient,-1
1328,13.28,start_transient,-1
1329,13.29,start_transient,-1
1330,13.3,start_transient,-1
1331,13.31,start_transient,-1
1332,13.32,start_transient,-1
1333,13.33,start_transient,-1
1334,13.34,start_transient,-1
1335,13.35,start_transient,-1
1336,13.36,start_transient,-1
1337,13.37,start_transient,-1
1338,13.38,start_transient,-1
1339,13.39,start_transient,-1
1340,13.4,start_transient,-1
1341,13.41,start_transient,-1
1342,13.42,start_transient,-1
1343,13.43,start_transient,-1
1344,13.44,start_transient,-1
1345,13.45,start_transient,-1
1346,13.46,start_transient,-1
1347,13.47,start_transient,-1
1348,13.48,start_transient,-1
1349,13.49,start_transient,-1
1350,13.5,start_transient,-1
1351,13.51,start_transient,-1
1352,13.52,start_transient,-1
1353,13.53,start_transient,-1
1354,13.54,start_transient,-1
1355,13.55,start_transient,-1
1356,13.56,start_transient,-1
1357,13.57,start_transient,-1
1358,13.58,start_transient,-1
1359,13.59,start_transient,-1
1360,13.6,start_transient,-1
1361,13.61,start_transient,-1
1362,13.62,start_transient,-1
1363,13.63,start_transient,-1
1364,13.64,start_transient,-1
1365,13.65,start_transient,-1
1366,13.66,start_transient,-1
1367,13.67,start_transient,-1
1368,13.68,start_transient,-1
1369,13.69,start_transient,-1
1370,13.7,start_transient,-1
1371,13.71,start_transient,-1
1372,13.72,start_transient,-1
1373,13.73,start_transient,-1
1374,13.74,start_transient,-1
1375,13.75,start_transient,-1
1376,13.76,start_transient,-1
1377,13.77,start_transient,-1
1378,13.78,start_transient,-1
1379,13.79,start_transient,-1
1380,13.8,start_transient,-1
1381,13.81,start_transient,-1
1382,13.82,start_transient,-1
1383,13.83,start_transient,-1
1384,13.84,start_transient,-1
1385,13.85,start_transient,-1
1386,13.86,start_transient,-1
1387,13.87,start_transient,-1
1388,13.88,start_transient,-1
1389,13.89,start_transient,-1
1390,13.9,start_transient,-1
1391,13.91,start_transient,-1
1392,13.92,start_transient,-1
1393,13.93,start_transient,-1
1394,13.94,start_transient,-1
1395,13.95,start_transient,-1
1396,13.96,start_transient,-1
1397,13.97,start_transient,-1
1398,13.98,start_transient,-1
1399,13.99,start_transient,-1
1400,14.0,start_transient,-1
1401,14.01,start_transient,-1
1402,14.02,start_transient,-1
1403,14.03,start_transient,-1
1404,14.04,start_transient,-1
1405,14.05,start_transient,-1
1406,14.06,start_transient,-1
1407,14.07,start_transient,-1
1408,14.08,start_transient,-1
1409,14.09,start_transient,-1
1410,14.1,start_transient,-1
1411,14.11,start_transient,-1
1412,14.12,start_transient,-1
1413,14.13,start_transient,-1
1414,14.14,start_transient,-1
1415,14.15,start_transient,-1
1416,14.16,start_transient,-1
1417,14.17,start_transient,-1
1418,14.18,start_transient,-1
1419,14.19,start_transient,-1
1420,14.2,start_transient,-1
1421,14.21,start_transient,-1
1422,14.22,start_transient,-1
1423,14.23,start_transient,-1
1424,14.24,start_transient,-1
1425,14.25,start_transient,-1
1426,14.26,start_transient,-1
1427,14.27,start_transient,-1
1428,14.28,start_transient,-1
1429,14.29,start_transient,-1
1430,14.3,start_transient,-1
1431,14.31,start_transient,-1
1432,14.32,start_transient,-1
1433,14.33,start_transient,-1
1434,14.34,start_transient,-1
1435,14.35,start_transient,-1
1436,14.36,start_transient,-1
1437,14.37,start_transient,-1
1438,14.38,start_transient,-1
1439,14.39,start_transient,-1
1440,14.4,start_transient,-1
1441,14.41,start_transient,-1
1442,14.42,start_transient,-1
1443,14.43,start_transient,-1
1444,14.44,start_transient,-1
1445,14.45,start_transient,-1
1446,14.46,start_transient,-1
1447,14.47,start_transient,-1
1448,14.48,start_transient,-1
1449,14.49,start_transient,-1
1450,14.5,start_transient,-1
1451,14.51,start_transient,-1
1452,14.52,start_transient,-1
1453,14.53,start_transient,-1
1454,14.54,start_transient,-1
1455,14.55,start_transient,-1
1456,14.56,start_transient,-1
1457,14.57,start_transient,-1
1458,14.58,start_transient,-1
1459,14.59,start_transient,-1
1460,14.6,start_transient,-1
1461,14.61,start_transient,-1
1462,14.62,start_transient,-1
1463,14.63,start_transient,-1
1464,14.64,start_transient,-1
1465,14.65,start_transient,-1
1466,14.66,start_transient,-1
1467,14.67,start_transient,-1
1468,14.68,start_transient,-1
1469,14.69,start_transient,-1
1470,14.7,start_transient,-1
1471,14.71,start_transient,-1
1472,14.72,start_transient,-1
1473,14.73,start_transient,-1
1474,14.74,start_transient,-1
1475,14.75,start_transient,-1
1476,14.76,start_transient,-1
1477,14.77,start_transient,-1
1478,14.78,start_transient,-1
1479,14.79,start_transient,-1
1480,14.8,start_transient,-1
1481,14.81,start_transient,-1
1482,14.82,start_transient,-1
1483,14.83,start_transient,-1
1484,14.84,start_transient,-1
1485,14.85,start_transient,-1
1486,14.86,start_transient,-1
1487,14.87,start_transient,-1
1488,14.88,start_transient,-1
1489,14.89,start_transient,-1
1490,14.9,start_transient,-1
1491,14.91,start_transient,-1
1492,14.92,start_transient,-1
1493,14.93,start_transient,-1
1494,14.94,start_transient,-1
1495,14.95,start_transient,-1
1496,14.96,start_transient,-1
1497,14.97,start_transient,-1
1498,14.98,start_transient,-1
1499,14.99,start_transient,-1
1500,15.0,start_transient,-1
1501,15.01,start_transient,-1
1502,15.02,start_transient,-1
1503,15.03,start_transient,-1
1504,15.04,start_transient,-1
1505,15.05,start_transient,-1
1506,15.06,start_transient,-1
1507,15.07,start_transient,-1
1508,15.08,start_transient,-1
1509,15.09,start_transient,-1
1510,15.1,start_transient,-1
1511,15.11,start_transient,-1
1512,15.12,start_transient,-1
1513,15.13,start_transient,-1
1514,15.14,start_transient,-1
1515,15.15,start_transient,-1
1516,15.16,start_transient,-1
1517,15.17,start_transient,-1
1518,15.18,start_transient,-1
1519,15.19,start_transient,-1
1520,15.2,start_transient,-1
1521,15.21,start_transient,-1
1522,15.22,start_transient,-1
1523,15.23,start_transient,-1
1524,15.24,start_transient,-1
1525,15.25,start_transient,-1
1526,15.26,start_transient,-1
1527,15.27,start_transient,-1
1528,15.28,start_transient,-1
1529,15.29,start_transient,-1
1530,15.3,start_transient,-1
1531,15.31,start_transient,-1
1532,15.32,start_transient,-1
1533,15.33,start_transient,-1
1534,15.34,start_transient,-1
1535,15.35,start_transient,-1
1536,15.36,start_transient,-1
1537,15.37,start_transient,-1
1538,15.38,start_transient,-1
1539,15.39,start_transient,-1
1540,15.4,start_transient,-1
1541,15.41,start_transient,-1
1542,15.42,start_transient,-1
1543,15.43,start_transient,-1
1544,15.44,start_transient,-1
1545,15.45,start_transient,-1
1546,15.46,start_transient,-1
1547,15.47,start_transient,-1
1548,15.48,start_transient,-1
1549,15.49,start_transient,-1
1550,15.5,start_transient,-1
1551,15.51,start_transient,-1
1552,15.52,start_transient,-1
1553,15.53,start_transient,-1
1554,15.54,start_transient,-1
1555,15.55,start_transient,-1
1556,15.56,start_transient,-1
1557,15.57,start_transient,-1
1558,15.58,start_transient,-1
1559,15.59,start_transient,-1
1560,15.6,start_transient,-1
1561,15.61,start_transient,-1
1562,15.62,start_transient,-1
1563,15.63,start_transient,-1
1564,15.64,start_transient,-1
1565,15.65,start_transient,-1
1566,15.66,start_transient,-1
1567,15.67,start_transient,-1
1568,15.68,start_transient,-1
1569,15.69,start_transient,-1
1570,15.7,start_transient,-1
1571,15.71,start_transient,-1
1572,15.72,start_transient,-1
1573,15.73,start_transient,-1
1574,15.74,start_transient,-1
1575,15.75,start_transient,-1
1576,15.76,start_transient,-1
1577,15.77,start_transient,-1
1578,15.78,start_transient,-1
1579,15.79,start_transient,-1
1580,15.8,start_transient,-1
1581,15.81,start_transient,-1
1582,15.82,start_transient,-1
1583,15.83,start_transient,-1
1584,15.84,start_transient,-1
1585,15.85,start_transient,-1
1586,15.86,start_transient,-1
1587,15.87,start_transient,-1
1588,15.88,start_transient,-1
1589,15.89,start_transient,-1
1590,15.9,start_transient,-1
1591,15.91,start_transient,-1
1592,15.92,start_transient,-1
1593,15.93,start_transient,-1
1594,15.94,start_transient,-1
1595,15.95,start_transient,-1
1596,15.96,start_transient,-1
1597,15.97,start_transient,-1
1598,15.98,start_transient,-1
1599,15.99,start_transient,-1
1600,16.0,start_transient,-1
1601,16.01,start_transient,-1
1602,16.02,start_transient,-1
1603,16.03,start_transient,-1
1604,16.04,start_transient,-1
1605,16.05,start_transient,-1
1606,16.06,start_transient,-1
1607,16.07,start_transient,-1
1608,16.08,start_transient,-1
1609,16.09,start_transient,-1
1610,16.1,start_transient,-1
1611,16.11,start_transient,-1
1612,16.12,start_transient,-1
1613,16.13,start_transient,-1
1614,16.14,start_transient,-1
1615,16.15,start_transient,-1
1616,16.16,start_transient,-1
1617,16.17,start_transient,-1
1618,16.18,start_transient,-1
1619,16.19,start_transient,-1
1620,16.2,start_transient,-1
1621,16.21,start_transient,-1
1622,16.22,start_transient,-1
1623,16.23,start_transient,-1
1624,16.24,start_transient,-1
1625,16.25,start_transient,-1
1626,16.26,start_transient,-1
1627,16.27,start_transient,-1
1628,16.28,start_transient,-1
1629,16.29,start_transient,-1
1630,16.3,start_transient,-1
1631,16.31,start_transient,-1
1632,16.32,start_transient,-1
1633,16.33,start_transient,-1
1634,16.34,start_transient,-1
1635,16.35,start_transient,-1
1636,16.36,start_transient,-1
1637,16.37,start_transient,-1
1638,16.38,start_transient,-1
1639,16.39,start_transient,-1
1640,16.4,start_transient,-1
1641,16.41,start_transient,-1
1642,16.42,start_transient,-1
1643,16.43,start_transient,-1
1644,16.44,start_transient,-1
1645,16.45,start_transient,-1
1646,16.46,start_transient,-1
1647,16.47,start_transient,-1
1648,16.48,start_transient,-1
1649,16.49,start_transient,-1
1650,16.5,start_transient,-1
1651,16.51,start_transient,-1
1652,16.52,start_transient,-1
1653,16.53,start_transient,-1
1654,16.54,start_transient,-1
1655,16.55,start_transient,-1
1656,16.56,start_transient,-1
1657,16.57,start_transient,-1
1658,16.58,start_transient,-1
1659,16.59,start_transient,-1
1660,16.6,start_transient,-1
1661,16.61,start_transient,-1
1662,16.62,start_transient,-1
1663,16.63,start_transient,-1
1664,16.64,start_transient,-1
1665,16.65,start_transient,-1
1666,16.66,start_transient,-1
1667,16.67,start_transient,-1
1668,16.68,start_transient,-1
1669,16.69,start_transient,-1
1670,16.7,start_transient,-1
1671,16.71,start_transient,-1
1672,16.72,start_transient,-1
1673,16.73,start_transient,-1
1674,16.74,start_transient,-1
1675,16.75,start_transient,-1
1676,16.76,start_transient,-1
1677,16.77,start_transient,-1
1678,16.78,start_transient,-1
1679,16.79,start_transient,-1
1680,16.8,start_transient,-1
1681,16.81,start_transient,-1
1682,16.82,start_transient,-1
1683,16.83,start_transient,-1
1684,16.84,start_transient,-1
1685,16.85,start_transient,-1
1686,16.86,start_transient,-1
1687,16.87,start_transient,-1
1688,16.88,start_transient,-1
1689,16.89,start_transient,-1
1690,16.9,start_transient,-1
1691,16.91,start_transient,-1
1692,16.92,start_transient,-1
1693,16.93,start_transient,-1
1694,16.94,start_transient,-1
1695,16.95,start_transient,-1
1696,16.96,start_transient,-1
1697,16.97,start_transient,-1
1698,16.98,start_transient,-1
1699,16.99,start_transient,-1
1700,17.0,start_transient,-1
1701,17.01,start_transient,-1
1702,17.02,start_transient,-1
1703,17.03,start_transient,-1
1704,17.04,start_transient,-1
1705,17.05,start_transient,-1
1706,17.06,start_transient,-1
1707,17.07,start_transient,-1
1708,17.08,start_transient,-1
1709,17.09,start_transient,-1
1710,17.1,start_transient,-1
1711,17.11,start_transient,-1
1712,17.12,start_transient,-1
1713,17.13,start_transient,-1
1714,17.14,start_transient,-1
1715,17.15,start_transient,-1
1716,17.16,start_transient,-1
1717,17.17,start_transient,-1
1718,17.18,start_transient,-1
1719,17.19,start_transient,-1
1720,17.2,start_transient,-1
1721,17.21,start_transient,-1
1722,17.22,start_transient,-1
1723,17.23,start_transient,-1
1724,17.24,start_transient,-1
1725,17.25,start_transient,-1
1726,17.26,start_transient,-1
1727,17.27,start_transient,-1
1728,17.28,start_transient,-1
1729,17.29,start_transient,-1
1730,17.3,start_transient,-1
1731,17.31,start_transient,-1
1732,17.32,start_transient,-1
1733,17.33,start_transient,-1
1734,17.34,start_transient,-1
1735,17.35,start_transient,-1
1736,17.36,start_transient,-1
1737,17.37,start_transient,-1
1738,17.38,start_transient,-1
1739,17.39,start_transient,-1
1740,17.4,start_transient,-1
1741,17.41,start_transient,-1
1742,17.42,start_transient,-1
1743,17.43,start_transient,-1
1744,17.44,start_transient,-1
1745,17.45,start_transient,-1
1746,17.46,start_transient,-1
1747,17.47,start_transient,-1
1748,17.48,start_transient,-1
1749,17.49,start_transient,-1
1750,17.5,start_transient,-1
1751,17.51,start_transient,-1
1752,17.52,start_transient,-1
1753,17.53,start_transient,-1
1754,17.54,start_transient,-1
1755,17.55,start_transient,-1
1756,17.56,start_transient,-1
1757,17.57,start_transient,-1
1758,17.58,start_transient,-1
1759,17.59,start_transient,-1
1760,17.6,start_transient,-1
1761,17.61,start_transient,-1
1762,17.62,start_transient,-1
1763,17.63,start_transient,-1
1764,17.64,start_transient,-1
1765,17.65,start_transient,-1
1766,17.66,start_transient,-1
1767,17.67,start_transient,-1
1768,17.68,start_transient,-1
1769,17.69,start_transient,-1
1770,17.7,start_transient,-1
1771,17.71,start_transient,-1
1772,17.72,start_transient,-1
1773,17.73,start_transient,-1
1774,17.74,start_transient,-1
1775,17.75,start_transient,-1
1776,17.76,start_transient,-1
1777,17.77,start_transient,-1
1778,17.78,start_transient,-1
1779,17.79,start_transient,-1
1780,17.8,start_transient,-1
1781,17.81,start_transient,-1
1782,17.82,start_transient,-1
1783,17.83,start_transient,-1
1784,17.84,start_transient,-1
1785,17.85,start_transient,-1
1786,17.86,start_transient,-1
1787,17.87,start_transient,-1
1788,17.88,start_transient,-1
1789,17.89,start_transient,-1
1790,17.9,start_transient,-1
1791,17.91,start_transient,-1
1792,17.92,start_transient,-1
1793,17.93,start_transient,-1
1794,17.94,start_transient,-1
1795,17.95,start_transient,-1
1796,17.96,start_transient,-1
1797,17.97,start_transient,-1
1798,17.98,start_transient,-1
1799,17.99,start_transient,-1
1800,18.0,start_transient,-1
1801,18.01,start_transient,-1
1802,18.02,start_transient,-1
1803,18.03,start_transient,-1
1804,18.04,start_transient,-1
1805,18.05,start_transient,-1
1806,18.06,start_transient,-1
1807,18.07,start_transient,-1
1808,18.08,start_transient,-1
1809,18.09,start_transient,-1
1810,18.1,start_transient,-1
1811,18.11,start_transient,-1
1812,18.12,start_transient,-1
1813,18.13,start_transient,-1
1814,18.14,start_transient,-1
1815,18.15,start_transient,-1
1816,18.16,start_transient,-1
1817,18.17,start_transient,-1
1818,18.18,start_transient,-1
1819,18.19,start_transient,-1
1820,18.2,start_transient,-1
1821,18.21,start_transient,-1
1822,18.22,start_transient,-1
1823,18.23,start_transient,-1
1824,18.24,start_transient,-1
1825,18.25,start_transient,-1
1826,18.26,start_transient,-1
1827,18.27,start_transient,-1
1828,18.28,start_transient,-1
1829,18.29,start_transient,-1
1830,18.3,start_transient,-1
1831,18.31,start_transient,-1
1832,18.32,start_transient,-1
1833,18.33,start_transient,-1
1834,18.34,start_transient,-1
1835,18.35,start_transient,-1
1836,18.36,start_transient,-1
1837,18.37,start_transient,-1
1838,18.38,start_transient,-1
1839,18.39,start_transient,-1
1840,18.4,start_transient,-1
1841,18.41,start_transient,-1
1842,18.42,start_transient,-1
1843,18.43,start_transient,-1
1844,18.44,start_transient,-1
1845,18.45,start_transient,-1
1846,18.46,start_transient,-1
1847,18.47,start_transient,-1
1848,18.48,start_transient,-1
1849,18.49,start_transient,-1
1850,18.5,start_transient,-1
1851,18.51,start_transient,-1
1852,18.52,start_transient,-1
1853,18.53,start_transient,-1
1854,18.54,start_transient,-1
1855,18.55,start_transient,-1
1856,18.56,start_transient,-1
1857,18.57,start_transient,-1
1858,18.58,start_transient,-1
1859,18.59,start_transient,-1
1860,18.6,start_transient,-1
1861,18.61,start_transient,-1
1862,18.62,start_transient,-1
1863,18.63,start_transient,-1
1864,18.64,start_transient,-1
1865,18.65,start_transient,-1
1866,18.66,start_transient,-1
1867,18.67,start_transient,-1
1868,18.68,start_transient,-1
1869,18.69,start_transient,-1
1870,18.7,start_transient,-1
1871,18.71,start_transient,-1
1872,18.72,start_transient,-1
1873,18.73,start_transient,-1
1874,18.74,start_transient,-1
1875,18.75,start_transient,-1
1876,18.76,start_transient,-1
1877,18.77,start_transient,-1
1878,18.78,start_transient,-1
1879,18.79,start_transient,-1
1880,18.8,start_transient,-1
1881,18.81,start_transient,-1
1882,18.82,start_transient,-1
1883,18.83,start_transient,-1
1884,18.84,start_transient,-1
1885,18.85,start_transient,-1
1886,18.86,start_transient,-1
1887,18.87,start_transient,-1
1888,18.88,start_transient,-1
1889,18.89,start_transient,-1
1890,18.9,start_transient,-1
1891,18.91,start_transient,-1
1892,18.92,start_transient,-1
1893,18.93,start_transient,-1
1894,18.94,start_transient,-1
1895,18.95,start_transient,-1
1896,18.96,start_transient,-1
1897,18.97,start_transient,-1
1898,18.98,start_transient,-1
1899,18.99,start_transient,-1
1900,19.0,start_transient,-1
1901,19.01,start_transient,-1
1902,19.02,start_transient,-1
1903,19.03,start_transient,-1
1904,19.04,start_transient,-1
1905,19.05,start_transient,-1
1906,19.06,start_transient,-1
1907,19.07,start_transient,-1
1908,19.08,start_transient,-1
1909,19.09,start_transient,-1
1910,19.1,start_transient,-1
1911,19.11,start_transient,-1
1912,19.12,start_transient,-1
1913,19.13,start_transient,-1
1914,19.14,start_transient,-1
1915,19.15,start_transient,-1
1916,19.16,start_transient,-1
1917,19.17,start_transient,-1
1918,19.18,start_transient,-1
1919,19.19,start_transient,-1
1920,19.2,start_transient,-1
1921,19.21,start_transient,-1
1922,19.22,start_transient,-1
1923,19.23,start_transient,-1
1924,19.24,start_transient,-1
1925,19.25,start_transient,-1
1926,19.26,start_transient,-1
1927,19.27,start_transient,-1
1928,19.28,start_transient,-1
1929,19.29,start_transient,-1
1930,19.3,start_transient,-1
1931,19.31,start_transient,-1
1932,19.32,start_transient,-1
1933,19.33,start_transient,-1
1934,19.34,start_transient,-1
1935,19.35,start_transient,-1
1936,19.36,start_transient,-1
1937,19.37,start_transient,-1
1938,19.38,start_transient,-1
1939,19.39,start_transient,-1
1940,19.4,start_transient,-1
1941,19.41,start_transient,-1
1942,19.42,start_transient,-1
1943,19.43,start_transient,-1
1944,19.44,start_transient,-1
1945,19.45,start_transient,-1
1946,19.46,start_transient,-1
1947,19.47,start_transient,-1
1948,19.48,start_transient,-1
1949,19.49,start_transient,-1
1950,19.5,start_transient,-1
1951,19.51,start_transient,-1
1952,19.52,start_transient,-1
1953,19.53,start_transient,-1
1954,19.54,start_transient,-1
1955,19.55,start_transient,-1
1956,19.56,start_transient,-1
1957,19.57,start_transient,-1
1958,19.58,start_transient,-1
1959,19.59,start_transient,-1
1960,19.6,start_transient,-1
1961,19.61,start_transient,-1
1962,19.62,start_transient,-1
1963,19.63,start_transient,-1
1964,19.64,start_transient,-1
1965,19.65,start_transient,-1
1966,19.66,start_transient,-1
1967,19.67,start_transient,-1
1968,19.68,start_transient,-1
1969,19.69,start_transient,-1
1970,19.7,start_transient,-1
1971,19.71,start_transient,-1
1972,19.72,start_transient,-1
1973,19.73,start_transient,-1
1974,19.74,start_transient,-1
1975,19.75,start_transient,-1
1976,19.76,start_transient,-1
1977,19.77,start_transient,-1
1978,19.78,start_transient,-1
1979,19.79,start_transient,-1
1980,19.8,start_transient,-1
1981,19.81,start_transient,-1
1982,19.82,start_transient,-1
1983,19.83,start_transient,-1
1984,19.84,start_transient,-1
1985,19.85,start_transient,-1
1986,19.86,start_transient,-1
1987,19.87,start_transient,-1
1988,19.88,start_transient,-1
1989,19.89,start_transient,-1
1990,19.9,start_transient,-1
1991,19.91,start_transient,-1
1992,19.92,start_transient,-1
1993,19.93,start_transient,-1
1994,19.94,start_transient,-1
1995,19.95,start_transient,-1
1996,19.96,start_transient,-1
1997,19.97,start_transient,-1
1998,19.98,start_transient,-1
1999,19.99,start_transient,-1
2000,20.0,start_transient,-1
2001,20.01,start_transient,-1
2002,20.02,start_transient,-1
2003,20.03,start_transient,-1
2004,20.04,start_transient,-1
2005,20.05,start_transient,-1
2006,20.06,start_transient,-1
2007,20.07,start_transient,-1
2008,20.08,start_transient,-1
2009,20.09,start_transient,-1
2010,20.1,start_transient,-1
2011,20.11,start_transient,-1
2012,20.12,start_transient,-1
2013,20.13,start_transient,-1
2014,20.14,start_transient,-1
2015,20.15,start_transient,-1
2016,20.16,start_transient,-1
2017,20.17,start_transient,-1
2018,20.18,start_transient,-1
2019,20.19,start_transient,-1
2020,20.2,start_transient,-1
2021,20.21,start_transient,-1
2022,20.22,start_transient,-1
2023,20.23,start_transient,-1
2024,20.24,start_transient,-1
2025,20.25,start_transient,-1
2026,20.26,start_transient,-1
2027,20.27,start_transient,-1
2028,20.28,start_transient,-1
2029,20.29,start_transient,-1
2030,20.3,start_transient,-1
2031,20.31,start_transient,-1
2032,20.32,start_transient,-1
2033,20.33,start_transient,-1
2034,20.34,start_transient,-1
2035,20.35,start_transient,-1
2036,20.36,start_transient,-1
2037,20.37,start_transient,-1
2038,20.38,start_transient,-1
2039,20.39,start_transient,-1
2040,20.4,start_transient,-1
2041,20.41,start_transient,-1
2042,20.42,start_transient,-1
2043,20.43,start_transient,-1
2044,20.44,start_transient,-1
2045,20.45,start_transient,-1
2046,20.46,start_transient,-1
2047,20.47,start_transient,-1
2048,20.48,start_transient,-1
2049,20.49,start_transient,-1
2050,20.5,start_transient,-1
2051,20.51,start_transient,-1
2052,20.52,start_transient,-1
2053,20.53,start_transient,-1
2054,20.54,start_transient,-1
2055,20.55,start_transient,-1
2056,20.56,start_transient,-1
2057,20.57,start_transient,-1
2058,20.58,start_transient,-1
2059,20.59,start_transient,-1
2060,20.6,start_transient,-1
2061,20.61,start_transient,-1
2062,20.62,start_transient,-1
2063,20.63,start_transient,-1
2064,20.64,start_transient,-1
2065,20.65,start_transient,-1
2066,20.66,start_transient,-1
2067,20.67,start_transient,-1
2068,20.68,start_transient,-1
2069,20.69,start_transient,-1
2070,20.7,start_transient,-1
2071,20.71,start_transient,-1
2072,20.72,start_transient,-1
2073,20.73,start_transient,-1
2074,20.74,start_transient,-1
2075,20.75,start_transient,-1
2076,20.76,start_transient,-1
2077,20.77,start_transient,-1
2078,20.78,start_transient,-1
2079,20.79,start_transient,-1
2080,20.8,start_transient,-1
2081,20.81,start_transient,-1
2082,20.82,start_transient,-1
2083,20.83,start_transient,-1
2084,20.84,start_transient,-1
2085,20.85,start_transient,-1
2086,20.86,start_transient,-1
2087,20.87,start_transient,-1
2088,20.88,start_transient,-1
2089,20.89,start_transient,-1
2090,20.9,start_transient,-1
2091,20.91,start_transient,-1
2092,20.92,start_transient,-1
2093,20.93,start_transient,-1
2094,20.94,start_transient,-1
2095,20.95,start_transient,-1
2096,20.96,start_transient,-1
2097,20.97,start_transient,-1
2098,20.98,start_transient,-1
2099,20.99,start_transient,-1
2100,21.0,start_transient,-1
2101,21.01,start_transient,-1
2102,21.02,start_transient,-1
2103,21.03,start_transient,-1
2104,21.04,start_transient,-1
2105,21.05,start_transient,-1
2106,21.06,start_transient,-1
2107,21.07,start_transient,-1
2108,21.08,start_transient,-1
2109,21.09,start_transient,-1
2110,21.1,start_transient,-1
2111,21.11,start_transient,-1
2112,21.12,start_transient,-1
2113,21.13,start_transient,-1
2114,21.14,start_transient,-1
2115,21.15,start_transient,-1
2116,21.16,start_transient,-1
2117,21.17,start_transient,-1
2118,21.18,start_transient,-1
2119,21.19,start_transient,-1
2120,21.2,start_transient,-1
2121,21.21,start_transient,-1
2122,21.22,start_transient,-1
2123,21.23,start_transient,-1
2124,21.24,start_transient,-1
2125,21.25,start_transient,-1
2126,21.26,start_transient,-1
2127,21.27,start_transient,-1
2128,21.28,start_transient,-1
2129,21.29,start_transient,-1
2130,21.3,start_transient,-1
2131,21.31,start_transient,-1
2132,21.32,start_transient,-1
2133,21.33,start_transient,-1
2134,21.34,start_transient,-1
2135,21.35,start_transient,-1
2136,21.36,start_transient,-1
2137,21.37,start_transient,-1
2138,21.38,start_transient,-1
2139,21.39,start_transient,-1
2140,21.4,start_transient,-1
2141,21.41,start_transient,-1
2142,21.42,start_transient,-1
2143,21.43,start_transient,-1
2144,21.44,start_transient,-1
2145,21.45,start_transient,-1
2146,21.46,start_transient,-1
2147,21.47,start_transient,-1
2148,21.48,start_transient,-1
2149,21.49,start_transient,-1
2150,21.5,start_transient,-1
2151,21.51,start_transient,-1
2152,21.52,start_transient,-1
2153,21.53,start_transient,-1
2154,21.54,start_transient,-1
2155,21.55,start_transient,-1
2156,21.56,start_transient,-1
2157,21.57,start_transient,-1
2158,21.58,start_transient,-1
2159,21.59,start_transient,-1
2160,21.6,start_transient,-1
2161,21.61,start_transient,-1
2162,21.62,start_transient,-1
2163,21.63,start_transient,-1
2164,21.64,start_transient,-1
2165,21.65,start_transient,-1
2166,21.66,start_transient,-1
2167,21.67,start_transient,-1
2168,21.68,start_transient,-1
2169,21.69,start_transient,-1
2170,21.7,start_transient,-1
2171,21.71,start_transient,-1
2172,21.72,start_transient,-1
2173,21.73,start_transient,-1
2174,21.74,start_transient,-1
2175,21.75,start_transient,-1
2176,21.76,start_transient,-1
2177,21.77,start_transient,-1
2178,21.78,start_transient,-1
2179,21.79,start_transient,-1
2180,21.8,start_transient,-1
2181,21.81,start_transient,-1
2182,21.82,start_transient,-1
2183,21.83,start_transient,-1
2184,21.84,start_transient,-1
2185,21.85,start_transient,-1
2186,21.86,start_transient,-1
2187,21.87,start_transient,-1
2188,21.88,start_transient,-1
2189,21.89,start_transient,-1
2190,21.9,start_transient,-1
2191,21.91,start_transient,-1
2192,21.92,start_transient,-1
2193,21.93,start_transient,-1
2194,21.94,start_transient,-1
2195,21.95,start_transient,-1
2196,21.96,start_transient,-1
2197,21.97,start_transient,-1
2198,21.98,start_transient,-1
2199,21.99,start_transient,-1
2200,22.0,start_transient,-1
2201,22.01,start_transient,-1
2202,22.02,start_transient,-1
2203,22.03,start_transient,-1
2204,22.04,start_transient,-1
2205,22.05,start_transient,-1
2206,22.06,start_transient,-1
2207,22.07,start_transient,-1
2208,22.08,start_transient,-1
2209,22.09,start_transient,-1
2210,22.1,start_transient,-1
2211,22.11,start_transient,-1
2212,22.12,start_transient,-1
2213,22.13,start_transient,-1
2214,22.14,start_transient,-1
2215,22.15,start_transient,-1
2216,22.16,start_transient,-1
2217,22.17,start_transient,-1
2218,22.18,start_transient,-1
2219,22.19,start_transient,-1
2220,22.2,start_transient,-1
2221,22.21,start_transient,-1
2222,22.22,start_transient,-1
2223,22.23,start_transient,-1
2224,22.24,start_transient,-1
2225,22.25,start_transient,-1
2226,22.26,start_transient,-1
2227,22.27,start_transient,-1
2228,22.28,start_transient,-1
2229,22.29,start_transient,-1
2230,22.3,start_transient,-1
2231,22.31,start_transient,-1
2232,22.32,start_transient,-1
2233,22.33,start_transient,-1
2234,22.34,start_transient,-1
2235,22.35,start_transient,-1
2236,22.36,start_transient,-1
2237,22.37,start_transient,-1
2238,22.38,start_transient,-1
2239,22.39,start_transient,-1
2240,22.4,start_transient,-1
2241,22.41,start_transient,-1
2242,22.42,start_transient,-1
2243,22.43,start_transient,-1
2244,22.44,start_transient,-1
2245,22.45,start_transient,-1
2246,22.46,start_transient,-1
2247,22.47,start_transient,-1
2248,22.48,start_transient,-1
2249,22.49,start_transient,-1
2250,22.5,start_transient,-1
2251,22.51,start_transient,-1
2252,22.52,start_transient,-1
2253,22.53,start_transient,-1
2254,22.54,start_transient,-1
2255,22.55,start_transient,-1
2256,22.56,start_transient,-1
2257,22.57,start_transient,-1
2258,22.58,start_transient,-1
2259,22.59,start_transient,-1
2260,22.6,start_transient,-1
2261,22.61,start_transient,-1
2262,22.62,start_transient,-1
2263,22.63,start_transient,-1
2264,22.64,start_transient,-1
2265,22.65,start_transient,-1
2266,22.66,start_transient,-1
2267,22.67,start_transient,-1
2268,22.68,start_transient,-1
2269,22.69,start_transient,-1
2270,22.7,start_transient,-1
2271,22.71,start_transient,-1
2272,22.72,start_transient,-1
2273,22.73,start_transient,-1
2274,22.74,start_transient,-1
2275,22.75,start_transient,-1
2276,22.76,start_transient,-1
2277,22.77,start_transient,-1
2278,22.78,start_transient,-1
2279,22.79,start_transient,-1
2280,22.8,start_transient,-1
2281,22.81,start_transient,-1
2282,22.82,start_transient,-1
2283,22.83,start_transient,-1
2284,22.84,start_transient,-1
2285,22.85,start_transient,-1
2286,22.86,start_transient,-1
2287,22.87,start_transient,-1
2288,22.88,start_transient,-1
2289,22.89,start_transient,-1
2290,22.9,start_transient,-1
2291,22.91,start_transient,-1
2292,22.92,start_transient,-1
2293,22.93,start_transient,-1
2294,22.94,start_transient,-1
2295,22.95,start_transient,-1
2296,22.96,start_transient,-1
2297,22.97,start_transient,-1
2298,22.98,start_transient,-1
2299,22.99,start_transient,-1
2300,23.0,start_transient,-1
2301,23.01,start_transient,-1
2302,23.02,start_transient,-1
2303,23.03,start_transient,-1
2304,23.04,start_transient,-1
2305,23.05,start_transient,-1
2306,23.06,start_transient,-1
2307,23.07,start_transient,-1
2308,23.08,start_transient,-1
2309,23.09,start_transient,-1
2310,23.1,start_transient,-1
2311,23.11,start_transient,-1
2312,23.12,start_transient,-1
2313,23.13,start_transient,-1
2314,23.14,start_transient,-1
2315,23.15,start_transient,-1
2316,23.16,start_transient,-1
2317,23.17,start_transient,-1
2318,23.18,start_transient,-1
2319,23.19,start_transient,-1
2320,23.2,start_transient,-1
2321,23.21,start_transient,-1
2322,23.22,start_transient,-1
2323,23.23,start_transient,-1
2324,23.24,start_transient,-1
2325,23.25,start_transient,-1
2326,23.26,start_transient,-1
2327,23.27,start_transient,-1
2328,23.28,start_transient,-1
2329,23.29,start_transient,-1
2330,23.3,start_transient,-1
2331,23.31,start_transient,-1
2332,23.32,start_transient,-1
2333,23.33,start_transient,-1
2334,23.34,start_transient,-1
2335,23.35,start_transient,-1
2336,23.36,start_transient,-1
2337,23.37,start_transient,-1
2338,23.38,start_transient,-1
2339,23.39,start_transient,-1
2340,23.4,start_transient,-1
2341,23.41,start_transient,-1
2342,23.42,start_transient,-1
2343,23.43,start_transient,-1
2344,23.44,start_transient,-1
2345,23.45,start_transient,-1
2346,23.46,start_transient,-1
2347,23.47,start_transient,-1
2348,23.48,start_transient,-1
2349,23.49,start_transient,-1
2350,23.5,start_transient,-1
2351,23.51,start_transient,-1
2352,23.52,start_transient,-1
2353,23.53,start_transient,-1
2354,23.54,start_transient,-1
2355,23.55,start_transient,-1
2356,23.56,start_transient,-1
2357,23.57,start_transient,-1
2358,23.58,start_transient,-1
2359,23.59,start_transient,-1
2360,23.6,start_transient,-1
2361,23.61,start_transient,-1
2362,23.62,start_transient,-1
2363,23.63,start_transient,-1
2364,23.64,start_transient,-1
2365,23.65,start_transient,-1
2366,23.66,start_transient,-1
2367,23.67,start_transient,-1
2368,23.68,start_transient,-1
2369,23.69,start_transient,-1
2370,23.7,start_transient,-1
2371,23.71,start_transient,-1
2372,23.72,start_transient,-1
2373,23.73,start_transient,-1
2374,23.74,start_transient,-1
2375,23.75,start_transient,-1
2376,23.76,start_transient,-1
2377,23.77,start_transient,-1
2378,23.78,start_transient,-1
2379,23.79,start_transient,-1
2380,23.8,start_transient,-1
2381,23.81,start_transient,-1
2382,23.82,start_transient,-1
2383,23.83,start_transient,-1
2384,23.84,start_transient,-1
2385,23.85,start_transient,-1
2386,23.86,start_transient,-1
2387,23.87,start_transient,-1
2388,23.88,start_transient,-1
2389,23.89,start_transient,-1
2390,23.9,start_transient,-1
2391,23.91,start_transient,-1
2392,23.92,start_transient,-1
2393,23.93,start_transient,-1
2394,23.94,start_transient,-1
2395,23.95,start_transient,-1
2396,23.96,start_transient,-1
2397,23.97,start_transient,-1
2398,23.98,start_transient,-1
2399,23.99,start_transient,-1
2400,24.0,start_transient,-1
2401,24.01,start_transient,-1
2402,24.02,start_transient,-1
2403,24.03,start_transient,-1
2404,24.04,start_transient,-1
2405,24.05,start_transient,-1
2406,24.06,start_transient,-1
2407,24.07,start_transient,-1
2408,24.08,start_transient,-1
2409,24.09,start_transient,-1
2410,24.1,start_transient,-1
2411,24.11,start_transient,-1
2412,24.12,start_transient,-1
2413,24.13,start_transient,-1
2414,24.14,start_transient,-1
2415,24.15,start_transient,-1
2416,24.16,start_transient,-1
2417,24.17,start_transient,-1
2418,24.18,start_transient,-1
2419,24.19,start_transient,-1
2420,24.2,start_transient,-1
2421,24.21,start_transient,-1
2422,24.22,start_transient,-1
2423,24.23,start_transient,-1
2424,24.24,start_transient,-1
2425,24.25,start_transient,-1
2426,24.26,start_transient,-1
2427,24.27,start_transient,-1
2428,24.28,start_transient,-1
2429,24.29,start_transient,-1
2430,24.3,start_transient,-1
2431,24.31,start_transient,-1
2432,24.32,start_transient,-1
2433,24.33,start_transient,-1
2434,24.34,start_transient,-1
2435,24.35,start_transient,-1
2436,24.36,start_transient,-1
2437,24.37,start_transient,-1
2438,24.38,start_transient,-1
2439,24.39,start_transient,-1
2440,24.4,start_transient,-1
2441,24.41,start_transient,-1
2442,24.42,start_transient,-1
2443,24.43,start_transient,-1
2444,24.44,start_transient,-1
2445,24.45,start_transient,-1
2446,24.46,start_transient,-1
2447,24.47,start_transient,-1
2448,24.48,start_transient,-1
2449,24.49,start_transient,-1
2450,24.5,start_transient,-1
2451,24.51,start_transient,-1
2452,24.52,start_transient,-1
2453,24.53,start_transient,-1
2454,24.54,start_transient,-1
2455,24.55,start_transient,-1
2456,24.56,start_transient,-1
2457,24.57,start_transient,-1
2458,24.58,start_transient,-1
2459,24.59,start_transient,-1
2460,24.6,start_transient,-1
2461,24.61,start_transient,-1
2462,24.62,start_transient,-1
2463,24.63,start_transient,-1
2464,24.64,start_transient,-1
2465,24.65,start_transient,-1
2466,24.66,start_transient,-1
2467,24.67,start_transient,-1
2468,24.68,start_transient,-1
2469,24.69,start_transient,-1
2470,24.7,start_transient,-1
2471,24.71,start_transient,-1
2472,24.72,start_transient,-1
2473,24.73,start_transient,-1
2474,24.74,start_transient,-1
2475,24.75,start_transient,-1
2476,24.76,start_transient,-1
2477,24.77,start_transient,-1
2478,24.78,start_transient,-1
2479,24.79,start_transient,-1
2480,24.8,start_transient,-1
2481,24.81,start_transient,-1
2482,24.82,start_transient,-1
2483,24.83,start_transient,-1
2484,24.84,start_transient,-1
2485,24.85,start_transient,-1
2486,24.86,start_transient,-1
2487,24.87,start_transient,-1
2488,24.88,start_transient,-1
2489,24.89,start_transient,-1
2490,24.9,start_transient,-1
2491,24.91,start_transient,-1
2492,24.92,start_transient,-1
2493,24.93,start_transient,-1
2494,24.94,start_transient,-1
2495,24.95,start_transient,-1
2496,24.96,start_transient,-1
2497,24.97,start_transient,-1
2498,24.98,start_transient,-1
2499,24.99,start_transient,-1
2500,25.0,start_transient,-1
2501,25.01,start_transient,-1
2502,25.02,start_transient,-1
2503,25.03,start_transient,-1
2504,25.04,start_transient,-1
2505,25.05,start_transient,-1
2506,25.06,start_transient,-1
2507,25.07,start_transient,-1
2508,25.08,start_transient,-1
2509,25.09,start_transient,-1
2510,25.1,start_transient,-1
2511,25.11,start_transient,-1
2512,25.12,start_transient,-1
2513,25.13,start_transient,-1
2514,25.14,start_transient,-1
2515,25.15,start_transient,-1
2516,25.16,start_transient,-1
2517,25.17,start_transient,-1
2518,25.18,start_transient,-1
2519,25.19,start_transient,-1
2520,25.2,start_transient,-1
2521,25.21,start_transient,-1
2522,25.22,start_transient,-1
2523,25.23,start_transient,-1
2524,25.24,start_transient,-1
2525,25.25,start_transient,-1
2526,25.26,start_transient,-1
2527,25.27,start_transient,-1
2528,25.28,start_transient,-1
2529,25.29,start_transient,-1
2530,25.3,start_transient,-1
2531,25.31,start_transient,-1
2532,25.32,start_transient,-1
2533,25.33,start_transient,-1
2534,25.34,start_transient,-1
2535,25.35,start_transient,-1
2536,25.36,start_transient,-1
2537,25.37,start_transient,-1
2538,25.38,start_transient,-1
2539,25.39,start_transient,-1
2540,25.4,start_transient,-1
2541,25.41,start_transient,-1
2542,25.42,start_transient,-1
2543,25.43,start_transient,-1
2544,25.44,start_transient,-1
2545,25.45,start_transient,-1
2546,25.46,start_transient,-1
2547,25.47,start_transient,-1
2548,25.48,start_transient,-1
2549,25.49,start_transient,-1
2550,25.5,start_transient,-1
2551,25.51,start_transient,-1
2552,25.52,start_transient,-1
2553,25.53,start_transient,-1
2554,25.54,start_transient,-1
2555,25.55,start_transient,-1
2556,25.56,start_transient,-1
2557,25.57,start_transient,-1
2558,25.58,start_transient,-1
2559,25.59,start_transient,-1
2560,25.6,start_transient,-1
2561,25.61,start_transient,-1
2562,25.62,start_transient,-1
2563,25.63,start_transient,-1
2564,25.64,start_transient,-1
2565,25.65,start_transient,-1
2566,25.66,start_transient,-1
2567,25.67,start_transient,-1
2568,25.68,start_transient,-1
2569,25.69,start_transient,-1
2570,25.7,start_transient,-1
2571,25.71,start_transient,-1
2572,25.72,start_transient,-1
2573,25.73,start_transient,-1
2574,25.74,start_transient,-1
2575,25.75,start_transient,-1
2576,25.76,start_transient,-1
2577,25.77,start_transient,-1
2578,25.78,start_transient,-1
2579,25.79,start_transient,-1
2580,25.8,start_transient,-1
2581,25.81,start_transient,-1
2582,25.82,start_transient,-1
2583,25.83,start_transient,-1
2584,25.84,start_transient,-1
2585,25.85,start_transient,-1
2586,25.86,start_transient,-1
2587,25.87,start_transient,-1
2588,25.88,start_transient,-1
2589,25.89,start_transient,-1
2590,25.9,start_transient,-1
2591,25.91,start_transient,-1
2592,25.92,start_transient,-1
2593,25.93,start_transient,-1
2594,25.94,start_transient,-1
2595,25.95,start_transient,-1
2596,25.96,start_transient,-1
2597,25.97,start_transient,-1
2598,25.98,start_transient,-1
2599,25.99,start_transient,-1
2600,26.0,start_transient,-1
2601,26.01,start_transient,-1
2602,26.02,start_transient,-1
2603,26.03,start_transient,-1
2604,26.04,start_transient,-1
2605,26.05,start_transient,-1
2606,26.06,start_transient,-1
2607,26.07,start_transient,-1
2608,26.08,start_transient,-1
2609,26.09,start_transient,-1
2610,26.1,start_transient,-1
2611,26.11,start_transient,-1
2612,26.12,start_transient,-1
2613,26.13,start_transient,-1
2614,26.14,start_transient,-1
2615,26.15,start_transient,-1
2616,26.16,start_transient,-1
2617,26.17,start_transient,-1
2618,26.18,start_transient,-1
2619,26.19,start_transient,-1
2620,26.2,start_transient,-1
2621,26.21,start_transient,-1
2622,26.22,start_transient,-1
2623,26.23,start_transient,-1
2624,26.24,start_transient,-1
2625,26.25,start_transient,-1
2626,26.26,start_transient,-1
2627,26.27,start_transient,-1
2628,26.28,start_transient,-1
2629,26.29,start_transient,-1
2630,26.3,start_transient,-1
2631,26.31,start_transient,-1
2632,26.32,start_transient,-1
2633,26.33,start_transient,-1
2634,26.34,start_transient,-1
2635,26.35,start_transient,-1
2636,26.36,start_transient,-1
2637,26.37,start_transient,-1
2638,26.38,start_transient,-1
2639,26.39,start_transient,-1
2640,26.4,start_transient,-1
2641,26.41,start_transient,-1
2642,26.42,start_transient,-1
2643,26.43,start_transient,-1
2644,26.44,start_transient,-1
2645,26.45,start_transient,-1
2646,26.46,start_transient,-1
2647,26.47,start_transient,-1
2648,26.48,start_transient,-1
2649,26.49,start_transient,-1
2650,26.5,start_transient,-1
2651,26.51,start_transient,-1
2652,26.52,start_transient,-1
2653,26.53,start_transient,-1
2654,26.54,start_transient,-1
2655,26.55,start_transient,-1
2656,26.56,start_transient,-1
2657,26.57,start_transient,-1
2658,26.58,start_transient,-1
2659,26.59,start_transient,-1
2660,26.6,start_transient,-1
2661,26.61,start_transient,-1
2662,26.62,start_transient,-1
2663,26.63,start_transient,-1
2664,26.64,start_transient,-1
2665,26.65,start_transient,-1
2666,26.66,start_transient,-1
2667,26.67,start_transient,-1
2668,26.68,start_transient,-1
2669,26.69,start_transient,-1
2670,26.7,start_transient,-1
2671,26.71,start_transient,-1
2672,26.72,start_transient,-1
2673,26.73,start_transient,-1
2674,26.74,start_transient,-1
2675,26.75,start_transient,-1
2676,26.76,start_transient,-1
2677,26.77,start_transient,-1
2678,26.78,start_transient,-1
2679,26.79,start_transient,-1
2680,26.8,start_transient,-1
2681,26.81,start_transient,-1
2682,26.82,start_transient,-1
2683,26.83,start_transient,-1
2684,26.84,start_transient,-1
2685,26.85,start_transient,-1
2686,26.86,start_transient,-1
2687,26.87,start_transient,-1
2688,26.88,start_transient,-1
2689,26.89,start_transient,-1
2690,26.9,start_transient,-1
2691,26.91,start_transient,-1
2692,26.92,start_transient,-1
2693,26.93,start_transient,-1
2694,26.94,start_transient,-1
2695,26.95,start_transient,-1
2696,26.96,start_transient,-1
2697,26.97,start_transient,-1
2698,26.98,start_transient,-1
2699,26.99,start_transient,-1
2700,27.0,start_transient,-1
2701,27.01,start_transient,-1
2702,27.02,start_transient,-1
2703,27.03,start_transient,-1
2704,27.04,start_transient,-1
2705,27.05,start_transient,-1
2706,27.06,start_transient,-1
2707,27.07,start_transient,-1
2708,27.08,start_transient,-1
2709,27.09,start_transient,-1
2710,27.1,start_transient,-1
2711,27.11,start_transient,-1
2712,27.12,start_transient,-1
2713,27.13,start_transient,-1
2714,27.14,start_transient,-1
2715,27.15,start_transient,-1
2716,27.16,start_transient,-1
2717,27.17,start_transient,-1
2718,27.18,start_transient,-1
2719,27.19,start_transient,-1
2720,27.2,start_transient,-1
2721,27.21,start_transient,-1
2722,27.22,start_transient,-1
2723,27.23,start_transient,-1
2724,27.24,start_transient,-1
2725,27.25,start_transient,-1
2726,27.26,start_transient,-1
2727,27.27,start_transient,-1
2728,27.28,start_transient,-1
2729,27.29,start_transient,-1
2730,27.3,start_transient,-1
2731,27.31,start_transient,-1
2732,27.32,start_transient,-1
2733,27.33,start_transient,-1
2734,27.34,start_transient,-1
2735,27.35,start_transient,-1
2736,27.36,start_transient,-1
2737,27.37,start_transient,-1
2738,27.38,start_transient,-1
2739,27.39,start_transient,-1
2740,27.4,start_transient,-1
2741,27.41,start_transient,-1
2742,27.42,start_transient,-1
2743,27.43,start_transient,-1
2744,27.44,start_transient,-1
2745,27.45,start_transient,-1
2746,27.46,start_transient,-1
2747,27.47,start_transient,-1
2748,27.48,start_transient,-1
2749,27.49,start_transient,-1
2750,27.5,start_transient,-1
2751,27.51,start_transient,-1
2752,27.52,start_transient,-1
2753,27.53,start_transient,-1
2754,27.54,start_transient,-1
2755,27.55,start_transient,-1
2756,27.56,start_transient,-1
2757,27.57,start_transient,-1
2758,27.58,start_transient,-1
2759,27.59,start_transient,-1
2760,27.6,start_transient,-1
2761,27.61,start_transient,-1
2762,27.62,start_transient,-1
2763,27.63,start_transient,-1
2764,27.64,start_transient,-1
2765,27.65,start_transient,-1
2766,27.66,start_transient,-1
2767,27.67,start_transient,-1
2768,27.68,start_transient,-1
2769,27.69,start_transient,-1
2770,27.7,start_transient,-1
2771,27.71,start_transient,-1
2772,27.72,start_transient,-1
2773,27.73,start_transient,-1
2774,27.74,start_transient,-1
2775,27.75,start_transient,-1
2776,27.76,start_transient,-1
2777,27.77,start_transient,-1
2778,27.78,start_transient,-1
2779,27.79,start_transient,-1
2780,27.8,start_transient,-1
2781,27.81,start_transient,-1
2782,27.82,start_transient,-1
2783,27.83,start_transient,-1
2784,27.84,start_transient,-1
2785,27.85,start_transient,-1
2786,27.86,start_transient,-1
2787,27.87,start_transient,-1
2788,27.88,start_transient,-1
2789,27.89,start_transient,-1
2790,27.9,start_transient,-1
2791,27.91,start_transient,-1
2792,27.92,start_transient,-1
2793,27.93,start_transient,-1
2794,27.94,start_transient,-1
2795,27.95,start_transient,-1
2796,27.96,start_transient,-1
2797,27.97,start_transient,-1
2798,27.98,start_transient,-1
2799,27.99,start_transient,-1
2800,28.0,start_transient,-1
2801,28.01,start_transient,-1
2802,28.02,start_transient,-1
2803,28.03,start_transient,-1
2804,28.04,start_transient,-1
2805,28.05,start_transient,-1
2806,28.06,start_transient,-1
2807,28.07,start_transient,-1
2808,28.08,start_transient,-1
2809,28.09,start_transient,-1
2810,28.1,start_transient,-1
2811,28.11,start_transient,-1
2812,28.12,start_transient,-1
2813,28.13,start_transient,-1
2814,28.14,start_transient,-1
2815,28.15,start_transient,-1
2816,28.16,start_transient,-1
2817,28.17,start_transient,-1
2818,28.18,start_transient,-1
2819,28.19,start_transient,-1
2820,28.2,start_transient,-1
2821,28.21,start_transient,-1
2822,28.22,start_transient,-1
2823,28.23,start_transient,-1
2824,28.24,start_transient,-1
2825,28.25,start_transient,-1
2826,28.26,start_transient,-1
2827,28.27,start_transient,-1
2828,28.28,start_transient,-1
2829,28.29,start_transient,-1
2830,28.3,start_transient,-1
2831,28.31,start_transient,-1
2832,28.32,start_transient,-1
2833,28.33,start_transient,-1
2834,28.34,start_transient,-1
2835,28.35,start_transient,-1
2836,28.36,start_transient,-1
2837,28.37,start_transient,-1
2838,28.38,start_transient,-1
2839,28.39,start_transient,-1
2840,28.4,start_transient,-1
2841,28.41,start_transient,-1
2842,28.42,start_transient,-1
2843,28.43,start_transient,-1
2844,28.44,start_transient,-1
2845,28.45,start_transient,-1
2846,28.46,start_transient,-1
2847,28.47,start_transient,-1
2848,28.48,start_transient,-1
2849,28.49,start_transient,-1
2850,28.5,start_transient,-1
2851,28.51,start_transient,-1
2852,28.52,start_transient,-1
2853,28.53,start_transient,-1
2854,28.54,start_transient,-1
2855,28.55,start_transient,-1
2856,28.56,start_transient,-1
2857,28.57,start_transient,-1
2858,28.58,start_transient,-1
2859,28.59,start_transient,-1
2860,28.6,start_transient,-1
2861,28.61,start_transient,-1
2862,28.62,start_transient,-1
2863,28.63,start_transient,-1
2864,28.64,start_transient,-1
2865,28.65,start_transient,-1
2866,28.66,start_transient,-1
2867,28.67,start_transient,-1
2868,28.68,start_transient,-1
2869,28.69,start_transient,-1
2870,28.7,start_transient,-1
2871,28.71,start_transient,-1
2872,28.72,start_transient,-1
2873,28.73,start_transient,-1
2874,28.74,start_transient,-1
2875,28.75,start_transient,-1
2876,28.76,start_transient,-1
2877,28.77,start_transient,-1
2878,28.78,start_transient,-1
2879,28.79,start_transient,-1
2880,28.8,start_transient,-1
2881,28.81,start_transient,-1
2882,28.82,start_transient,-1
2883,28.83,start_transient,-1
2884,28.84,start_transient,-1
2885,28.85,start_transient,-1
2886,28.86,start_transient,-1
2887,28.87,start_transient,-1
2888,28.88,start_transient,-1
2889,28.89,start_transient,-1
2890,28.9,start_transient,-1
2891,28.91,start_transient,-1
2892,28.92,start_transient,-1
2893,28.93,start_transient,-1
2894,28.94,start_transient,-1
2895,28.95,start_transient,-1
2896,28.96,start_transient,-1
2897,28.97,start_transient,-1
2898,28.98,start_transient,-1
2899,28.99,start_transient,-1
2900,29.0,start_transient,-1
2901,29.01,start_transient,-1
2902,29.02,start_transient,-1
2903,29.03,start_transient,-1
2904,29.04,start_transient,-1
2905,29.05,start_transient,-1
2906,29.06,start_transient,-1
2907,29.07,start_transient,-1
2908,29.08,start_transient,-1
2909,29.09,start_transient,-1
2910,29.1,start_transient,-1
2911,29.11,start_transient,-1
2912,29.12,start_transient,-1
2913,29.13,start_transient,-1
2914,29.14,start_transient,-1
2915,29.15,start_transient,-1
2916,29.16,start_transient,-1
2917,29.17,start_transient,-1
2918,29.18,start_transient,-1
2919,29.19,start_transient,-1
2920,29.2,start_transient,-1
2921,29.21,start_transient,-1
2922,29.22,start_transient,-1
2923,29.23,start_transient,-1
2924,29.24,start_transient,-1
2925,29.25,start_transient,-1
2926,29.26,start_transient,-1
2927,29.27,start_transient,-1
2928,29.28,start_transient,-1
2929,29.29,start_transient,-1
2930,29.3,start_transient,-1
2931,29.31,start_transient,-1
2932,29.32,start_transient,-1
2933,29.33,start_transient,-1
2934,29.34,start_transient,-1
2935,29.35,start_transient,-1
2936,29.36,start_transient,-1
2937,29.37,start_transient,-1
2938,29.38,start_transient,-1
2939,29.39,start_transient,-1
2940,29.4,start_transient,-1
2941,29.41,start_transient,-1
2942,29.42,start_transient,-1
2943,29.43,start_transient,-1
2944,29.44,start_transient,-1
2945,29.45,start_transient,-1
2946,29.46,start_transient,-1
2947,29.47,start_transient,-1
2948,29.48,start_transient,-1
2949,29.49,start_transient,-1
2950,29.5,start_transient,-1
2951,29.51,start_transient,-1
2952,29.52,start_transient,-1
2953,29.53,start_transient,-1
2954,29.54,start_transient,-1
2955,29.55,start_transient,-1
2956,29.56,start_transient,-1
2957,29.57,start_transient,-1
2958,29.58,start_transient,-1
2959,29.59,start_transient,-1
2960,29.6,start_transient,-1
2961,29.61,start_transient,-1
2962,29.62,start_transient,-1
2963,29.63,start_transient,-1
2964,29.64,start_transient,-1
2965,29.65,start_transient,-1
2966,29.66,start_transient,-1
2967,29.67,start_transient,-1
2968,29.68,start_transient,-1
2969,29.69,start_transient,-1
2970,29.7,start_transient,-1
2971,29.71,start_transient,-1
2972,29.72,start_transient,-1
2973,29.73,start_transient,-1
2974,29.74,start_transient,-1
2975,29.75,start_transient,-1
2976,29.76,start_transient,-1
2977,29.77,start_transient,-1
2978,29.78,start_transient,-1
2979,29.79,start_transient,-1
2980,29.8,start_transient,-1
2981,29.81,start_transient,-1
2982,29.82,start_transient,-1
2983,29.83,start_transient,-1
2984,29.84,start_transient,-1
2985,29.85,start_transient,-1
2986,29.86,start_transient,-1
2987,29.87,start_transient,-1
2988,29.88,start_transient,-1
2989,29.89,start_transient,-1
2990,29.9,start_transient,-1
2991,29.91,start_transient,-1
2992,29.92,start_transient,-1
2993,29.93,start_transient,-1
2994,29.94,start_transient,-1
2995,29.95,start_transient,-1
2996,29.96,start_transient,-1
2997,29.97,start_transient,-1
2998,29.98,start_transient,-1
2999,29.99,start_transient,-1
3000,30.0,start_transient,-1
3001,30.01,start_transient,-1
3002,30.02,start_transient,-1
3003,30.03,start_transient,-1
3004,30.04,start_transient,-1
3005,30.05,start_transient,-1
3006,30.06,start_transient,-1
3007,30.07,start_transient,-1
3008,30.08,start_transient,-1
3009,30.09,start_transient,-1
3010,30.1,start_transient,-1
3011,30.11,start_transient,-1
3012,30.12,start_transient,-1
3013,30.13,start_transient,-1
3014,30.14,start_transient,-1
3015,30.15,start_transient,-1
3016,30.16,start_transient,-1
3017,30.17,start_transient,-1
3018,30.18,start_transient,-1
3019,30.19,start_transient,-1
3020,30.2,start_transient,-1
3021,30.21,start_transient,-1
3022,30.22,start_transient,-1
3023,30.23,start_transient,-1
3024,30.24,start_transient,-1
3025,30.25,start_transient,-1
3026,30.26,start_transient,-1
3027,30.27,start_transient,-1
3028,30.28,start_transient,-1
3029,30.29,start_transient,-1
3030,30.3,start_transient,-1
3031,30.31,start_transient,-1
3032,30.32,start_transient,-1
3033,30.33,start_transient,-1
3034,30.34,start_transient,-1
3035,30.35,start_transient,-1
3036,30.36,start_transient,-1
3037,30.37,start_transient,-1
3038,30.38,start_transient,-1
3039,30.39,start_transient,-1
3040,30.4,start_transient,-1
3041,30.41,start_transient,-1
3042,30.42,start_transient,-1
3043,30.43,start_transient,-1
3044,30.44,start_transient,-1
3045,30.45,start_transient,-1
3046,30.46,start_transient,-1
3047,30.47,start_transient,-1
3048,30.48,start_transient,-1
3049,30.49,start_transient,-1
3050,30.5,start_transient,-1
3051,30.51,start_transient,-1
3052,30.52,start_transient,-1
3053,30.53,start_transient,-1
3054,30.54,start_transient,-1
3055,30.55,start_transient,-1
3056,30.56,start_transient,-1
3057,30.57,start_transient,-1
3058,30.58,start_transient,-1
3059,30.59,start_transient,-1
3060,30.6,start_transient,-1
3061,30.61,start_transient,-1
3062,30.62,start_transient,-1
3063,30.63,start_transient,-1
3064,30.64,start_transient,-1
3065,30.65,start_transient,-1
3066,30.66,start_transient,-1
3067,30.67,start_transient,-1
3068,30.68,start_transient,-1
3069,30.69,start_transient,-1
3070,30.7,start_transient,-1
3071,30.71,start_transient,-1
3072,30.72,start_transient,-1
3073,30.73,start_transient,-1
3074,30.74,start_transient,-1
3075,30.75,start_transient,-1
3076,30.76,start_transient,-1
3077,30.77,start_transient,-1
3078,30.78,start_transient,-1
3079,30.79,start_transient,-1
3080,30.8,start_transient,-1
3081,30.81,start_transient,-1
3082,30.82,start_transient,-1
3083,30.83,start_transient,-1
3084,30.84,start_transient,-1
3085,30.85,start_transient,-1
3086,30.86,start_transient,-1
3087,30.87,start_transient,-1
3088,30.88,start_transient,-1
3089,30.89,start_transient,-1
3090,30.9,start_transient,-1
3091,30.91,start_transient,-1
3092,30.92,start_transient,-1
3093,30.93,start_transient,-1
3094,30.94,start_transient,-1
3095,30.95,start_transient,-1
3096,30.96,start_transient,-1
3097,30.97,start_transient,-1
3098,30.98,start_transient,-1
3099,30.99,start_transient,-1
3100,31.0,start_transient,-1
3101,31.01,start_transient,-1
3102,31.02,start_transient,-1
3103,31.03,start_transient,-1
3104,31.04,start_transient,-1
3105,31.05,start_transient,-1
3106,31.06,start_transient,-1
3107,31.07,start_transient,-1
3108,31.08,start_transient,-1
3109,31.09,start_transient,-1
3110,31.1,start_transient,-1
3111,31.11,start_transient,-1
3112,31.12,start_transient,-1
3113,31.13,start_transient,-1
3114,31.14,start_transient,-1
3115,31.15,start_transient,-1
3116,31.16,start_transient,-1
3117,31.17,start_transient,-1
3118,31.18,start_transient,-1
3119,31.19,start_transient,-1
3120,31.2,start_transient,-1
3121,31.21,start_transient,-1
3122,31.22,start_transient,-1
3123,31.23,start_transient,-1
3124,31.24,start_transient,-1
3125,31.25,start_transient,-1
3126,31.26,start_transient,-1
3127,31.27,start_transient,-1
3128,31.28,start_transient,-1
3129,31.29,start_transient,-1
3130,31.3,start_transient,-1
3131,31.31,start_transient,-1
3132,31.32,start_transient,-1
3133,31.33,start_transient,-1
3134,31.34,start_transient,-1
3135,31.35,start_transient,-1
3136,31.36,start_transient,-1
3137,31.37,start_transient,-1
3138,31.38,start_transient,-1
3139,31.39,start_transient,-1
3140,31.4,start_transient,-1
3141,31.41,start_transient,-1
3142,31.42,start_transient,-1
3143,31.43,start_transient,-1
3144,31.44,start_transient,-1
3145,31.45,start_transient,-1
3146,31.46,start_transient,-1
3147,31.47,start_transient,-1
3148,31.48,start_transient,-1
3149,31.49,start_transient,-1
3150,31.5,start_transient,-1
3151,31.51,start_transient,-1
3152,31.52,start_transient,-1
3153,31.53,start_transient,-1
3154,31.54,start_transient,-1
3155,31.55,start_transient,-1
3156,31.56,start_transient,-1
3157,31.57,start_transient,-1
3158,31.58,start_transient,-1
3159,31.59,start_transient,-1
3160,31.6,start_transient,-1
3161,31.61,start_transient,-1
3162,31.62,start_transient,-1
3163,31.63,start_transient,-1
3164,31.64,start_transient,-1
3165,31.65,start_transient,-1
3166,31.66,start_transient,-1
3167,31.67,start_transient,-1
3168,31.68,start_transient,-1
3169,31.69,start_transient,-1
3170,31.7,start_transient,-1
3171,31.71,start_transient,-1
3172,31.72,start_transient,-1
3173,31.73,start_transient,-1
3174,31.74,start_transient,-1
3175,31.75,start_transient,-1
3176,31.76,start_transient,-1
3177,31.77,start_transient,-1
3178,31.78,start_transient,-1
3179,31.79,start_transient,-1
3180,31.8,start_transient,-1
3181,31.81,start_transient,-1
3182,31.82,start_transient,-1
3183,31.83,start_transient,-1
3184,31.84,start_transient,-1
3185,31.85,start_transient,-1
3186,31.86,start_transient,-1
3187,31.87,start_transient,-1
3188,31.88,start_transient,-1
3189,31.89,start_transient,-1
3190,31.9,start_transient,-1
3191,31.91,start_transient,-1
3192,31.92,start_transient,-1
3193,31.93,start_transient,-1
3194,31.94,start_transient,-1
3195,31.95,start_transient,-1
3196,31.96,start_transient,-1
3197,31.97,start_transient,-1
3198,31.98,start_transient,-1
3199,31.99,start_transient,-1
3200,32.0,start_transient,-1
3201,32.01,start_transient,-1
3202,32.02,start_transient,-1
3203,32.03,start_transient,-1
3204,32.04,start_transient,-1
3205,32.05,start_transient,-1
3206,32.06,start_transient,-1
3207,32.07,start_transient,-1
3208,32.08,start_transient,-1
3209,32.09,start_transient,-1
3210,32.1,start_transient,-1
3211,32.11,start_transient,-1
3212,32.12,start_transient,-1
3213,32.13,start_transient,-1
3214,32.14,start_transient,-1
3215,32.15,start_transient,-1
3216,32.16,start_transient,-1
3217,32.17,start_transient,-1
3218,32.18,start_transient,-1
3219,32.19,start_transient,-1
3220,32.2,start_transient,-1
3221,32.21,start_transient,-1
3222,32.22,start_transient,-1
3223,32.23,start_transient,-1
3224,32.24,start_transient,-1
3225,32.25,start_transient,-1
3226,32.26,start_transient,-1
3227,32.27,start_transient,-1
3228,32.28,start_transient,-1
3229,32.29,start_transient,-1
3230,32.3,start_transient,-1
3231,32.31,start_transient,-1
3232,32.32,start_transient,-1
3233,32.33,start_transient,-1
3234,32.34,start_transient,-1
3235,32.35,start_transient,-1
3236,32.36,start_transient,-1
3237,32.37,start_transient,-1
3238,32.38,start_transient,-1
3239,32.39,start_transient,-1
3240,32.4,start_transient,-1
3241,32.41,start_transient,-1
3242,32.42,start_transient,-1
3243,32.43,start_transient,-1
3244,32.44,start_transient,-1
3245,32.45,start_transient,-1
3246,32.46,start_transient,-1
3247,32.47,start_transient,-1
3248,32.48,start_transient,-1
3249,32.49,start_transient,-1
3250,32.5,start_transient,-1
3251,32.51,start_transient,-1
3252,32.52,start_transient,-1
3253,32.53,start_transient,-1
3254,32.54,start_transient,-1
3255,32.55,start_transient,-1
3256,32.56,start_transient,-1
3257,32.57,start_transient,-1
3258,32.58,start_transient,-1
3259,32.59,start_transient,-1
3260,32.6,start_transient,-1
3261,32.61,start_transient,-1
3262,32.62,start_transient,-1
3263,32.63,start_transient,-1
3264,32.64,start_transient,-1
3265,32.65,start_transient,-1
3266,32.66,start_transient,-1
3267,32.67,start_transient,-1
3268,32.68,start_transient,-1
3269,32.69,start_transient,-1
3270,32.7,start_transient,-1
3271,32.71,start_transient,-1
3272,32.72,start_transient,-1
3273,32.73,start_transient,-1
3274,32.74,start_transient,-1
3275,32.75,start_transient,-1
3276,32.76,start_transient,-1
3277,32.77,start_transient,-1
3278,32.78,start_transient,-1
3279,32.79,start_transient,-1
3280,32.8,start_transient,-1
3281,32.81,start_transient,-1
3282,32.82,start_transient,-1
3283,32.83,start_transient,-1
3284,32.84,start_transient,-1
3285,32.85,start_transient,-1
3286,32.86,start_transient,-1
3287,32.87,start_transient,-1
3288,32.88,start_transient,-1
3289,32.89,start_transient,-1
3290,32.9,start_transient,-1
3291,32.91,start_transient,-1
3292,32.92,start_transient,-1
3293,32.93,start_transient,-1
3294,32.94,start_transient,-1
3295,32.95,start_transient,-1
3296,32.96,start_transient,-1
3297,32.97,start_transient,-1
3298,32.98,start_transient,-1
3299,32.99,start_transient,-1
3300,33.0,start_transient,-1
3301,33.01,start_transient,-1
3302,33.02,start_transient,-1
3303,33.03,start_transient,-1
3304,33.04,start_transient,-1
3305,33.05,start_transient,-1
3306,33.06,start_transient,-1
3307,33.07,start_transient,-1
3308,33.08,start_transient,-1
3309,33.09,start_transient,-1
3310,33.1,start_transient,-1
3311,33.11,start_transient,-1
3312,33.12,start_transient,-1
3313,33.13,start_transient,-1
3314,33.14,start_transient,-1
3315,33.15,start_transient,-1
3316,33.16,start_transient,-1
3317,33.17,start_transient,-1
3318,33.18,start_transient,-1
3319,33.19,start_transient,-1
3320,33.2,start_transient,-1
3321,33.21,start_transient,-1
3322,33.22,start_transient,-1
3323,33.23,start_transient,-1
3324,33.24,start_transient,-1
3325,33.25,start_transient,-1
3326,33.26,start_transient,-1
3327,33.27,start_transient,-1
3328,33.28,start_transient,-1
3329,33.29,start_transient,-1
3330,33.3,start_transient,-1
3331,33.31,start_transient,-1
3332,33.32,start_transient,-1
3333,33.33,start_transient,-1
3334,33.34,start_transient,-1
3335,33.35,start_transient,-1
3336,33.36,start_transient,-1
3337,33.37,start_transient,-1
3338,33.38,start_transient,-1
3339,33.39,start_transient,-1
3340,33.4,start_transient,-1
3341,33.41,start_transient,-1
3342,33.42,start_transient,-1
3343,33.43,start_transient,-1
3344,33.44,start_transient,-1
3345,33.45,start_transient,-1
3346,33.46,start_transient,-1
3347,33.47,start_transient,-1
3348,33.48,start_transient,-1
3349,33.49,start_transient,-1
3350,33.5,start_transient,-1
3351,33.51,start_transient,-1
3352,33.52,start_transient,-1
3353,33.53,start_transient,-1
3354,33.54,start_transient,-1
3355,33.55,start_transient,-1
3356,33.56,start_transient,-1
3357,33.57,start_transient,-1
3358,33.58,start_transient,-1
3359,33.59,start_transient,-1
3360,33.6,start_transient,-1
3361,33.61,start_transient,-1
3362,33.62,start_transient,-1
3363,33.63,start_transient,-1
3364,33.64,start_transient,-1
3365,33.65,start_transient,-1
3366,33.66,start_transient,-1
3367,33.67,start_transient,-1
3368,33.68,start_transient,-1
3369,33.69,start_transient,-1
3370,33.7,start_transient,-1
3371,33.71,start_transient,-1
3372,33.72,start_transient,-1
3373,33.73,start_transient,-1
3374,33.74,start_transient,-1
3375,33.75,start_transient,-1
3376,33.76,start_transient,-1
3377,33.77,start_transient,-1
3378,33.78,start_transient,-1
3379,33.79,start_transient,-1
3380,33.8,start_transient,-1
3381,33.81,start_transient,-1
3382,33.82,start_transient,-1
3383,33.83,start_transient,-1
3384,33.84,start_transient,-1
3385,33.85,start_transient,-1
3386,33.86,start_transient,-1
3387,33.87,start_transient,-1
3388,33.88,start_transient,-1
3389,33.89,start_transient,-1
3390,33.9,start_transient,-1
3391,33.91,start_transient,-1
3392,33.92,start_transient,-1
3393,33.93,start_transient,-1
3394,33.94,start_transient,-1
3395,33.95,start_transient,-1
3396,33.96,start_transient,-1
3397,33.97,start_transient,-1
3398,33.98,start_transient,-1
3399,33.99,start_transient,-1
3400,34.0,start_transient,-1
3401,34.01,start_transient,-1
3402,34.02,start_transient,-1
3403,34.03,start_transient,-1
3404,34.04,start_transient,-1
3405,34.05,start_transient,-1
3406,34.06,start_transient,-1
3407,34.07,start_transient,-1
3408,34.08,start_transient,-1
3409,34.09,start_transient,-1
3410,34.1,start_transient,-1
3411,34.11,start_transient,-1
3412,34.12,start_transient,-1
3413,34.13,start_transient,-1
3414,34.14,start_transient,-1
3415,34.15,start_transient,-1
3416,34.16,start_transient,-1
3417,34.17,start_transient,-1
3418,34.18,start_transient,-1
3419,34.19,start_transient,-1
3420,34.2,start_transient,-1
3421,34.21,start_transient,-1
3422,34.22,start_transient,-1
3423,34.23,start_transient,-1
3424,34.24,start_transient,-1
3425,34.25,start_transient,-1
3426,34.26,start_transient,-1
3427,34.27,start_transient,-1
3428,34.28,start_transient,-1
3429,34.29,start_transient,-1
3430,34.3,start_transient,-1
3431,34.31,start_transient,-1
3432,34.32,start_transient,-1
3433,34.33,start_transient,-1
3434,34.34,start_transient,-1
3435,34.35,start_transient,-1
3436,34.36,start_transient,-1
3437,34.37,start_transient,-1
3438,34.38,start_transient,-1
3439,34.39,start_transient,-1
3440,34.4,start_transient,-1
3441,34.41,start_transient,-1
3442,34.42,start_transient,-1
3443,34.43,start_transient,-1
3444,34.44,start_transient,-1
3445,34.45,start_transient,-1
3446,34.46,start_transient,-1
3447,34.47,start_transient,-1
3448,34.48,start_transient,-1
3449,34.49,start_transient,-1
3450,34.5,start_transient,-1
3451,34.51,start_transient,-1
3452,34.52,start_transient,-1
3453,34.53,start_transient,-1
3454,34.54,start_transient,-1
3455,34.55,start_transient,-1
3456,34.56,start_transient,-1
3457,34.57,start_transient,-1
3458,34.58,start_transient,-1
3459,34.59,start_transient,-1
3460,34.6,start_transient,-1
3461,34.61,start_transient,-1
3462,34.62,start_transient,-1
3463,34.63,start_transient,-1
3464,34.64,start_transient,-1
3465,34.65,start_transient,-1
3466,34.66,start_transient,-1
3467,34.67,start_transient,-1
3468,34.68,start_transient,-1
3469,34.69,start_transient,-1
3470,34.7,start_transient,-1
3471,34.71,start_transient,-1
3472,34.72,start_transient,-1
3473,34.73,start_transient,-1
3474,34.74,start_transient,-1
3475,34.75,start_transient,-1
3476,34.76,start_transient,-1
3477,34.77,start_transient,-1
3478,34.78,start_transient,-1
3479,34.79,start_transient,-1
3480,34.8,start_transient,-1
3481,34.81,start_transient,-1
3482,34.82,start_transient,-1
3483,34.83,start_transient,-1
3484,34.84,start_transient,-1
3485,34.85,start_transient,-1
3486,34.86,start_transient,-1
3487,34.87,start_transient,-1
3488,34.88,start_transient,-1
3489,34.89,start_transient,-1
3490,34.9,start_transient,-1
3491,34.91,start_transient,-1
3492,34.92,start_transient,-1
3493,34.93,start_transient,-1
3494,34.94,start_transient,-1
3495,34.95,start_transient,-1
3496,34.96,start_transient,-1
3497,34.97,start_transient,-1
3498,34.98,start_transient,-1
3499,34.99,start_transient,-1
3500,35.0,start_transient,-1
3501,35.01,start_transient,-1
3502,35.02,start_transient,-1
3503,35.03,start_transient,-1
3504,35.04,start_transient,-1
3505,35.05,start_transient,-1
3506,35.06,start_transient,-1
3507,35.07,start_transient,-1
3508,35.08,start_transient,-1
3509,35.09,start_transient,-1
3510,35.1,start_transient,-1
3511,35.11,start_transient,-1
3512,35.12,start_transient,-1
3513,35.13,start_transient,-1
3514,35.14,start_transient,-1
3515,35.15,start_transient,-1
3516,35.16,start_transient,-1
3517,35.17,start_transient,-1
3518,35.18,start_transient,-1
3519,35.19,start_transient,-1
3520,35.2,start_transient,-1
3521,35.21,start_transient,-1
3522,35.22,start_transient,-1
3523,35.23,start_transient,-1
3524,35.24,start_transient,-1
3525,35.25,start_transient,-1
3526,35.26,start_transient,-1
3527,35.27,start_transient,-1
3528,35.28,start_transient,-1
3529,35.29,start_transient,-1
3530,35.3,start_transient,-1
3531,35.31,start_transient,-1
3532,35.32,start_transient,-1
3533,35.33,start_transient,-1
3534,35.34,start_transient,-1
3535,35.35,start_transient,-1
3536,35.36,start_transient,-1
3537,35.37,start_transient,-1
3538,35.38,start_transient,-1
3539,35.39,start_transient,-1
3540,35.4,start_transient,-1
3541,35.41,start_transient,-1
3542,35.42,start_transient,-1
3543,35.43,start_transient,-1
3544,35.44,start_transient,-1
3545,35.45,start_transient,-1
3546,35.46,start_transient,-1
3547,35.47,start_transient,-1
3548,35.48,start_transient,-1
3549,35.49,start_transient,-1
3550,35.5,start_transient,-1
3551,35.51,start_transient,-1
3552,35.52,start_transient,-1
3553,35.53,start_transient,-1
3554,35.54,start_transient,-1
3555,35.55,start_transient,-1
3556,35.56,start_transient,-1
3557,35.57,start_transient,-1
3558,35.58,start_transient,-1
3559,35.59,start_transient,-1
3560,35.6,start_transient,-1
3561,35.61,start_transient,-1
3562,35.62,start_transient,-1
3563,35.63,start_transient,-1
3564,35.64,start_transient,-1
3565,35.65,start_transient,-1
3566,35.66,start_transient,-1
3567,35.67,start_transient,-1
3568,35.68,start_transient,-1
3569,35.69,start_transient,-1
3570,35.7,start_transient,-1
3571,35.71,start_transient,-1
3572,35.72,start_transient,-1
3573,35.73,start_transient,-1
3574,35.74,start_transient,-1
3575,35.75,start_transient,-1
3576,35.76,start_transient,-1
3577,35.77,start_transient,-1
3578,35.78,start_transient,-1
3579,35.79,start_transient,-1
3580,35.8,start_transient,-1
3581,35.81,start_transient,-1
3582,35.82,start_transient,-1
3583,35.83,start_transient,-1
3584,35.84,start_transient,-1
3585,35.85,start_transient,-1
3586,35.86,start_transient,-1
3587,35.87,start_transient,-1
3588,35.88,start_transient,-1
3589,35.89,start_transient,-1
3590,35.9,start_transient,-1
3591,35.91,start_transient,-1
3592,35.92,start_transient,-1
3593,35.93,start_transient,-1
3594,35.94,start_transient,-1
3595,35.95,start_transient,-1
3596,35.96,start_transient,-1
3597,35.97,start_transient,-1
3598,35.98,start_transient,-1
3599,35.99,start_transient,-1
3600,36.0,start_transient,-1
3601,36.01,start_transient,-1
3602,36.02,start_transient,-1
3603,36.03,start_transient,-1
3604,36.04,start_transient,-1
3605,36.05,start_transient,-1
3606,36.06,start_transient,-1
3607,36.07,start_transient,-1
3608,36.08,start_transient,-1
3609,36.09,start_transient,-1
3610,36.1,start_transient,-1
3611,36.11,start_transient,-1
3612,36.12,start_transient,-1
3613,36.13,start_transient,-1
3614,36.14,start_transient,-1
3615,36.15,start_transient,-1
3616,36.16,start_transient,-1
3617,36.17,start_transient,-1
3618,36.18,start_transient,-1
3619,36.19,start_transient,-1
3620,36.2,start_transient,-1
3621,36.21,start_transient,-1
3622,36.22,start_transient,-1
3623,36.23,start_transient,-1
3624,36.24,start_transient,-1
3625,36.25,start_transient,-1
3626,36.26,start_transient,-1
3627,36.27,start_transient,-1
3628,36.28,start_transient,-1
3629,36.29,start_transient,-1
3630,36.3,start_transient,-1
3631,36.31,start_transient,-1
3632,36.32,start_transient,-1
3633,36.33,start_transient,-1
3634,36.34,start_transient,-1
3635,36.35,start_transient,-1
3636,36.36,start_transient,-1
3637,36.37,start_transient,-1
3638,36.38,start_transient,-1
3639,36.39,start_transient,-1
3640,36.4,start_transient,-1
3641,36.41,start_transient,-1
3642,36.42,start_transient,-1
3643,36.43,start_transient,-1
3644,36.44,start_transient,-1
3645,36.45,start_transient,-1
3646,36.46,start_transient,-1
3647,36.47,start_transient,-1
3648,36.48,start_transient,-1
3649,36.49,start_transient,-1
3650,36.5,start_transient,-1
3651,36.51,start_transient,-1
3652,36.52,start_transient,-1
3653,36.53,start_transient,-1
3654,36.54,start_transient,-1
3655,36.55,start_transient,-1
3656,36.56,start_transient,-1
3657,36.57,start_transient,-1
3658,36.58,start_transient,-1
3659,36.59,start_transient,-1
3660,36.6,start_transient,-1
3661,36.61,start_transient,-1
3662,36.62,start_transient,-1
3663,36.63,start_transient,-1
3664,36.64,start_transient,-1
3665,36.65,start_transient,-1
3666,36.66,start_transient,-1
3667,36.67,start_transient,-1
3668,36.68,start_transient,-1
3669,36.69,start_transient,-1
3670,36.7,start_transient,-1
3671,36.71,start_transient,-1
3672,36.72,start_transient,-1
3673,36.73,start_transient,-1
3674,36.74,start_transient,-1
3675,36.75,start_transient,-1
3676,36.76,start_transient,-1
3677,36.77,start_transient,-1
3678,36.78,start_transient,-1
3679,36.79,start_transient,-1
3680,36.8,start_transient,-1
3681,36.81,start_transient,-1
3682,36.82,start_transient,-1
3683,36.83,start_transient,-1
3684,36.84,start_transient,-1
3685,36.85,start_transient,-1
3686,36.86,start_transient,-1
3687,36.87,start_transient,-1
3688,36.88,start_transient,-1
3689,36.89,start_transient,-1
3690,36.9,start_transient,-1
3691,36.91,start_transient,-1
3692,36.92,start_transient,-1
3693,36.93,start_transient,-1
3694,36.94,start_transient,-1
3695,36.95,start_transient,-1
3696,36.96,start_transient,-1
3697,36.97,start_transient,-1
3698,36.98,start_transient,-1
3699,36.99,start_transient,-1
3700,37.0,start_transient,-1
3701,37.01,start_transient,-1
3702,37.02,start_transient,-1
3703,37.03,start_transient,-1
3704,37.04,start_transient,-1
3705,37.05,start_transient,-1
3706,37.06,start_transient,-1
3707,37.07,start_transient,-1
3708,37.08,start_transient,-1
3709,37.09,start_transient,-1
3710,37.1,start_transient,-1
3711,37.11,start_transient,-1
3712,37.12,start_transient,-1
3713,37.13,start_transient,-1
3714,37.14,start_transient,-1
3715,37.15,start_transient,-1
3716,37.16,start_transient,-1
3717,37.17,start_transient,-1
3718,37.18,start_transient,-1
3719,37.19,start_transient,-1
3720,37.2,start_transient,-1
3721,37.21,start_transient,-1
3722,37.22,start_transient,-1
3723,37.23,start_transient,-1
3724,37.24,start_transient,-1
3725,37.25,start_transient,-1
3726,37.26,start_transient,-1
3727,37.27,start_transient,-1
3728,37.28,start_transient,-1
3729,37.29,start_transient,-1
3730,37.3,start_transient,-1
3731,37.31,start_transient,-1
3732,37.32,start_transient,-1
3733,37.33,start_transient,-1
3734,37.34,start_transient,-1
3735,37.35,start_transient,-1
3736,37.36,start_transient,-1
3737,37.37,start_transient,-1
3738,37.38,start_transient,-1
3739,37.39,start_transient,-1
3740,37.4,start_transient,-1
3741,37.41,start_transient,-1
3742,37.42,start_transient,-1
3743,37.43,start_transient,-1
3744,37.44,start_transient,-1
3745,37.45,start_transient,-1
3746,37.46,start_transient,-1
3747,37.47,start_transient,-1
3748,37.48,start_transient,-1
3749,37.49,start_transient,-1
3750,37.5,start_transient,-1
3751,37.51,start_transient,-1
3752,37.52,start_transient,-1
3753,37.53,start_transient,-1
3754,37.54,start_transient,-1
3755,37.55,start_transient,-1
3756,37.56,start_transient,-1
3757,37.57,start_transient,-1
3758,37.58,start_transient,-1
3759,37.59,start_transient,-1
3760,37.6,start_transient,-1
3761,37.61,start_transient,-1
3762,37.62,start_transient,-1
3763,37.63,start_transient,-1
3764,37.64,start_transient,-1
3765,37.65,start_transient,-1
3766,37.66,start_transient,-1
3767,37.67,start_transient,-1
3768,37.68,start_transient,-1
3769,37.69,start_transient,-1
3770,37.7,start_transient,-1
3771,37.71,start_transient,-1
3772,37.72,start_transient,-1
3773,37.73,start_transient,-1
3774,37.74,start_transient,-1
3775,37.75,start_transient,-1
3776,37.76,start_transient,-1
3777,37.77,start_transient,-1
3778,37.78,start_transient,-1
3779,37.79,start_transient,-1
3780,37.8,start_transient,-1
3781,37.81,start_transient,-1
3782,37.82,start_transient,-1
3783,37.83,start_transient,-1
3784,37.84,start_transient,-1
3785,37.85,start_transient,-1
3786,37.86,start_transient,-1
3787,37.87,start_transient,-1
3788,37.88,start_transient,-1
3789,37.89,start_transient,-1
3790,37.9,start_transient,-1
3791,37.91,start_transient,-1
3792,37.92,start_transient,-1
3793,37.93,start_transient,-1
3794,37.94,start_transient,-1
3795,37.95,start_transient,-1
3796,37.96,start_transient,-1
3797,37.97,start_transient,-1
3798,37.98,start_transient,-1
3799,37.99,start_transient,-1
3800,38.0,start_transient,-1
3801,38.01,start_transient,-1
3802,38.02,start_transient,-1
3803,38.03,start_transient,-1
3804,38.04,start_transient,-1
3805,38.05,start_transient,-1
3806,38.06,start_transient,-1
3807,38.07,start_transient,-1
3808,38.08,start_transient,-1
3809,38.09,start_transient,-1
3810,38.1,start_transient,-1
3811,38.11,start_transient,-1
3812,38.12,start_transient,-1
3813,38.13,start_transient,-1
3814,38.14,start_transient,-1
3815,38.15,start_transient,-1
3816,38.16,start_transient,-1
3817,38.17,start_transient,-1
3818,38.18,start_transient,-1
3819,38.19,start_transient,-1
3820,38.2,start_transient,-1
3821,38.21,start_transient,-1
3822,38.22,start_transient,-1
3823,38.23,start_transient,-1
3824,38.24,start_transient,-1
3825,38.25,start_transient,-1
3826,38.26,start_transient,-1
3827,38.27,start_transient,-1
3828,38.28,start_transient,-1
3829,38.29,start_transient,-1
3830,38.3,start_transient,-1
3831,38.31,start_transient,-1
3832,38.32,start_transient,-1
3833,38.33,start_transient,-1
3834,38.34,start_transient,-1
3835,38.35,start_transient,-1
3836,38.36,start_transient,-1
3837,38.37,start_transient,-1
3838,38.38,start_transient,-1
3839,38.39,start_transient,-1
3840,38.4,start_transient,-1
3841,38.41,start_transient,-1
3842,38.42,start_transient,-1
3843,38.43,start_transient,-1
3844,38.44,start_transient,-1
3845,38.45,start_transient,-1
3846,38.46,start_transient,-1
3847,38.47,start_transient,-1
3848,38.48,start_transient,-1
3849,38.49,start_transient,-1
3850,38.5,start_transient,-1
3851,38.51,start_transient,-1
3852,38.52,start_transient,-1
3853,38.53,start_transient,-1
3854,38.54,start_transient,-1
3855,38.55,start_transient,-1
3856,38.56,start_transient,-1
3857,38.57,start_transient,-1
3858,38.58,start_transient,-1
3859,38.59,start_transient,-1
3860,38.6,start_transient,-1
3861,38.61,start_transient,-1
3862,38.62,start_transient,-1
3863,38.63,start_transient,-1
3864,38.64,start_transient,-1
3865,38.65,start_transient,-1
3866,38.66,start_transient,-1
3867,38.67,start_transient,-1
3868,38.68,start_transient,-1
3869,38.69,start_transient,-1
3870,38.7,start_transient,-1
3871,38.71,start_transient,-1
3872,38.72,start_transient,-1
3873,38.73,start_transient,-1
3874,38.74,start_transient,-1
3875,38.75,start_transient,-1
3876,38.76,start_transient,-1
3877,38.77,start_transient,-1
3878,38.78,start_transient,-1
3879,38.79,start_transient,-1
3880,38.8,start_transient,-1
3881,38.81,start_transient,-1
3882,38.82,start_transient,-1
3883,38.83,start_transient,-1
3884,38.84,start_transient,-1
3885,38.85,start_transient,-1
3886,38.86,start_transient,-1
3887,38.87,start_transient,-1
3888,38.88,start_transient,-1
3889,38.89,start_transient,-1
3890,38.9,start_transient,-1
3891,38.91,start_transient,-1
3892,38.92,start_transient,-1
3893,38.93,start_transient,-1
3894,38.94,start_transient,-1
3895,38.95,start_transient,-1
3896,38.96,start_transient,-1
3897,38.97,start_transient,-1
3898,38.98,start_transient,-1
3899,38.99,start_transient,-1
3900,39.0,start_transient,-1
3901,39.01,start_transient,-1
3902,39.02,start_transient,-1
3903,39.03,start_transient,-1
3904,39.04,start_transient,-1
3905,39.05,start_transient,-1
3906,39.06,start_transient,-1
3907,39.07,start_transient,-1
3908,39.08,start_transient,-1
3909,39.09,start_transient,-1
3910,39.1,start_transient,-1
3911,39.11,start_transient,-1
3912,39.12,start_transient,-1
3913,39.13,start_transient,-1
3914,39.14,start_transient,-1
3915,39.15,start_transient,-1
3916,39.16,start_transient,-1
3917,39.17,start_transient,-1
3918,39.18,start_transient,-1
3919,39.19,start_transient,-1
3920,39.2,start_transient,-1
3921,39.21,start_transient,-1
3922,39.22,start_transient,-1
3923,39.23,start_transient,-1
3924,39.24,start_transient,-1
3925,39.25,start_transient,-1
3926,39.26,start_transient,-1
3927,39.27,start_transient,-1
3928,39.28,start_transient,-1
3929,39.29,start_transient,-1
3930,39.3,start_transient,-1
3931,39.31,start_transient,-1
3932,39.32,start_transient,-1
3933,39.33,start_transient,-1
3934,39.34,start_transient,-1
3935,39.35,start_transient,-1
3936,39.36,start_transient,-1
3937,39.37,start_transient,-1
3938,39.38,start_transient,-1
3939,39.39,start_transient,-1
3940,39.4,start_transient,-1
3941,39.41,start_transient,-1
3942,39.42,start_transient,-1
3943,39.43,start_transient,-1
3944,39.44,start_transient,-1
3945,39.45,start_transient,-1
3946,39.46,start_transient,-1
3947,39.47,start_transient,-1
3948,39.48,start_transient,-1
3949,39.49,start_transient,-1
3950,39.5,start_transient,-1
3951,39.51,start_transient,-1
3952,39.52,start_transient,-1
3953,39.53,start_transient,-1
3954,39.54,start_transient,-1
3955,39.55,start_transient,-1
3956,39.56,start_transient,-1
3957,39.57,start_transient,-1
3958,39.58,start_transient,-1
3959,39.59,start_transient,-1
3960,39.6,start_transient,-1
3961,39.61,start_transient,-1
3962,39.62,start_transient,-1
3963,39.63,start_transient,-1
3964,39.64,start_transient,-1
3965,39.65,start_transient,-1
3966,39.66,start_transient,-1
3967,39.67,start_transient,-1
3968,39.68,start_transient,-1
3969,39.69,start_transient,-1
3970,39.7,start_transient,-1
3971,39.71,start_transient,-1
3972,39.72,start_transient,-1
3973,39.73,start_transient,-1
3974,39.74,start_transient,-1
3975,39.75,start_transient,-1
3976,39.76,start_transient,-1
3977,39.77,start_transient,-1
3978,39.78,start_transient,-1
3979,39.79,start_transient,-1
3980,39.8,start_transient,-1
3981,39.81,start_transient,-1
3982,39.82,start_transient,-1
3983,39.83,start_transient,-1
3984,39.84,start_transient,-1
3985,39.85,start_transient,-1
3986,39.86,start_transient,-1
3987,39.87,start_transient,-1
3988,39.88,start_transient,-1
3989,39.89,start_transient,-1
3990,39.9,start_transient,-1
3991,39.91,start_transient,-1
3992,39.92,start_transient,-1
3993,39.93,start_transient,-1
3994,39.94,start_transient,-1
3995,39.95,start_transient,-1
3996,39.96,start_transient,-1
3997,39.97,start_transient,-1
3998,39.98,start_transient,-1
3999,39.99,start_transient,-1
4000,40.0,start_transient,-1
4001,40.01,start_transient,-1
4002,40.02,start_transient,-1
4003,40.03,start_transient,-1
4004,40.04,start_transient,-1
4005,40.05,start_transient,-1
4006,40.06,start_transient,-1
4007,40.07,start_transient,-1
4008,40.08,start_transient,-1
4009,40.09,start_transient,-1
4010,40.1,start_transient,-1
4011,40.11,start_transient,-1
4012,40.12,start_transient,-1
4013,40.13,start_transient,-1
4014,40.14,start_transient,-1
4015,40.15,start_transient,-1
4016,40.16,start_transient,-1
4017,40.17,start_transient,-1
4018,40.18,start_transient,-1
4019,40.19,start_transient,-1
4020,40.2,start_transient,-1
4021,40.21,start_transient,-1
4022,40.22,start_transient,-1
4023,40.23,start_transient,-1
4024,40.24,start_transient,-1
4025,40.25,start_transient,-1
4026,40.26,start_transient,-1
4027,40.27,start_transient,-1
4028,40.28,start_transient,-1
4029,40.29,start_transient,-1
4030,40.3,start_transient,-1
4031,40.31,start_transient,-1
4032,40.32,start_transient,-1
4033,40.33,start_transient,-1
4034,40.34,start_transient,-1
4035,40.35,start_transient,-1
4036,40.36,start_transient,-1
4037,40.37,start_transient,-1
4038,40.38,start_transient,-1
4039,40.39,start_transient,-1
4040,40.4,start_transient,-1
4041,40.41,start_transient,-1
4042,40.42,start_transient,-1
4043,40.43,start_transient,-1
4044,40.44,start_transient,-1
4045,40.45,start_transient,-1
4046,40.46,start_transient,-1
4047,40.47,start_transient,-1
4048,40.48,start_transient,-1
4049,40.49,start_transient,-1
4050,40.5,start_transient,-1
4051,40.51,start_transient,-1
4052,40.52,start_transient,-1
4053,40.53,start_transient,-1
4054,40.54,start_transient,-1
4055,40.55,start_transient,-1
4056,40.56,start_transient,-1
4057,40.57,start_transient,-1
4058,40.58,start_transient,-1
4059,40.59,start_transient,-1
4060,40.6,start_transient,-1
4061,40.61,start_transient,-1
4062,40.62,start_transient,-1
4063,40.63,start_transient,-1
4064,40.64,start_transient,-1
4065,40.65,start_transient,-1
4066,40.66,start_transient,-1
4067,40.67,start_transient,-1
4068,40.68,start_transient,-1
4069,40.69,start_transient,-1
4070,40.7,start_transient,-1
4071,40.71,start_transient,-1
4072,40.72,start_transient,-1
4073,40.73,start_transient,-1
4074,40.74,start_transient,-1
4075,40.75,start_transient,-1
4076,40.76,start_transient,-1
4077,40.77,start_transient,-1
4078,40.78,start_transient,-1
4079,40.79,start_transient,-1
4080,40.8,start_transient,-1
4081,40.81,start_transient,-1
4082,40.82,start_transient,-1
4083,40.83,start_transient,-1
4084,40.84,start_transient,-1
4085,40.85,start_transient,-1
4086,40.86,start_transient,-1
4087,40.87,start_transient,-1
4088,40.88,start_transient,-1
4089,40.89,start_transient,-1
4090,40.9,start_transient,-1
4091,40.91,start_transient,-1
4092,40.92,start_transient,-1
4093,40.93,start_transient,-1
4094,40.94,start_transient,-1
4095,40.95,start_transient,-1
4096,40.96,start_transient,-1
4097,40.97,start_transient,-1
4098,40.98,start_transient,-1
4099,40.99,start_transient,-1
4100,41.0,start_transient,-1
4101,41.01,start_transient,-1
4102,41.02,start_transient,-1
4103,41.03,start_transient,-1
4104,41.04,start_transient,-1
4105,41.05,start_transient,-1
4106,41.06,start_transient,-1
4107,41.07,start_transient,-1
4108,41.08,start_transient,-1
4109,41.09,start_transient,-1
4110,41.1,start_transient,-1
4111,41.11,start_transient,-1
4112,41.12,start_transient,-1
4113,41.13,start_transient,-1
4114,41.14,start_transient,-1
4115,41.15,start_transient,-1
4116,41.16,start_transient,-1
4117,41.17,start_transient,-1
4118,41.18,start_transient,-1
4119,41.19,start_transient,-1
4120,41.2,start_transient,-1
4121,41.21,start_transient,-1
4122,41.22,start_transient,-1
4123,41.23,start_transient,-1
4124,41.24,start_transient,-1
4125,41.25,start_transient,-1
4126,41.26,start_transient,-1
4127,41.27,start_transient,-1
4128,41.28,start_transient,-1
4129,41.29,start_transient,-1
4130,41.3,start_transient,-1
4131,41.31,start_transient,-1
4132,41.32,start_transient,-1
4133,41.33,start_transient,-1
4134,41.34,start_transient,-1
4135,41.35,start_transient,-1
4136,41.36,start_transient,-1
4137,41.37,start_transient,-1
4138,41.38,start_transient,-1
4139,41.39,start_transient,-1
4140,41.4,start_transient,-1
4141,41.41,start_transient,-1
4142,41.42,start_transient,-1
4143,41.43,start_transient,-1
4144,41.44,start_transient,-1
4145,41.45,start_transient,-1
4146,41.46,start_transient,-1
4147,41.47,start_transient,-1
4148,41.48,start_transient,-1
4149,41.49,start_transient,-1
4150,41.5,start_transient,-1
4151,41.51,start_transient,-1
4152,41.52,start_transient,-1
4153,41.53,start_transient,-1
4154,41.54,start_transient,-1
4155,41.55,start_transient,-1
4156,41.56,start_transient,-1
4157,41.57,start_transient,-1
4158,41.58,start_transient,-1
4159,41.59,start_transient,-1
4160,41.6,start_transient,-1
4161,41.61,start_transient,-1
4162,41.62,start_transient,-1
4163,41.63,start_transient,-1
4164,41.64,start_transient,-1
4165,41.65,start_transient,-1
4166,41.66,start_transient,-1
4167,41.67,start_transient,-1
4168,41.68,start_transient,-1
4169,41.69,start_transient,-1
4170,41.7,start_transient,-1
4171,41.71,start_transient,-1
4172,41.72,start_transient,-1
