frame,time_seconds,segment_label,cycle_index
0,0.0,start_transient,-1
1,0.01,start_transient,-1
2,0.02,start_transient,-1
3,0.03,start_transient,-1
4,0.04,start_transient,-1
5,0.05,start_transient,-1
6,0.06,start_transient,-1
7,0.07,start_transient,-1
8,0.08,start_transient,-1
9,0.09,start_transient,-1
10,0.1,start_transient,-1
11,0.11,start_transient,-1
12,0.12,start_transient,-1
13,0.13,start_transient,-1
14,0.14,start_transient,-1
15,0.15,start_transient,-1
16,0.16,start_transient,-1
17,0.17,start_transient,-1
18,0.18,start_transient,-1
19,0.19,start_transient,-1
20,0.2,start_transient,-1
21,0.21,start_transient,-1
22,0.22,start_transient,-1
23,0.23,start_transient,-1
24,0.24,start_transient,-1
25,0.25,start_transient,-1
26,0.26,start_transient,-1
27,0.27,start_transient,-1
28,0.28,start_transient,-1
29,0.29,start_transient,-1
30,0.3,start_transient,-1
31,0.31,start_transient,-1
32,0.32,start_transient,-1
33,0.33,start_transient,-1
34,0.34,start_transient,-1
35,0.35,start_transient,-1
36,0.36,start_transient,-1
37,0.37,start_transient,-1
38,0.38,start_transient,-1
39,0.39,start_transient,-1
40,0.4,start_transient,-1
41,0.41,start_transient,-1
42,0.42,start_transient,-1
43,0.43,start_transient,-1
44,0.44,start_transient,-1
45,0.45,start_transient,-1
46,0.46,start_transient,-1
47,0.47,start_transient,-1
48,0.48,start_transient,-1
49,0.49,start_transient,-1
50,0.5,start_transient,-1
51,0.51,start_transient,-1
52,0.52,start_transient,-1
53,0.53,start_transient,-1
54,0.54,start_transient,-1
55,0.55,start_transient,-1
56,0.56,start_transient,-1
57,0.57,start_transient,-1
58,0.58,start_transient,-1
59,0.59,start_transient,-1
60,0.6,start_transient,-1
61,0.61,start_transient,-1
62,0.62,start_transient,-1
63,0.63,start_transient,-1
64,0.64,start_transient,-1
65,0.65,start_transient,-1
66,0.66,start_transient,-1
67,0.67,start_transient,-1
68,0.68,start_transient,-1
69,0.69,start_transient,-1
70,0.7,start_transient,-1
71,0.71,start_transient,-1
72,0.72,start_transient,-1
73,0.73,start_transient,-1
74,0.74,start_transient,-1
75,0.75,start_transient,-1
76,0.76,start_transient,-1
77,0.77,start_transient,-1
78,0.78,start_transient,-1
79,0.79,start_transient,-1
80,0.8,start_transient,-1
81,0.81,start_transient,-1
82,0.82,start_transient,-1
83,0.83,start_transient,-1
84,0.84,start_transient,-1
85,0.85,start_transient,-1
86,0.86,start_transient,-1
87,0.87,start_transient,-1
88,0.88,start_transient,-1
89,0.89,start_transient,-1
90,0.9,start_transient,-1
91,0.91,start_transient,-1
92,0.92,start_transient,-1
93,0.93,start_transient,-1
94,0.94,start_transient,-1
95,0.95,start_transient,-1
96,0.96,start_transient,-1
97,0.97,start_transient,-1
98,0.98,start_transient,-1
99,0.99,start_transient,-1
100,1.0,start_transient,-1
101,1.01,start_transient,-1
102,1.02,start_transient,-1
103,1.03,start_transient,-1
104,1.04,start_transient,-1
105,1.05,start_transient,-1
106,1.06,start_transient,-1
107,1.07,start_transient,-1
108,1.08,start_transient,-1
109,1.09,start_transient,-1
110,1.1,start_transient,-1
111,1.11,start_transient,-1
112,1.12,start_transient,-1
113,1.13,start_transient,-1
114,1.14,start_transient,-1
115,1.15,start_transient,-1
116,1.16,start_transient,-1
117,1.17,start_transient,-1
118,1.18,start_transient,-1
119,1.19,start_transient,-1
120,1.2,start_transient,-1
121,1.21,start_transient,-1
122,1.22,start_transient,-1
123,1.23,start_transient,-1
124,1.24,start_transient,-1
125,1.25,start_transient,-1
126,1.26,start_transient,-1
127,1.27,start_transient,-1
128,1.28,start_transient,-1
129,1.29,start_transient,-1
130,1.3,start_transient,-1
131,1.31,start_transient,-1
132,1.32,start_transient,-1
133,1.33,start_transient,-1
134,1.34,start_transient,-1
135,1.35,start_transient,-1
136,1.36,start_transient,-1
137,1.37,start_transient,-1
138,1.38,start_transient,-1
139,1.39,start_transient,-1
140,1.4,start_transient,-1
141,1.41,start_transient,-1
142,1.42,start_transient,-1
143,1.43,start_transient,-1
144,1.44,start_transient,-1
145,1.45,start_transient,-1
146,1.46,start_transient,-1
147,1.47,start_transient,-1
148,1.48,start_transient,-1
149,1.49,start_transient,-1
150,1.5,start_transient,-1
151,1.51,start_transient,-1
152,1.52,start_transient,-1
153,1.53,start_transient,-1
154,1.54,start_transient,-1
155,1.55,start_transient,-1
156,1.56,start_transient,-1
157,1.57,start_transient,-1
158,1.58,start_transient,-1
159,1.59,start_transient,-1
160,1.6,start_transient,-1
161,1.61,start_transient,-1
162,1.62,start_transient,-1
163,1.63,start_transient,-1
164,1.64,start_transient,-1
165,1.65,start_transient,-1
166,1.66,start_transient,-1
167,1.67,start_transient,-1
168,1.68,start_transient,-1
169,1.69,start_transient,-1
170,1.7,start_transient,-1
171,1.71,start_transient,-1
172,1.72,start_transient,-1
173,1.73,start_transient,-1
174,1.74,start_transient,-1
175,1.75,start_transient,-1
176,1.76,start_transient,-1
177,1.77,start_transient,-1
178,1.78,start_transient,-1
179,1.79,start_transient,-1
180,1.8,start_transient,-1
181,1.81,start_transient,-1
182,1.82,start_transient,-1
183,1.83,start_transient,-1
184,1.84,start_transient,-1
185,1.85,start_transient,-1
186,1.86,start_transient,-1
187,1.87,start_transient,-1
188,1.88,start_transient,-1
189,1.89,start_transient,-1
190,1.9,start_transient,-1
191,1.91,start_transient,-1
192,1.92,start_transient,-1
193,1.93,start_transient,-1
194,1.94,start_transient,-1
195,1.95,start_transient,-1
196,1.96,start_transient,-1
197,1.97,start_transient,-1
198,1.98,start_transient,-1
199,1.99,start_transient,-1
200,2.0,start_transient,-1
201,2.01,start_transient,-1
202,2.02,start_transient,-1
203,2.03,start_transient,-1
204,2.04,start_transient,-1
205,2.05,start_transient,-1
206,2.06,start_transient,-1
207,2.07,start_transient,-1
208,2.08,start_transient,-1
209,2.09,start_transient,-1
210,2.1,start_transient,-1
211,2.11,start_transient,-1
212,2.12,start_transient,-1
213,2.13,start_transient,-1
214,2.14,start_transient,-1
215,2.15,start_transient,-1
216,2.16,start_transient,-1
217,2.17,start_transient,-1
218,2.18,start_transient,-1
219,2.19,start_transient,-1
220,2.2,start_transient,-1
221,2.21,start_transient,-1
222,2.22,start_transient,-1
223,2.23,start_transient,-1
224,2.24,start_transient,-1
225,2.25,start_transient,-1
226,2.26,start_transient,-1
227,2.27,start_transient,-1
228,2.28,start_transient,-1
229,2.29,start_transient,-1
230,2.3,start_transient,-1
231,2.31,start_transient,-1
232,2.32,start_transient,-1
233,2.33,start_transient,-1
234,2.34,start_transient,-1
235,2.35,start_transient,-1
236,2.36,start_transient,-1
237,2.37,start_transient,-1
238,2.38,start_transient,-1
239,2.39,start_transient,-1
240,2.4,start_transient,-1
241,2.41,start_transient,-1
242,2.42,start_transient,-1
243,2.43,start_transient,-1
244,2.44,start_transient,-1
245,2.45,start_transient,-1
246,2.46,start_transient,-1
247,2.47,start_transient,-1
248,2.48,start_transient,-1
249,2.49,start_transient,-1
250,2.5,start_transient,-1
251,2.51,start_transient,-1
252,2.52,start_transient,-1
253,2.53,start_transient,-1
254,2.54,start_transient,-1
255,2.55,start_transient,-1
256,2.56,start_transient,-1
257,2.57,start_transient,-1
258,2.58,start_transient,-1
259,2.59,start_transient,-1
260,2.6,start_transient,-1
261,2.61,start_transient,-1
262,2.62,start_transient,-1
263,2.63,start_transient,-1
264,2.64,start_transient,-1
265,2.65,start_transient,-1
266,2.66,start_transient,-1
267,2.67,start_transient,-1
268,2.68,start_transient,-1
269,2.69,start_transient,-1
270,2.7,start_transient,-1
271,2.71,start_transient,-1
272,2.72,start_transient,-1
273,2.73,start_transient,-1
274,2.74,start_transient,-1
275,2.75,start_transient,-1
276,2.76,start_transient,-1
277,2.77,start_transient,-1
278,2.78,start_transient,-1
279,2.79,start_transient,-1
280,2.8,start_transient,-1
281,2.81,start_transient,-1
282,2.82,start_transient,-1
283,2.83,start_transient,-1
284,2.84,start_transient,-1
285,2.85,start_transient,-1
286,2.86,start_transient,-1
287,2.87,start_transient,-1
288,2.88,start_transient,-1
289,2.89,start_transient,-1
290,2.9,start_transient,-1
291,2.91,start_transient,-1
292,2.92,start_transient,-1
293,2.93,start_transient,-1
294,2.94,start_transient,-1
295,2.95,start_transient,-1
296,2.96,start_transient,-1
297,2.97,start_transient,-1
298,2.98,start_transient,-1
299,2.99,start_transient,-1
300,3.0,start_transient,-1
301,3.01,start_transient,-1
302,3.02,start_transient,-1
303,3.03,start_transient,-1
304,3.04,start_transient,-1
305,3.05,start_transient,-1
306,3.06,start_transient,-1
307,3.07,start_transient,-1
308,3.08,start_transient,-1
309,3.09,start_transient,-1
310,3.1,start_transient,-1
311,3.11,start_transient,-1
312,3.12,start_transient,-1
313,3.13,start_transient,-1
314,3.14,start_transient,-1
315,3.15,start_transient,-1
316,3.16,start_transient,-1
317,3.17,start_transient,-1
318,3.18,start_transient,-1
319,3.19,start_transient,-1
320,3.2,start_transient,-1
321,3.21,start_transient,-1
322,3.22,start_transient,-1
323,3.23,start_transient,-1
324,3.24,start_transient,-1
325,3.25,start_transient,-1
326,3.26,start_transient,-1
327,3.27,start_transient,-1
328,3.28,start_transient,-1
329,3.29,start_transient,-1
330,3.3,periodic,-1
331,3.31,periodic,-1
332,3.32,periodic,-1
333,3.33,periodic,-1
334,3.34,periodic,-1
335,3.35,periodic,-1
336,3.36,periodic,-1
337,3.37,periodic,-1
338,3.38,periodic,-1
339,3.39,periodic,-1
340,3.4,periodic,-1
341,3.41,periodic,-1
342,3.42,periodic,-1
343,3.43,periodic,-1
344,3.44,periodic,-1
345,3.45,periodic,-1
346,3.46,periodic,-1
347,3.47,periodic,-1
348,3.48,periodic,-1
349,3.49,periodic,-1
350,3.5,periodic,-1
351,3.51,periodic,-1
352,3.52,periodic,-1
353,3.53,periodic,-1
354,3.54,periodic,-1
355,3.55,periodic,-1
356,3.56,periodic,-1
357,3.57,periodic,-1
358,3.58,periodic,-1
359,3.59,periodic,-1
360,3.6,periodic,-1
361,3.61,periodic,-1
362,3.62,periodic,-1
363,3.63,periodic,-1
364,3.64,periodic,-1
365,3.65,periodic,-1
366,3.66,periodic,-1
367,3.67,periodic,-1
368,3.68,periodic,-1
369,3.69,periodic,-1
370,3.7,periodic,-1
371,3.71,periodic,-1
372,3.72,periodic,-1
373,3.73,periodic,-1
374,3.74,periodic,-1
375,3.75,periodic,-1
376,3.76,periodic,-1
377,3.77,periodic,-1
378,3.78,periodic,-1
379,3.79,periodic,-1
380,3.8,periodic,-1
381,3.81,periodic,-1
382,3.82,periodic,-1
383,3.83,periodic,-1
384,3.84,periodic,-1
385,3.85,periodic,-1
386,3.86,periodic,-1
387,3.87,periodic,-1
388,3.88,periodic,-1
389,3.89,periodic,-1
390,3.9,periodic,-1
391,3.91,periodic,-1
392,3.92,periodic,-1
393,3.93,periodic,-1
394,3.94,periodic,1
395,3.95,periodic,1
396,3.96,periodic,1
397,3.97,periodic,1
398,3.98,periodic,1
399,3.99,periodic,1
400,4.0,periodic,1
401,4.01,periodic,1
402,4.02,periodic,1
403,4.03,periodic,1
404,4.04,periodic,1
405,4.05,periodic,1
406,4.06,periodic,1
407,4.07,periodic,1
408,4.08,periodic,1
409,4.09,periodic,1
410,4.1,periodic,1
411,4.11,periodic,1
412,4.12,periodic,1
413,4.13,periodic,1
414,4.14,periodic,1
415,4.15,periodic,1
416,4.16,periodic,1
417,4.17,periodic,1
418,4.18,periodic,1
419,4.19,periodic,1
420,4.2,periodic,1
421,4.21,periodic,1
422,4.22,periodic,1
423,4.23,periodic,1
424,4.24,periodic,1
425,4.25,periodic,1
426,4.26,periodic,1
427,4.27,periodic,1
428,4.28,periodic,1
429,4.29,periodic,1
430,4.3,periodic,1
431,4.31,periodic,1
432,4.32,periodic,1
433,4.33,periodic,1
434,4.34,periodic,1
435,4.35,periodic,1
436,4.36,periodic,1
437,4.37,periodic,1
438,4.38,periodic,1
439,4.39,periodic,1
440,4.4,periodic,1
441,4.41,periodic,1
442,4.42,periodic,1
443,4.43,periodic,1
444,4.44,periodic,1
445,4.45,periodic,1
446,4.46,periodic,1
447,4.47,periodic,1
448,4.48,periodic,1
449,4.49,periodic,1
450,4.5,periodic,1
451,4.51,periodic,1
452,4.52,periodic,1
453,4.53,periodic,1
454,4.54,periodic,1
455,4.55,periodic,1
456,4.56,periodic,1
457,4.57,periodic,1
458,4.58,periodic,1
459,4.59,periodic,1
460,4.6,periodic,1
461,4.61,periodic,1
462,4.62,periodic,1
463,4.63,periodic,1
464,4.64,periodic,1
465,4.65,periodic,1
466,4.66,periodic,1
467,4.67,periodic,1
468,4.68,periodic,1
469,4.69,periodic,1
470,4.7,periodic,1
471,4.71,periodic,1
472,4.72,periodic,1
473,4.73,periodic,1
474,4.74,periodic,1
475,4.75,periodic,1
476,4.76,periodic,1
477,4.77,periodic,1
478,4.78,periodic,1
479,4.79,periodic,1
480,4.8,periodic,1
481,4.81,periodic,1
482,4.82,periodic,1
483,4.83,periodic,1
484,4.84,periodic,1
485,4.85,periodic,1
486,4.86,periodic,1
487,4.87,periodic,1
488,4.88,periodic,1
489,4.89,periodic,1
490,4.9,periodic,1
491,4.91,periodic,1
492,4.92,periodic,1
493,4.93,periodic,1
494,4.94,periodic,1
495,4.95,periodic,1
496,4.96,periodic,1
497,4.97,periodic,1
498,4.98,periodic,1
499,4.99,periodic,1
500,5.0,periodic,1
501,5.01,periodic,1
502,5.02,periodic,1
503,5.03,periodic,1
504,5.04,periodic,1
505,5.05,periodic,1
506,5.06,periodic,1
507,5.07,periodic,1
508,5.08,periodic,1
509,5.09,periodic,1
510,5.1,periodic,1
511,5.11,periodic,1
512,5.12,periodic,1
513,5.13,periodic,1
514,5.14,periodic,1
515,5.15,periodic,1
516,5.16,periodic,1
517,5.17,periodic,1
518,5.18,periodic,1
519,5.19,periodic,1
520,5.2,periodic,2
521,5.21,periodic,2
522,5.22,periodic,2
523,5.23,periodic,2
524,5.24,periodic,2
525,5.25,periodic,2
526,5.26,periodic,2
527,5.27,periodic,2
528,5.28,periodic,2
529,5.29,periodic,2
530,5.3,periodic,2
531,5.31,periodic,2
532,5.32,periodic,2
533,5.33,periodic,2
534,5.34,periodic,2
535,5.35,periodic,2
536,5.36,periodic,2
537,5.37,periodic,2
538,5.38,periodic,2
539,5.39,periodic,2
540,5.4,periodic,2
541,5.41,periodic,2
542,5.42,periodic,2
543,5.43,periodic,2
544,5.44,periodic,2
545,5.45,periodic,2
546,5.46,periodic,2
547,5.47,periodic,2
548,5.48,periodic,2
549,5.49,periodic,2
550,5.5,periodic,2
551,5.51,periodic,2
552,5.52,periodic,2
553,5.53,periodic,2
554,5.54,periodic,2
555,5.55,periodic,2
556,5.56,periodic,2
557,5.57,periodic,2
558,5.58,periodic,2
559,5.59,periodic,2
560,5.6,periodic,2
561,5.61,periodic,2
562,5.62,periodic,2
563,5.63,periodic,2
564,5.64,periodic,2
565,5.65,periodic,2
566,5.66,periodic,2
567,5.67,periodic,2
568,5.68,periodic,2
569,5.69,periodic,2
570,5.7,periodic,2
571,5.71,periodic,2
572,5.72,periodic,2
573,5.73,periodic,2
574,5.74,periodic,2
575,5.75,periodic,2
576,5.76,periodic,2
577,5.77,periodic,2
578,5.78,periodic,2
579,5.79,periodic,2
580,5.8,periodic,2
581,5.81,periodic,2
582,5.82,periodic,2
583,5.83,periodic,2
584,5.84,periodic,2
585,5.85,periodic,2
586,5.86,periodic,2
587,5.87,periodic,2
588,5.88,periodic,2
589,5.89,periodic,2
590,5.9,periodic,2
591,5.91,periodic,2
592,5.92,periodic,2
593,5.93,periodic,2
594,5.94,periodic,2
595,5.95,periodic,2
596,5.96,periodic,2
597,5.97,periodic,2
598,5.98,periodic,2
599,5.99,periodic,2
600,6.0,periodic,2
601,6.01,periodic,2
602,6.02,periodic,2
603,6.03,periodic,2
604,6.04,periodic,2
605,6.05,periodic,2
606,6.06,periodic,2
607,6.07,periodic,2
608,6.08,periodic,2
609,6.09,periodic,2
610,6.1,periodic,2
611,6.11,periodic,2
612,6.12,periodic,2
613,6.13,periodic,2
614,6.14,periodic,2
615,6.15,periodic,2
616,6.16,periodic,2
617,6.17,periodic,2
618,6.18,periodic,2
619,6.19,periodic,2
620,6.2,periodic,2
621,6.21,periodic,2
622,6.22,periodic,2
623,6.23,periodic,2
624,6.24,periodic,2
625,6.25,periodic,2
626,6.26,periodic,2
627,6.27,periodic,2
628,6.28,periodic,2
629,6.29,periodic,2
630,6.3,periodic,2
631,6.31,periodic,2
632,6.32,periodic,2
633,6.33,periodic,2
634,6.34,periodic,2
635,6.35,periodic,2
636,6.36,periodic,2
637,6.37,periodic,2
638,6.38,periodic,2
639,6.39,periodic,2
640,6.4,periodic,3
641,6.41,periodic,3
642,6.42,periodic,3
643,6.43,periodic,3
644,6.44,periodic,3
645,6.45,periodic,3
646,6.46,periodic,3
647,6.47,periodic,3
648,6.48,periodic,3
649,6.49,periodic,3
650,6.5,periodic,3
651,6.51,periodic,3
652,6.52,periodic,3
653,6.53,periodic,3
654,6.54,periodic,3
655,6.55,periodic,3
656,6.56,periodic,3
657,6.57,periodic,3
658,6.58,periodic,3
659,6.59,periodic,3
660,6.6,periodic,3
661,6.61,periodic,3
662,6.62,periodic,3
663,6.63,periodic,3
664,6.64,periodic,3
665,6.65,periodic,3
666,6.66,periodic,3
667,6.67,periodic,3
668,6.68,periodic,3
669,6.69,periodic,3
670,6.7,periodic,3
671,6.71,periodic,3
672,6.72,periodic,3
673,6.73,periodic,3
674,6.74,periodic,3
675,6.75,periodic,3
676,6.76,periodic,3
677,6.77,periodic,3
678,6.78,periodic,3
679,6.79,periodic,3
680,6.8,periodic,3
681,6.81,periodic,3
682,6.82,periodic,3
683,6.83,periodic,3
684,6.84,periodic,3
685,6.85,periodic,3
686,6.86,periodic,3
687,6.87,periodic,3
688,6.88,periodic,3
689,6.89,periodic,3
690,6.9,periodic,3
691,6.91,periodic,3
692,6.92,periodic,3
693,6.93,periodic,3
694,6.94,periodic,3
695,6.95,periodic,3
696,6.96,periodic,3
697,6.97,periodic,3
698,6.98,periodic,3
699,6.99,periodic,3
700,7.0,periodic,3
701,7.01,periodic,3
702,7.02,periodic,3
703,7.03,periodic,3
704,7.04,periodic,3
705,7.05,periodic,3
706,7.06,periodic,3
707,7.07,periodic,3
708,7.08,periodic,3
709,7.09,periodic,3
710,7.1,periodic,3
711,7.11,periodic,3
712,7.12,periodic,3
713,7.13,periodic,3
714,7.14,periodic,3
715,7.15,periodic,3
716,7.16,periodic,3
717,7.17,periodic,3
718,7.18,periodic,3
719,7.19,periodic,3
720,7.2,periodic,3
721,7.21,periodic,3
722,7.22,periodic,3
723,7.23,periodic,3
724,7.24,periodic,3
725,7.25,periodic,3
726,7.26,periodic,3
727,7.27,periodic,3
728,7.28,periodic,3
729,7.29,periodic,3
730,7.3,periodic,3
731,7.31,periodic,3
732,7.32,periodic,3
733,7.33,periodic,3
734,7.34,periodic,3
735,7.35,periodic,3
736,7.36,periodic,3
737,7.37,periodic,3
738,7.38,periodic,3
739,7.39,periodic,3
740,7.4,periodic,3
741,7.41,periodic,3
742,7.42,periodic,3
743,7.43,periodic,3
744,7.44,periodic,3
745,7.45,periodic,3
746,7.46,periodic,3
747,7.47,periodic,3
748,7.48,periodic,3
749,7.49,periodic,3
750,7.5,periodic,3
751,7.51,periodic,3
752,7.52,periodic,3
753,7.53,periodic,3
754,7.54,periodic,4
755,7.55,periodic,4
756,7.56,periodic,4
757,7.57,periodic,4
758,7.58,periodic,4
759,7.59,periodic,4
760,7.6,periodic,4
761,7.61,periodic,4
762,7.62,periodic,4
763,7.63,periodic,4
764,7.64,periodic,4
765,7.65,periodic,4
766,7.66,periodic,4
767,7.67,periodic,4
768,7.68,periodic,4
769,7.69,periodic,4
770,7.7,periodic,4
771,7.71,periodic,4
772,7.72,periodic,4
773,7.73,periodic,4
774,7.74,periodic,4
775,7.75,periodic,4
776,7.76,periodic,4
777,7.77,periodic,4
778,7.78,periodic,4
779,7.79,periodic,4
780,7.8,periodic,4
781,7.81,periodic,4
782,7.82,periodic,4
783,7.83,periodic,4
784,7.84,periodic,4
785,7.85,periodic,4
786,7.86,periodic,4
787,7.87,periodic,4
788,7.88,periodic,4
789,7.89,periodic,4
790,7.9,periodic,4
791,7.91,periodic,4
792,7.92,periodic,4
793,7.93,periodic,4
794,7.94,periodic,4
795,7.95,periodic,4
796,7.96,periodic,4
797,7.97,periodic,4
798,7.98,periodic,4
799,7.99,periodic,4
800,8.0,periodic,4
801,8.01,periodic,4
802,8.02,periodic,4
803,8.03,periodic,4
804,8.04,periodic,4
805,8.05,periodic,4
806,8.06,periodic,4
807,8.07,periodic,4
808,8.08,periodic,4
809,8.09,periodic,4
810,8.1,periodic,4
811,8.11,periodic,4
812,8.12,periodic,4
813,8.13,periodic,4
814,8.14,periodic,4
815,8.15,periodic,4
816,8.16,periodic,4
817,8.17,periodic,4
818,8.18,periodic,4
819,8.19,periodic,4
820,8.2,periodic,4
821,8.21,periodic,4
822,8.22,periodic,4
823,8.23,periodic,4
824,8.24,periodic,4
825,8.25,periodic,4
826,8.26,periodic,4
827,8.27,periodic,4
828,8.28,periodic,4
829,8.29,periodic,4
830,8.3,periodic,4
831,8.31,periodic,4
832,8.32,periodic,4
833,8.33,periodic,4
834,8.34,periodic,4
835,8.35,periodic,4
836,8.36,periodic,4
837,8.37,periodic,4
838,8.38,periodic,4
839,8.39,periodic,4
840,8.4,periodic,4
841,8.41,periodic,4
842,8.42,periodic,4
843,8.43,periodic,4
844,8.44,periodic,4
845,8.45,periodic,4
846,8.46,periodic,4
847,8.47,periodic,4
848,8.48,periodic,4
849,8.49,periodic,4
850,8.5,periodic,4
851,8.51,periodic,4
852,8.52,periodic,4
853,8.53,periodic,4
854,8.54,periodic,4
855,8.55,periodic,4
856,8.56,periodic,4
857,8.57,periodic,4
858,8.58,periodic,4
859,8.59,periodic,4
860,8.6,periodic,4
861,8.61,periodic,4
862,8.62,periodic,4
863,8.63,periodic,4
864,8.64,periodic,4
865,8.65,periodic,4
866,8.66,periodic,4
867,8.67,periodic,4
868,8.68,periodic,4
869,8.69,periodic,5
870,8.7,periodic,5
871,8.71,periodic,5
872,8.72,periodic,5
873,8.73,periodic,5
874,8.74,periodic,5
875,8.75,periodic,5
876,8.76,periodic,5
877,8.77,periodic,5
878,8.78,periodic,5
879,8.79,periodic,5
880,8.8,periodic,5
881,8.81,periodic,5
882,8.82,periodic,5
883,8.83,periodic,5
884,8.84,periodic,5
885,8.85,periodic,5
886,8.86,periodic,5
887,8.87,periodic,5
888,8.88,periodic,5
889,8.89,periodic,5
890,8.9,periodic,5
891,8.91,periodic,5
892,8.92,periodic,5
893,8.93,periodic,5
894,8.94,periodic,5
895,8.95,periodic,5
896,8.96,periodic,5
897,8.97,periodic,5
898,8.98,periodic,5
899,8.99,periodic,5
900,9.0,periodic,5
901,9.01,periodic,5
902,9.02,periodic,5
903,9.03,periodic,5
904,9.04,periodic,5
905,9.05,periodic,5
906,9.06,periodic,5
907,9.07,periodic,5
908,9.08,periodic,5
909,9.09,periodic,5
910,9.1,periodic,5
911,9.11,periodic,5
912,9.12,periodic,5
913,9.13,periodic,5
914,9.14,periodic,5
915,9.15,periodic,5
916,9.16,periodic,5
917,9.17,periodic,5
918,9.18,periodic,5
919,9.19,periodic,5
920,9.2,periodic,5
921,9.21,periodic,5
922,9.22,periodic,5
923,9.23,periodic,5
924,9.24,periodic,5
925,9.25,periodic,5
926,9.26,periodic,5
927,9.27,periodic,5
928,9.28,periodic,5
929,9.29,periodic,5
930,9.3,periodic,5
931,9.31,periodic,5
932,9.32,periodic,5
933,9.33,periodic,5
934,9.34,periodic,5
935,9.35,periodic,5
936,9.36,periodic,5
937,9.37,periodic,5
938,9.38,periodic,5
939,9.39,periodic,5
940,9.4,periodic,5
941,9.41,periodic,5
942,9.42,periodic,5
943,9.43,periodic,5
944,9.44,periodic,5
945,9.45,periodic,5
946,9.46,periodic,5
947,9.47,periodic,5
948,9.48,periodic,5
949,9.49,periodic,5
950,9.5,periodic,5
951,9.51,periodic,5
952,9.52,periodic,5
953,9.53,periodic,5
954,9.54,periodic,5
955,9.55,periodic,5
956,9.56,periodic,5
957,9.57,periodic,5
958,9.58,periodic,5
959,9.59,periodic,5
960,9.6,periodic,5
961,9.61,periodic,5
962,9.62,periodic,5
963,9.63,periodic,5
964,9.64,periodic,5
965,9.65,periodic,5
966,9.66,periodic,5
967,9.67,periodic,5
968,9.68,periodic,5
969,9.69,periodic,5
970,9.7,periodic,5
971,9.71,periodic,5
972,9.72,periodic,5
973,9.73,periodic,5
974,9.74,periodic,5
975,9.75,periodic,5
976,9.76,periodic,5
977,9.77,periodic,5
978,9.78,periodic,5
979,9.79,periodic,5
980,9.8,periodic,5
981,9.81,periodic,5
982,9.82,periodic,5
983,9.83,periodic,6
984,9.84,periodic,6
985,9.85,periodic,6
986,9.86,periodic,6
987,9.87,periodic,6
988,9.88,periodic,6
989,9.89,periodic,6
990,9.9,periodic,6
991,9.91,periodic,6
992,9.92,periodic,6
993,9.93,periodic,6
994,9.94,periodic,6
995,9.95,periodic,6
996,9.96,periodic,6
997,9.97,periodic,6
998,9.98,periodic,6
999,9.99,periodic,6
1000,10.0,periodic,6
1001,10.01,periodic,6
1002,10.02,periodic,6
1003,10.03,periodic,6
1004,10.04,periodic,6
1005,10.05,periodic,6
1006,10.06,periodic,6
1007,10.07,periodic,6
1008,10.08,periodic,6
1009,10.09,periodic,6
1010,10.1,periodic,6
1011,10.11,periodic,6
1012,10.12,periodic,6
1013,10.13,periodic,6
1014,10.14,periodic,6
1015,10.15,periodic,6
1016,10.16,periodic,6
1017,10.17,periodic,6
1018,10.18,periodic,6
1019,10.19,periodic,6
1020,10.2,periodic,6
1021,10.21,periodic,6
1022,10.22,periodic,6
1023,10.23,periodic,6
1024,10.24,periodic,6
1025,10.25,periodic,6
1026,10.26,periodic,6
1027,10.27,periodic,6
1028,10.28,periodic,6
1029,10.29,periodic,6
1030,10.3,periodic,6
1031,10.31,periodic,6
1032,10.32,periodic,6
1033,10.33,periodic,6
1034,10.34,periodic,6
1035,10.35,periodic,6
1036,10.36,periodic,6
1037,10.37,periodic,6
1038,10.38,periodic,6
1039,10.39,periodic,6
1040,10.4,periodic,6
1041,10.41,periodic,6
1042,10.42,periodic,6
1043,10.43,periodic,6
1044,10.44,periodic,6
1045,10.45,periodic,6
1046,10.46,periodic,6
1047,10.47,periodic,6
1048,10.48,periodic,6
1049,10.49,periodic,6
1050,10.5,periodic,6
1051,10.51,periodic,6
1052,10.52,periodic,6
1053,10.53,periodic,6
1054,10.54,periodic,6
1055,10.55,periodic,6
1056,10.56,periodic,6
1057,10.57,periodic,6
1058,10.58,periodic,6
1059,10.59,periodic,6
1060,10.6,periodic,6
1061,10.61,periodic,6
1062,10.62,periodic,6
1063,10.63,periodic,6
1064,10.64,periodic,6
1065,10.65,periodic,6
1066,10.66,periodic,6
1067,10.67,periodic,6
1068,10.68,periodic,6
1069,10.69,periodic,6
1070,10.7,periodic,6
1071,10.71,periodic,6
1072,10.72,periodic,6
1073,10.73,periodic,6
1074,10.74,periodic,6
1075,10.75,periodic,6
1076,10.76,periodic,6
1077,10.77,periodic,6
1078,10.78,periodic,6
1079,10.79,periodic,6
1080,10.8,periodic,6
1081,10.81,periodic,6
1082,10.82,periodic,6
1083,10.83,periodic,6
1084,10.84,periodic,6
1085,10.85,periodic,6
1086,10.86,periodic,6
1087,10.87,periodic,6
1088,10.88,periodic,6
1089,10.89,periodic,6
1090,10.9,periodic,6
1091,10.91,periodic,6
1092,10.92,periodic,6
1093,10.93,periodic,6
1094,10.94,periodic,6
1095,10.95,periodic,6
1096,10.96,periodic,6
1097,10.97,periodic,7
1098,10.98,periodic,7
1099,10.99,periodic,7
1100,11.0,periodic,7
1101,11.01,periodic,7
1102,11.02,periodic,7
1103,11.03,periodic,7
1104,11.04,periodic,7
1105,11.05,periodic,7
1106,11.06,periodic,7
1107,11.07,periodic,7
1108,11.08,periodic,7
1109,11.09,periodic,7
1110,11.1,periodic,7
1111,11.11,periodic,7
1112,11.12,periodic,7
1113,11.13,periodic,7
1114,11.14,periodic,7
1115,11.15,periodic,7
1116,11.16,periodic,7
1117,11.17,periodic,7
1118,11.18,periodic,7
1119,11.19,periodic,7
1120,11.2,periodic,7
1121,11.21,periodic,7
1122,11.22,periodic,7
1123,11.23,periodic,7
1124,11.24,periodic,7
1125,11.25,periodic,7
1126,11.26,periodic,7
1127,11.27,periodic,7
1128,11.28,periodic,7
1129,11.29,periodic,7
1130,11.3,periodic,7
1131,11.31,periodic,7
1132,11.32,periodic,7
1133,11.33,periodic,7
1134,11.34,periodic,7
1135,11.35,periodic,7
1136,11.36,periodic,7
1137,11.37,periodic,7
1138,11.38,periodic,7
1139,11.39,periodic,7
1140,11.4,periodic,7
1141,11.41,periodic,7
1142,11.42,periodic,7
1143,11.43,periodic,7
1144,11.44,periodic,7
1145,11.45,periodic,7
1146,11.46,periodic,7
1147,11.47,periodic,7
1148,11.48,periodic,7
1149,11.49,periodic,7
1150,11.5,periodic,7
1151,11.51,periodic,7
1152,11.52,periodic,7
1153,11.53,periodic,7
1154,11.54,periodic,7
1155,11.55,periodic,7
1156,11.56,periodic,7
1157,11.57,periodic,7
1158,11.58,periodic,7
1159,11.59,periodic,7
1160,11.6,periodic,7
1161,11.61,periodic,7
1162,11.62,periodic,7
1163,11.63,periodic,7
1164,11.64,periodic,7
1165,11.65,periodic,7
1166,11.66,periodic,7
1167,11.67,periodic,7
1168,11.68,periodic,7
1169,11.69,periodic,7
1170,11.7,periodic,7
1171,11.71,periodic,7
1172,11.72,periodic,7
1173,11.73,periodic,7
1174,11.74,periodic,7
1175,11.75,periodic,7
1176,11.76,periodic,7
1177,11.77,periodic,7
1178,11.78,periodic,7
1179,11.79,periodic,7
1180,11.8,periodic,7
1181,11.81,periodic,7
1182,11.82,periodic,7
1183,11.83,periodic,7
1184,11.84,periodic,7
1185,11.85,periodic,7
1186,11.86,periodic,7
1187,11.87,periodic,7
1188,11.88,periodic,7
1189,11.89,periodic,7
1190,11.9,periodic,7
1191,11.91,periodic,7
1192,11.92,periodic,7
1193,11.93,periodic,7
1194,11.94,periodic,7
1195,11.95,periodic,7
1196,11.96,periodic,7
1197,11.97,periodic,7
1198,11.98,periodic,7
1199,11.99,periodic,7
1200,12.0,periodic,7
1201,12.01,periodic,7
1202,12.02,periodic,7
1203,12.03,periodic,7
1204,12.04,periodic,7
1205,12.05,periodic,7
1206,12.06,periodic,7
1207,12.07,periodic,7
1208,12.08,periodic,7
1209,12.09,periodic,7
1210,12.1,periodic,8
1211,12.11,periodic,8
1212,12.12,periodic,8
1213,12.13,periodic,8
1214,12.14,periodic,8
1215,12.15,periodic,8
1216,12.16,periodic,8
1217,12.17,periodic,8
1218,12.18,periodic,8
1219,12.19,periodic,8
1220,12.2,periodic,8
1221,12.21,periodic,8
1222,12.22,periodic,8
1223,12.23,periodic,8
1224,12.24,periodic,8
1225,12.25,periodic,8
1226,12.26,periodic,8
1227,12.27,periodic,8
1228,12.28,periodic,8
1229,12.29,periodic,8
1230,12.3,periodic,8
1231,12.31,periodic,8
1232,12.32,periodic,8
1233,12.33,periodic,8
1234,12.34,periodic,8
1235,12.35,periodic,8
1236,12.36,periodic,8
1237,12.37,periodic,8
1238,12.38,periodic,8
1239,12.39,periodic,8
1240,12.4,periodic,8
1241,12.41,periodic,8
1242,12.42,periodic,8
1243,12.43,periodic,8
1244,12.44,periodic,8
1245,12.45,periodic,8
1246,12.46,periodic,8
1247,12.47,periodic,8
1248,12.48,periodic,8
1249,12.49,periodic,8
1250,12.5,periodic,8
1251,12.51,periodic,8
1252,12.52,periodic,8
1253,12.53,periodic,8
1254,12.54,periodic,8
1255,12.55,periodic,8
1256,12.56,periodic,8
1257,12.57,periodic,8
1258,12.58,periodic,8
1259,12.59,periodic,8
1260,12.6,periodic,8
1261,12.61,periodic,8
1262,12.62,periodic,8
1263,12.63,periodic,8
1264,12.64,periodic,8
1265,12.65,periodic,8
1266,12.66,periodic,8
1267,12.67,periodic,8
1268,12.68,periodic,8
1269,12.69,periodic,8
1270,12.7,periodic,8
1271,12.71,periodic,8
1272,12.72,periodic,8
1273,12.73,periodic,8
1274,12.74,periodic,8
1275,12.75,periodic,8
1276,12.76,periodic,8
1277,12.77,periodic,8
1278,12.78,periodic,8
1279,12.79,periodic,8
1280,12.8,periodic,8
1281,12.81,periodic,8
1282,12.82,periodic,8
1283,12.83,periodic,8
1284,12.84,periodic,8
1285,12.85,periodic,8
1286,12.86,periodic,8
1287,12.87,periodic,8
1288,12.88,periodic,8
1289,12.89,periodic,8
1290,12.9,periodic,8
1291,12.91,periodic,8
1292,12.92,periodic,8
1293,12.93,periodic,8
1294,12.94,periodic,8
1295,12.95,periodic,8
1296,12.96,periodic,8
1297,12.97,periodic,8
1298,12.98,periodic,8
1299,12.99,periodic,8
1300,13.0,periodic,8
1301,13.01,periodic,8
1302,13.02,periodic,8
1303,13.03,periodic,8
1304,13.04,periodic,8
1305,13.05,periodic,8
1306,13.06,periodic,8
1307,13.07,periodic,8
1308,13.08,periodic,8
1309,13.09,periodic,8
1310,13.1,periodic,8
1311,13.11,periodic,8
1312,13.12,periodic,8
1313,13.13,periodic,8
1314,13.14,periodic,8
1315,13.15,periodic,8
1316,13.16,periodic,8
1317,13.17,periodic,8
1318,13.18,periodic,8
1319,13.19,periodic,8
1320,13.2,periodic,8
1321,13.21,periodic,8
1322,13.22,periodic,8
1323,13.23,periodic,8
1324,13.24,periodic,9
1325,13.25,periodic,9
1326,13.26,periodic,9
1327,13.27,periodic,9
1328,13.28,periodic,9
1329,13.29,periodic,9
1330,13.3,periodic,9
1331,13.31,periodic,9
1332,13.32,periodic,9
1333,13.33,periodic,9
1334,13.34,periodic,9
1335,13.35,periodic,9
1336,13.36,periodic,9
1337,13.37,periodic,9
1338,13.38,periodic,9
1339,13.39,periodic,9
1340,13.4,periodic,9
1341,13.41,periodic,9
1342,13.42,periodic,9
1343,13.43,periodic,9
1344,13.44,periodic,9
1345,13.45,periodic,9
1346,13.46,periodic,9
1347,13.47,periodic,9
1348,13.48,periodic,9
1349,13.49,periodic,9
1350,13.5,periodic,9
1351,13.51,periodic,9
1352,13.52,periodic,9
1353,13.53,periodic,9
1354,13.54,periodic,9
1355,13.55,periodic,9
1356,13.56,periodic,9
1357,13.57,periodic,9
1358,13.58,periodic,9
1359,13.59,periodic,9
1360,13.6,periodic,9
1361,13.61,periodic,9
1362,13.62,periodic,9
1363,13.63,periodic,9
1364,13.64,periodic,9
1365,13.65,periodic,9
1366,13.66,periodic,9
1367,13.67,periodic,9
1368,13.68,periodic,9
1369,13.69,periodic,9
1370,13.7,periodic,9
1371,13.71,periodic,9
1372,13.72,periodic,9
1373,13.73,periodic,9
1374,13.74,periodic,9
1375,13.75,periodic,9
1376,13.76,periodic,9
1377,13.77,periodic,9
1378,13.78,periodic,9
1379,13.79,periodic,9
1380,13.8,periodic,9
1381,13.81,periodic,9
1382,13.82,periodic,9
1383,13.83,periodic,9
1384,13.84,periodic,9
1385,13.85,periodic,9
1386,13.86,periodic,9
1387,13.87,periodic,9
1388,13.88,periodic,9
1389,13.89,periodic,9
1390,13.9,periodic,9
1391,13.91,periodic,9
1392,13.92,periodic,9
1393,13.93,periodic,9
1394,13.94,periodic,9
1395,13.95,periodic,9
1396,13.96,periodic,9
1397,13.97,periodic,9
1398,13.98,periodic,9
1399,13.99,periodic,9
1400,14.0,periodic,9
1401,14.01,periodic,9
1402,14.02,periodic,9
1403,14.03,periodic,9
1404,14.04,periodic,9
1405,14.05,periodic,9
1406,14.06,periodic,9
1407,14.07,periodic,9
1408,14.08,periodic,9
1409,14.09,periodic,9
1410,14.1,periodic,9
1411,14.11,periodic,9
1412,14.12,periodic,9
1413,14.13,periodic,9
1414,14.14,periodic,9
1415,14.15,periodic,9
1416,14.16,periodic,9
1417,14.17,periodic,9
1418,14.18,periodic,9
1419,14.19,periodic,9
1420,14.2,periodic,9
1421,14.21,periodic,9
1422,14.22,periodic,9
1423,14.23,periodic,9
1424,14.24,periodic,9
1425,14.25,periodic,9
1426,14.26,periodic,9
1427,14.27,periodic,9
1428,14.28,periodic,9
1429,14.29,periodic,9
1430,14.3,periodic,9
1431,14.31,periodic,9
1432,14.32,periodic,9
1433,14.33,periodic,9
1434,14.34,periodic,9
1435,14.35,periodic,10
1436,14.36,periodic,10
1437,14.37,periodic,10
1438,14.38,periodic,10
1439,14.39,periodic,10
1440,14.4,periodic,10
1441,14.41,periodic,10
1442,14.42,periodic,10
1443,14.43,periodic,10
1444,14.44,periodic,10
1445,14.45,periodic,10
1446,14.46,periodic,10
1447,14.47,periodic,10
1448,14.48,periodic,10
1449,14.49,periodic,10
1450,14.5,periodic,10
1451,14.51,periodic,10
1452,14.52,periodic,10
1453,14.53,periodic,10
1454,14.54,periodic,10
1455,14.55,periodic,10
1456,14.56,periodic,10
1457,14.57,periodic,10
1458,14.58,periodic,10
1459,14.59,periodic,10
1460,14.6,periodic,10
1461,14.61,periodic,10
1462,14.62,periodic,10
1463,14.63,periodic,10
1464,14.64,periodic,10
1465,14.65,periodic,10
1466,14.66,periodic,10
1467,14.67,periodic,10
1468,14.68,periodic,10
1469,14.69,periodic,10
1470,14.7,periodic,10
1471,14.71,periodic,10
1472,14.72,periodic,10
1473,14.73,periodic,10
1474,14.74,periodic,10
1475,14.75,periodic,10
1476,14.76,periodic,10
1477,14.77,periodic,10
1478,14.78,periodic,10
1479,14.79,periodic,10
1480,14.8,periodic,10
1481,14.81,periodic,10
1482,14.82,periodic,10
1483,14.83,periodic,10
1484,14.84,periodic,10
1485,14.85,periodic,10
1486,14.86,periodic,10
1487,14.87,periodic,10
1488,14.88,periodic,10
1489,14.89,periodic,10
1490,14.9,periodic,10
1491,14.91,periodic,10
1492,14.92,periodic,10
1493,14.93,periodic,10
1494,14.94,periodic,10
1495,14.95,periodic,10
1496,14.96,periodic,10
1497,14.97,periodic,10
1498,14.98,periodic,10
1499,14.99,periodic,10
1500,15.0,periodic,10
1501,15.01,periodic,10
1502,15.02,periodic,10
1503,15.03,periodic,10
1504,15.04,periodic,10
1505,15.05,periodic,10
1506,15.06,periodic,10
1507,15.07,periodic,10
1508,15.08,periodic,10
1509,15.09,periodic,10
1510,15.1,periodic,10
1511,15.11,periodic,10
1512,15.12,periodic,10
1513,15.13,periodic,10
1514,15.14,periodic,10
1515,15.15,periodic,10
1516,15.16,periodic,10
1517,15.17,periodic,10
1518,15.18,periodic,10
1519,15.19,periodic,10
1520,15.2,periodic,10
1521,15.21,periodic,10
1522,15.22,periodic,10
1523,15.23,periodic,10
1524,15.24,periodic,10
1525,15.25,periodic,10
1526,15.26,periodic,10
1527,15.27,periodic,10
1528,15.28,periodic,10
1529,15.29,periodic,10
1530,15.3,periodic,10
1531,15.31,periodic,10
1532,15.32,periodic,10
1533,15.33,periodic,10
1534,15.34,periodic,10
1535,15.35,periodic,10
1536,15.36,periodic,10
1537,15.37,periodic,10
1538,15.38,periodic,10
1539,15.39,periodic,10
1540,15.4,periodic,10
1541,15.41,periodic,10
1542,15.42,periodic,10
1543,15.43,periodic,10
1544,15.44,periodic,10
1545,15.45,periodic,10
1546,15.46,periodic,10
1547,15.47,periodic,10
1548,15.48,periodic,10
1549,15.49,periodic,10
1550,15.5,periodic,11
1551,15.51,periodic,11
1552,15.52,periodic,11
1553,15.53,periodic,11
1554,15.54,periodic,11
1555,15.55,periodic,11
1556,15.56,periodic,11
1557,15.57,periodic,11
1558,15.58,periodic,11
1559,15.59,periodic,11
1560,15.6,periodic,11
1561,15.61,periodic,11
1562,15.62,periodic,11
1563,15.63,periodic,11
1564,15.64,periodic,11
1565,15.65,periodic,11
1566,15.66,periodic,11
1567,15.67,periodic,11
1568,15.68,periodic,11
1569,15.69,periodic,11
1570,15.7,periodic,11
1571,15.71,periodic,11
1572,15.72,periodic,11
1573,15.73,periodic,11
1574,15.74,periodic,11
1575,15.75,periodic,11
1576,15.76,periodic,11
1577,15.77,periodic,11
1578,15.78,periodic,11
1579,15.79,periodic,11
1580,15.8,periodic,11
1581,15.81,periodic,11
1582,15.82,periodic,11
1583,15.83,periodic,11
1584,15.84,periodic,11
1585,15.85,periodic,11
1586,15.86,periodic,11
1587,15.87,periodic,11
1588,15.88,periodic,11
1589,15.89,periodic,11
1590,15.9,periodic,11
1591,15.91,periodic,11
1592,15.92,periodic,11
1593,15.93,periodic,11
1594,15.94,periodic,11
1595,15.95,periodic,11
1596,15.96,periodic,11
1597,15.97,periodic,11
1598,15.98,periodic,11
1599,15.99,periodic,11
1600,16.0,periodic,11
1601,16.01,periodic,11
1602,16.02,periodic,11
1603,16.03,periodic,11
1604,16.04,periodic,11
1605,16.05,periodic,11
1606,16.06,periodic,11
1607,16.07,periodic,11
1608,16.08,periodic,11
1609,16.09,periodic,11
1610,16.1,periodic,11
1611,16.11,periodic,11
1612,16.12,periodic,11
1613,16.13,periodic,11
1614,16.14,periodic,11
1615,16.15,periodic,11
1616,16.16,periodic,11
1617,16.17,periodic,11
1618,16.18,periodic,11
1619,16.19,periodic,11
1620,16.2,periodic,11
1621,16.21,periodic,11
1622,16.22,periodic,11
1623,16.23,periodic,11
1624,16.24,periodic,11
1625,16.25,periodic,11
1626,16.26,periodic,11
1627,16.27,periodic,11
1628,16.28,periodic,11
1629,16.29,periodic,11
1630,16.3,periodic,11
1631,16.31,periodic,11
1632,16.32,periodic,11
1633,16.33,periodic,11
1634,16.34,periodic,11
1635,16.35,periodic,11
1636,16.36,periodic,11
1637,16.37,periodic,11
1638,16.38,periodic,11
1639,16.39,periodic,11
1640,16.4,periodic,11
1641,16.41,periodic,11
1642,16.42,periodic,11
1643,16.43,periodic,11
1644,16.44,periodic,11
1645,16.45,periodic,11
1646,16.46,periodic,11
1647,16.47,periodic,11
1648,16.48,periodic,11
1649,16.49,periodic,11
1650,16.5,periodic,11
1651,16.51,periodic,11
1652,16.52,periodic,11
1653,16.53,periodic,11
1654,16.54,periodic,11
1655,16.55,periodic,11
1656,16.56,periodic,11
1657,16.57,periodic,11
1658,16.58,periodic,11
1659,16.59,periodic,11
1660,16.6,periodic,11
1661,16.61,periodic,11
1662,16.62,periodic,11
1663,16.63,periodic,11
1664,16.64,periodic,12
1665,16.65,periodic,12
1666,16.66,periodic,12
1667,16.67,periodic,12
1668,16.68,periodic,12
1669,16.69,periodic,12
1670,16.7,periodic,12
1671,16.71,periodic,12
1672,16.72,periodic,12
1673,16.73,periodic,12
1674,16.74,periodic,12
1675,16.75,periodic,12
1676,16.76,periodic,12
1677,16.77,periodic,12
1678,16.78,periodic,12
1679,16.79,periodic,12
1680,16.8,periodic,12
1681,16.81,periodic,12
1682,16.82,periodic,12
1683,16.83,periodic,12
1684,16.84,periodic,12
1685,16.85,periodic,12
1686,16.86,periodic,12
1687,16.87,periodic,12
1688,16.88,periodic,12
1689,16.89,periodic,12
1690,16.9,periodic,12
1691,16.91,periodic,12
1692,16.92,periodic,12
1693,16.93,periodic,12
1694,16.94,periodic,12
1695,16.95,periodic,12
1696,16.96,periodic,12
1697,16.97,periodic,12
1698,16.98,periodic,12
1699,16.99,periodic,12
1700,17.0,periodic,12
1701,17.01,periodic,12
1702,17.02,periodic,12
1703,17.03,periodic,12
1704,17.04,periodic,12
1705,17.05,periodic,12
1706,17.06,periodic,12
1707,17.07,periodic,12
1708,17.08,periodic,12
1709,17.09,periodic,12
1710,17.1,periodic,12
1711,17.11,periodic,12
1712,17.12,periodic,12
1713,17.13,periodic,12
1714,17.14,periodic,12
1715,17.15,periodic,12
1716,17.16,periodic,12
1717,17.17,periodic,12
1718,17.18,periodic,12
1719,17.19,periodic,12
1720,17.2,periodic,12
1721,17.21,periodic,12
1722,17.22,periodic,12
1723,17.23,periodic,12
1724,17.24,periodic,12
1725,17.25,periodic,12
1726,17.26,periodic,12
1727,17.27,periodic,12
1728,17.28,periodic,12
1729,17.29,periodic,12
1730,17.3,periodic,12
1731,17.31,periodic,12
1732,17.32,periodic,12
1733,17.33,periodic,12
1734,17.34,periodic,12
1735,17.35,periodic,12
1736,17.36,periodic,12
1737,17.37,periodic,12
1738,17.38,periodic,12
1739,17.39,periodic,12
1740,17.4,periodic,12
1741,17.41,periodic,12
1742,17.42,periodic,12
1743,17.43,periodic,12
1744,17.44,periodic,12
1745,17.45,periodic,12
1746,17.46,periodic,12
1747,17.47,periodic,12
1748,17.48,periodic,12
1749,17.49,periodic,12
1750,17.5,periodic,12
1751,17.51,periodic,12
1752,17.52,periodic,12
1753,17.53,periodic,12
1754,17.54,periodic,12
1755,17.55,periodic,12
1756,17.56,periodic,12
1757,17.57,periodic,12
1758,17.58,periodic,12
1759,17.59,periodic,12
1760,17.6,periodic,12
1761,17.61,periodic,12
1762,17.62,periodic,12
1763,17.63,periodic,12
1764,17.64,periodic,12
1765,17.65,periodic,12
1766,17.66,periodic,12
1767,17.67,periodic,12
1768,17.68,periodic,12
1769,17.69,periodic,12
1770,17.7,periodic,12
1771,17.71,periodic,12
1772,17.72,periodic,12
1773,17.73,periodic,12
1774,17.74,periodic,12
1775,17.75,periodic,12
1776,17.76,periodic,12
1777,17.77,periodic,12
1778,17.78,periodic,12
1779,17.79,periodic,13
1780,17.8,periodic,13
1781,17.81,periodic,13
1782,17.82,periodic,13
1783,17.83,periodic,13
1784,17.84,periodic,13
1785,17.85,periodic,13
1786,17.86,periodic,13
1787,17.87,periodic,13
1788,17.88,periodic,13
1789,17.89,periodic,13
1790,17.9,periodic,13
1791,17.91,periodic,13
1792,17.92,periodic,13
1793,17.93,periodic,13
1794,17.94,periodic,13
1795,17.95,periodic,13
1796,17.96,periodic,13
1797,17.97,periodic,13
1798,17.98,periodic,13
1799,17.99,periodic,13
1800,18.0,periodic,13
1801,18.01,periodic,13
1802,18.02,periodic,13
1803,18.03,periodic,13
1804,18.04,periodic,13
1805,18.05,periodic,13
1806,18.06,periodic,13
1807,18.07,periodic,13
1808,18.08,periodic,13
1809,18.09,periodic,13
1810,18.1,periodic,13
1811,18.11,periodic,13
1812,18.12,periodic,13
1813,18.13,periodic,13
1814,18.14,periodic,13
1815,18.15,periodic,13
1816,18.16,periodic,13
1817,18.17,periodic,13
1818,18.18,periodic,13
1819,18.19,periodic,13
1820,18.2,periodic,13
1821,18.21,periodic,13
1822,18.22,periodic,13
1823,18.23,periodic,13
1824,18.24,periodic,13
1825,18.25,periodic,13
1826,18.26,periodic,13
1827,18.27,periodic,13
1828,18.28,periodic,13
1829,18.29,periodic,13
1830,18.3,periodic,13
1831,18.31,periodic,13
1832,18.32,periodic,13
1833,18.33,periodic,13
1834,18.34,periodic,13
1835,18.35,periodic,13
1836,18.36,periodic,13
1837,18.37,periodic,13
1838,18.38,periodic,13
1839,18.39,periodic,13
1840,18.4,periodic,13
1841,18.41,periodic,13
1842,18.42,periodic,13
1843,18.43,periodic,13
1844,18.44,periodic,13
1845,18.45,periodic,13
1846,18.46,periodic,13
1847,18.47,periodic,13
1848,18.48,periodic,13
1849,18.49,periodic,13
1850,18.5,periodic,13
1851,18.51,periodic,13
1852,18.52,periodic,13
1853,18.53,periodic,13
1854,18.54,periodic,13
1855,18.55,periodic,13
1856,18.56,periodic,13
1857,18.57,periodic,13
1858,18.58,periodic,13
1859,18.59,periodic,13
1860,18.6,periodic,13
1861,18.61,periodic,13
1862,18.62,periodic,13
1863,18.63,periodic,13
1864,18.64,periodic,13
1865,18.65,periodic,13
1866,18.66,periodic,13
1867,18.67,periodic,13
1868,18.68,periodic,13
1869,18.69,periodic,13
1870,18.7,periodic,13
1871,18.71,periodic,13
1872,18.72,periodic,13
1873,18.73,periodic,13
1874,18.74,periodic,13
1875,18.75,periodic,13
1876,18.76,periodic,13
1877,18.77,periodic,13
1878,18.78,periodic,13
1879,18.79,periodic,13
1880,18.8,periodic,13
1881,18.81,periodic,13
1882,18.82,periodic,13
1883,18.83,periodic,13
1884,18.84,periodic,13
1885,18.85,periodic,13
1886,18.86,periodic,13
1887,18.87,periodic,13
1888,18.88,periodic,13
1889,18.89,periodic,13
1890,18.9,periodic,13
1891,18.91,periodic,13
1892,18.92,periodic,13
1893,18.93,periodic,13
1894,18.94,periodic,14
1895,18.95,periodic,14
1896,18.96,periodic,14
1897,18.97,periodic,14
1898,18.98,periodic,14
1899,18.99,periodic,14
1900,19.0,periodic,14
1901,19.01,periodic,14
1902,19.02,periodic,14
1903,19.03,periodic,14
1904,19.04,periodic,14
1905,19.05,periodic,14
1906,19.06,periodic,14
1907,19.07,periodic,14
1908,19.08,periodic,14
1909,19.09,periodic,14
1910,19.1,periodic,14
1911,19.11,periodic,14
1912,19.12,periodic,14
1913,19.13,periodic,14
1914,19.14,periodic,14
1915,19.15,periodic,14
1916,19.16,periodic,14
1917,19.17,periodic,14
1918,19.18,periodic,14
1919,19.19,periodic,14
1920,19.2,periodic,14
1921,19.21,periodic,14
1922,19.22,periodic,14
1923,19.23,periodic,14
1924,19.24,periodic,14
1925,19.25,periodic,14
1926,19.26,periodic,14
1927,19.27,periodic,14
1928,19.28,periodic,14
1929,19.29,periodic,14
1930,19.3,periodic,14
1931,19.31,periodic,14
1932,19.32,periodic,14
1933,19.33,periodic,14
1934,19.34,periodic,14
1935,19.35,periodic,14
1936,19.36,periodic,14
1937,19.37,periodic,14
1938,19.38,periodic,14
1939,19.39,periodic,14
1940,19.4,periodic,14
1941,19.41,periodic,14
1942,19.42,periodic,14
1943,19.43,periodic,14
1944,19.44,periodic,14
1945,19.45,periodic,14
1946,19.46,periodic,14
1947,19.47,periodic,14
1948,19.48,periodic,14
1949,19.49,periodic,14
1950,19.5,periodic,14
1951,19.51,periodic,14
1952,19.52,periodic,14
1953,19.53,periodic,14
1954,19.54,periodic,14
1955,19.55,periodic,14
1956,19.56,periodic,14
1957,19.57,periodic,14
1958,19.58,periodic,14
1959,19.59,periodic,14
1960,19.6,periodic,14
1961,19.61,periodic,14
1962,19.62,periodic,14
1963,19.63,periodic,14
1964,19.64,periodic,14
1965,19.65,periodic,14
1966,19.66,periodic,14
1967,19.67,periodic,14
1968,19.68,periodic,14
1969,19.69,periodic,14
1970,19.7,periodic,14
1971,19.71,periodic,14
1972,19.72,periodic,14
1973,19.73,periodic,14
1974,19.74,periodic,14
1975,19.75,periodic,14
1976,19.76,periodic,14
1977,19.77,periodic,14
1978,19.78,periodic,14
1979,19.79,periodic,14
1980,19.8,periodic,14
1981,19.81,periodic,14
1982,19.82,periodic,14
1983,19.83,periodic,14
1984,19.84,periodic,14
1985,19.85,periodic,14
1986,19.86,periodic,14
1987,19.87,periodic,14
1988,19.88,periodic,14
1989,19.89,periodic,14
1990,19.9,periodic,14
1991,19.91,periodic,14
1992,19.92,periodic,14
1993,19.93,periodic,14
1994,19.94,periodic,14
1995,19.95,periodic,14
1996,19.96,periodic,14
1997,19.97,periodic,14
1998,19.98,periodic,14
1999,19.99,periodic,14
2000,20.0,periodic,14
2001,20.01,periodic,14
2002,20.02,periodic,14
2003,20.03,periodic,14
2004,20.04,periodic,14
2005,20.05,periodic,14
2006,20.06,periodic,14
2007,20.07,periodic,14
2008,20.08,periodic,14
2009,20.09,periodic,14
2010,20.1,periodic,14
2011,20.11,periodic,14
2012,20.12,periodic,15
2013,20.13,periodic,15
2014,20.14,periodic,15
2015,20.15,periodic,15
2016,20.16,periodic,15
2017,20.17,periodic,15
2018,20.18,periodic,15
2019,20.19,periodic,15
2020,20.2,periodic,15
2021,20.21,periodic,15
2022,20.22,periodic,15
2023,20.23,periodic,15
2024,20.24,periodic,15
2025,20.25,periodic,15
2026,20.26,periodic,15
2027,20.27,periodic,15
2028,20.28,periodic,15
2029,20.29,periodic,15
2030,20.3,periodic,15
2031,20.31,periodic,15
2032,20.32,periodic,15
2033,20.33,periodic,15
2034,20.34,periodic,15
2035,20.35,periodic,15
2036,20.36,periodic,15
2037,20.37,periodic,15
2038,20.38,periodic,15
2039,20.39,periodic,15
2040,20.4,periodic,15
2041,20.41,periodic,15
2042,20.42,periodic,15
2043,20.43,periodic,15
2044,20.44,periodic,15
2045,20.45,periodic,15
2046,20.46,periodic,15
2047,20.47,periodic,15
2048,20.48,periodic,15
2049,20.49,periodic,15
2050,20.5,periodic,15
2051,20.51,periodic,15
2052,20.52,periodic,15
2053,20.53,periodic,15
2054,20.54,periodic,15
2055,20.55,periodic,15
2056,20.56,periodic,15
2057,20.57,periodic,15
2058,20.58,periodic,15
2059,20.59,periodic,15
2060,20.6,periodic,15
2061,20.61,periodic,15
2062,20.62,periodic,15
2063,20.63,periodic,15
2064,20.64,periodic,15
2065,20.65,periodic,15
2066,20.66,periodic,15
2067,20.67,periodic,15
2068,20.68,periodic,15
2069,20.69,periodic,15
2070,20.7,periodic,15
2071,20.71,periodic,15
2072,20.72,periodic,15
2073,20.73,periodic,15
2074,20.74,periodic,15
2075,20.75,periodic,15
2076,20.76,periodic,15
2077,20.77,periodic,15
2078,20.78,periodic,15
2079,20.79,periodic,15
2080,20.8,periodic,15
2081,20.81,periodic,15
2082,20.82,periodic,15
2083,20.83,periodic,15
2084,20.84,periodic,15
2085,20.85,periodic,15
2086,20.86,periodic,15
2087,20.87,periodic,15
2088,20.88,periodic,15
2089,20.89,periodic,15
2090,20.9,periodic,15
2091,20.91,periodic,15
2092,20.92,periodic,15
2093,20.93,periodic,15
2094,20.94,periodic,15
2095,20.95,periodic,15
2096,20.96,periodic,15
2097,20.97,periodic,15
2098,20.98,periodic,15
2099,20.99,periodic,15
2100,21.0,periodic,15
2101,21.01,periodic,15
2102,21.02,periodic,15
2103,21.03,periodic,15
2104,21.04,periodic,15
2105,21.05,periodic,15
2106,21.06,periodic,15
2107,21.07,periodic,15
2108,21.08,periodic,15
2109,21.09,periodic,15
2110,21.1,periodic,15
2111,21.11,periodic,15
2112,21.12,periodic,15
2113,21.13,periodic,15
2114,21.14,periodic,15
2115,21.15,periodic,15
2116,21.16,periodic,15
2117,21.17,periodic,15
2118,21.18,periodic,15
2119,21.19,periodic,15
2120,21.2,periodic,15
2121,21.21,periodic,15
2122,21.22,periodic,15
2123,21.23,periodic,15
2124,21.24,periodic,15
2125,21.25,periodic,15
2126,21.26,periodic,15
2127,21.27,periodic,15
2128,21.28,periodic,15
2129,21.29,periodic,16
2130,21.3,periodic,16
2131,21.31,periodic,16
2132,21.32,periodic,16
2133,21.33,periodic,16
2134,21.34,periodic,16
2135,21.35,periodic,16
2136,21.36,periodic,16
2137,21.37,periodic,16
2138,21.38,periodic,16
2139,21.39,periodic,16
2140,21.4,periodic,16
2141,21.41,periodic,16
2142,21.42,periodic,16
2143,21.43,periodic,16
2144,21.44,periodic,16
2145,21.45,periodic,16
2146,21.46,periodic,16
2147,21.47,periodic,16
2148,21.48,periodic,16
2149,21.49,periodic,16
2150,21.5,periodic,16
2151,21.51,periodic,16
2152,21.52,periodic,16
2153,21.53,periodic,16
2154,21.54,periodic,16
2155,21.55,periodic,16
2156,21.56,periodic,16
2157,21.57,periodic,16
2158,21.58,periodic,16
2159,21.59,periodic,16
2160,21.6,periodic,16
2161,21.61,periodic,16
2162,21.62,periodic,16
2163,21.63,periodic,16
2164,21.64,periodic,16
2165,21.65,periodic,16
2166,21.66,periodic,16
2167,21.67,periodic,16
2168,21.68,periodic,16
2169,21.69,periodic,16
2170,21.7,periodic,16
2171,21.71,periodic,16
2172,21.72,periodic,16
2173,21.73,periodic,16
2174,21.74,periodic,16
2175,21.75,periodic,16
2176,21.76,periodic,16
2177,21.77,periodic,16
2178,21.78,periodic,16
2179,21.79,periodic,16
2180,21.8,periodic,16
2181,21.81,periodic,16
2182,21.82,periodic,16
2183,21.83,periodic,16
2184,21.84,periodic,16
2185,21.85,periodic,16
2186,21.86,periodic,16
2187,21.87,periodic,16
2188,21.88,periodic,16
2189,21.89,periodic,16
2190,21.9,periodic,16
2191,21.91,periodic,16
2192,21.92,periodic,16
2193,21.93,periodic,16
2194,21.94,periodic,16
2195,21.95,periodic,16
2196,21.96,periodic,16
2197,21.97,periodic,16
2198,21.98,periodic,16
2199,21.99,periodic,16
2200,22.0,periodic,16
2201,22.01,periodic,16
2202,22.02,periodic,16
2203,22.03,periodic,16
2204,22.04,periodic,16
2205,22.05,periodic,16
2206,22.06,periodic,16
2207,22.07,periodic,16
2208,22.08,periodic,16
2209,22.09,periodic,16
2210,22.1,periodic,16
2211,22.11,periodic,16
2212,22.12,periodic,16
2213,22.13,periodic,16
2214,22.14,periodic,16
2215,22.15,periodic,16
2216,22.16,periodic,16
2217,22.17,periodic,16
2218,22.18,periodic,16
2219,22.19,periodic,16
2220,22.2,periodic,16
2221,22.21,periodic,16
2222,22.22,periodic,16
2223,22.23,periodic,16
2224,22.24,periodic,16
2225,22.25,periodic,16
2226,22.26,periodic,16
2227,22.27,periodic,16
2228,22.28,periodic,16
2229,22.29,periodic,16
2230,22.3,periodic,16
2231,22.31,periodic,16
2232,22.32,periodic,16
2233,22.33,periodic,16
2234,22.34,periodic,16
2235,22.35,periodic,16
2236,22.36,periodic,16
2237,22.37,periodic,16
2238,22.38,periodic,16
2239,22.39,periodic,16
2240,22.4,periodic,16
2241,22.41,periodic,16
2242,22.42,periodic,16
2243,22.43,periodic,17
2244,22.44,periodic,17
2245,22.45,periodic,17
2246,22.46,periodic,17
2247,22.47,periodic,17
2248,22.48,periodic,17
2249,22.49,periodic,17
2250,22.5,periodic,17
2251,22.51,periodic,17
2252,22.52,periodic,17
2253,22.53,periodic,17
2254,22.54,periodic,17
2255,22.55,periodic,17
2256,22.56,periodic,17
2257,22.57,periodic,17
2258,22.58,periodic,17
2259,22.59,periodic,17
2260,22.6,periodic,17
2261,22.61,periodic,17
2262,22.62,periodic,17
2263,22.63,periodic,17
2264,22.64,periodic,17
2265,22.65,periodic,17
2266,22.66,periodic,17
2267,22.67,periodic,17
2268,22.68,periodic,17
2269,22.69,periodic,17
2270,22.7,periodic,17
2271,22.71,periodic,17
2272,22.72,periodic,17
2273,22.73,periodic,17
2274,22.74,periodic,17
2275,22.75,periodic,17
2276,22.76,periodic,17
2277,22.77,periodic,17
2278,22.78,periodic,17
2279,22.79,periodic,17
2280,22.8,periodic,17
2281,22.81,periodic,17
2282,22.82,periodic,17
2283,22.83,periodic,17
2284,22.84,periodic,17
2285,22.85,periodic,17
2286,22.86,periodic,17
2287,22.87,periodic,17
2288,22.88,periodic,17
2289,22.89,periodic,17
2290,22.9,periodic,17
2291,22.91,periodic,17
2292,22.92,periodic,17
2293,22.93,periodic,17
2294,22.94,periodic,17
2295,22.95,periodic,17
2296,22.96,periodic,17
2297,22.97,periodic,17
2298,22.98,periodic,17
2299,22.99,periodic,17
2300,23.0,periodic,17
2301,23.01,periodic,17
2302,23.02,periodic,17
2303,23.03,periodic,17
2304,23.04,periodic,17
2305,23.05,periodic,17
2306,23.06,periodic,17
2307,23.07,periodic,17
2308,23.08,periodic,17
2309,23.09,periodic,17
2310,23.1,periodic,17
2311,23.11,periodic,17
2312,23.12,periodic,17
2313,23.13,periodic,17
2314,23.14,periodic,17
2315,23.15,periodic,17
2316,23.16,periodic,17
2317,23.17,periodic,17
2318,23.18,periodic,17
2319,23.19,periodic,17
2320,23.2,periodic,17
2321,23.21,periodic,17
2322,23.22,periodic,17
2323,23.23,periodic,17
2324,23.24,periodic,17
2325,23.25,periodic,17
2326,23.26,periodic,17
2327,23.27,periodic,17
2328,23.28,periodic,17
2329,23.29,periodic,17
2330,23.3,periodic,17
2331,23.31,periodic,17
2332,23.32,periodic,17
2333,23.33,periodic,17
2334,23.34,periodic,17
2335,23.35,periodic,17
2336,23.36,periodic,17
2337,23.37,periodic,17
2338,23.38,periodic,17
2339,23.39,periodic,17
2340,23.4,periodic,17
2341,23.41,periodic,17
2342,23.42,periodic,17
2343,23.43,periodic,17
2344,23.44,periodic,17
2345,23.45,periodic,17
2346,23.46,periodic,17
2347,23.47,periodic,17
2348,23.48,periodic,17
2349,23.49,periodic,17
2350,23.5,periodic,17
2351,23.51,periodic,17
2352,23.52,periodic,17
2353,23.53,periodic,17
2354,23.54,periodic,17
2355,23.55,periodic,17
2356,23.56,periodic,17
2357,23.57,periodic,18
2358,23.58,periodic,18
2359,23.59,periodic,18
2360,23.6,periodic,18
2361,23.61,periodic,18
2362,23.62,periodic,18
2363,23.63,periodic,18
2364,23.64,periodic,18
2365,23.65,periodic,18
2366,23.66,periodic,18
2367,23.67,periodic,18
2368,23.68,periodic,18
2369,23.69,periodic,18
2370,23.7,periodic,18
2371,23.71,periodic,18
2372,23.72,periodic,18
2373,23.73,periodic,18
2374,23.74,periodic,18
2375,23.75,periodic,18
2376,23.76,periodic,18
2377,23.77,periodic,18
2378,23.78,periodic,18
2379,23.79,periodic,18
2380,23.8,periodic,18
2381,23.81,periodic,18
2382,23.82,periodic,18
2383,23.83,periodic,18
2384,23.84,periodic,18
2385,23.85,periodic,18
2386,23.86,periodic,18
2387,23.87,periodic,18
2388,23.88,periodic,18
2389,23.89,periodic,18
2390,23.9,periodic,18
2391,23.91,periodic,18
2392,23.92,periodic,18
2393,23.93,periodic,18
2394,23.94,periodic,18
2395,23.95,periodic,18
2396,23.96,periodic,18
2397,23.97,periodic,18
2398,23.98,periodic,18
2399,23.99,periodic,18
2400,24.0,periodic,18
2401,24.01,periodic,18
2402,24.02,periodic,18
2403,24.03,periodic,18
2404,24.04,periodic,18
2405,24.05,periodic,18
2406,24.06,periodic,18
2407,24.07,periodic,18
2408,24.08,periodic,18
2409,24.09,periodic,18
2410,24.1,periodic,18
2411,24.11,periodic,18
2412,24.12,periodic,18
2413,24.13,periodic,18
2414,24.14,periodic,18
2415,24.15,periodic,18
2416,24.16,periodic,18
2417,24.17,periodic,18
2418,24.18,periodic,18
2419,24.19,periodic,18
2420,24.2,periodic,18
2421,24.21,periodic,18
2422,24.22,periodic,18
2423,24.23,periodic,18
2424,24.24,periodic,18
2425,24.25,periodic,18
2426,24.26,periodic,18
2427,24.27,periodic,18
2428,24.28,periodic,18
2429,24.29,periodic,18
2430,24.3,periodic,18
2431,24.31,periodic,18
2432,24.32,periodic,18
2433,24.33,periodic,18
2434,24.34,periodic,18
2435,24.35,periodic,18
2436,24.36,periodic,18
2437,24.37,periodic,18
2438,24.38,periodic,18
2439,24.39,periodic,18
2440,24.4,periodic,18
2441,24.41,periodic,18
2442,24.42,periodic,18
2443,24.43,periodic,18
2444,24.44,periodic,18
2445,24.45,periodic,18
2446,24.46,periodic,18
2447,24.47,periodic,18
2448,24.48,periodic,18
2449,24.49,periodic,18
2450,24.5,periodic,18
2451,24.51,periodic,18
2452,24.52,periodic,18
2453,24.53,periodic,18
2454,24.54,periodic,18
2455,24.55,periodic,18
2456,24.56,periodic,18
2457,24.57,periodic,18
2458,24.58,periodic,18
2459,24.59,periodic,18
2460,24.6,periodic,18
2461,24.61,periodic,18
2462,24.62,periodic,18
2463,24.63,periodic,18
2464,24.64,periodic,18
2465,24.65,periodic,18
2466,24.66,periodic,18
2467,24.67,periodic,18
2468,24.68,periodic,18
2469,24.69,periodic,18
2470,24.7,periodic,18
2471,24.71,periodic,18
2472,24.72,periodic,18
2473,24.73,periodic,18
2474,24.74,periodic,18
2475,24.75,periodic,18
2476,24.76,periodic,18
2477,24.77,periodic,18
2478,24.78,periodic,19
2479,24.79,periodic,19
2480,24.8,periodic,19
2481,24.81,periodic,19
2482,24.82,periodic,19
2483,24.83,periodic,19
2484,24.84,periodic,19
2485,24.85,periodic,19
2486,24.86,periodic,19
2487,24.87,periodic,19
2488,24.88,periodic,19
2489,24.89,periodic,19
2490,24.9,periodic,19
2491,24.91,periodic,19
2492,24.92,periodic,19
2493,24.93,periodic,19
2494,24.94,periodic,19
2495,24.95,periodic,19
2496,24.96,periodic,19
2497,24.97,periodic,19
2498,24.98,periodic,19
2499,24.99,periodic,19
2500,25.0,periodic,19
2501,25.01,periodic,19
2502,25.02,periodic,19
2503,25.03,periodic,19
2504,25.04,periodic,19
2505,25.05,periodic,19
2506,25.06,periodic,19
2507,25.07,periodic,19
2508,25.08,periodic,19
2509,25.09,periodic,19
2510,25.1,periodic,19
2511,25.11,periodic,19
2512,25.12,periodic,19
2513,25.13,periodic,19
2514,25.14,periodic,19
2515,25.15,periodic,19
2516,25.16,periodic,19
2517,25.17,periodic,19
2518,25.18,periodic,19
2519,25.19,periodic,19
2520,25.2,periodic,19
2521,25.21,periodic,19
2522,25.22,periodic,19
2523,25.23,periodic,19
2524,25.24,periodic,19
2525,25.25,periodic,19
2526,25.26,periodic,19
2527,25.27,periodic,19
2528,25.28,periodic,19
2529,25.29,periodic,19
2530,25.3,periodic,19
2531,25.31,periodic,19
2532,25.32,periodic,19
2533,25.33,periodic,19
2534,25.34,periodic,19
2535,25.35,periodic,19
2536,25.36,periodic,19
2537,25.37,periodic,19
2538,25.38,periodic,19
2539,25.39,periodic,19
2540,25.4,periodic,19
2541,25.41,periodic,19
2542,25.42,periodic,19
2543,25.43,periodic,19
2544,25.44,periodic,19
2545,25.45,periodic,19
2546,25.46,periodic,19
2547,25.47,periodic,19
2548,25.48,periodic,19
2549,25.49,periodic,19
2550,25.5,periodic,19
2551,25.51,periodic,19
2552,25.52,periodic,19
2553,25.53,periodic,19
2554,25.54,periodic,19
2555,25.55,periodic,19
2556,25.56,periodic,19
2557,25.57,periodic,19
2558,25.58,periodic,19
2559,25.59,periodic,19
2560,25.6,periodic,19
2561,25.61,periodic,19
2562,25.62,periodic,19
2563,25.63,periodic,19
2564,25.64,periodic,19
2565,25.65,periodic,19
2566,25.66,periodic,19
2567,25.67,periodic,19
2568,25.68,periodic,19
2569,25.69,periodic,19
2570,25.7,periodic,19
2571,25.71,periodic,19
2572,25.72,periodic,19
2573,25.73,periodic,19
2574,25.74,periodic,19
2575,25.75,periodic,19
2576,25.76,periodic,19
2577,25.77,periodic,19
2578,25.78,periodic,19
2579,25.79,periodic,19
2580,25.8,periodic,19
2581,25.81,periodic,19
2582,25.82,periodic,19
2583,25.83,periodic,19
2584,25.84,periodic,19
2585,25.85,periodic,19
2586,25.86,periodic,19
2587,25.87,periodic,19
2588,25.88,periodic,19
2589,25.89,periodic,19
2590,25.9,periodic,19
2591,25.91,periodic,19
2592,25.92,periodic,19
2593,25.93,periodic,19
2594,25.94,periodic,19
2595,25.95,periodic,19
2596,25.96,periodic,19
2597,25.97,periodic,19
2598,25.98,periodic,19
2599,25.99,periodic,20
2600,26.0,periodic,20
2601,26.01,periodic,20
2602,26.02,periodic,20
2603,26.03,periodic,20
2604,26.04,periodic,20
2605,26.05,periodic,20
2606,26.06,periodic,20
2607,26.07,periodic,20
2608,26.08,periodic,20
2609,26.09,periodic,20
2610,26.1,periodic,20
2611,26.11,periodic,20
2612,26.12,periodic,20
2613,26.13,periodic,20
2614,26.14,periodic,20
2615,26.15,periodic,20
2616,26.16,periodic,20
2617,26.17,periodic,20
2618,26.18,periodic,20
2619,26.19,periodic,20
2620,26.2,periodic,20
2621,26.21,periodic,20
2622,26.22,periodic,20
2623,26.23,periodic,20
2624,26.24,periodic,20
2625,26.25,periodic,20
2626,26.26,periodic,20
2627,26.27,periodic,20
2628,26.28,periodic,20
2629,26.29,periodic,20
2630,26.3,periodic,20
2631,26.31,periodic,20
2632,26.32,periodic,20
2633,26.33,periodic,20
2634,26.34,periodic,20
2635,26.35,periodic,20
2636,26.36,periodic,20
2637,26.37,periodic,20
2638,26.38,periodic,20
2639,26.39,periodic,20
2640,26.4,periodic,20
2641,26.41,periodic,20
2642,26.42,periodic,20
2643,26.43,periodic,20
2644,26.44,periodic,20
2645,26.45,periodic,20
2646,26.46,periodic,20
2647,26.47,periodic,20
2648,26.48,periodic,20
2649,26.49,periodic,20
2650,26.5,periodic,20
2651,26.51,periodic,20
2652,26.52,periodic,20
2653,26.53,periodic,20
2654,26.54,periodic,20
2655,26.55,periodic,20
2656,26.56,periodic,20
2657,26.57,periodic,20
2658,26.58,periodic,20
2659,26.59,periodic,20
2660,26.6,periodic,20
2661,26.61,periodic,20
2662,26.62,periodic,20
2663,26.63,periodic,20
2664,26.64,periodic,20
2665,26.65,periodic,20
2666,26.66,periodic,20
2667,26.67,periodic,20
2668,26.68,periodic,20
2669,26.69,periodic,20
2670,26.7,periodic,20
2671,26.71,periodic,20
2672,26.72,periodic,20
2673,26.73,periodic,20
2674,26.74,periodic,20
2675,26.75,periodic,20
2676,26.76,periodic,20
2677,26.77,periodic,20
2678,26.78,periodic,20
2679,26.79,periodic,20
2680,26.8,periodic,20
2681,26.81,periodic,20
2682,26.82,periodic,20
2683,26.83,periodic,20
2684,26.84,periodic,20
2685,26.85,periodic,20
2686,26.86,periodic,20
2687,26.87,periodic,20
2688,26.88,periodic,20
2689,26.89,periodic,20
2690,26.9,periodic,20
2691,26.91,periodic,20
2692,26.92,periodic,20
2693,26.93,periodic,20
2694,26.94,periodic,20
2695,26.95,periodic,20
2696,26.96,periodic,20
2697,26.97,periodic,20
2698,26.98,periodic,20
2699,26.99,periodic,20
2700,27.0,periodic,20
2701,27.01,periodic,20
2702,27.02,periodic,20
2703,27.03,periodic,20
2704,27.04,periodic,20
2705,27.05,periodic,20
2706,27.06,periodic,20
2707,27.07,periodic,20
2708,27.08,periodic,20
2709,27.09,periodic,20
2710,27.1,periodic,20
2711,27.11,periodic,20
2712,27.12,periodic,20
2713,27.13,periodic,20
2714,27.14,periodic,20
2715,27.15,periodic,20
2716,27.16,periodic,20
2717,27.17,periodic,20
2718,27.18,periodic,20
2719,27.19,periodic,20
2720,27.2,periodic,20
2721,27.21,periodic,20
2722,27.22,periodic,20
2723,27.23,periodic,20
2724,27.24,periodic,21
2725,27.25,periodic,21
2726,27.26,periodic,21
2727,27.27,periodic,21
2728,27.28,periodic,21
2729,27.29,periodic,21
2730,27.3,periodic,21
2731,27.31,periodic,21
2732,27.32,periodic,21
2733,27.33,periodic,21
2734,27.34,periodic,21
2735,27.35,periodic,21
2736,27.36,periodic,21
2737,27.37,periodic,21
2738,27.38,periodic,21
2739,27.39,periodic,21
2740,27.4,periodic,21
2741,27.41,periodic,21
2742,27.42,periodic,21
2743,27.43,periodic,21
2744,27.44,periodic,21
2745,27.45,periodic,21
2746,27.46,periodic,21
2747,27.47,periodic,21
2748,27.48,periodic,21
2749,27.49,periodic,21
2750,27.5,periodic,21
2751,27.51,periodic,21
2752,27.52,periodic,21
2753,27.53,periodic,21
2754,27.54,periodic,21
2755,27.55,periodic,21
2756,27.56,periodic,21
2757,27.57,periodic,21
2758,27.58,periodic,21
2759,27.59,periodic,21
2760,27.6,periodic,21
2761,27.61,periodic,21
2762,27.62,periodic,21
2763,27.63,periodic,21
2764,27.64,periodic,21
2765,27.65,periodic,21
2766,27.66,periodic,21
2767,27.67,periodic,21
2768,27.68,periodic,21
2769,27.69,periodic,21
2770,27.7,periodic,21
2771,27.71,periodic,21
2772,27.72,periodic,21
2773,27.73,periodic,21
2774,27.74,periodic,21
2775,27.75,periodic,-1
2776,27.76,periodic,-1
2777,27.77,periodic,-1
2778,27.78,periodic,-1
2779,27.79,periodic,-1
2780,27.8,periodic,-1
2781,27.81,periodic,-1
2782,27.82,periodic,-1
2783,27.83,periodic,-1
2784,27.84,periodic,-1
2785,27.85,periodic,-1
2786,27.86,periodic,-1
2787,27.87,periodic,-1
2788,27.88,periodic,-1
2789,27.89,periodic,-1
2790,27.9,end_transient,-1
2791,27.91,end_transient,-1
2792,27.92,end_transient,-1
2793,27.93,end_transient,-1
2794,27.94,end_transient,-1
2795,27.95,end_transient,-1
2796,27.96,end_transient,-1
2797,27.97,end_transient,-1
2798,27.98,end_transient,-1
2799,27.99,end_transient,-1
2800,28.0,end_transient,-1
2801,28.01,end_transient,-1
2802,28.02,end_transient,-1
2803,28.03,end_transient,-1
2804,28.04,end_transient,-1
2805,28.05,end_transient,-1
2806,28.06,end_transient,-1
2807,28.07,end_transient,-1
2808,28.08,end_transient,-1
2809,28.09,end_transient,-1
2810,28.1,end_transient,-1
2811,28.11,end_transient,-1
2812,28.12,end_transient,-1
2813,28.13,end_transient,-1
2814,28.14,end_transient,-1
2815,28.15,end_transient,-1
2816,28.16,end_transient,-1
2817,28.17,end_transient,-1
2818,28.18,end_transient,-1
2819,28.19,end_transient,-1
2820,28.2,end_transient,-1
2821,28.21,end_transient,-1
2822,28.22,end_transient,-1
2823,28.23,end_transient,-1
2824,28.24,end_transient,-1
2825,28.25,end_transient,-1
2826,28.26,end_transient,-1
2827,28.27,end_transient,-1
2828,28.28,end_transient,-1
2829,28.29,end_transient,-1
2830,28.3,end_transient,-1
2831,28.31,end_transient,-1
2832,28.32,end_transient,-1
2833,28.33,end_transient,-1
2834,28.34,end_transient,-1
2835,28.35,end_transient,-1
2836,28.36,end_transient,-1
2837,28.37,end_transient,-1
2838,28.38,end_transient,-1
2839,28.39,end_transient,-1
2840,28.4,end_transient,-1
2841,28.41,end_transient,-1
2842,28.42,end_transient,-1
2843,28.43,end_transient,-1
2844,28.44,end_transient,-1
2845,28.45,end_transient,-1
2846,28.46,end_transient,-1
2847,28.47,end_transient,-1
2848,28.48,end_transient,-1
2849,28.49,end_transient,-1
2850,28.5,end_transient,-1
2851,28.51,end_transient,-1
2852,28.52,end_transient,-1
2853,28.53,end_transient,-1
2854,28.54,end_transient,-1
2855,28.55,end_transient,-1
2856,28.56,end_transient,-1
2857,28.57,end_transient,-1
2858,28.58,end_transient,-1
2859,28.59,end_transient,-1
2860,28.6,end_transient,-1
2861,28.61,end_transient,-1
2862,28.62,end_transient,-1
2863,28.63,end_transient,-1
2864,28.64,end_transient,-1
2865,28.65,end_transient,-1
2866,28.66,end_transient,-1
2867,28.67,end_transient,-1
2868,28.68,end_transient,-1
2869,28.69,end_transient,-1
2870,28.7,end_transient,-1
2871,28.71,end_transient,-1
2872,28.72,end_transient,-1
2873,28.73,end_transient,-1
2874,28.74,end_transient,-1
2875,28.75,end_transient,-1
2876,28.76,end_transient,-1
2877,28.77,end_transient,-1
2878,28.78,end_transient,-1
2879,28.79,end_transient,-1
2880,28.8,end_transient,-1
2881,28.81,end_transient,-1
2882,28.82,end_transient,-1
2883,28.83,end_transient,-1
2884,28.84,end_transient,-1
2885,28.85,end_transient,-1
2886,28.86,end_transient,-1
2887,28.87,end_transient,-1
2888,28.88,end_transient,-1
2889,28.89,end_transient,-1
2890,28.9,end_transient,-1
2891,28.91,end_transient,-1
2892,28.92,end_transient,-1
2893,28.93,end_transient,-1
2894,28.94,end_transient,-1
2895,28.95,end_transient,-1
2896,28.96,end_transient,-1
2897,28.97,end_transient,-1
2898,28.98,end_transient,-1
2899,28.99,end_transient,-1
2900,29.0,end_transient,-1
2901,29.01,end_transient,-1
2902,29.02,end_transient,-1
2903,29.03,end_transient,-1
2904,29.04,end_transient,-1
2905,29.05,end_transient,-1
2906,29.06,end_transient,-1
2907,29.07,end_transient,-1
2908,29.08,end_transient,-1
2909,29.09,end_transient,-1
2910,29.1,end_transient,-1
2911,29.11,end_transient,-1
2912,29.12,end_transient,-1
2913,29.13,end_transient,-1
2914,29.14,end_transient,-1
2915,29.15,end_transient,-1
2916,29.16,end_transient,-1
2917,29.17,end_transient,-1
2918,29.18,end_transient,-1
2919,29.19,end_transient,-1
2920,29.2,end_transient,-1
2921,29.21,end_transient,-1
2922,29.22,end_transient,-1
2923,29.23,end_transient,-1
2924,29.24,end_transient,-1
2925,29.25,end_transient,-1
2926,29.26,end_transient,-1
2927,29.27,end_transient,-1
2928,29.28,end_transient,-1
2929,29.29,end_transient,-1
2930,29.3,end_transient,-1
2931,29.31,end_transient,-1
2932,29.32,end_transient,-1
2933,29.33,end_transient,-1
2934,29.34,end_transient,-1
2935,29.35,end_transient,-1
2936,29.36,end_transient,-1
2937,29.37,end_transient,-1
2938,29.38,end_transient,-1
2939,29.39,end_transient,-1
2940,29.4,end_transient,-1
2941,29.41,end_transient,-1
2942,29.42,end_transient,-1
2943,29.43,end_transient,-1
2944,29.44,end_transient,-1
2945,29.45,end_transient,-1
2946,29.46,end_transient,-1
2947,29.47,end_transient,-1
2948,29.48,end_transient,-1
2949,29.49,end_transient,-1
2950,29.5,end_transient,-1
2951,29.51,end_transient,-1
2952,29.52,end_transient,-1
2953,29.53,end_transient,-1
2954,29.54,end_transient,-1
2955,29.55,end_transient,-1
2956,29.56,end_transient,-1
2957,29.57,end_transient,-1
2958,29.58,end_transient,-1
2959,29.59,end_transient,-1
2960,29.6,end_transient,-1
2961,29.61,end_transient,-1
2962,29.62,end_transient,-1
2963,29.63,end_transient,-1
2964,29.64,end_transient,-1
2965,29.65,end_transient,-1
2966,29.66,end_transient,-1
2967,29.67,end_transient,-1
2968,29.68,end_transient,-1
2969,29.69,end_transient,-1
2970,29.7,end_transient,-1
2971,29.71,end_transient,-1
2972,29.72,end_transient,-1
2973,29.73,end_transient,-1
2974,29.74,end_transient,-1
2975,29.75,end_transient,-1
2976,29.76,end_transient,-1
2977,29.77,end_transient,-1
2978,29.78,end_transient,-1
2979,29.79,end_transient,-1
2980,29.8,end_transient,-1
2981,29.81,end_transient,-1
2982,29.82,end_transient,-1
2983,29.83,end_transient,-1
2984,29.84,end_transient,-1
2985,29.85,end_transient,-1
2986,29.86,end_transient,-1
2987,29.87,end_transient,-1
2988,29.88,end_transient,-1
2989,29.89,end_transient,-1
2990,29.9,end_transient,-1
2991,29.91,end_transient,-1
2992,29.92,end_transient,-1
2993,29.93,end_transient,-1
2994,29.94,end_transient,-1
2995,29.95,end_transient,-1
2996,29.96,end_transient,-1
2997,29.97,end_transient,-1
2998,29.98,end_transient,-1
2999,29.99,end_transient,-1
3000,30.0,end_transient,-1
3001,30.01,end_transient,-1
3002,30.02,end_transient,-1
3003,30.03,end_transient,-1
3004,30.04,end_transient,-1
3005,30.05,end_transient,-1
3006,30.06,end_transient,-1
3007,30.07,end_transient,-1
3008,30.08,end_transient,-1
3009,30.09,end_transient,-1
3010,30.1,end_transient,-1
3011,30.11,end_transient,-1
3012,30.12,end_transient,-1
3013,30.13,end_transient,-1
3014,30.14,end_transient,-1
3015,30.15,end_transient,-1
3016,30.16,end_transient,-1
3017,30.17,end_transient,-1
3018,30.18,end_transient,-1
3019,30.19,end_transient,-1
3020,30.2,end_transient,-1
3021,30.21,end_transient,-1
3022,30.22,end_transient,-1
3023,30.23,end_transient,-1
3024,30.24,end_transient,-1
3025,30.25,end_transient,-1
3026,30.26,end_transient,-1
3027,30.27,end_transient,-1
3028,30.28,end_transient,-1
3029,30.29,end_transient,-1
3030,30.3,end_transient,-1
3031,30.31,end_transient,-1
3032,30.32,end_transient,-1
3033,30.33,end_transient,-1
3034,30.34,end_transient,-1
3035,30.35,end_transient,-1
3036,30.36,end_transient,-1
3037,30.37,end_transient,-1
3038,30.38,end_transient,-1
3039,30.39,end_transient,-1
3040,30.4,end_transient,-1
3041,30.41,end_transient,-1
3042,30.42,end_transient,-1
3043,30.43,end_transient,-1
3044,30.44,end_transient,-1
3045,30.45,end_transient,-1
3046,30.46,end_transient,-1
3047,30.47,end_transient,-1
3048,30.48,end_transient,-1
3049,30.49,end_transient,-1
3050,30.5,end_transient,-1
3051,30.51,end_transient,-1
3052,30.52,end_transient,-1
3053,30.53,end_transient,-1
3054,30.54,end_transient,-1
3055,30.55,end_transient,-1
3056,30.56,end_transient,-1
3057,30.57,end_transient,-1
3058,30.58,end_transient,-1
3059,30.59,end_transient,-1
3060,30.6,end_transient,-1
3061,30.61,end_transient,-1
3062,30.62,end_transient,-1
3063,30.63,end_transient,-1
3064,30.64,end_transient,-1
3065,30.65,end_transient,-1
3066,30.66,end_transient,-1
3067,30.67,end_transient,-1
3068,30.68,end_transient,-1
3069,30.69,end_transient,-1
3070,30.7,end_transient,-1
3071,30.71,end_transient,-1
3072,30.72,end_transient,-1
3073,30.73,end_transient,-1
3074,30.74,end_transient,-1
3075,30.75,end_transient,-1
3076,30.76,end_transient,-1
3077,30.77,end_transient,-1
3078,30.78,end_transient,-1
3079,30.79,end_transient,-1
3080,30.8,end_transient,-1
3081,30.81,end_transient,-1
3082,30.82,end_transient,-1
3083,30.83,end_transient,-1
3084,30.84,end_transient,-1
3085,30.85,end_transient,-1
3086,30.86,end_transient,-1
3087,30.87,end_transient,-1
3088,30.88,end_transient,-1
3089,30.89,end_transient,-1
3090,30.9,end_transient,-1
3091,30.91,end_transient,-1
3092,30.92,end_transient,-1
3093,30.93,end_transient,-1
3094,30.94,end_transient,-1
3095,30.95,end_transient,-1
3096,30.96,end_transient,-1
3097,30.97,end_transient,-1
3098,30.98,end_transient,-1
3099,30.99,end_transient,-1
3100,31.0,end_transient,-1
3101,31.01,end_transient,-1
3102,31.02,end_transient,-1
3103,31.03,end_transient,-1
3104,31.04,end_transient,-1
3105,31.05,end_transient,-1
3106,31.06,end_transient,-1
3107,31.07,end_transient,-1
3108,31.08,end_transient,-1
3109,31.09,end_transient,-1
3110,31.1,end_transient,-1
3111,31.11,end_transient,-1
3112,31.12,end_transient,-1
3113,31.13,end_transient,-1
3114,31.14,end_transient,-1
3115,31.15,end_transient,-1
3116,31.16,end_transient,-1
3117,31.17,end_transient,-1
3118,31.18,end_transient,-1
3119,31.19,end_transient,-1
3120,31.2,end_transient,-1
3121,31.21,end_transient,-1
3122,31.22,end_transient,-1
3123,31.23,end_transient,-1
3124,31.24,end_transient,-1
3125,31.25,end_transient,-1
3126,31.26,end_transient,-1
3127,31.27,end_transient,-1
3128,31.28,end_transient,-1
3129,31.29,end_transient,-1
3130,31.3,end_transient,-1
3131,31.31,end_transient,-1
3132,31.32,end_transient,-1
3133,31.33,end_transient,-1
3134,31.34,end_transient,-1
3135,31.35,end_transient,-1
3136,31.36,end_transient,-1
3137,31.37,end_transient,-1
3138,31.38,end_transient,-1
3139,31.39,end_transient,-1
3140,31.4,end_transient,-1
3141,31.41,end_transient,-1
3142,31.42,end_transient,-1
3143,31.43,end_transient,-1
3144,31.44,end_transient,-1
3145,31.45,end_transient,-1
3146,31.46,end_transient,-1
3147,31.47,end_transient,-1
3148,31.48,end_transient,-1
3149,31.49,end_transient,-1
3150,31.5,end_transient,-1
3151,31.51,end_transient,-1
3152,31.52,end_transient,-1
3153,31.53,end_transient,-1
3154,31.54,end_transient,-1
3155,31.55,end_transient,-1
3156,31.56,end_transient,-1
3157,31.57,end_transient,-1
3158,31.58,end_transient,-1
3159,31.59,end_transient,-1
3160,31.6,end_transient,-1
3161,31.61,end_transient,-1
3162,31.62,end_transient,-1
3163,31.63,end_transient,-1
3164,31.64,end_transient,-1
3165,31.65,end_transient,-1
3166,31.66,end_transient,-1
3167,31.67,end_transient,-1
3168,31.68,end_transient,-1
3169,31.69,end_transient,-1
3170,31.7,end_transient,-1
3171,31.71,end_transient,-1
3172,31.72,end_transient,-1
3173,31.73,end_transient,-1
3174,31.74,end_transient,-1
3175,31.75,end_transient,-1
3176,31.76,end_transient,-1
3177,31.77,end_transient,-1
3178,31.78,end_transient,-1
3179,31.79,end_transient,-1
3180,31.8,end_transient,-1
3181,31.81,end_transient,-1
3182,31.82,end_transient,-1
3183,31.83,end_transient,-1
3184,31.84,end_transient,-1
3185,31.85,end_transient,-1
3186,31.86,end_transient,-1
3187,31.87,end_transient,-1
3188,31.88,end_transient,-1
3189,31.89,end_transient,-1
3190,31.9,end_transient,-1
3191,31.91,end_transient,-1
3192,31.92,end_transient,-1
3193,31.93,end_transient,-1
3194,31.94,end_transient,-1
3195,31.95,end_transient,-1
3196,31.96,end_transient,-1
3197,31.97,end_transient,-1
3198,31.98,end_transient,-1
3199,31.99,end_transient,-1
3200,32.0,end_transient,-1
3201,32.01,end_transient,-1
3202,32.02,end_transient,-1
3203,32.03,end_transient,-1
3204,32.04,end_transient,-1
3205,32.05,end_transient,-1
3206,32.06,end_transient,-1
3207,32.07,end_transient,-1
3208,32.08,end_transient,-1
3209,32.09,end_transient,-1
3210,32.1,end_transient,-1
3211,32.11,end_transient,-1
3212,32.12,end_transient,-1
3213,32.13,end_transient,-1
3214,32.14,end_transient,-1
3215,32.15,end_transient,-1
3216,32.16,end_transient,-1
3217,32.17,end_transient,-1
3218,32.18,end_transient,-1
3219,32.19,end_transient,-1
3220,32.2,end_transient,-1
3221,32.21,end_transient,-1
3222,32.22,end_transient,-1
3223,32.23,end_transient,-1
3224,32.24,end_transient,-1
3225,32.25,end_transient,-1
3226,32.26,end_transient,-1
3227,32.27,end_transient,-1
3228,32.28,end_transient,-1
3229,32.29,end_transient,-1
3230,32.3,end_transient,-1
3231,32.31,end_transient,-1
3232,32.32,end_transient,-1
3233,32.33,end_transient,-1
3234,32.34,end_transient,-1
3235,32.35,end_transient,-1
3236,32.36,end_transient,-1
3237,32.37,end_transient,-1
3238,32.38,end_transient,-1
3239,32.39,end_transient,-1
3240,32.4,end_transient,-1
3241,32.41,end_transient,-1
3242,32.42,end_transient,-1
3243,32.43,end_transient,-1
3244,32.44,end_transient,-1
3245,32.45,end_transient,-1
3246,32.46,end_transient,-1
3247,32.47,end_transient,-1
3248,32.48,end_transient,-1
3249,32.49,end_transient,-1
3250,32.5,end_transient,-1
3251,32.51,end_transient,-1
3252,32.52,end_transient,-1
3253,32.53,end_transient,-1
3254,32.54,end_transient,-1
3255,32.55,end_transient,-1
3256,32.56,end_transient,-1
3257,32.57,end_transient,-1
3258,32.58,end_transient,-1
3259,32.59,end_transient,-1
3260,32.6,end_transient,-1
3261,32.61,end_transient,-1
3262,32.62,end_transient,-1
3263,32.63,end_transient,-1
3264,32.64,end_transient,-1
3265,32.65,end_transient,-1
3266,32.66,end_transient,-1
3267,32.67,end_transient,-1
3268,32.68,end_transient,-1
3269,32.69,end_transient,-1
3270,32.7,end_transient,-1
3271,32.71,end_transient,-1
3272,32.72,end_transient,-1
3273,32.73,end_transient,-1
3274,32.74,end_transient,-1
3275,32.75,end_transient,-1
3276,32.76,end_transient,-1
3277,32.77,end_transient,-1
3278,32.78,end_transient,-1
3279,32.79,end_transient,-1
3280,32.8,end_transient,-1
3281,32.81,end_transient,-1
3282,32.82,end_transient,-1
3283,32.83,end_transient,-1
3284,32.84,end_transient,-1
3285,32.85,end_transient,-1
3286,32.86,end_transient,-1
3287,32.87,end_transient,-1
3288,32.88,end_transient,-1
3289,32.89,end_transient,-1
3290,32.9,end_transient,-1
3291,32.91,end_transient,-1
3292,32.92,end_transient,-1
3293,32.93,end_transient,-1
3294,32.94,end_transient,-1
3295,32.95,end_transient,-1
3296,32.96,end_transient,-1
3297,32.97,end_transient,-1
3298,32.98,end_transient,-1
3299,32.99,end_transient,-1
3300,33.0,end_transient,-1
3301,33.01,end_transient,-1
3302,33.02,end_transient,-1
3303,33.03,end_transient,-1
3304,33.04,end_transient,-1
3305,33.05,end_transient,-1
3306,33.06,end_transient,-1
3307,33.07,end_transient,-1
3308,33.08,end_transient,-1
3309,33.09,end_transient,-1
3310,33.1,end_transient,-1
3311,33.11,end_transient,-1
3312,33.12,end_transient,-1
3313,33.13,end_transient,-1
3314,33.14,end_transient,-1
3315,33.15,end_transient,-1
3316,33.16,end_transient,-1
3317,33.17,end_transient,-1
3318,33.18,end_transient,-1
3319,33.19,end_transient,-1
3320,33.2,end_transient,-1
3321,33.21,end_transient,-1
3322,33.22,end_transient,-1
3323,33.23,end_transient,-1
3324,33.24,end_transient,-1
3325,33.25,end_transient,-1
3326,33.26,end_transient,-1
3327,33.27,end_transient,-1
3328,33.28,end_transient,-1
3329,33.29,end_transient,-1
3330,33.3,end_transient,-1
3331,33.31,end_transient,-1
3332,33.32,end_transient,-1
3333,33.33,end_transient,-1
3334,33.34,end_transient,-1
3335,33.35,end_transient,-1
3336,33.36,end_transient,-1
3337,33.37,end_transient,-1
3338,33.38,end_transient,-1
3339,33.39,end_transient,-1
3340,33.4,end_transient,-1
3341,33.41,end_transient,-1
3342,33.42,end_transient,-1
3343,33.43,end_transient,-1
3344,33.44,end_transient,-1
3345,33.45,end_transient,-1
3346,33.46,end_transient,-1
3347,33.47,end_transient,-1
3348,33.48,end_transient,-1
3349,33.49,end_transient,-1
3350,33.5,end_transient,-1
3351,33.51,end_transient,-1
3352,33.52,end_transient,-1
3353,33.53,end_transient,-1
3354,33.54,end_transient,-1
3355,33.55,end_transient,-1
3356,33.56,end_transient,-1
3357,33.57,end_transient,-1
3358,33.58,end_transient,-1
3359,33.59,end_transient,-1
3360,33.6,end_transient,-1
3361,33.61,end_transient,-1
3362,33.62,end_transient,-1
3363,33.63,end_transient,-1
3364,33.64,end_transient,-1
3365,33.65,end_transient,-1
3366,33.66,end_transient,-1
3367,33.67,end_transient,-1
3368,33.68,end_transient,-1
3369,33.69,end_transient,-1
3370,33.7,end_transient,-1
3371,33.71,end_transient,-1
3372,33.72,end_transient,-1
3373,33.73,end_transient,-1
3374,33.74,end_transient,-1
3375,33.75,end_transient,-1
3376,33.76,end_transient,-1
3377,33.77,end_transient,-1
3378,33.78,end_transient,-1
3379,33.79,end_transient,-1
3380,33.8,end_transient,-1
3381,33.81,end_transient,-1
3382,33.82,end_transient,-1
3383,33.83,end_transient,-1
3384,33.84,end_transient,-1
3385,33.85,end_transient,-1
3386,33.86,end_transient,-1
3387,33.87,end_transient,-1
3388,33.88,end_transient,-1
3389,33.89,end_transient,-1
3390,33.9,end_transient,-1
3391,33.91,end_transient,-1
3392,33.92,end_transient,-1
3393,33.93,end_transient,-1
3394,33.94,end_transient,-1
3395,33.95,end_transient,-1
3396,33.96,end_transient,-1
3397,33.97,end_transient,-1
3398,33.98,end_transient,-1
3399,33.99,end_transient,-1
3400,34.0,end_transient,-1
3401,34.01,end_transient,-1
3402,34.02,end_transient,-1
3403,34.03,end_transient,-1
3404,34.04,end_transient,-1
3405,34.05,end_transient,-1
3406,34.06,end_transient,-1
3407,34.07,end_transient,-1
3408,34.08,end_transient,-1
3409,34.09,end_transient,-1
3410,34.1,end_transient,-1
3411,34.11,end_transient,-1
3412,34.12,end_transient,-1
3413,34.13,end_transient,-1
3414,34.14,end_transient,-1
3415,34.15,end_transient,-1
3416,34.16,end_transient,-1
3417,34.17,end_transient,-1
3418,34.18,end_transient,-1
3419,34.19,end_transient,-1
3420,34.2,end_transient,-1
3421,34.21,end_transient,-1
3422,34.22,end_transient,-1
3423,34.23,end_transient,-1
3424,34.24,end_transient,-1
3425,34.25,end_transient,-1
3426,34.26,end_transient,-1
3427,34.27,end_transient,-1
3428,34.28,end_transient,-1
3429,34.29,end_transient,-1
3430,34.3,end_transient,-1
3431,34.31,end_transient,-1
3432,34.32,end_transient,-1
3433,34.33,end_transient,-1
3434,34.34,end_transient,-1
3435,34.35,end_transient,-1
3436,34.36,end_transient,-1
3437,34.37,end_transient,-1
3438,34.38,end_transient,-1
3439,34.39,end_transient,-1
3440,34.4,end_transient,-1
3441,34.41,end_transient,-1
3442,34.42,end_transient,-1
3443,34.43,end_transient,-1
3444,34.44,end_transient,-1
3445,34.45,end_transient,-1
3446,34.46,end_transient,-1
3447,34.47,end_transient,-1
3448,34.48,end_transient,-1
3449,34.49,end_transient,-1
3450,34.5,end_transient,-1
3451,34.51,end_transient,-1
3452,34.52,end_transient,-1
3453,34.53,end_transient,-1
3454,34.54,end_transient,-1
3455,34.55,end_transient,-1
3456,34.56,end_transient,-1
3457,34.57,end_transient,-1
3458,34.58,end_transient,-1
3459,34.59,end_transient,-1
3460,34.6,end_transient,-1
3461,34.61,end_transient,-1
3462,34.62,end_transient,-1
3463,34.63,end_transient,-1
3464,34.64,end_transient,-1
3465,34.65,end_transient,-1
3466,34.66,end_transient,-1
3467,34.67,end_transient,-1
3468,34.68,end_transient,-1
3469,34.69,end_transient,-1
3470,34.7,end_transient,-1
3471,34.71,end_transient,-1
3472,34.72,end_transient,-1
3473,34.73,end_transient,-1
3474,34.74,end_transient,-1
3475,34.75,end_transient,-1
3476,34.76,end_transient,-1
3477,34.77,end_transient,-1
3478,34.78,end_transient,-1
3479,34.79,end_transient,-1
3480,34.8,end_transient,-1
3481,34.81,end_transient,-1
3482,34.82,end_transient,-1
3483,34.83,end_transient,-1
3484,34.84,end_transient,-1
3485,34.85,end_transient,-1
3486,34.86,end_transient,-1
3487,34.87,end_transient,-1
3488,34.88,end_transient,-1
3489,34.89,end_transient,-1
3490,34.9,end_transient,-1
3491,34.91,end_transient,-1
3492,34.92,end_transient,-1
3493,34.93,end_transient,-1
3494,34.94,end_transient,-1
3495,34.95,end_transient,-1
3496,34.96,end_transient,-1
3497,34.97,end_transient,-1
3498,34.98,end_transient,-1
3499,34.99,end_transient,-1
3500,35.0,end_transient,-1
3501,35.01,end_transient,-1
3502,35.02,end_transient,-1
3503,35.03,end_transient,-1
3504,35.04,end_transient,-1
3505,35.05,end_transient,-1
3506,35.06,end_transient,-1
3507,35.07,end_transient,-1
3508,35.08,end_transient,-1
3509,35.09,end_transient,-1
3510,35.1,end_transient,-1
3511,35.11,end_transient,-1
3512,35.12,end_transient,-1
3513,35.13,end_transient,-1
3514,35.14,end_transient,-1
3515,35.15,end_transient,-1
3516,35.16,end_transient,-1
3517,35.17,end_transient,-1
3518,35.18,end_transient,-1
3519,35.19,end_transient,-1
3520,35.2,end_transient,-1
3521,35.21,end_transient,-1
3522,35.22,end_transient,-1
3523,35.23,end_transient,-1
3524,35.24,end_transient,-1
3525,35.25,end_transient,-1
3526,35.26,end_transient,-1
3527,35.27,end_transient,-1
3528,35.28,end_transient,-1
3529,35.29,end_transient,-1
3530,35.3,end_transient,-1
3531,35.31,end_transient,-1
3532,35.32,end_transient,-1
3533,35.33,end_transient,-1
3534,35.34,end_transient,-1
3535,35.35,end_transient,-1
3536,35.36,end_transient,-1
3537,35.37,end_transient,-1
3538,35.38,end_transient,-1
3539,35.39,end_transient,-1
3540,35.4,end_transient,-1
3541,35.41,end_transient,-1
3542,35.42,end_transient,-1
3543,35.43,end_transient,-1
3544,35.44,end_transient,-1
3545,35.45,end_transient,-1
3546,35.46,end_transient,-1
3547,35.47,end_transient,-1
3548,35.48,end_transient,-1
3549,35.49,end_transient,-1
3550,35.5,end_transient,-1
3551,35.51,end_transient,-1
3552,35.52,end_transient,-1
3553,35.53,end_transient,-1
3554,35.54,end_transient,-1
3555,35.55,end_transient,-1
3556,35.56,end_transient,-1
3557,35.57,end_transient,-1
3558,35.58,end_transient,-1
3559,35.59,end_transient,-1
3560,35.6,end_transient,-1
3561,35.61,end_transient,-1
3562,35.62,end_transient,-1
3563,35.63,end_transient,-1
3564,35.64,end_transient,-1
3565,35.65,end_transient,-1
3566,35.66,end_transient,-1
3567,35.67,end_transient,-1
3568,35.68,end_transient,-1
3569,35.69,end_transient,-1
3570,35.7,end_transient,-1
3571,35.71,end_transient,-1
3572,35.72,end_transient,-1
3573,35.73,end_transient,-1
3574,35.74,end_transient,-1
3575,35.75,end_transient,-1
3576,35.76,end_transient,-1
3577,35.77,end_transient,-1
3578,35.78,end_transient,-1
3579,35.79,end_transient,-1
3580,35.8,end_transient,-1
3581,35.81,end_transient,-1
3582,35.82,end_transient,-1
3583,35.83,end_transient,-1
3584,35.84,end_transient,-1
3585,35.85,end_transient,-1
3586,35.86,end_transient,-1
3587,35.87,end_transient,-1
3588,35.88,end_transient,-1
3589,35.89,end_transient,-1
3590,35.9,end_transient,-1
3591,35.91,end_transient,-1
3592,35.92,end_transient,-1
3593,35.93,end_transient,-1
3594,35.94,end_transient,-1
3595,35.95,end_transient,-1
3596,35.96,end_transient,-1
3597,35.97,end_transient,-1
3598,35.98,end_transient,-1
3599,35.99,end_transient,-1
3600,36.0,end_transient,-1
3601,36.01,end_transient,-1
3602,36.02,end_transient,-1
3603,36.03,end_transient,-1
3604,36.04,end_transient,-1
3605,36.05,end_transient,-1
3606,36.06,end_transient,-1
3607,36.07,end_transient,-1
3608,36.08,end_transient,-1
3609,36.09,end_transient,-1
3610,36.1,end_transient,-1
3611,36.11,end_transient,-1
3612,36.12,end_transient,-1
3613,36.13,end_transient,-1
3614,36.14,end_transient,-1
3615,36.15,end_transient,-1
3616,36.16,end_transient,-1
3617,36.17,end_transient,-1
3618,36.18,end_transient,-1
3619,36.19,end_transient,-1
3620,36.2,end_transient,-1
3621,36.21,end_transient,-1
3622,36.22,end_transient,-1
3623,36.23,end_transient,-1
3624,36.24,end_transient,-1
3625,36.25,end_transient,-1
3626,36.26,end_transient,-1
3627,36.27,end_transient,-1
3628,36.28,end_transient,-1
3629,36.29,end_transient,-1
3630,36.3,end_transient,-1
3631,36.31,end_transient,-1
3632,36.32,end_transient,-1
3633,36.33,end_transient,-1
3634,36.34,end_transient,-1
3635,36.35,end_transient,-1
3636,36.36,end_transient,-1
3637,36.37,end_transient,-1
3638,36.38,end_transient,-1
3639,36.39,end_transient,-1
3640,36.4,end_transient,-1
3641,36.41,end_transient,-1
3642,36.42,end_transient,-1
3643,36.43,end_transient,-1
3644,36.44,end_transient,-1
3645,36.45,end_transient,-1
3646,36.46,end_transient,-1
3647,36.47,end_transient,-1
3648,36.48,end_transient,-1
3649,36.49,end_transient,-1
3650,36.5,end_transient,-1
3651,36.51,end_transient,-1
3652,36.52,end_transient,-1
3653,36.53,end_transient,-1
3654,36.54,end_transient,-1
3655,36.55,end_transient,-1
3656,36.56,end_transient,-1
3657,36.57,end_transient,-1
3658,36.58,end_transient,-1
3659,36.59,end_transient,-1
3660,36.6,end_transient,-1
3661,36.61,end_transient,-1
3662,36.62,end_transient,-1
3663,36.63,end_transient,-1
3664,36.64,end_transient,-1
3665,36.65,end_transient,-1
3666,36.66,end_transient,-1
3667,36.67,end_transient,-1
3668,36.68,end_transient,-1
3669,36.69,end_transient,-1
3670,36.7,end_transient,-1
3671,36.71,end_transient,-1
3672,36.72,end_transient,-1
3673,36.73,end_transient,-1
3674,36.74,end_transient,-1
3675,36.75,end_transient,-1
3676,36.76,end_transient,-1
3677,36.77,end_transient,-1
3678,36.78,end_transient,-1
3679,36.79,end_transient,-1
3680,36.8,end_transient,-1
3681,36.81,end_transient,-1
3682,36.82,end_transient,-1
3683,36.83,end_transient,-1
3684,36.84,end_transient,-1
3685,36.85,end_transient,-1
3686,36.86,end_transient,-1
3687,36.87,end_transient,-1
3688,36.88,end_transient,-1
3689,36.89,end_transient,-1
3690,36.9,end_transient,-1
3691,36.91,end_transient,-1
3692,36.92,end_transient,-1
3693,36.93,end_transient,-1
3694,36.94,end_transient,-1
3695,36.95,end_transient,-1
3696,36.96,end_transient,-1
3697,36.97,end_transient,-1
3698,36.98,end_transient,-1
3699,36.99,end_transient,-1
3700,37.0,end_transient,-1
3701,37.01,end_transient,-1
3702,37.02,end_transient,-1
3703,37.03,end_transient,-1
3704,37.04,end_transient,-1
3705,37.05,end_transient,-1
3706,37.06,end_transient,-1
3707,37.07,end_transient,-1
3708,37.08,end_transient,-1
3709,37.09,end_transient,-1
3710,37.1,end_transient,-1
3711,37.11,end_transient,-1
3712,37.12,end_transient,-1
3713,37.13,end_transient,-1
3714,37.14,end_transient,-1
3715,37.15,end_transient,-1
3716,37.16,end_transient,-1
3717,37.17,end_transient,-1
3718,37.18,end_transient,-1
3719,37.19,end_transient,-1
3720,37.2,end_transient,-1
3721,37.21,end_transient,-1
3722,37.22,end_transient,-1
3723,37.23,end_transient,-1
3724,37.24,end_transient,-1
3725,37.25,end_transient,-1
3726,37.26,end_transient,-1
3727,37.27,end_transient,-1
3728,37.28,end_transient,-1
3729,37.29,end_transient,-1
3730,37.3,end_transient,-1
3731,37.31,end_transient,-1
3732,37.32,end_transient,-1
3733,37.33,end_transient,-1
3734,37.34,end_transient,-1
3735,37.35,end_transient,-1
3736,37.36,end_transient,-1
3737,37.37,end_transient,-1
3738,37.38,end_transient,-1
3739,37.39,end_transient,-1
3740,37.4,end_transient,-1
3741,37.41,end_transient,-1
3742,37.42,end_transient,-1
3743,37.43,end_transient,-1
3744,37.44,end_transient,-1
3745,37.45,end_transient,-1
3746,37.46,end_transient,-1
3747,37.47,end_transient,-1
3748,37.48,end_transient,-1
3749,37.49,end_transient,-1
3750,37.5,end_transient,-1
3751,37.51,end_transient,-1
3752,37.52,end_transient,-1
3753,37.53,end_transient,-1
3754,37.54,end_transient,-1
3755,37.55,end_transient,-1
3756,37.56,end_transient,-1
3757,37.57,end_transient,-1
3758,37.58,end_transient,-1
3759,37.59,end_transient,-1
3760,37.6,end_transient,-1
3761,37.61,end_transient,-1
3762,37.62,end_transient,-1
3763,37.63,end_transient,-1
3764,37.64,end_transient,-1
3765,37.65,end_transient,-1
3766,37.66,end_transient,-1
3767,37.67,end_transient,-1
3768,37.68,end_transient,-1
3769,37.69,end_transient,-1
3770,37.7,end_transient,-1
3771,37.71,end_transient,-1
3772,37.72,end_transient,-1
3773,37.73,end_transient,-1
3774,37.74,end_transient,-1
3775,37.75,end_transient,-1
3776,37.76,end_transient,-1
3777,37.77,end_transient,-1
3778,37.78,end_transient,-1
3779,37.79,end_transient,-1
3780,37.8,end_transient,-1
3781,37.81,end_transient,-1
3782,37.82,end_transient,-1
3783,37.83,end_transient,-1
3784,37.84,end_transient,-1
3785,37.85,end_transient,-1
3786,37.86,end_transient,-1
3787,37.87,end_transient,-1
3788,37.88,end_transient,-1
3789,37.89,end_transient,-1
3790,37.9,end_transient,-1
3791,37.91,end_transient,-1
3792,37.92,end_transient,-1
3793,37.93,end_transient,-1
3794,37.94,end_transient,-1
3795,37.95,end_transient,-1
3796,37.96,end_transient,-1
3797,37.97,end_transient,-1
3798,37.98,end_transient,-1
3799,37.99,end_transient,-1
3800,38.0,end_transient,-1
3801,38.01,end_transient,-1
3802,38.02,end_transient,-1
3803,38.03,end_transient,-1
3804,38.04,end_transient,-1
3805,38.05,end_transient,-1
3806,38.06,end_transient,-1
3807,38.07,end_transient,-1
3808,38.08,end_transient,-1
3809,38.09,end_transient,-1
3810,38.1,end_transient,-1
3811,38.11,end_transient,-1
3812,38.12,end_transient,-1
3813,38.13,end_transient,-1
3814,38.14,end_transient,-1
3815,38.15,end_transient,-1
3816,38.16,end_transient,-1
3817,38.17,end_transient,-1
3818,38.18,end_transient,-1
3819,38.19,end_transient,-1
3820,38.2,end_transient,-1
3821,38.21,end_transient,-1
3822,38.22,end_transient,-1
3823,38.23,end_transient,-1
3824,38.24,end_transient,-1
3825,38.25,end_transient,-1
3826,38.26,end_transient,-1
3827,38.27,end_transient,-1
3828,38.28,end_transient,-1
3829,38.29,end_transient,-1
3830,38.3,end_transient,-1
3831,38.31,end_transient,-1
3832,38.32,end_transient,-1
3833,38.33,end_transient,-1
3834,38.34,end_transient,-1
3835,38.35,end_transient,-1
3836,38.36,end_transient,-1
3837,38.37,end_transient,-1
3838,38.38,end_transient,-1
3839,38.39,end_transient,-1
3840,38.4,end_transient,-1
3841,38.41,end_transient,-1
3842,38.42,end_transient,-1
3843,38.43,end_transient,-1
3844,38.44,end_transient,-1
3845,38.45,end_transient,-1
3846,38.46,end_transient,-1
3847,38.47,end_transient,-1
3848,38.48,end_transient,-1
3849,38.49,end_transient,-1
3850,38.5,end_transient,-1
3851,38.51,end_transient,-1
3852,38.52,end_transient,-1
3853,38.53,end_transient,-1
3854,38.54,end_transient,-1
3855,38.55,end_transient,-1
3856,38.56,end_transient,-1
3857,38.57,end_transient,-1
3858,38.58,end_transient,-1
3859,38.59,end_transient,-1
3860,38.6,end_transient,-1
3861,38.61,end_transient,-1
3862,38.62,end_transient,-1
3863,38.63,end_transient,-1
3864,38.64,end_transient,-1
3865,38.65,end_transient,-1
3866,38.66,end_transient,-1
3867,38.67,end_transient,-1
3868,38.68,end_transient,-1
3869,38.69,end_transient,-1
3870,38.7,end_transient,-1
3871,38.71,end_transient,-1
3872,38.72,end_transient,-1
3873,38.73,end_transient,-1
3874,38.74,end_transient,-1
3875,38.75,end_transient,-1
3876,38.76,end_transient,-1
3877,38.77,end_transient,-1
3878,38.78,end_transient,-1
3879,38.79,end_transient,-1
3880,38.8,end_transient,-1
3881,38.81,end_transient,-1
3882,38.82,end_transient,-1
3883,38.83,end_transient,-1
3884,38.84,end_transient,-1
3885,38.85,end_transient,-1
3886,38.86,end_transient,-1
3887,38.87,end_transient,-1
3888,38.88,end_transient,-1
3889,38.89,end_transient,-1
3890,38.9,end_transient,-1
3891,38.91,end_transient,-1
3892,38.92,end_transient,-1
3893,38.93,end_transient,-1
3894,38.94,end_transient,-1
3895,38.95,end_transient,-1
3896,38.96,end_transient,-1
3897,38.97,end_transient,-1
3898,38.98,end_transient,-1
3899,38.99,end_transient,-1
3900,39.0,end_transient,-1
3901,39.01,end_transient,-1
3902,39.02,end_transient,-1
3903,39.03,end_transient,-1
3904,39.04,end_transient,-1
3905,39.05,end_transient,-1
3906,39.06,end_transient,-1
3907,39.07,end_transient,-1
3908,39.08,end_transient,-1
3909,39.09,end_transient,-1
3910,39.1,end_transient,-1
3911,39.11,end_transient,-1
3912,39.12,end_transient,-1
3913,39.13,end_transient,-1
3914,39.14,end_transient,-1
3915,39.15,end_transient,-1
3916,39.16,end_transient,-1
3917,39.17,end_transient,-1
3918,39.18,end_transient,-1
3919,39.19,end_transient,-1
3920,39.2,end_transient,-1
3921,39.21,end_transient,-1
3922,39.22,end_transient,-1
3923,39.23,end_transient,-1
3924,39.24,end_transient,-1
3925,39.25,end_transient,-1
3926,39.26,end_transient,-1
3927,39.27,end_transient,-1
3928,39.28,end_transient,-1
3929,39.29,end_transient,-1
3930,39.3,end_transient,-1
3931,39.31,end_transient,-1
3932,39.32,end_transient,-1
3933,39.33,end_transient,-1
3934,39.34,end_transient,-1
3935,39.35,end_transient,-1
3936,39.36,end_transient,-1
3937,39.37,end_transient,-1
3938,39.38,end_transient,-1
3939,39.39,end_transient,-1
3940,39.4,end_transient,-1
3941,39.41,end_transient,-1
3942,39.42,end_transient,-1
3943,39.43,end_transient,-1
3944,39.44,end_transient,-1
3945,39.45,end_transient,-1
3946,39.46,end_transient,-1
3947,39.47,end_transient,-1
3948,39.48,end_transient,-1
3949,39.49,end_transient,-1
3950,39.5,end_transient,-1
3951,39.51,end_transient,-1
3952,39.52,end_transient,-1
3953,39.53,end_transient,-1
3954,39.54,end_transient,-1
3955,39.55,end_transient,-1
3956,39.56,end_transient,-1
3957,39.57,end_transient,-1
3958,39.58,end_transient,-1
3959,39.59,end_transient,-1
3960,39.6,end_transient,-1
3961,39.61,end_transient,-1
3962,39.62,end_transient,-1
3963,39.63,end_transient,-1
3964,39.64,end_transient,-1
3965,39.65,end_transient,-1
3966,39.66,end_transient,-1
3967,39.67,end_transient,-1
3968,39.68,end_transient,-1
3969,39.69,end_transient,-1
3970,39.7,end_transient,-1
3971,39.71,end_transient,-1
3972,39.72,end_transient,-1
3973,39.73,end_transient,-1
3974,39.74,end_transient,-1
3975,39.75,end_transient,-1
3976,39.76,end_transient,-1
3977,39.77,end_transient,-1
3978,39.78,end_transient,-1
3979,39.79,end_transient,-1
3980,39.8,end_transient,-1
3981,39.81,end_transient,-1
3982,39.82,end_transient,-1
3983,39.83,end_transient,-1
3984,39.84,end_transient,-1
3985,39.85,end_transient,-1
3986,39.86,end_transient,-1
3987,39.87,end_transient,-1
3988,39.88,end_transient,-1
3989,39.89,end_transient,-1
3990,39.9,end_transient,-1
3991,39.91,end_transient,-1
3992,39.92,end_transient,-1
3993,39.93,end_transient,-1
3994,39.94,end_transient,-1
3995,39.95,end_transient,-1
3996,39.96,end_transient,-1
3997,39.97,end_transient,-1
3998,39.98,end_transient,-1
3999,39.99,end_transient,-1
4000,40.0,end_transient,-1
4001,40.01,end_transient,-1
4002,40.02,end_transient,-1
4003,40.03,end_transient,-1
4004,40.04,end_transient,-1
4005,40.05,end_transient,-1
4006,40.06,end_transient,-1
4007,40.07,end_transient,-1
4008,40.08,end_transient,-1
4009,40.09,end_transient,-1
4010,40.1,end_transient,-1
4011,40.11,end_transient,-1
4012,40.12,end_transient,-1
4013,40.13,end_transient,-1
4014,40.14,end_transient,-1
4015,40.15,end_transient,-1
4016,40.16,end_transient,-1
4017,40.17,end_transient,-1
4018,40.18,end_transient,-1
4019,40.19,end_transient,-1
4020,40.2,end_transient,-1
4021,40.21,end_transient,-1
4022,40.22,end_transient,-1
4023,40.23,end_transient,-1
4024,40.24,end_transient,-1
4025,40.25,end_transient,-1
4026,40.26,end_transient,-1
4027,40.27,end_transient,-1
4028,40.28,end_transient,-1
4029,40.29,end_transient,-1
4030,40.3,end_transient,-1
4031,40.31,end_transient,-1
4032,40.32,end_transient,-1
4033,40.33,end_transient,-1
4034,40.34,end_transient,-1
4035,40.35,end_transient,-1
4036,40.36,end_transient,-1
4037,40.37,end_transient,-1
4038,40.38,end_transient,-1
4039,40.39,end_transient,-1
4040,40.4,end_transient,-1
4041,40.41,end_transient,-1
4042,40.42,end_transient,-1
4043,40.43,end_transient,-1
4044,40.44,end_transient,-1
4045,40.45,end_transient,-1
4046,40.46,end_transient,-1
4047,40.47,end_transient,-1
4048,40.48,end_transient,-1
4049,40.49,end_transient,-1
4050,40.5,end_transient,-1
4051,40.51,end_transient,-1
4052,40.52,end_transient,-1
4053,40.53,end_transient,-1
4054,40.54,end_transient,-1
4055,40.55,end_transient,-1
4056,40.56,end_transient,-1
4057,40.57,end_transient,-1
4058,40.58,end_transient,-1
4059,40.59,end_transient,-1
4060,40.6,end_transient,-1
4061,40.61,end_transient,-1
4062,40.62,end_transient,-1
4063,40.63,end_transient,-1
4064,40.64,end_transient,-1
4065,40.65,end_transient,-1
4066,40.66,end_transient,-1
4067,40.67,end_transient,-1
4068,40.68,end_transient,-1
4069,40.69,end_transient,-1
4070,40.7,end_transient,-1
4071,40.71,end_transient,-1
4072,40.72,end_transient,-1
4073,40.73,end_transient,-1
4074,40.74,end_transient,-1
4075,40.75,end_transient,-1
4076,40.76,end_transient,-1
4077,40.77,end_transient,-1
4078,40.78,end_transient,-1
4079,40.79,end_transient,-1
4080,40.8,end_transient,-1
4081,40.81,end_transient,-1
4082,40.82,end_transient,-1
4083,40.83,end_transient,-1
4084,40.84,end_transient,-1
4085,40.85,end_transient,-1
4086,40.86,end_transient,-1
4087,40.87,end_transient,-1
4088,40.88,end_transient,-1
4089,40.89,end_transient,-1
4090,40.9,end_transient,-1
4091,40.91,end_transient,-1
4092,40.92,end_transient,-1
4093,40.93,end_transient,-1
4094,40.94,end_transient,-1
4095,40.95,end_transient,-1
4096,40.96,end_transient,-1
4097,40.97,end_transient,-1
4098,40.98,end_transient,-1
4099,40.99,end_transient,-1
4100,41.0,end_transient,-1
4101,41.01,end_transient,-1
4102,41.02,end_transient,-1
4103,41.03,end_transient,-1
4104,41.04,end_transient,-1
4105,41.05,end_transient,-1
4106,41.06,end_transient,-1
4107,41.07,end_transient,-1
4108,41.08,end_transient,-1
4109,41.09,end_transient,-1
4110,41.1,end_transient,-1
4111,41.11,end_transient,-1
4112,41.12,end_transient,-1
4113,41.13,end_transient,-1
4114,41.14,end_transient,-1
4115,41.15,end_transient,-1
4116,41.16,end_transient,-1
4117,41.17,end_transient,-1
4118,41.18,end_transient,-1
4119,41.19,end_transient,-1
4120,41.2,end_transient,-1
4121,41.21,end_transient,-1
4122,41.22,end_transient,-1
4123,41.23,end_transient,-1
4124,41.24,end_transient,-1
4125,41.25,end_transient,-1
4126,41.26,end_transient,-1
4127,41.27,end_transient,-1
4128,41.28,end_transient,-1
4129,41.29,end_transient,-1
4130,41.3,end_transient,-1
4131,41.31,end_transient,-1
4132,41.32,end_transient,-1
4133,41.33,end_transient,-1
4134,41.34,end_transient,-1
4135,41.35,end_transient,-1
4136,41.36,end_transient,-1
4137,41.37,end_transient,-1
4138,41.38,end_transient,-1
4139,41.39,end_transient,-1
4140,41.4,end_transient,-1
4141,41.41,end_transient,-1
4142,41.42,end_transient,-1
4143,41.43,end_transient,-1
4144,41.44,end_transient,-1
4145,41.45,end_transient,-1
4146,41.46,end_transient,-1
4147,41.47,end_transient,-1
4148,41.48,end_transient,-1
4149,41.49,end_transient,-1
4150,41.5,end_transient,-1
4151,41.51,end_transient,-1
4152,41.52,end_transient,-1
4153,41.53,end_transient,-1
4154,41.54,end_transient,-1
4155,41.55,end_transient,-1
4156,41.56,end_transient,-1
4157,41.57,end_transient,-1
4158,41.58,end_transient,-1
4159,41.59,end_transient,-1
4160,41.6,end_transient,-1
4161,41.61,end_transient,-1
4162,41.62,end_transient,-1
4163,41.63,end_transient,-1
4164,41.64,end_transient,-1
4165,41.65,end_transient,-1
4166,41.66,end_transient,-1
4167,41.67,end_transient,-1
4168,41.68,end_transient,-1
4169,41.69,end_transient,-1
4170,41.7,end_transient,-1
4171,41.71,end_transient,-1
4172,41.72,end_transient,-1
4173,41.73,end_transient,-1
4174,41.74,end_transient,-1
4175,41.75,end_transient,-1
4176,41.76,end_transient,-1
4177,41.77,end_transient,-1
4178,41.78,end_transient,-1
4179,41.79,end_transient,-1
4180,41.8,end_transient,-1
4181,41.81,end_transient,-1
4182,41.82,end_transient,-1
4183,41.83,end_transient,-1
4184,41.84,end_transient,-1
4185,41.85,end_transient,-1
4186,41.86,end_transient,-1
4187,41.87,end_transient,-1
4188,41.88,end_transient,-1
4189,41.89,end_transient,-1
4190,41.9,end_transient,-1
4191,41.91,end_transient,-1
4192,41.92,end_transient,-1
4193,41.93,end_transient,-1
4194,41.94,end_transient,-1
4195,41.95,end_transient,-1
4196,41.96,end_transient,-1
4197,41.97,end_transient,-1
4198,41.98,end_transient,-1
4199,41.99,end_transient,-1
4200,42.0,end_transient,-1
4201,42.01,end_transient,-1
4202,42.02,end_transient,-1
4203,42.03,end_transient,-1
4204,42.04,end_transient,-1
4205,42.05,end_transient,-1
4206,42.06,end_transient,-1
4207,42.07,end_transient,-1
4208,42.08,end_transient,-1
4209,42.09,end_transient,-1
4210,42.1,end_transient,-1
4211,42.11,end_transient,-1
4212,42.12,end_transient,-1
4213,42.13,end_transient,-1
4214,42.14,end_transient,-1
4215,42.15,end_transient,-1
4216,42.16,end_transient,-1
4217,42.17,end_transient,-1
4218,42.18,end_transient,-1
4219,42.19,end_transient,-1
4220,42.2,end_transient,-1
4221,42.21,end_transient,-1
4222,42.22,end_transient,-1
4223,42.23,end_transient,-1
4224,42.24,end_transient,-1
4225,42.25,end_transient,-1
4226,42.26,end_transient,-1
4227,42.27,end_transient,-1
4228,42.28,end_transient,-1
4229,42.29,end_transient,-1
4230,42.3,end_transient,-1
4231,42.31,end_transient,-1
4232,42.32,end_transient,-1
4233,42.33,end_transient,-1
4234,42.34,end_transient,-1
4235,42.35,end_transient,-1
4236,42.36,end_transient,-1
4237,42.37,end_transient,-1
4238,42.38,end_transient,-1
4239,42.39,end_transient,-1
4240,42.4,end_transient,-1
4241,42.41,end_transient,-1
4242,42.42,end_transient,-1
4243,42.43,end_transient,-1
4244,42.44,end_transient,-1
4245,42.45,end_transient,-1
4246,42.46,end_transient,-1
4247,42.47,end_transient,-1
4248,42.48,end_transient,-1
4249,42.49,end_transient,-1
4250,42.5,end_transient,-1
4251,42.51,end_transient,-1
4252,42.52,end_transient,-1
4253,42.53,end_transient,-1
4254,42.54,end_transient,-1
4255,42.55,end_transient,-1
4256,42.56,end_transient,-1
4257,42.57,end_transient,-1
4258,42.58,end_transient,-1
4259,42.59,end_transient,-1
4260,42.6,end_transient,-1
4261,42.61,end_transient,-1
4262,42.62,end_transient,-1
4263,42.63,end_transient,-1
4264,42.64,end_transient,-1
4265,42.65,end_transient,-1
4266,42.66,end_transient,-1
4267,42.67,end_transient,-1
4268,42.68,end_transient,-1
4269,42.69,end_transient,-1
4270,42.7,end_transient,-1
4271,42.71,end_transient,-1
4272,42.72,end_transient,-1
4273,42.73,end_transient,-1
4274,42.74,end_transient,-1
4275,42.75,end_transient,-1
4276,42.76,end_transient,-1
4277,42.77,end_transient,-1
4278,42.78,end_transient,-1
4279,42.79,end_transient,-1
4280,42.8,end_transient,-1
4281,42.81,end_transient,-1
4282,42.82,end_transient,-1
4283,42.83,end_transient,-1
4284,42.84,end_transient,-1
4285,42.85,end_transient,-1
4286,42.86,end_transient,-1
4287,42.87,end_transient,-1
4288,42.88,end_transient,-1
4289,42.89,end_transient,-1
4290,42.9,end_transient,-1
4291,42.91,end_transient,-1
4292,42.92,end_transient,-1
4293,42.93,end_transient,-1
4294,42.94,end_transient,-1
4295,42.95,end_transient,-1
4296,42.96,end_transient,-1
4297,42.97,end_transient,-1
4298,42.98,end_transient,-1
4299,42.99,end_transient,-1
4300,43.0,end_transient,-1
4301,43.01,end_transient,-1
4302,43.02,end_transient,-1
4303,43.03,end_transient,-1
4304,43.04,end_transient,-1
4305,43.05,end_transient,-1
4306,43.06,end_transient,-1
4307,43.07,end_transient,-1
4308,43.08,end_transient,-1
4309,43.09,end_transient,-1
