person,trial,phase,cycle_index,frames,duration,left_ankle_to_foot_original_angle__mean,left_ankle_to_foot_original_angle__std,left_ankle_to_foot_original_angle__min,left_ankle_to_foot_original_angle__max,left_ankle_to_foot_original_angle__range,left_elbow_to_wrist_original_angle__mean,left_elbow_to_wrist_original_angle__std,left_elbow_to_wrist_original_angle__min,left_elbow_to_wrist_original_angle__max,left_elbow_to_wrist_original_angle__range,left_hip_to_knee_original_angle__mean,left_hip_to_knee_original_angle__std,left_hip_to_knee_original_angle__min,left_hip_to_knee_original_angle__max,left_hip_to_knee_original_angle__range,left_knee_to_ankle_original_angle__mean,left_knee_to_ankle_original_angle__std,left_knee_to_ankle_original_angle__min,left_knee_to_ankle_original_angle__max,left_knee_to_ankle_original_angle__range,left_shoulder_to_elbow_original_angle__mean,left_shoulder_to_elbow_original_angle__std,left_shoulder_to_elbow_original_angle__min,left_shoulder_to_elbow_original_angle__max,left_shoulder_to_elbow_original_angle__range,left_wrist_to_hand_original_angle__mean,left_wrist_to_hand_original_angle__std,left_wrist_to_hand_original_angle__min,left_wrist_to_hand_original_angle__max,left_wrist_to_hand_original_angle__range,mid_to_upper_spine_original_angle__mean,mid_to_upper_spine_original_angle__std,mid_to_upper_spine_original_angle__min,mid_to_upper_spine_original_angle__max,mid_to_upper_spine_original_angle__range,neck_to_left_shoulder_original_angle__mean,neck_to_left_shoulder_original_angle__std,neck_to_left_shoulder_original_angle__min,neck_to_left_shoulder_original_angle__max,neck_to_left_shoulder_original_angle__range,neck_to_right_shoulder_original_angle__mean,neck_to_right_shoulder_original_angle__std,neck_to_right_shoulder_original_angle__min,neck_to_right_shoulder_original_angle__max,neck_to_right_shoulder_original_angle__range,pelvis_to_left_hip_original_angle__mean,pelvis_to_left_hip_original_angle__std,pelvis_to_left_hip_original_angle__min,pelvis_to_left_hip_original_angle__max,pelvis_to_left_hip_original_angle__range,pelvis_to_lower_spine_original_angle__mean,pelvis_to_lower_spine_original_angle__std,pelvis_to_lower_spine_original_angle__min,pelvis_to_lower_spine_original_angle__max,pelvis_to_lower_spine_original_angle__range,pelvis_to_right_hip_original_angle__mean,pelvis_to_right_hip_original_angle__std,pelvis_to_right_hip_original_angle__min,pelvis_to_right_hip_original_angle__max,pelvis_to_right_hip_original_angle__range,right_ankle_to_foot_original_angle__mean,right_ankle_to_foot_original_angle__std,right_ankle_to_foot_original_angle__min,right_ankle_to_foot_original_angle__max,right_ankle_to_foot_original_angle__range,right_elbow_to_wrist_original_angle__mean,right_elbow_to_wrist_original_angle__std,right_elbow_to_wrist_original_angle__min,right_elbow_to_wrist_original_angle__max,right_elbow_to_wrist_original_angle__range,right_hip_to_knee_original_angle__mean,right_hip_to_knee_original_angle__std,right_hip_to_knee_original_angle__min,right_hip_to_knee_original_angle__max,right_hip_to_knee_original_angle__range,right_knee_to_ankle_original_angle__mean,right_knee_to_ankle_original_angle__std,right_knee_to_ankle_original_angle__min,right_knee_to_ankle_original_angle__max,right_knee_to_ankle_original_angle__range,right_shoulder_to_elbow_original_angle__mean,right_shoulder_to_elbow_original_angle__std,right_shoulder_to_elbow_original_angle__min,right_shoulder_to_elbow_original_angle__max,right_shoulder_to_elbow_original_angle__range,right_wrist_to_hand_original_angle__mean,right_wrist_to_hand_original_angle__std,right_wrist_to_hand_original_angle__min,right_wrist_to_hand_original_angle__max,right_wrist_to_hand_original_angle__range,cycle_quality
Buddhini,9,02,1,17,0.1599999999999997,0.26156914969112366,0.2029764427230775,0.0830985265493568,0.7156547887780458,0.632556262228689,0.2077293785367471,0.05585928462974457,0.1192781036746823,0.3125739249740761,0.1932958212993938,0.2482890678212908,0.05178797856268683,0.1816633404068451,0.3113929657244753,0.1297296253176302,0.3137078240384382,0.1386747194671479,0.1403280205579536,0.5678730006079722,0.4275449800500186,0.09734482852058617,0.03579664842593366,0.0214337500668292,0.1371524103475278,0.11571866028069859,0.19169048403994443,0.044728856252235605,0.1222193111271205,0.2925555274406581,0.1703362163135376,0.039374150615085035,0.011371212563086229,0.0253625238016142,0.0584217800451192,0.033059256243505,0.04087251148725229,0.015882208989090044,0.0224349038952469,0.0729642422117969,0.05052933831655,0.05727939744933625,0.016450542017720164,0.0348834635622864,0.0788988415621767,0.044015377999890304,0.1418819043286556,0.02053457895102361,0.0988237212541011,0.1673529619763916,0.0685292407222905,0.07974100177675937,0.024066248088956563,0.0305814559393017,0.1085160405906236,0.0779345846513219,0.07745814854999857,0.0106806070246109,0.0547768879972568,0.0901465528912795,0.0353696648940227,0.4266353442030013,0.1287341450153703,0.3101519920249721,0.6854215368354902,0.3752695448105181,0.3798351362287271,0.056908567254022,0.258235013698681,0.4373157815270264,0.17908076782834537,0.14896833902402654,0.02789535027476514,0.1208969705466715,0.2127686653098349,0.0918716947631634,0.3641871628585556,0.0827144788069531,0.2513400830114705,0.5214371698400294,0.27009708682855893,0.16568979438235004,0.030042630980822563,0.1142939863161719,0.2340476897926617,0.1197537034764898,0.41108310383882113,0.05742372091977654,0.2879048977189493,0.46747954796959,0.17957465025064073,suspicious_short
Buddhini,9,02,2,89,0.8800000000000003,0.44902064579995743,0.24589718365727609,0.1469475982447428,0.9652767906480398,0.818329192403297,0.27119105541883815,0.12367029529706433,0.0419519679012164,0.4749313744379982,0.4329794065367818,0.23957462498815765,0.08035131575552323,0.0893708128836667,0.3851946349472623,0.2958238220635956,0.35383353252766386,0.19729073362061564,0.1069581973118189,0.6907312739143774,0.5837730766025585,0.17189014371083416,0.06280056771136146,0.0142640518006897,0.2391024507165734,0.2248383989158837,0.28219372372886736,0.12761098183416322,0.0218659763114296,0.4333820646148622,0.41151608830343256,0.04725261180180883,0.017289373626197212,0.0076467832533858,0.0829904722460051,0.0753436889926193,0.06220555368079423,0.019411208438018555,0.0082521841251252,0.0919052797531663,0.0836530956280411,0.05639220739970083,0.02056860628651388,0.0103466131818399,0.0899720864050652,0.0796254732232253,0.06291596966952971,0.027064490915814546,0.0141944223021972,0.1550129392115053,0.1408185169093081,0.06788636709915542,0.02435807424195834,0.0170526364376604,0.1174647901235026,0.10041215368584219,0.07014372718707189,0.032066215585630393,0.0211041848647634,0.1331107084056944,0.11200652354093099,0.464039504252352,0.27298116004975415,0.1177989724784834,1.0511894187543016,0.9333904462758182,0.3041658611132973,0.13407086375008723,0.0746943833977896,0.4975864543868615,0.4228920709890719,0.2652355927763318,0.05586669687997155,0.1888757374093151,0.3973345378068069,0.2084588003974918,0.34444121986685566,0.21874965681879902,0.0535861014516102,0.7066869246004839,0.6531008231488736,0.21906318163622213,0.10017242444636269,0.024142352399831,0.3575959140126704,0.3334535616128394,0.3098741486545794,0.1334256781211415,0.0709100921115805,0.5063501881500516,0.4354400960384711,plausible
Buddhini,9,02,3,19,0.17999999999999972,0.2906621470560698,0.2390674168216219,0.0780847671857074,0.8261950391401228,0.7481102719544155,0.22709169379265867,0.08862497850032165,0.1068735019622111,0.3898968527139376,0.28302335075172647,0.27936722764270727,0.05350622772785243,0.2070826997949609,0.3433541108228121,0.13627141102785117,0.33629044064227737,0.15394130953987922,0.1387512886066097,0.6103996017452467,0.471648313138637,0.09344376953743325,0.02447778590420128,0.0543447568759655,0.1266359361231386,0.07229117924717308,0.14641403272385184,0.08569537021389506,0.0722421873785728,0.3295495332014121,0.2573073458228393,0.06744387680102347,0.0058126710072135546,0.0599578283040812,0.074720454738638,0.014762626434556801,0.05789087636128002,0.021870613128139645,0.0290477418901584,0.0944075372420564,0.06535979535189801,0.07419190114804064,0.031428459342626586,0.0190547537285279,0.1052511043813326,0.0861963506528047,0.09594169339976932,0.020409072873827348,0.0526892547053293,0.1226981284479017,0.0700088737425724,0.07161459561495734,0.02570896724674594,0.0294596943743481,0.1032684800168751,0.07380878564252699,0.08253698314255194,0.022635040768327435,0.0598207947666022,0.1208624742758459,0.0610416795092437,0.41650080636372555,0.13804954824654767,0.288983819289188,0.6990285602838406,0.41004474099465266,0.398341426308619,0.07132351706683789,0.2551023717243593,0.4739331981114665,0.2188308263871072,0.15457063169188504,0.03336891666410357,0.1180163438886948,0.2326523125760286,0.11463596868733382,0.392843691918778,0.10183590959959399,0.2513912487570044,0.577163141644249,0.32577189288724456,0.17375176431803316,0.04660989568711338,0.0997841505420562,0.2790838618371124,0.17929971129505623,0.423401342189833,0.08266936989695421,0.2578094273438535,0.5057009843826393,0.24789155703878585,suspicious_short
Buddhini,9,02,4,111,1.1000000000000005,0.44214058049608934,0.24935041272385597,0.0975744189563135,1.019834988059799,0.9222605691034855,0.30301772479824685,0.1652045050772254,0.0642554792696281,0.6156895528271253,0.5514340735574972,0.24583354261654883,0.07528417673342278,0.10637063666888,0.3854602830971589,0.27908964642827894,0.3450298770490164,0.19473266022251356,0.067400079460366,0.6818999652066929,0.614499885746327,0.17582162951445707,0.0719298033023866,0.0174263431671559,0.2874370658854875,0.2700107227183316,0.29755692646280546,0.1489711184253749,0.0420569131762475,0.5212520908770587,0.4791951777008112,0.047198465022976956,0.013343474105261833,0.0184866235762657,0.0728182574020132,0.0543316338257475,0.06723992346645001,0.02563166578203361,0.0088193579162578,0.1011713383046306,0.09235198038837279,0.06737381473256178,0.021095286609412196,0.0134945960955052,0.0989303224093037,0.0854357263137985,0.07622123237216948,0.02557833847032366,0.0247713570532807,0.1308790782052,0.1061077211519193,0.06714733446859693,0.02204229149365919,0.019351658283766,0.1042562305945923,0.08490457231082629,0.07038380777209784,0.017169216896034848,0.0374735950432016,0.1164279364200521,0.0789543413768505,0.4376672951783041,0.2550173145305291,0.0977657054809403,1.038993224372509,0.9412275188915687,0.2998559099832287,0.13249750862022172,0.0504757348604539,0.4949732049002459,0.444497470039792,0.24017044514339864,0.06921724711323742,0.1029325689114134,0.3806553477182461,0.2777227788068327,0.34699735526509734,0.20423557449148425,0.0311776415597801,0.688409057002392,0.6572314154426119,0.21640916025528845,0.1005888322100066,0.0266472964380673,0.3456517852668688,0.3190044888288015,0.3258946550422018,0.1376355715647885,0.0852357268538744,0.523157548287168,0.4379218214332936,plausible
Buddhini,9,02,5,107,1.0599999999999996,0.4236604613867554,0.24002506999054884,0.0971851336353714,0.9955073045864008,0.8983221709510294,0.306287490064038,0.15304520489991355,0.0586719911796308,0.5907241744430525,0.5320521832634216,0.24309246248532865,0.08656894202101416,0.08414338793826,0.4088999929793361,0.3247566050410761,0.3417052639426644,0.18935278673581213,0.0906659835828315,0.6794213393101447,0.5887553557273132,0.17568558655276598,0.07626382600477795,0.0272595240778729,0.2767490500037153,0.2494895259258424,0.31101041731310664,0.14379901706122492,0.0235492380076981,0.5109817284328713,0.48743249042517317,0.036019761713623026,0.018469650366569886,0.0038113025599729,0.0820805629555689,0.078269260395596,0.049026567856680685,0.01990644394583153,0.0221378635482184,0.0897825511161207,0.0676446875679023,0.05025119428423315,0.015113453935079905,0.0150820513562775,0.0849783556814141,0.0698963043251366,0.0763797896567911,0.03289170174559665,0.0105158726710594,0.1370195119630675,0.12650363929200809,0.07844761052757279,0.03697873416995688,0.0238399984068005,0.1680607025081614,0.1442207041013609,0.06528193530105904,0.02340333876883356,0.0108650647761239,0.1085404114113428,0.0976753466352189,0.44309736929446936,0.2542357416341614,0.1286908662488357,1.0260480462198798,0.897357179971044,0.35254502558287953,0.14447047192092471,0.020151110338337,0.5631466702625827,0.5429955599242456,0.2455194059331186,0.08179979900517716,0.0928247188920159,0.3898532562628141,0.29702853737079815,0.35249251815525934,0.1950254843095848,0.0665918993853136,0.6610505226742377,0.5944586232889241,0.2043354052578488,0.09699147139811934,0.0285532525094061,0.371457196583359,0.3429039440739529,0.3560996060520546,0.1478700734777482,0.0147745416707791,0.5677585399847604,0.5529839983139814,plausible
Buddhini,9,02,6,109,1.08,0.408113565702645,0.24901585034697526,0.0588761194866867,0.9672071595438844,0.9083310400571977,0.2753728142039052,0.1415005993415999,0.0492706378492955,0.5427329839231562,0.49346234607386064,0.23868594956516542,0.07581337262625813,0.1020816723027269,0.3772061763947133,0.2751245040919864,0.33917903165433266,0.19562915052424232,0.0888049252409842,0.6879601070007545,0.5991551817597703,0.15356032481548273,0.06797917608756165,0.0312615156029324,0.2584072225403842,0.22714570693745179,0.2719331049513046,0.12283123132965096,0.0338455779590216,0.4516260343332057,0.4177804563741841,0.0487272977602083,0.017281421784757344,0.0117096768718695,0.0838490726172061,0.0721393957453366,0.06568080780356765,0.026705407232284487,0.019865260058387,0.110350039441843,0.090484779383456,0.06309331245413727,0.03183793842117657,0.016633587391309,0.1378922992571427,0.12125871186583369,0.07087574084964379,0.030074479579192664,0.0203731017595225,0.1375520748862199,0.1171789731266974,0.06723728999780942,0.023110100147079954,0.0183777993446086,0.1084701870591907,0.09009238771458211,0.06668344665275118,0.02005083904720578,0.026315993147942,0.1073864290443303,0.0810704358963883,0.4409105211288177,0.2567071177728807,0.116650155722377,1.0364585889355868,0.9198084332132098,0.35464515916305644,0.14525755267587176,0.0489231046143909,0.5842245733885377,0.5353014687741469,0.23459283700456346,0.07961349794150308,0.0774668394585217,0.3746307773168195,0.29716393785829776,0.3591761798799868,0.19618115294068156,0.0245993890789119,0.6684426386352408,0.6438432495563289,0.22096193579636306,0.09856017523189975,0.0195289926120986,0.3494037945463623,0.32987480193426366,0.3657015361220583,0.1547304128448646,0.0481444121977845,0.6089087797028448,0.5607643675050603,plausible
Buddhini,9,02,7,108,1.0700000000000003,0.40778028774507186,0.24496861443593151,0.1167174617905313,0.9629005261629956,0.8461830643724643,0.32309854505970237,0.1966319186964035,0.0266515711365421,0.7048025626477317,0.6781509915111895,0.2511304742065928,0.07249818788118889,0.0978788470265402,0.3776116456956225,0.2797327986690823,0.35399924264246585,0.18241039381773683,0.1365526221188986,0.6956947254910948,0.5591421033721962,0.16036203649935318,0.05956141457312313,0.0265196047094387,0.2352126475450612,0.20869304283562248,0.3392489098723636,0.15542353679096335,0.0566464571612286,0.6223746751925604,0.5657282180313318,0.043967769404889216,0.024775414492420846,0.0054950695568653,0.0861212610486664,0.0806261914918011,0.05866241118171751,0.021693536025470587,0.0246788788473844,0.1227799518256094,0.098101072978225,0.05514217842429781,0.02636702750757685,0.0106845607353803,0.1232171195124934,0.1125325587771131,0.0915942201781209,0.036459327870730925,0.0128075063059888,0.1666961526040358,0.153888646298047,0.07497452546762944,0.02971379630298124,0.0197046197623817,0.1258130449112105,0.10610842514882882,0.06119360074197595,0.023119228327028278,0.0189151520735928,0.1113037481382741,0.09238859606468129,0.4509076365707449,0.25302445307240407,0.1149385963587129,1.057822547198539,0.9428839508398261,0.38655734243504697,0.16438002711278416,0.0434043464715939,0.5852233916155196,0.5418190451439258,0.24782447865998644,0.07158759578232593,0.1179635063667438,0.3951593671641855,0.2771958607974417,0.35877642262473713,0.1899673072023165,0.0326698732521437,0.6921920715339768,0.6595221982818331,0.24586861306703464,0.1107743465819326,0.0300724916897851,0.438573083450576,0.4085005917607909,0.3927156120543654,0.16825805638334404,0.0390735455156599,0.6171748661500821,0.5781013206344222,plausible
Buddhini,9,02,8,108,1.0700000000000003,0.41242484408961994,0.252333603906378,0.0855698211291781,1.0198251422358888,0.9342553211067107,0.32324240307920377,0.1510059884362328,0.0422376924853685,0.5937636648052965,0.5515259723199281,0.2431720024947055,0.07509187697180092,0.1024616094792513,0.3811170593715748,0.2786554498923235,0.3435645920421955,0.19173271672713732,0.0710903447214669,0.7004354566180239,0.629345111896557,0.18811991352838714,0.08233665490939238,0.0192133696123156,0.2958526795193806,0.276639309907065,0.3177178336476232,0.13475018279585457,0.0668223473001419,0.4956291117859044,0.4288067644857625,0.04894646355480417,0.01661241158118307,0.0238673764446574,0.082147159766545,0.0582797833218876,0.07372937898040098,0.03395290970238979,0.0041832707719493,0.1239927918568403,0.119809521084891,0.06495938834809335,0.02549634186022741,0.0053638377579961,0.1152959842256013,0.10993214646760521,0.08596495282681887,0.045034333305824466,0.0176554265552302,0.1866227727736773,0.1689673462184471,0.0796102306340938,0.03134012542657552,0.0174110294689219,0.133107662501344,0.11569663303242211,0.07523402525621432,0.03037893286473316,0.0237669036579524,0.1394636758404428,0.11569677218249041,0.4381460081220207,0.2674451006297439,0.1311786042469834,1.0789843706109568,0.9478057663639734,0.3810780199886779,0.156081802671235,0.0485793343462573,0.6246627062039325,0.5760833718576752,0.23133661064822708,0.07093536174548724,0.086035348303174,0.3594435547441064,0.2734082064409324,0.3621843841973532,0.18963622692531215,0.0613896759772417,0.7456054253228455,0.6842157493456038,0.24716374530055335,0.1108295151079518,0.043284634558879,0.388648023001939,0.34536338844306,0.3987977173674594,0.1600242621835987,0.0665653085095275,0.6490147701218538,0.5824494616123264,plausible
Buddhini,9,02,9,109,1.08,0.42303172715844667,0.2457563820468277,0.0814212875226705,0.9801980966122014,0.8987768090895308,0.32487489803706704,0.17285431225854545,0.0894872866073164,0.6521856874612506,0.5626984008539342,0.24315557061444787,0.06841255623534674,0.1069940342674949,0.3779836984003901,0.27098966413289516,0.34848744588790964,0.1918749474707205,0.1085878824111825,0.6968625565373693,0.5882746741261868,0.17252620367826116,0.07221136422757231,0.0087164564680605,0.2743321762823585,0.265615719814298,0.30438521222078,0.142719582923159,0.0399100719738736,0.5201152734037556,0.48020520142988204,0.05386966873087693,0.012962109197358716,0.0287620465541575,0.0919621002134741,0.06320005365931661,0.0636744482180176,0.024851767579202683,0.0198440266822585,0.1256948732273481,0.1058508465450896,0.05728924328102225,0.020267272118168967,0.0222095572733774,0.0952486754554843,0.0730391181821069,0.0795382979699455,0.03770629162011897,0.0112631958380863,0.1698071588222505,0.1585439629841642,0.06868149101496435,0.025678405325562106,0.0115663073867906,0.1210898375513356,0.109523530164545,0.06505491399113726,0.03002056709584568,0.0062773255698743,0.1312445235461855,0.12496719797631119,0.4429453423762058,0.2570535331676971,0.131594994070919,1.057217003650475,0.9256220095795561,0.3608262784189977,0.14904699348836162,0.0701169293991719,0.5912319150308725,0.5211149856317006,0.2374275279817804,0.0652141604918016,0.1174381216943002,0.3798815376325656,0.2624434159382654,0.3658858711636559,0.17941581094466644,0.0586602672483548,0.7326555098799044,0.6739952426315495,0.257960600272128,0.12913112246646163,0.0132934774066619,0.4514253193898677,0.43813184198320576,0.37328188299300175,0.15611371237438534,0.0522065166240492,0.5971891184529303,0.5449826018288811,plausible
Buddhini,9,02,10,111,1.0999999999999996,0.443068698406821,0.2672756864892137,0.1117315988457207,1.0632290860107172,0.9514974871649965,0.3173046537938813,0.16808163136146612,0.0768307917305478,0.6420625586263489,0.5652317668958011,0.24635698299060813,0.07173194764027364,0.1174408157906652,0.3794358669396639,0.2619950511489987,0.3571932088596798,0.19027707888151563,0.1119644903227398,0.7182493504339275,0.6062848601111877,0.16024235131857398,0.08029380453300039,0.0273196475365194,0.3212804246453899,0.29396077710887053,0.3000990617300523,0.14764327040670588,0.0772051160811812,0.5089694995584289,0.43176438347724766,0.054024608096696035,0.023827014075221784,0.0193211619915773,0.095050492476883,0.07572933048530571,0.0722886697738383,0.03368289546266441,0.037243945681761,0.1386924053945807,0.10144845971281968,0.05633769947968607,0.03368341177098348,0.016135225185344,0.1197746885939331,0.1036394634085891,0.09412437384433002,0.04775963104760089,0.0125051988851839,0.1921702928869069,0.179665094001723,0.08302695700948468,0.03474340225127825,0.0106039186233876,0.1433336442196509,0.13272972559626328,0.07580702303157615,0.03673996752137478,0.0160441534852383,0.1397493518847668,0.12370519839952851,0.44607608321566133,0.26928063194548024,0.1040341681328434,1.0659129019732854,0.961878733840442,0.37434081499366173,0.16585440422986986,0.0711996506024893,0.5833645024997286,0.5121648518972393,0.2382873889005667,0.06376950056280578,0.1145944928791866,0.3684787797666998,0.2538842868875132,0.3738617767210875,0.19292130546253977,0.0667215183730961,0.7394823514495074,0.6727608330764112,0.22754182625004654,0.10489321601884682,0.0153727350354286,0.360596223646759,0.3452234886113304,0.3948246956510171,0.17290399474099594,0.0774116043698036,0.6416325740539456,0.564220969684142,plausible
Buddhini,9,02,11,107,1.0600000000000005,0.4202688996490537,0.24448114429666878,0.0757797544893618,0.991080296977352,0.9153005424879902,0.3403969545606954,0.20774112581924323,0.0530004037836312,0.7301819310961307,0.6771815273124995,0.24098359017707535,0.07710297703351972,0.1034571113593326,0.3932535006509397,0.2897963892916071,0.33882155893347987,0.19072956838865102,0.0662887265174959,0.6937814430094967,0.6274927164920008,0.18307378374901617,0.072842738192057,0.0427882457235648,0.3160572838785078,0.27326903815494297,0.3241484397626255,0.1610419753646123,0.067004170410401,0.6029914483260971,0.5359872779156961,0.06895625388412083,0.018186898947633846,0.0383246849859007,0.101051134395414,0.0627264494095133,0.06943886784596313,0.035767085809759944,0.0183318876773815,0.1265577144833628,0.1082258268059813,0.06703458418301135,0.03047725353873807,0.0104873452579297,0.1050851809567487,0.094597835698819,0.073168613905904,0.023107709715631412,0.0224482267087327,0.1093465097775093,0.0868982830687766,0.07734632988013941,0.02689623167661227,0.0191074694593013,0.1348971341661189,0.11578966470681759,0.06768526593362434,0.022618882901013725,0.0269142545619106,0.116580739634787,0.0896664850728764,0.4349584953039454,0.23303717844181152,0.096462930093751,0.9879057182776212,0.8914427881838702,0.30153670728925774,0.10916048747818015,0.0156151278264849,0.4675618311391752,0.4519467033126903,0.24424969831316437,0.07472979624238665,0.0889846735267492,0.386663600176573,0.29767892664982376,0.3803572316454727,0.19094344130277377,0.0531380492395781,0.7606917288732317,0.7075536796336536,0.2519493436351342,0.09219283555630746,0.0601248861293509,0.3838126523680358,0.3236877662386849,0.31786996338003665,0.11160713841777115,0.0319713446011937,0.4819790765379974,0.45000773193680366,plausible
Buddhini,9,02,12,104,1.0299999999999994,0.39251012180522993,0.23744083974558303,0.0793010178753307,0.9719894937189651,0.8926884758436344,0.3112735250010725,0.15850904256870277,0.0501196566026559,0.5954026996176942,0.5452830430150383,0.24470556392458465,0.07123990063956666,0.1065192246119989,0.3851922826911592,0.27867305807916026,0.33014424783642043,0.18055380919349695,0.1107791890428996,0.7010303138354294,0.5902511247925297,0.16010621508239614,0.06650674074609907,0.0407884603938272,0.2583280622592862,0.21753960186545898,0.29572174867552703,0.13788872312174646,0.0744390162902813,0.4914892646954118,0.4170502484051305,0.048997786382116985,0.02042515600508506,0.019640924290128,0.0881157345381379,0.0684748102480099,0.057484172663804775,0.02458957711739883,0.0196986619896756,0.0921934285003384,0.0724947665106628,0.05284830189241917,0.02655915488839642,0.013098257067468,0.104674297958347,0.09157604089087899,0.10601652889454859,0.04767805473771782,0.0323512383363861,0.1999685139546727,0.1676172756182866,0.08124350079639732,0.031016958384438634,0.0211327866365533,0.1384737494658027,0.11734096282924941,0.06245634306238231,0.026368308101555448,0.0121256082450533,0.1303027484046339,0.11817714015958061,0.4535975129029415,0.2576778834334906,0.1367676532907684,1.0694388577645633,0.9326712044737948,0.3249454927210981,0.14118100913760817,0.0970452498219142,0.5306534962215503,0.43360824639963613,0.23334411958626508,0.059467384454133514,0.1210746070105808,0.3468721795258077,0.22579757251522686,0.39366218648813667,0.21458239908566876,0.0703246173223171,0.8408973301333299,0.7705727128110128,0.1913936234482449,0.08129662558474726,0.0346190596952525,0.3248181108195521,0.29019905112429956,0.3311944280647303,0.1509036589892508,0.0998881312593337,0.5633831330906046,0.4634950018312709,plausible
Buddhini,9,02,13,112,1.1099999999999994,0.41799452866834264,0.2544936770799264,0.0692849312542608,0.9869419598813411,0.9176570286270803,0.35909183849093057,0.22110270354943284,0.0653436728385066,0.7796650348461166,0.71432136200761,0.24616982236448098,0.07406617758235329,0.0906960302095322,0.3791733815767874,0.2884773513672552,0.3376071273523424,0.1987373509692897,0.0703684044553395,0.7013739749937814,0.6310055705384419,0.17787464160985658,0.07170250228506675,0.0253283225819361,0.2706592443694884,0.2453309217875523,0.356812605805318,0.1718787647829597,0.095663343677173,0.6456323929891132,0.5499690493119402,0.04552135106734868,0.01254434871165601,0.0286673878370059,0.0718560958001549,0.043188707963149,0.05462655467647753,0.018528105942044876,0.0114405326380266,0.0848529904985696,0.07341245786054301,0.05607944760105305,0.020948649277028716,0.0082537139924761,0.092098880450285,0.0838451664578089,0.0763622570730533,0.038936670023564844,0.0069336460236385,0.1707353560470958,0.1638017100234573,0.06887221527313526,0.023730803353681957,0.0170031175215651,0.1112727775034391,0.094269659981874,0.06948841557082029,0.024561806883678428,0.0244354382326235,0.1209412680927873,0.09650582986016379,0.4250105245970634,0.26194298594722526,0.084532336092269,1.0648442526039108,0.9803119165116418,0.3427867072438386,0.1453121021739046,0.0597667127301672,0.601216333692603,0.5414496209624358,0.23782805200123455,0.07474763783296114,0.0944263754574053,0.3833584672531827,0.2889320917957774,0.3942779598071809,0.1884021050983133,0.0785974279874246,0.7973273513769591,0.7187299233895345,0.22100978678061164,0.09786938019621146,0.0440130404272669,0.3646230846425986,0.32061004421533174,0.3522974317159127,0.14359337185326135,0.0649760506855209,0.6048307656612438,0.5398547149757229,plausible
Buddhini,9,02,14,110,1.0899999999999999,0.4038094019791659,0.24005491192536657,0.0820667331368733,0.947292293015244,0.8652255598783707,0.33890270594548555,0.19833219793455406,0.0485713096065966,0.7124291740375012,0.6638578644309046,0.2446483273633123,0.07576102433863462,0.1014095927553567,0.3907885449552651,0.2893789521999084,0.33916302527368863,0.1877977953646096,0.1044379545583267,0.6885278758185241,0.5840899212601974,0.1798359328434929,0.07515631303574974,0.0155987175875775,0.2771222725277242,0.2615235549401467,0.33839114430387246,0.15143359700780726,0.0250507473335086,0.5629186633924183,0.5378679160589096,0.03962564094064836,0.015184199380323901,0.0132755831154606,0.0653454318886157,0.052069848773155104,0.054773257824280275,0.013988087658380624,0.0154436503756902,0.0803574741765773,0.0649138238008871,0.0566924422229568,0.017280450172223228,0.005262418848297,0.0961629028783286,0.09090048403003159,0.08563977152529181,0.03478491568897083,0.0239064798397325,0.1486650554568105,0.124758575617078,0.07032485072760482,0.028187419911857137,0.0040555283913647,0.1247587321390966,0.12070320374773191,0.06109302277952796,0.024246761644133818,0.011112033446481,0.1084223249084988,0.0973102914620178,0.43135135239360717,0.2533299140131271,0.103372010508161,1.04470605956824,0.941334049060079,0.30722795578857603,0.1254705337251247,0.0702099978029209,0.5089815529448225,0.4387715551419016,0.22692689929777066,0.06900637632302456,0.0792018894924924,0.3458818816279851,0.2666799921354927,0.38785323305442504,0.20048406262128024,0.0549590482720558,0.8081302813758989,0.7531712331038432,0.21156591793707025,0.09251336493586124,0.0171268850668716,0.3398607324388312,0.3227338473719596,0.3103654909994389,0.12837439134415535,0.0533207885298111,0.5109813565631552,0.45766056803334415,plausible
Buddhini,9,02,15,108,1.0700000000000003,0.40901811100059454,0.23946576315439833,0.0523716691202114,0.9591638003815623,0.9067921312613509,0.327691007069605,0.17024401957408217,0.0515280623138964,0.6525217339898928,0.6009936716759964,0.22730369957831473,0.07532966992125438,0.0819758553878838,0.3545764883981434,0.2726006330102596,0.33405924963532735,0.18773452570905041,0.0523587813397118,0.6837002555807088,0.631341474240997,0.1848683066120411,0.07318987988823075,0.017586621106149,0.2761310740539695,0.2585444529478205,0.3358963137149116,0.1387718876279284,0.0587444932989515,0.5440274682705555,0.485282974971604,0.0442275487271893,0.012279716615922103,0.0250956528408684,0.0680667394175617,0.042971086576693296,0.05763033289392216,0.020901123583906066,0.0162870592146788,0.0963690121156173,0.0800819529009385,0.06081781018448652,0.022343050719529176,0.0260928393452063,0.1144372510816913,0.088344411736485,0.0683980372488942,0.027966487357650564,0.0291561960601193,0.140180980925328,0.1110247848652087,0.06324784994851444,0.02348559272790149,0.0216212717875064,0.1023117870559677,0.0806905152684613,0.05929496103205024,0.01792704151033319,0.0212501122634926,0.0928624256310159,0.0716123133675233,0.4393349049520104,0.2680896638680981,0.0749937000962052,1.0715888818854058,0.9965951817892006,0.27039778840360873,0.10446302496363763,0.0317625691856828,0.44677040620937,0.41500783702368715,0.22108275096379928,0.0683620640408944,0.0821613573285275,0.3559618975424722,0.27380054021394473,0.4016873918259413,0.21189251513918703,0.0232159138777624,0.8460177976951749,0.8228018838174125,0.19647170471334968,0.08593553928796732,0.0235400744077167,0.3150878251877338,0.2915477507800171,0.2857828164223876,0.10887084298610436,0.0152505055760138,0.4604785019621343,0.4452279963861205,plausible
Buddhini,9,02,16,109,1.0800000000000018,0.4077438093537671,0.2568884348196851,0.0812711162046447,1.0511177639349871,0.9698466477303425,0.2780682816933641,0.14567338003360195,0.0446175497489505,0.5421727131399248,0.4975551633909743,0.2372330299893054,0.07618340416136567,0.0875968571326876,0.373774920186309,0.28617806305362137,0.33509620104280985,0.1908952753537985,0.0863670923609881,0.6867050058045406,0.6003379134435525,0.15079667427585078,0.0692746136129137,0.0121531157319714,0.243779549739122,0.2316264340071506,0.27936854347012446,0.13015241428892715,0.0665904184820704,0.4657678421231455,0.3991774236410751,0.03535566277861194,0.01924247899448518,0.0085078078816154,0.0790732996977948,0.0705654918161794,0.050949584556590544,0.01854649429939321,0.0073960920368583,0.0850203551919551,0.0776242631550968,0.055270963941169544,0.022841641524330044,0.012918602961323,0.1084226080872537,0.0955040051259307,0.08593770844421905,0.04139259516996216,0.0218865045953563,0.1820407756423362,0.1601542710469799,0.07355655648241918,0.030969000028978403,0.0197884290520641,0.1216080002120875,0.1018195711600234,0.06465377612795732,0.035521819164590615,0.0094175838226159,0.1344920402170778,0.1250744563944619,0.43595313575173794,0.2433431338504649,0.121942360136052,1.0231755648188938,0.9012332046828418,0.1997098288736282,0.07988084997978713,0.0390241363117278,0.3151746984710835,0.2761505621593557,0.2321399231676053,0.07630818942608503,0.0866097970536982,0.3858491960781809,0.2992393990244827,0.4206375085637164,0.22751598344196408,0.0855336776295213,0.8947899296578969,0.8092562520283757,0.15741724498004797,0.07042191942863696,0.0271098027568086,0.2620515322817698,0.2349417295249612,0.20225088166672406,0.08760441702425037,0.0206643279604298,0.3305811407592445,0.30991681279881467,plausible
Buddhini,9,02,17,111,1.1000000000000014,0.41515737792666424,0.23866069952014557,0.1008683348796004,0.9834695925381975,0.8826012576585971,0.24810922080889286,0.15390377623767587,0.0689602842280881,0.5373176351778571,0.46835735094976905,0.2390973765167976,0.0729475268789155,0.0942058861886754,0.3526441174060866,0.25843823121741116,0.33762853797489467,0.1855435506368856,0.100724138867871,0.674308106760572,0.5735839678927009,0.1263688542798403,0.04783959118572342,0.0075608635481224,0.1998314885587033,0.1922706250105809,0.2704350373958191,0.1185589078130056,0.0353357384365621,0.4420886971585253,0.40675295872196315,0.03625910091610423,0.015730193294911324,0.0026236960037373,0.0578588515404958,0.0552351555367585,0.04656013760391545,0.015896496449108045,0.0126445170537596,0.0699905786725887,0.0573460616188291,0.045030568566871994,0.015175886712719387,0.0124623697554424,0.0722833303911133,0.0598209606356709,0.08644051276273028,0.049313096151226234,0.0185266179404597,0.2088479989780896,0.19032138103762988,0.06926019195496175,0.03234067984280608,0.0151722665829206,0.138555919893963,0.12338365331104238,0.05369183461400139,0.024306081757816532,0.009450549017241,0.1087489868519597,0.0992984378347187,0.4211500424636986,0.25762171336042045,0.1084647275425242,1.0497608033081307,0.9412960757656065,0.24920943778862717,0.1065452001789696,0.0354670823500164,0.3964970755502264,0.36102999320021,0.23330525610109665,0.06839506840562502,0.1023705450750724,0.3647015482618611,0.2623310031867887,0.4225368977635598,0.21521142708901353,0.0834122698619878,0.8584015632348342,0.7749892933728464,0.15233721847233908,0.0733256384053154,0.0317402728410174,0.2801339375375152,0.2483936646964978,0.25665892976216714,0.11130385900722164,0.0321462576988479,0.4103266788128807,0.3781804211140328,plausible
Buddhini,9,02,18,82,0.8100000000000023,0.4306969105814492,0.23685034551141276,0.1677020215250555,0.9764716147384755,0.80876959321342,0.3089949269140484,0.1697617177868757,0.0725697654444969,0.597199465356308,0.5246296999118111,0.21446677003431955,0.06935431006223344,0.0991116043923614,0.3288259091648766,0.2297143047725152,0.3441073195363132,0.17987776210454312,0.1056815382445317,0.678791883826635,0.5731103455821033,0.16411264429622122,0.054463387259654474,0.0155068892999783,0.2136260747260681,0.1981191854260898,0.32124985584804816,0.12349243428223895,0.0175337174654473,0.4976777357461367,0.4801440182806894,0.0431532390170018,0.009211687516574677,0.021019175656652,0.0569118006855189,0.03589262502886689,0.057539047411149166,0.018494322129288938,0.0166751766752087,0.0921834389538181,0.0755082622786094,0.056674189306704016,0.021199370022479153,0.0168874531488821,0.1093039726942199,0.0924165195453378,0.052062243084544844,0.02742569859794969,0.0101606705975759,0.1307547404228152,0.1205940698252393,0.04920358910623493,0.021367133545615712,0.0203575258602562,0.1021986977501976,0.0818411718899414,0.045705850274386235,0.011949143428308098,0.0167940727564998,0.0792757627574664,0.062481690000966594,0.4061012815135397,0.25883604260161325,0.0986903313450339,0.9721931304768928,0.8735027991318589,0.22512103170289752,0.0922041692769715,0.0274144572648069,0.3745190073597695,0.3471045500949626,0.23473676253055265,0.053392472408512505,0.1551703902288524,0.3339052099269687,0.1787348196981163,0.3098392969110815,0.14471835088954701,0.0762603907238959,0.6971004037899932,0.6208400130660973,0.1961194075731215,0.061976165621082505,0.0411241422078834,0.2628748743636961,0.2217507321558127,0.22686867401339095,0.09412241241911412,0.0197827919574092,0.3806610990366229,0.36087830707921364,plausible
Buddhini,7,01,1,145,1.4399999999999995,0.3345090318997578,0.2778788988082391,0.0537272789851656,1.0822459033997902,1.0285186244146247,0.20965071883746078,0.0811452463475961,0.0535606003991808,0.363469110089812,0.30990850969063116,0.19576198619878535,0.07061804825769377,0.0629890442462327,0.3239608452909455,0.2609718010447128,0.3444447649917085,0.17768250254839776,0.088166802991072,0.693430446800216,0.605263643809144,0.10559596474918295,0.036365283151114584,0.0265274683288629,0.1824154342579914,0.15588796592912849,0.2263766821602354,0.08803070021675818,0.0500282793923468,0.3985112096330581,0.3484829302407113,0.07559508667893906,0.03229040257333759,0.0099383439495786,0.1270230619649082,0.1170847180153296,0.07626984686206886,0.031502323402728974,0.0281386140162477,0.1371766255864931,0.1090380115702454,0.08334264881034555,0.03065693067052523,0.0286672052427794,0.1455152849682157,0.1168480797254363,0.0972830736730717,0.03990691770375478,0.0062557079843076,0.165619860185215,0.15936415220090738,0.08968682494482838,0.03775469697154989,0.0073028622491558,0.1549490656692078,0.147646203420052,0.08759656760606012,0.03804956275161779,0.0137130759889272,0.1557980252040371,0.1420849492151099,0.3948788570948111,0.20075202140941334,0.1007511764663029,0.8825593091806175,0.7818081327143146,0.2731458379432741,0.09731551765690494,0.0234972035313916,0.4699408923998355,0.4464436888684439,0.22466895097517764,0.056249224911396875,0.1139322750612267,0.3471481649037691,0.23321588984254238,0.3675511943709571,0.19538887887619716,0.0381475942245948,0.733248340148224,0.6951007459236292,0.1771853241834375,0.09060386822188708,0.0189838166273951,0.3705632946388955,0.35157947801150036,0.30369561446883303,0.1021732604915369,0.0457776893425305,0.5127665057607598,0.46698881641822926,plausible
Buddhini,7,01,2,127,1.2599999999999998,0.03294242308182733,0.03457283429051127,0.0001912331186736,0.1110291316633614,0.1108378985446878,0.24205688751721977,0.07959825308110725,0.0587405481511552,0.3553443766448506,0.2966038284936954,0.2316077406642896,0.05251981922373972,0.1153725269511499,0.3071830876682797,0.19181056071712976,0.3335153104970948,0.18985031450372739,0.0572481223756121,0.6464503965194699,0.5892022741438578,0.1536390201417209,0.07970329301703495,0.0185205670532096,0.2995768840885449,0.2810563170353353,0.2616720868159867,0.08804602390171906,0.0504964084379136,0.3697379632216179,0.3192415547837043,0.08621100751426038,0.027481502557251097,0.036341753273609,0.1395631993282818,0.10322144605467279,0.08792369525086878,0.031845917091858515,0.0346496560937731,0.1435332376790102,0.10888358158523709,0.08865651414068262,0.032204667539814914,0.0488096177141127,0.1640814392253513,0.11527182151123859,0.07641340177749081,0.03837637102771814,0.0135816885299039,0.1535254175134531,0.1399437289835492,0.06474550522835806,0.02969570103905465,0.0085104157448259,0.1223835594887795,0.1138731437439536,0.09462540531427897,0.04223011932581049,0.017653374014171,0.164385609784389,0.146732235770218,0.38881958160844565,0.2033387625145542,0.1225785383852942,0.8748260285920918,0.7522474902067976,0.20732758346817812,0.07925839733021005,0.0053318906030115,0.32893184938465,0.3235999587816385,0.2249008151156342,0.06061351832173683,0.1164976506470054,0.3634538730881231,0.2469562224411177,0.3464044528418675,0.1730293144356972,0.0395613339391417,0.6774953535366562,0.6379340195975145,0.1974609407597646,0.08974774107279924,0.0390975623342917,0.3401928803245254,0.3010953179902337,0.2472465827061197,0.08744911934651434,0.0635271732791409,0.3671418412013318,0.30361466792219094,plausible
Buddhini,7,01,3,121,1.1999999999999993,0.00020236516273979997,2.710505431213761e-20,0.0002023651627398,0.0002023651627398,0.0,0.25182796557793796,0.10959301720122697,0.0514004432462619,0.4235541597054362,0.3721537164591743,0.2263417408676403,0.047938493606228705,0.1329473415163333,0.3358606967129494,0.20291335519661607,0.3209525361259807,0.184041185946424,0.0734409511631699,0.6446596113792284,0.5712186602160585,0.19537211171841196,0.08247813536204933,0.0289678827715295,0.3272535923216676,0.2982857095501381,0.27743651938773345,0.11234006819320233,0.0691699243385057,0.4492421148786965,0.38007219054019076,0.08210320580226282,0.02610571088951999,0.0316255642918548,0.1205221324609986,0.0888965681691438,0.08901440962165046,0.02655892092999187,0.0471315174328707,0.1370087996088779,0.08987728217600721,0.08862217813857752,0.02844087059309787,0.0343931923906482,0.1564218040786405,0.12202861168799231,0.08537590386450014,0.04122456070623941,0.0388511653515934,0.1796849114861903,0.14083374613459693,0.0783422825400912,0.03421501440770489,0.0252094204258273,0.1505601229211991,0.1253507024953718,0.08612621328401512,0.0385903072847537,0.0220481841198474,0.1681028017999495,0.14605461768010208,0.38791131560709863,0.21251907300781142,0.1088708047159102,0.8964976227061789,0.7876268179902688,0.2592803813758083,0.09300227127656181,0.0703065914231908,0.3923355740373875,0.3220289826141967,0.2266893466011279,0.05784948387687624,0.108312009524519,0.355613876513578,0.247301866989059,0.33515797293934246,0.16821435148465214,0.0621256005622198,0.6287233048627936,0.5665977043005738,0.21309822535854245,0.09130152147151464,0.0080822412294545,0.357355188533144,0.3492729473036895,0.2905608136028796,0.09507394264488654,0.0841468177075932,0.4448267780216593,0.36067996031406613,plausible
Buddhini,7,01,4,122,1.2100000000000009,0.00020236516273979997,2.710505431213761e-20,0.0002023651627398,0.0002023651627398,0.0,0.2740091580571459,0.10309637382461824,0.0226043419896779,0.4257942774950273,0.4031899355053494,0.23536647089961746,0.05758346584326628,0.1108467417196021,0.33244370458968,0.22159696287007788,0.32572458416169586,0.18813981646168942,0.0642620842838574,0.6558990128613807,0.5916369285775234,0.1856790656527471,0.08597770956064818,0.0183469516546825,0.3310552148984155,0.312708263243733,0.2995409856341372,0.10062795524684875,0.045165611323235,0.4400037404033726,0.3948381290801376,0.05743078212115606,0.02319209863366142,0.0032447361893907,0.0943943403812826,0.0911496041918919,0.06476677552780481,0.02842354587987953,0.0216248984723829,0.1117335102965759,0.090108611824193,0.06707213604790525,0.028909294310376327,0.0139223326624639,0.1161013965867211,0.1021790639242572,0.07858542119054256,0.037083310773787834,0.0283119273456916,0.1547549168817907,0.1264429895360991,0.07843597744411199,0.03220378049657517,0.0203193250680877,0.147686562709603,0.1273672376415153,0.08973176584526553,0.043353882170126305,0.0214219181516511,0.1690250181387276,0.14760309998707652,0.3858556412028475,0.22982113250334688,0.1056571718695295,0.9187301687589826,0.8130729968894531,0.27502548631907564,0.10164584486469459,0.0594953225971094,0.4531674680343856,0.39367214543727624,0.2322007504423884,0.06589433962743127,0.0868224594558805,0.3676060767934948,0.28078361733761426,0.3350993138290108,0.18113720703831,0.0696598334408814,0.648994214597803,0.5793343811569216,0.23129877446296945,0.10644612262099631,0.0186813482351614,0.4360234986098508,0.4173421503746894,0.29993008889842226,0.11467509728425399,0.0493990365506367,0.4994036208469765,0.45000458429633977,plausible
Buddhini,7,01,5,121,1.1999999999999993,0.00020236516273979997,2.710505431213761e-20,0.0002023651627398,0.0002023651627398,0.0,0.2469616852845656,0.07881905359942282,0.0178241127785748,0.3610461839400972,0.34322207116152237,0.23139633396515594,0.05334719007719366,0.112250040278818,0.3312507332966861,0.21900069301786806,0.32293532478491327,0.1833735161878285,0.0633412340391965,0.6421073892992953,0.5787661552600989,0.1991956510796586,0.09042739275364159,0.0185928798296944,0.3457674367042003,0.3271745568745059,0.26838079710637486,0.08025058287276218,0.0056867778746646,0.3793215139231485,0.3736347360484839,0.056210442398734746,0.01818760847420734,0.0193744779108231,0.0789019985809491,0.059527520670126,0.059006372297447235,0.026598838690610586,0.00336982561527,0.0996558940941396,0.0962860684788696,0.06260064155584649,0.025704175437822146,0.0131929292091342,0.1009595632735719,0.0877666340644377,0.07995926665236287,0.038711362586724626,0.015426031875291,0.160370258692885,0.144944226817594,0.07693282179371154,0.030383832035975906,0.0120801806837723,0.1401492726465142,0.12806909196274188,0.09302650048811395,0.04090681401809779,0.0307171375237279,0.1731632575689312,0.1424461200452033,0.3885818250965285,0.21663790475989408,0.1018737569983523,0.8791644507050045,0.7772906937066522,0.2054619211931754,0.08392719760028408,0.04346719543786,0.3147643069752276,0.27129711153736763,0.23049015747556384,0.0699073013069413,0.0741605891210042,0.3766130683114468,0.3024524791904426,0.33664943449243323,0.18332067119924342,0.0788016456222225,0.6579362762778296,0.5791346306556071,0.2105410583163903,0.08802783826541376,0.044289401267038,0.3535015217206709,0.3092121204536329,0.22583472461447124,0.09077869939187518,0.0275071577766994,0.3531354318955654,0.325628274118866,plausible
Buddhini,7,01,6,120,1.1899999999999977,0.00020236516273979997,2.710505431213761e-20,0.0002023651627398,0.0002023651627398,0.0,0.19453590000775545,0.06766118912973665,0.0325685722525687,0.2800525837828039,0.2474840115302352,0.23580237390469322,0.05244931831670374,0.1174435486266383,0.3445738646243627,0.22713031599772437,0.32226835634330775,0.18252984989763613,0.0712268201262141,0.6547850336469375,0.5835582135207235,0.16991657026224008,0.06985747577433639,0.0058616846467855,0.275062430682137,0.2692007460353515,0.21999743642751762,0.07193391433249384,0.0395754737104833,0.3020629102925663,0.262487436582083,0.06314145170768795,0.026590180603324257,0.0088853132016285,0.0992303860486374,0.0903450728470089,0.06693700048767057,0.029495897701142824,0.0075980731966678,0.1083476310514614,0.1007495578547936,0.06340394677174353,0.025713321237873548,0.007014832401948,0.1112477470760202,0.1042329146740722,0.08833009894121764,0.03432124573795086,0.0391336739028753,0.1614000428518836,0.1222663689490083,0.0813759313728271,0.03206732476463187,0.0277775985160062,0.1481097288033023,0.12033213028729611,0.0953748140974058,0.04367818200568822,0.0366253487237434,0.1944008929268157,0.1577755442030723,0.3842991863261796,0.20944096548042426,0.0892878711528784,0.8698506042371159,0.7805627330842375,0.22061634988332474,0.08201573560651428,0.0723808486191326,0.3763961095813689,0.3040152609622363,0.2373585599094297,0.059515445087251886,0.1188567255532731,0.3714717883579774,0.2526150628047043,0.34135000646769514,0.18496551546981224,0.0447032982450928,0.6815172952622619,0.6368139970171691,0.2206682017637327,0.10044631860609057,0.0051026689287099,0.3925412160378641,0.3874385471091542,0.25057551981374504,0.09024305906563844,0.0609966657404718,0.416287159520391,0.3552904937799192,plausible
Buddhini,7,01,7,121,1.1999999999999993,0.00020236516273979997,2.710505431213761e-20,0.0002023651627398,0.0002023651627398,0.0,0.19472283023049988,0.08273537530742431,0.009313065512745,0.3209150509249078,0.3116019854121628,0.23583143963215414,0.055813574155998136,0.1137629981816539,0.340856440416026,0.22709344223437206,0.3182889329145687,0.17787592318212905,0.0699232595442303,0.6549737201363003,0.58505046059207,0.1606518062634486,0.0676072724409645,0.0100636521955292,0.2571528017100293,0.2470891495145001,0.21342708058383494,0.08455208913640805,0.016604446084988,0.3419827173130491,0.32537827122806107,0.0701062285421044,0.021831238449007487,0.0296807191841606,0.1122711838484133,0.0825904646642527,0.07148007901844654,0.031014087120525603,0.0254486592936224,0.1307974768561502,0.1053488175625278,0.07077290137035082,0.02707740584688195,0.0181851569652998,0.1258250071924841,0.10763985022718431,0.09793947932004304,0.04749752163802734,0.0381693010609234,0.1895593406526762,0.15139003959175282,0.09292225595185617,0.041402590629796523,0.020728578896839,0.1776815610474391,0.1569529821506001,0.09458671540707225,0.046536736769157476,0.0225592920110992,0.180786916549079,0.15822762453797978,0.3902453139096261,0.21874016387468156,0.1313575177147508,0.9120632884273664,0.7807057707126156,0.281277775339627,0.10719040890436596,0.0599220686005548,0.4333271118430499,0.37340504324249507,0.24495402252220727,0.06062383568949576,0.1083500299113638,0.3608905279868816,0.2525404980755178,0.3449091210687359,0.17800983239355864,0.0771397806605989,0.6827140046161915,0.6055742239555926,0.2288605333034978,0.09953838192254252,0.0432391257240323,0.4152620222203247,0.3720228964962924,0.30213494084137066,0.11188447109458588,0.0434623441512963,0.4771376910630431,0.4336753469117468,plausible
Buddhini,7,01,8,119,1.1799999999999997,0.0002023651627398,0.0,0.0002023651627398,0.0002023651627398,0.0,0.19830370930577404,0.07762704180694302,0.0810929215309043,0.3523280087008814,0.2712350871699771,0.23573295358351914,0.056913086762614355,0.114897219114576,0.3269110042869503,0.2120137851723743,0.3086864230872848,0.18664705625483485,0.0518956515015067,0.6490191697452181,0.5971235182437115,0.17299503857203988,0.07564563318130497,0.0222096825006287,0.2832569012442575,0.2610472187436288,0.21954838935635482,0.07573546227356669,0.0965550654415209,0.3723755860254921,0.2758205205839712,0.060802084803480164,0.021129165416773798,0.0224772098629528,0.0901007816643258,0.06762357180137299,0.06930284598438266,0.026409217317808525,0.025206962374837,0.1235523561447359,0.0983453937698989,0.07041317667589278,0.023445565147179905,0.0145412967924555,0.1078977049542474,0.0933564081617919,0.07096496442253127,0.03438191177773573,0.0175705544568106,0.1403956312164659,0.12282507675965529,0.06956596092538159,0.03195209630765549,0.0174503859120212,0.1411169752482227,0.1236665893362015,0.0884375690950074,0.035476317473974096,0.0218193524459817,0.1562295933148228,0.1344102408688411,0.37943101695318715,0.20552820513530312,0.1090146575736438,0.8630883507635572,0.7540736931899134,0.2646865087688732,0.10085617186871176,0.0373135245923891,0.4074176029289906,0.3701040783366015,0.22742583971386077,0.06027689172785111,0.0823876493895582,0.3438166123374732,0.26142896294791496,0.34777844686240716,0.1947649461776483,0.0245876412478774,0.7598142054629976,0.7352265642151202,0.2506612722760338,0.11689511848951176,0.0220716418504684,0.4001302712972525,0.3780586294467841,0.2924563125848088,0.1058280570137947,0.0286902065953896,0.453161172000718,0.42447096540532836,plausible
Buddhini,7,01,9,122,1.2100000000000009,0.00020236516273979997,2.710505431213761e-20,0.0002023651627398,0.0002023651627398,0.0,0.21258433785606437,0.0910433194405605,0.0414580320540116,0.3690293892701043,0.3275713572160927,0.2287865825666344,0.05238041514898259,0.1212256562771637,0.3417622779227123,0.2205366216455486,0.3381853642969428,0.181163923379137,0.0314458601008359,0.6604877986360043,0.6290419385351683,0.1640777678202371,0.07374659761840584,0.0150039320989791,0.3106213167589777,0.2956173846599986,0.22766040922641373,0.09748699176943282,0.0323437110151408,0.388622047676649,0.3562783366615082,0.058144609543892695,0.020395926862541464,0.0150723585697534,0.0958121125894668,0.0807397540197134,0.06947420875617191,0.028703076753167522,0.0242987320748824,0.121453145100333,0.09715441302545061,0.06184213739979014,0.024352506668307586,0.0129966353399158,0.1011420348269641,0.0881453994870483,0.08857259004922223,0.035220264835788946,0.0245514222284031,0.163865759576335,0.13931433734793192,0.0790664744311881,0.03223037505378019,0.0146456153130983,0.1330896547099995,0.11844403939690121,0.09770216422094254,0.036537877899620805,0.0320939334328006,0.1716324576062049,0.13953852417340432,0.37459149399005076,0.21565146623397702,0.0984892842016751,0.8672633519459549,0.7687740677442798,0.22885178434072043,0.08986622137782524,0.0528983269183269,0.3604550832814463,0.3075567563631194,0.2337251796004027,0.06643799308207342,0.107226058725943,0.3798218971912028,0.2725958384652598,0.3588634687062408,0.17661609950287424,0.0614048649130796,0.7330397700183693,0.6716349051052897,0.23234743940775318,0.09650405719757746,0.0477219313327645,0.3800299036366065,0.332307972303842,0.26385992811326,0.09477916905783998,0.045650387589244,0.4087851206026509,0.3631347330134069,plausible
Buddhini,7,01,10,116,1.1499999999999986,0.0002023651627398,0.0,0.0002023651627398,0.0002023651627398,0.0,0.23740322976497386,0.08136248637286463,0.0923942582560991,0.3677342542974541,0.275339996041355,0.23008838973948303,0.05000691643021796,0.1189907515245331,0.3255593264227017,0.2065685748981686,0.32038010011115137,0.1882356229894953,0.0617085471488317,0.6536256964718865,0.5919171493230548,0.17705289350542605,0.07588316032615551,0.040453866704512,0.3063278984671573,0.2658740317626453,0.2627554760976814,0.08109907102613276,0.0875828452841985,0.3901009555956503,0.30251811031145176,0.07318988371902896,0.031422724714662176,0.0123915591670887,0.126910055294415,0.11451849612732629,0.07470130662342606,0.03186233379660793,0.0178511565690455,0.1268184451258603,0.1089672885568148,0.06827625434446603,0.029386668666879383,0.0048210429419102,0.1200189546225453,0.1151979116806351,0.09736817946185153,0.047262507787221415,0.0371764323535728,0.2003120938816372,0.1631356615280644,0.08957750845541602,0.04312895429733154,0.0220432859911693,0.177376174787911,0.1553328887967417,0.10420703565764268,0.0369877792315042,0.054741469398289,0.19597381456356,0.141232345165271,0.4159355960403252,0.21968970266785695,0.122946017432643,0.9357329842106634,0.8127869667780204,0.27784894991238884,0.10696245950095223,0.0417192315760854,0.4381055251635927,0.3963862935875073,0.24232476010739099,0.04742760604573248,0.1354514738570476,0.3348414891572585,0.1993900153002109,0.3594183391766136,0.17737520690944497,0.0208527819617572,0.7061557929435786,0.6853030109818213,0.21943409599753666,0.11939162616282832,0.0253489838611046,0.4320984523911348,0.4067494685300302,0.3060025391493065,0.10985329321902215,0.0341379457614302,0.4684039502108526,0.4342660044494224,plausible
Buddhini,7,01,11,119,1.1800000000000033,0.0002023651627398,0.0,0.0002023651627398,0.0002023651627398,0.0,0.24622292218510372,0.10218298622331569,0.0467473343138051,0.3906552481658699,0.34390791385206476,0.23541721629534307,0.05899493787874361,0.1217241267347162,0.3412593271827889,0.21953520044807268,0.33334703717945036,0.1874354644447776,0.0753430381798577,0.6843328113554764,0.6089897731756188,0.1843597438890804,0.08107371854857393,0.0354451074915927,0.3162765097249611,0.2808314022333684,0.26635725721795606,0.11170211420545038,0.0508427112103391,0.4431890885026269,0.3923463772922878,0.07545605124282755,0.02989849311918244,0.0241709105420545,0.1267437104931071,0.10257279995105259,0.08739609647925341,0.04052365739257182,0.0195630276967467,0.1600312318015397,0.140468204104793,0.08658361928213118,0.03801285640713769,0.0237163860325736,0.1416988060565001,0.11798242002392649,0.05795617594287224,0.02487818165205257,0.0213599353501259,0.1205082575965334,0.0991483222464075,0.05502321141652637,0.022091455865518864,0.0095012472592552,0.1003160679540397,0.0908148206947845,0.06665758588710219,0.03223051485879822,0.0115544584040602,0.1307487493312598,0.11919429092719959,0.3769215690877939,0.2217033096218177,0.0824796743553573,0.8619345222990353,0.779454847943678,0.22444836019025824,0.06999041325810655,0.0684484663302549,0.3377304307026488,0.2692819643723939,0.21797331273067208,0.06471286084204811,0.0972700689963799,0.3552856374971875,0.2580155685008076,0.35328667100795813,0.1931975576656041,0.0556906522763233,0.7674044862913548,0.7117138340150315,0.21400608146603806,0.10900887465661412,0.0341264787158727,0.3670793714132772,0.33295289269740447,0.25202332773819924,0.07571365929975234,0.0814466478235986,0.3871722844741425,0.30572563665054386,plausible
Buddhini,7,01,12,117,1.1600000000000001,0.0002023651627398,0.0,0.0002023651627398,0.0002023651627398,0.0,0.2112093963272336,0.07340224184729109,0.03721611678794,0.3070419973546954,0.2698258805667554,0.20452793036156883,0.06437232983190135,0.0696952674697144,0.3452060231826815,0.2755107557129671,0.33005878732412497,0.1868531967514027,0.0760535935960912,0.6807226024397767,0.6046690088436855,0.19043963679716253,0.0806471068785758,0.0208938994738651,0.3207817698295202,0.2998878703556551,0.23907382890309484,0.07928564776267846,0.0445254387957174,0.3353547875477069,0.2908293487519895,0.0684751560481864,0.02525079084555302,0.01406881424173,0.1100843017472283,0.0960154875054983,0.07377812561090445,0.028403411704653853,0.0203785734485685,0.1273959890572451,0.10701741560867661,0.07111054759875104,0.030110814909370193,0.0302003198457307,0.1200238106284274,0.0898234907826967,0.06916184930522429,0.04296484725857152,0.0203614204986317,0.1644021261480832,0.14404070564945148,0.06511260791025962,0.03914118428654356,0.0200926669682138,0.1447634339246171,0.1246707669564033,0.09230084395465933,0.0419299773631038,0.0350046369340777,0.1874781239389505,0.1524734870048728,0.41467304936547217,0.20364360162636888,0.1580995233348623,0.8935232377359876,0.7354237144011253,0.2408990211186298,0.07104334802048146,0.0696466342795197,0.3456575673973581,0.2760109331178384,0.23413938784933117,0.052156225014752346,0.1284314683203501,0.3444705033112675,0.2160390349909174,0.3621100595663074,0.18968369925438083,0.05235846622508,0.7474096986959892,0.6950512324709092,0.19490739833255505,0.10407660966687995,0.0054873654050423,0.4008973394496442,0.3954099740446019,0.27304079518978197,0.07248488527272343,0.0957778862665225,0.388603739344761,0.2928258530782385,plausible
Buddhini,7,01,13,116,1.1499999999999986,0.0002023651627398,0.0,0.0002023651627398,0.0002023651627398,0.0,0.17712632046916107,0.0641150727141158,0.0203736395702829,0.2752812218498269,0.254907582279544,0.23101168688801524,0.06099990414298193,0.1110641176144275,0.3471647535115889,0.23610063589716138,0.33749929748195895,0.1687319573601904,0.1125011192403659,0.6499885402381191,0.5374874209977533,0.16327994954030337,0.05721081269835975,0.0297074766646191,0.2591847841636296,0.22947730749901052,0.1943961098597582,0.067381980415942,0.0244672643136188,0.2949081186633727,0.2704408543497539,0.05940651357770653,0.01704690563105228,0.0293297659097001,0.0952209859311234,0.0658912200214233,0.07507384406322824,0.024226923711586867,0.0163938938307347,0.1236222491953405,0.1072283553646058,0.06566121779320769,0.020152305190957866,0.0214253301144951,0.1092447623620369,0.0878194322475418,0.07664455387753598,0.02985909459570039,0.0253009312459927,0.1355063024173859,0.1102053711713932,0.06484073982821414,0.030239468505730543,0.0189285621118902,0.1145879632580842,0.09565940114619399,0.07994152691570128,0.023569262905296824,0.0334603995884808,0.1236873438941003,0.0902269443056195,0.3846748048145772,0.20457399521377945,0.1444370799174562,0.8793303156908725,0.7348932357734164,0.23336501035552273,0.08906486313498463,0.0621872451585847,0.3549534912446952,0.2927662460861105,0.21805899033222698,0.052140079125057054,0.1448948872599823,0.3444248099373591,0.19952992267737676,0.3546742211767727,0.18318872654458104,0.0548562354158182,0.7285986809035109,0.6737424454876927,0.20891782170800602,0.08420519959678968,0.0031633705526343,0.3214958413072509,0.31833247075461657,0.251396583870383,0.09752446858055272,0.0545105736607368,0.391818024080237,0.3373074504195002,plausible
Buddhini,7,01,14,122,1.2099999999999973,0.00020236516273979997,2.710505431213761e-20,0.0002023651627398,0.0002023651627398,0.0,0.1993226606574011,0.09646091826420264,0.0432056325604727,0.3893423486364983,0.3461367160760256,0.2316077319053526,0.0583022038478989,0.1132084303221423,0.3419977342743246,0.22878930395218233,0.33361365414803146,0.1764188646962136,0.0470539204591408,0.6654495154434394,0.6183955949842986,0.1498371779027177,0.06074286396135551,0.0264256417320316,0.2432567307858517,0.2168310890538201,0.21814745113026762,0.10188094450042204,0.0588615679406767,0.4187586754719896,0.3598971075313129,0.0646924864317566,0.02367727921275702,0.0218558041049719,0.0991139319320009,0.077258127827029,0.07584253939744631,0.03007251284321714,0.0090408702668113,0.1163514868847583,0.107310616617947,0.07348926244162636,0.03063692850514752,0.0149199022502894,0.1143903976045469,0.0994704953542575,0.07320175971339268,0.03378810705915424,0.0078746187123723,0.1516408709461585,0.1437662522337862,0.0787689450291345,0.040358493628014226,0.0138776482795648,0.173042767068611,0.15916511878904618,0.08447668829135982,0.036813955249104933,0.028628850220691,0.1734268510681699,0.1447980008474789,0.39640791468082626,0.2346670731560927,0.1158625345966533,0.9338852928166932,0.8180227582200399,0.21818200386336295,0.08523323688261009,0.0662455939807735,0.3623574786156865,0.296111884634913,0.22032954780830785,0.07156346680110433,0.0854094936557676,0.3601877412965633,0.27477824764079567,0.37464058663346395,0.19524614586328384,0.0778817471949439,0.7835296300079787,0.7056478828130348,0.20913631449833803,0.08221031287368263,0.0290516553967616,0.3123868595982377,0.2833352042014761,0.24428196495542015,0.09298440053861609,0.07282855910972,0.4120760568079994,0.33924749769827944,plausible
Buddhini,7,01,15,120,1.1900000000000013,0.00020236516273979997,2.710505431213761e-20,0.0002023651627398,0.0002023651627398,0.0,0.2165121761060718,0.08026431093582145,0.0219744742468211,0.3213091233305169,0.29933464908369584,0.22222572544202723,0.05496515390863011,0.1097535508259349,0.3302727721510468,0.22051922132511187,0.3157222100820374,0.1792673455874447,0.0705803178852235,0.6679546604790574,0.5973743425938339,0.14873214502992022,0.059323288644514485,0.0113803160080644,0.2507724975158167,0.2393921815077523,0.2323653061964481,0.07920648901506609,0.0346879948077831,0.3334576264839743,0.2987696316761912,0.05886264082939172,0.026798807655702507,0.0147011287064749,0.1044430386247102,0.0897419099182353,0.05915926332422939,0.03188452819181153,0.0079588203492208,0.1200597679805192,0.11210094763129841,0.057320984474800205,0.03116057573920039,0.0101180059894108,0.1244447761020303,0.11432677011261949,0.07598276592535269,0.04575602961727352,0.0236860560776572,0.1649579424964634,0.1412718864188062,0.07486111784811184,0.04667595955762207,0.0108142722634367,0.170498511303112,0.1596842390396753,0.09407912412463396,0.047264856505068294,0.0169804502517719,0.1945032868141948,0.1775228365624229,0.373912732127643,0.19429659748646597,0.1347591253695592,0.8459295510351593,0.7111704256656002,0.2848047021381554,0.10850117428276254,0.0728158614978462,0.4579511195770723,0.3851352580792261,0.22778493038834666,0.04766722721652998,0.1195575205618125,0.3142104063346058,0.19465288577279327,0.34666856989841094,0.17450000683854888,0.0371467094829249,0.6937547859490232,0.6566080764660983,0.23296167562680045,0.08861926622887824,0.0388832392437852,0.3712089012137238,0.3323256619699386,0.30810763174471584,0.10870805243883538,0.0849588560409085,0.5018705566520397,0.41691170061113125,plausible
Buddhini,7,01,16,126,1.25,0.0002023651627398,0.0,0.0002023651627398,0.0002023651627398,0.0,0.19795508269014053,0.08405004899179999,0.0316352360015191,0.3504104710886579,0.3187752350871388,0.22398889671518454,0.06014281388542548,0.096021151620007,0.327961832248694,0.231940680628687,0.3322665567192454,0.1885018702737426,0.0755278399101529,0.6651677912787431,0.5896399513685903,0.16187814729952887,0.07052052191755567,0.0173465492335756,0.2514563230693669,0.2341097738357913,0.2086125303574672,0.08941427665760204,0.0386014700477533,0.3691761020860898,0.3305746320383365,0.059803808178015616,0.015873585162453702,0.0330415295857851,0.0882273526624435,0.0551858230766584,0.06857195514429042,0.019956336195006717,0.0363429999914453,0.1121870234815336,0.0758440234900883,0.06486675918460899,0.017806216459787545,0.0358370860634958,0.1070082648870867,0.07117117882359089,0.07134056646967557,0.02380295111515427,0.0364684993153575,0.1251196586405508,0.0886511593251933,0.0645879219312449,0.024281770573800023,0.0130943638208871,0.1225040845636138,0.10940972074272669,0.0696610035030435,0.023849415502540952,0.0340363548272285,0.1280231973908531,0.0939868425636246,0.3769107796021496,0.2139243304080226,0.1231338945543818,0.898458708826195,0.7753248142718132,0.21725189774159287,0.08154337852316212,0.0688261031907494,0.3907382398589954,0.32191213666824603,0.2118231261980515,0.06800611197601251,0.0689670202026604,0.3503428926015753,0.28137587239891493,0.3412177675440826,0.17982116907894888,0.033009995800791,0.6984600036793303,0.6654500078785393,0.19518367286622482,0.07878348146551122,0.0136043924095269,0.2781946245840878,0.2645902321745609,0.2491877421566472,0.09358932711389281,0.0804700951040923,0.4458954875517952,0.3654253924477029,plausible
Buddhini,4,02,1,115,1.1399999999999988,0.436970093141368,0.2591869062240692,0.1071058476878661,1.0752136305156093,0.9681077828277431,0.1570215346924411,0.05744775738458375,0.0836153435367015,0.2947974343376894,0.2111820908009879,0.24348065134307342,0.07440013970519381,0.0963378800975431,0.3946458028917694,0.29830792279422635,0.3648721909109801,0.20339530257347907,0.0296425141127951,0.7100372407609961,0.680394726648201,0.09323635935938224,0.03804628815204279,0.020036377487099,0.1689335452352604,0.14889716774816142,0.18153245551286373,0.0647891697460396,0.0989648942099526,0.3416976485833603,0.24273275437340774,0.0826327754003543,0.03223356015107588,0.0236087023925475,0.146963791078456,0.1233550886859085,0.09143670797784964,0.03592349627598488,0.0336041562578905,0.1593840938763072,0.12577993761841672,0.08597791348301537,0.03737372265039292,0.0205089458400526,0.1518061246293358,0.13129717878928318,0.05198586471632711,0.020136727264481003,0.0225452122383488,0.0903247589704495,0.06777954673210071,0.0444754865158557,0.008865808842261867,0.0236328519849328,0.0758090484358959,0.05217619645096311,0.04131964737219642,0.011081865177538917,0.0264540469338649,0.0773431167698848,0.0508890698360199,0.41587413108778115,0.23727603025944327,0.1278732380505673,0.986717817068492,0.8588445790179248,0.10202296019928639,0.04901142922561663,0.0333146679563748,0.2097931345085509,0.17647846655217608,0.22394986862687785,0.07791208364745467,0.0209970614698762,0.3618538207355826,0.3408567592657064,0.3624137605578293,0.21643163139786828,0.0362868399213471,0.7295498403575186,0.6932630004361715,0.11553667269178364,0.04361163055034794,0.0458499801041442,0.2064297672482819,0.1605797871441377,0.1153547701902354,0.05764564475093228,0.0331976775565852,0.2374810624862388,0.2042833849296536,plausible
Buddhini,4,02,2,113,1.120000000000001,0.42546480559595024,0.23585262386690042,0.0703842863676396,0.9645064677877796,0.89412218142014,0.1899164357986237,0.08196401196887834,0.023844765420823,0.3425677879109102,0.3187230224900872,0.2578261992181899,0.08229471207485968,0.0978526982566866,0.4076065968240732,0.30975389856738655,0.3675718361239242,0.20973713665441907,0.0305080037412517,0.731440860157695,0.7009328564164433,0.14407852495202636,0.0656239603164046,0.0195650603495011,0.2233193621567956,0.2037543018072945,0.21186406475904626,0.087651530462294,0.0386082580527429,0.3816571827491904,0.34304892469644754,0.055500898226376286,0.01551425890288041,0.0185165514241049,0.0848190379533363,0.0663024865292314,0.05827681006907437,0.02786132369222478,0.0098129248052725,0.112408222990117,0.1025952981848445,0.05254230954806292,0.025084996557121084,0.0133417014067873,0.0938368425739651,0.0804951411671778,0.06886181213471816,0.0306562256921277,0.0157536672152299,0.1291657749280348,0.1134121077128049,0.06023158082153153,0.029070636740539734,0.0053281448785023,0.1129329471000784,0.10760480222157609,0.06339790507106303,0.028665141608049925,0.0049442718402522,0.1162040561664389,0.1112597843261867,0.42160991871479936,0.2747773677350557,0.1579126669276961,1.05361628540978,0.8957036184820838,0.16202882414680847,0.06767027583361639,0.0336606588562543,0.2721482094160244,0.2384875505597701,0.24844976400535926,0.060576728738802474,0.1472570562187643,0.3799041508827574,0.2326470946639931,0.3726557996547866,0.21029061173388236,0.0477182209845676,0.7433171350643926,0.695598914079825,0.17428347136221262,0.08395927017505776,0.0283774633872365,0.3378814490740838,0.3095039856868473,0.18663836234572273,0.08580523970281562,0.0329657186644924,0.3530389268270633,0.3200732081625709,plausible
Buddhini,4,02,3,110,1.0899999999999999,0.41516351902260995,0.26998553234483874,0.1063609786385244,1.0626374716573348,0.9562764930188103,0.22058808069672448,0.08440850028345938,0.076581615377203,0.3599139810069081,0.2833323656297051,0.24826147873475257,0.07850652630196994,0.0829121067566279,0.3979822604333621,0.3150701536767342,0.36773416831586603,0.21412112997438515,0.0713204967012995,0.7177917155735327,0.6464712188722332,0.11614336359329093,0.0407635544210672,0.0251221555226855,0.1858509039031956,0.1607287483805101,0.2353364057796035,0.08624051119624171,0.0813201633093647,0.3758776761338876,0.2945575128245229,0.059981094526194476,0.026990544174655733,0.0101059964888626,0.1159782571078532,0.1058722606189906,0.06857384786467413,0.02337239774362409,0.0271727769973429,0.1125172407929748,0.0853444637956319,0.06554482051188511,0.02794153875459264,0.0189423716352238,0.1127271865985329,0.0937848149633091,0.0742135396955315,0.03320711727260251,0.0331202861151177,0.1419740500773394,0.10885376396222171,0.06785694228275323,0.03567492977508228,0.0138348815122297,0.1304785773088329,0.11664369579660319,0.07555550780520451,0.04711473370940981,0.0091755226040482,0.1822783106033065,0.1731027879992583,0.3846406406239654,0.25012270226428684,0.0694729324445714,0.9334533962576248,0.8639804638130534,0.16551658571804123,0.08564196391903674,0.029760857807487,0.3103749072651294,0.2806140494576424,0.23220760417169722,0.08301844832267101,0.0737405569127747,0.3909352929325836,0.3171947360198089,0.3691307034593174,0.21873277493703075,0.0718367196739184,0.7528934501304763,0.6810567304565579,0.17395519727631542,0.0772970287627455,0.032930031766265,0.2721887190361092,0.2392586872698442,0.1914794640364086,0.10588785145389888,0.0370667297128729,0.3715147443107557,0.3344480145978828,plausible
Buddhini,4,02,4,111,1.0999999999999996,0.4002575575029195,0.25787633071135363,0.0706611032905648,1.0295686615832451,0.9589075582926803,0.186489011633908,0.0889155461117758,0.0266086516395316,0.3117659676903097,0.2851573160507781,0.2516652486528897,0.08071038492444489,0.0960911632072082,0.4170013850267816,0.3209102218195734,0.3598359324962568,0.20990365958700216,0.0549193299121378,0.7160887475325007,0.661169417620363,0.12498759786539182,0.05785589761064528,0.014431894479007,0.21174060702249,0.197308712543483,0.20681243831735666,0.09498894650265363,0.0263450778113217,0.3551097835876526,0.3287647057763309,0.041136225140820874,0.01552462920546886,0.0169765014325504,0.0851516782283902,0.0681751767958398,0.04791251334060795,0.018726473446617632,0.013173443627906,0.0952102750358278,0.0820368314079218,0.044829057783034,0.01681423321130282,0.0202801972999214,0.0935286314736751,0.07324843417375371,0.07516220468950809,0.01889359821309233,0.0348724331263064,0.1053545881853287,0.0704821550590223,0.06625869576309956,0.02507143334018404,0.0116637721680541,0.1137731822630982,0.1021094100950441,0.06832893327066006,0.019594307748530642,0.0351748039404684,0.1030452995575755,0.0678704956171071,0.43270236283992436,0.2600001790946631,0.124348934269442,1.0527557505953933,0.9284068163259512,0.17317598344054028,0.08343990011644324,0.0216809763203925,0.3180650710959162,0.2963840947755237,0.23403705561331192,0.07196624181733371,0.0944377627659488,0.3870032455774947,0.29256548281154593,0.37442556011498646,0.2041273782345289,0.0559145581174305,0.749566386091968,0.6936518279745375,0.1741644238859034,0.07316130722365667,0.0236587516200484,0.3130314622264767,0.28937271060642833,0.19327886518186987,0.09483827404464504,0.0204204322391652,0.3761397258334104,0.3557192935942452,plausible
Buddhini,4,02,5,110,1.0899999999999999,0.3812102694743054,0.2543523438787219,0.0582446433519314,0.9851060050866034,0.926861361734672,0.22211731297604684,0.08778015368811543,0.0494242656217632,0.3742114233622368,0.32478715774047356,0.25356577822935783,0.07100795107447495,0.118300591337449,0.3947867388795041,0.27648614754205514,0.3561206982899152,0.2089924105973734,0.0559177215833946,0.6990839292327805,0.6431662076493859,0.11122518964496517,0.05875448965840516,0.0116277959401823,0.2235305961747311,0.2119028002345488,0.24206315146007307,0.09589382699193884,0.0303546043177167,0.3907982581402405,0.3604436538225238,0.06053794291916953,0.019327384334979342,0.0184368067905092,0.0952077436434877,0.0767709368529785,0.06409585991753654,0.018542048182735874,0.0193401187777824,0.0994696046212622,0.0801294858434798,0.06359069628727491,0.021287268027234112,0.0195460648134413,0.1022632085528338,0.0827171437393925,0.07602886738062443,0.03374237236149282,0.0211857144924966,0.1260507804752436,0.104865065982747,0.06343115469996058,0.027001300473235918,0.0061662911897603,0.1230203046575295,0.1168540134677692,0.07020813109852346,0.0350119799304722,0.0186809590130766,0.1355079413002642,0.1168269822871876,0.4252050420806711,0.25963902513579606,0.117981380106482,1.0407468453728346,0.9227654652663526,0.1423397640775666,0.05753854344327903,0.0148955546686796,0.2340636581056544,0.21916810343697482,0.23966403233813147,0.08355272226335037,0.0864636423716193,0.4168186243802333,0.330354982008614,0.3610204602911013,0.22393979838287867,0.0520441152356871,0.7814793236849862,0.7294352084492991,0.14022103418319193,0.05478311892915552,0.0057505095029254,0.2126336661174347,0.2068831566145093,0.1596641667210156,0.06399201882764871,0.020736274697206,0.257757843486388,0.237021568789182,plausible
Buddhini,4,02,6,112,1.1099999999999994,0.39713953599709484,0.26158909822027027,0.0908101575879827,1.0347396840098075,0.9439295264218248,0.1657650869432115,0.08582079935689135,0.0223882813428505,0.3117954200592563,0.28940713871640583,0.24967053457047567,0.07748232987061256,0.1099824257389545,0.4084790623064313,0.29849663656747677,0.382997989155428,0.20255089483494887,0.1199457849988767,0.7212875184916137,0.6013417334927369,0.10436871734997268,0.039780257057609625,0.0097830833231727,0.171350319965777,0.16156723664260428,0.17932858719613232,0.094563876501498,0.0245583700866132,0.3436783219356673,0.31911995184905406,0.054647226308329126,0.02012939180080241,0.0085152427159094,0.0843797722890357,0.07586452957312631,0.06151506236433583,0.025066110899802502,0.013621264160773,0.1017984653312392,0.0881772011704662,0.060815398561643766,0.027116370401237173,0.0127964945696547,0.1090272884115325,0.0962307938418778,0.07246070126929202,0.02311429495490442,0.0313440662995052,0.1114443831988093,0.0801003168993041,0.06058763091264922,0.027537717494142997,0.0097237460543638,0.1111320436018806,0.1014082975475168,0.06596366161378957,0.030044855562868962,0.0098671081717379,0.1299899171903583,0.1201228090186204,0.4342120797335657,0.26278633602565105,0.1050523581462322,1.051276814730316,0.9462244565840838,0.1361600191564185,0.08015849106853347,0.0251910590579603,0.297812219177237,0.2726211601192767,0.23478455540907062,0.07639079306877498,0.0867381527911502,0.3886914297034599,0.30195327691230966,0.36404444417087617,0.22388389033312722,0.0587740561409832,0.7668041685243719,0.7080301123833888,0.14781930150909708,0.05701459117659117,0.0384142102806033,0.2363356905087263,0.197921480228123,0.1479474277050403,0.09526753078055746,0.015679730830046,0.3367754674102461,0.32109573658020013,plausible
Buddhini,4,02,7,111,1.0999999999999996,0.39623614321607437,0.2560385104852698,0.0686819113466714,1.0103370172415014,0.9416551058948299,0.14865199292158576,0.07478873500057896,0.0258536255245794,0.2739801295642149,0.24812650403963551,0.24423408026563526,0.07483477747461671,0.0959081913770976,0.3834799513229156,0.287571759945818,0.36062473850144605,0.20564043396291914,0.0491618475586632,0.7018779021597273,0.6527160546010642,0.14763387227624916,0.06779375372907014,0.0063785454378851,0.2442788104819904,0.2379002650441053,0.16765542588558768,0.08600269243202248,0.0247327503935248,0.3008132945561337,0.2760805441626089,0.054957263557287674,0.020862420815604247,0.0200033821297571,0.0904054847282989,0.0704021025985418,0.06315937547212361,0.025734578691512185,0.0160702501992214,0.1067194800140755,0.0906492298148541,0.05826770696502409,0.025941580871008233,0.0107753176697082,0.1009916287474613,0.0902163110777531,0.06812723681440924,0.030001700235556233,0.02674584698459,0.1175621387237553,0.0908162917391653,0.062499704766527456,0.02735843449166309,0.0087171218021965,0.1100763987095696,0.1013592769073731,0.06286894974707814,0.02384981052373928,0.0226841827701661,0.1102680009546759,0.0875838181845098,0.4277919611143283,0.2443475992504565,0.1362968911823469,1.0117676606977355,0.8754707695153886,0.1873952454527051,0.08323285809585179,0.0450360407635447,0.3277016233022498,0.2826655825387051,0.23421074597213,0.07327123786789684,0.0947226570809732,0.3764806627474001,0.2817580056664269,0.3699956440923114,0.2194680406718527,0.0504453438000894,0.7736308684003421,0.7231855246002528,0.14860330980499992,0.06122357023704242,0.0158436471536306,0.2480579383257349,0.2322142911721043,0.20689727010204495,0.08890619519982852,0.0430153663803303,0.3587442360194564,0.31572886963912605,plausible
Buddhini,4,02,8,113,1.1199999999999974,0.36673322806147324,0.2614173783786551,0.1099635354630546,0.9768275211427973,0.8668639856797427,0.2010998916263567,0.0741460025729939,0.0604541668120634,0.3308220256093644,0.270367858797301,0.23518397800196908,0.07936171892727488,0.0753624481892818,0.3946838631813953,0.31932141499211353,0.36595428960057824,0.20498740268849172,0.0612457261097269,0.7200121549678654,0.6587664288581385,0.1258139874054801,0.050239628681920404,0.0075456074538256,0.1886633249658309,0.1811177175120053,0.21309237920982207,0.08199522884211063,0.0517603409753133,0.3593166855305417,0.3075563445552284,0.05767992603877387,0.01534608354001866,0.022356234602307,0.0850478023913927,0.0626915677890857,0.0612253749964312,0.015398640349608113,0.0300065711904968,0.1036884178427616,0.07368184665226479,0.0573021349076956,0.015012017922094105,0.025473403773407,0.0852441363427374,0.05977073256933041,0.06101556777257382,0.026974256812111005,0.0147069655779643,0.1183443851040885,0.1036374195261242,0.054779210195826336,0.027019043267250197,0.0137227729180711,0.1124221629848085,0.0986993900667374,0.06632228504845857,0.03695565726614474,0.013864168017094,0.1678145368089579,0.15395036879186388,0.4212529680188415,0.2452968081804514,0.1259653291813576,1.0021884339933462,0.8762231048119886,0.160398035924518,0.0697350467046206,0.044161050106502,0.2573697268269256,0.2132086767204236,0.22346877884646657,0.07071435891303103,0.0898564186225538,0.3598059626677014,0.2699495440451476,0.3570143021688075,0.2131361037716713,0.0355307138471969,0.7306010055667513,0.6950702917195545,0.16482908064995339,0.06789280497609408,0.0247493436416179,0.2482843619674877,0.2235350183258698,0.17681978786207744,0.08527546009722074,0.0388744561266429,0.3057227701818774,0.26684831405523446,plausible
Buddhini,4,02,9,111,1.1000000000000014,0.44430467601072576,0.2669514093819068,0.093753272638146,1.0052568487440576,0.9115035761059116,0.18510337595238646,0.06979725897355218,0.0549403804179906,0.3005633529618007,0.2456229725438101,0.23060218524233303,0.06328917854432169,0.1062953200979105,0.3725924865345654,0.2662971664366549,0.416939037670831,0.19398566866533326,0.0835220614364304,0.7223968933363859,0.6388748318999555,0.12228382861453592,0.06075418125316454,0.0287631783607609,0.245658167160739,0.2168949887999781,0.20883855862954737,0.07583286165320618,0.0549481316848329,0.3318417128196637,0.27689358113483076,0.06988768066909468,0.01849238171341447,0.0271561847193014,0.0956460048736596,0.0684898201543582,0.07485319426938414,0.027752452410958004,0.0153623139791757,0.1240226112977422,0.1086602973185665,0.06792219965579198,0.023304497480735917,0.0249648685056461,0.1109551013199135,0.0859902328142674,0.07019642040065867,0.015316538015528172,0.0429300432527714,0.1060665882322071,0.0631365449794357,0.05842329282497507,0.024302160863699608,0.0087471560116721,0.0978573670025117,0.0891102109908396,0.0540272958519324,0.019037161593211206,0.0319109541221336,0.1078938136079504,0.0759828594858168,0.39835794443550687,0.2568213185514516,0.1355721157610628,1.0130825706807245,0.8775104549196617,0.1455106178066925,0.07119235162691376,0.009223329404916,0.2739800869594618,0.2647567575545458,0.21881445350978923,0.07285271696854047,0.0699043484656998,0.3552438719875909,0.28533952352189107,0.34366249785614306,0.20669729627412228,0.0600746842180602,0.7396983876334363,0.6796237034153761,0.1488464387009991,0.05965412922784395,0.0390283132256573,0.2560387364704944,0.2170104232448371,0.16108277486758865,0.07780712864597547,0.0088282724196944,0.3000153392212161,0.2911870668015217,plausible
Buddhini,3,02,1,120,1.19,0.20998881074597764,0.13170493390100216,0.0437330792676372,0.7976645500331053,0.7539314707654681,0.2611292023814685,0.11929581108123372,0.0560167148284445,0.4533142122510266,0.3972974974225821,0.2727938439929556,0.07350071991311027,0.1238663227550717,0.4298955429355686,0.3060292201804969,0.2458759701175159,0.13984686245548006,0.0584137129052092,0.636405333513314,0.5779916206081047,0.14734087621311923,0.06901992195324633,0.0225513707226003,0.2673602223201495,0.2448088515975492,0.2764225991695787,0.1286753719478123,0.0727641540084383,0.490114749926956,0.41735059591851764,0.07391832448467439,0.028051150369197905,0.0150011182121737,0.1223366824187388,0.10733556420656509,0.0737706131805981,0.03122020372523777,0.0183934512820096,0.1445578446239545,0.1261643933419449,0.07667002869151754,0.026277040002086714,0.0368078160186136,0.1435826571955596,0.106774841176946,0.0856761508835863,0.03438122002020485,0.0325286095681549,0.1422316905093281,0.1097030809411732,0.0702886871742967,0.031682229411308174,0.0087613793730796,0.1287530996063196,0.11999172023323999,0.1114650343659708,0.04386128340388093,0.0161106151331989,0.1797698338745096,0.1636592187413107,0.39930880360244353,0.23916221932802714,0.0611068127514652,0.9323055998171268,0.8711987870656616,0.18538072653858723,0.08108933290141235,0.0373521345058033,0.3347508430239282,0.2973987085181249,0.2512432719596624,0.07285305097097203,0.0815358819089442,0.383512696382497,0.30197681447355285,0.3472596537288568,0.21362324896054824,0.0761936795307075,0.7532947444135194,0.6771010648828119,0.06932407336472407,0.02789815670273409,0.0306863748309032,0.1458966185929262,0.11521024376202302,0.19275638992613225,0.08635276198151962,0.0317710977063819,0.3586618226435893,0.3268907249372074,plausible
Buddhini,3,02,2,112,1.1100000000000003,0.355212379791891,0.2649217062498401,0.0579541919098675,0.980655760318864,0.9227015684089965,0.2561566184307088,0.11685401026330847,0.0161750146883465,0.4316697664450851,0.4154947517567386,0.2590460261223325,0.0714656699813856,0.1119301622876318,0.4050353987900236,0.2931052365023918,0.34677651106405316,0.2100722149955428,0.0441792344847653,0.7246833416277962,0.6805041071430309,0.15056061797338488,0.053810527851627654,0.0337353659806791,0.2242619969575432,0.19052663097686412,0.270763124146797,0.12001693499217504,0.0111735082050125,0.4559472342140593,0.4447737260090468,0.06836191479273811,0.020030164762039813,0.0317798313356185,0.1094000700631027,0.0776202387274842,0.08476006055196707,0.03787625806331167,0.0276801596207373,0.1580402901278714,0.1303601305071341,0.07650809647557107,0.032084217174879186,0.0309266145590814,0.1450214528553553,0.11409483829627391,0.08530661913873464,0.030088308805160613,0.0201807502966158,0.1433177333129691,0.1231369830163533,0.07285280751480368,0.031616361807401676,0.0120094370319289,0.1257909613766539,0.11378152434472501,0.11167565578144943,0.038246671922903056,0.0196983790258559,0.1667640239483906,0.1470656449225347,0.4122053626996838,0.24223289170534626,0.1228866731452048,0.9279164629294988,0.805029789784294,0.191990846494896,0.08887458777975994,0.017105645935254,0.3507778682048431,0.3336722222695891,0.25618627320947934,0.08339897631620657,0.0912093356759713,0.4169054881508324,0.3256961524748611,0.34424136410943734,0.20241327202234907,0.0726817095953477,0.7090646432964087,0.636382933701061,0.17996171367401,0.062279863400316056,0.059718303918567,0.2970546657408628,0.2373363618222958,0.2011767071867189,0.09512625397181353,0.0285870741006817,0.3732130112949423,0.3446259371942606,plausible
Buddhini,3,02,3,111,1.0999999999999996,0.3641662443156223,0.24623333586005394,0.0877052185816921,0.9205557562075132,0.8328505376258211,0.27473609396146004,0.11347001706879394,0.0326237768303028,0.4151897121355214,0.3825659353052186,0.26045054219901825,0.07567130068494089,0.1185071536735094,0.4108846742246378,0.2923775205511284,0.33783078055035054,0.20691128435845357,0.0475800997580966,0.6812628503040769,0.6336827505459802,0.1760424120829006,0.0879264123620224,0.0088862683466704,0.3130813456051717,0.3041950772585013,0.2897657609101211,0.1264046133419932,0.0219491454697918,0.4510767191488233,0.4291275736790315,0.08051790032590665,0.03469489099642288,0.0222167658885562,0.1409713781511845,0.11875461226262829,0.09065845804212398,0.041458940694155164,0.0300639665500765,0.1646284329187323,0.1345644663686558,0.08682408049277011,0.047082199776948545,0.0143235128753576,0.1647120140626947,0.1503885011873371,0.08931178791176325,0.026876007228031847,0.0450610279723785,0.1522611238723062,0.1072000958999277,0.07283279194459054,0.032359398038450886,0.0190296866087255,0.1211696176586005,0.102139931049875,0.13058413666970498,0.05648061854807286,0.0517329551244457,0.2537648481478589,0.20203189302341318,0.4201113854521728,0.20174575170812184,0.0824025151734913,0.8801415725423304,0.7977390573688391,0.19668259895181,0.10209278834251334,0.0538047728761865,0.3897556154937712,0.3359508426175847,0.2515750414180263,0.061848409044295706,0.1560233562029471,0.3778351404882332,0.22181178428528608,0.3304503017767229,0.17902045189170773,0.0388415494869057,0.6762072696470001,0.6373657201600944,0.21955046998152578,0.08692118424172025,0.035563847155713,0.3282539467280679,0.2926900995723549,0.20882747940715773,0.1152375488115407,0.0596817163526557,0.4229062828290489,0.36322456647639323,plausible
Buddhini,3,02,4,111,1.1000000000000005,0.388312566833116,0.24036112819549874,0.0715814370760907,0.937488502253948,0.8659070651778573,0.28237468137649196,0.11979849259840568,0.0898606912342028,0.4714483972595816,0.3815877060253788,0.2459526846838536,0.08221168758388174,0.0884444462605044,0.407306644953177,0.31886219869267257,0.34637233616409374,0.2055721854697336,0.0599920201318651,0.6981784906429728,0.6381864705111077,0.18118304452162534,0.07921978753185899,0.0106691519748266,0.2849264917337522,0.2742573397589256,0.2924597173531777,0.12860673886859045,0.0864608480328012,0.4814472009719133,0.3949863529391121,0.07657493040412276,0.03257993207582294,0.0176412653401478,0.1353600132590149,0.11771874791886709,0.09437892498632766,0.03838348621895728,0.0187377965695716,0.1519022498397888,0.1331644532702172,0.08994678083750193,0.042237822447666634,0.0087100002723289,0.1475121490964838,0.1388021488241549,0.07714470478666398,0.023928646249145532,0.0295909478678862,0.1240084620829492,0.094417514215063,0.05471012754770291,0.021227008943920846,0.0228110880379133,0.0880951917579744,0.06528410372006109,0.11485721799007426,0.053497996191947596,0.0334129300877186,0.2289715217401597,0.1955585916524411,0.4269817160404751,0.2358724916694586,0.1711713749384144,0.9671898203388408,0.7960184454004264,0.25801089063358607,0.11530123709080677,0.0412453156139847,0.4105581235338319,0.3693128079198472,0.23540407244814518,0.072674927514918,0.110868334820239,0.3803147236439904,0.2694463888237514,0.3406044811558627,0.23255000704159123,0.0374572113379522,0.8061684053647928,0.7687111940268406,0.21855868211174237,0.09024196881128076,0.0429687103831135,0.3795955225067897,0.3366268121236762,0.2818228867801912,0.12513067834843122,0.0604790815605713,0.4586628813074164,0.3981837997468451,plausible
Buddhini,3,02,5,112,1.1099999999999994,0.379925630324154,0.2689369997668841,0.0912099579202323,0.9412351421452788,0.8500251842250465,0.26472136995449286,0.11136223794058951,0.0672110821001804,0.4495948052994835,0.3823837231993031,0.2588558427871191,0.06806523618834874,0.1288578171788531,0.3936413295700375,0.26478351239118436,0.3530087189231327,0.20805223215608923,0.0718710280528368,0.6950888384113598,0.6232178103585231,0.160461996280098,0.06893099126492351,0.0132661354327409,0.2782873735197118,0.26502123808697087,0.2794588507712716,0.12256389889205456,0.0421656606715623,0.4677717618112021,0.4256061011396398,0.05813893102919495,0.019370011388674245,0.021812135853389,0.1050279250143594,0.08321578916097039,0.07022547774350686,0.029210309782979726,0.01908054076742,0.1218354159990877,0.10275487523166771,0.06687278231424541,0.028374541149515733,0.0234384314290438,0.1188047937215091,0.0953663622924653,0.07772044244409079,0.03101560810448543,0.0330408032394698,0.1493165105303878,0.116275707290918,0.06799251559610082,0.03157209692470891,0.0145196079445255,0.1340772317407329,0.11955762379620741,0.10303772432614551,0.04076604547043068,0.0175832371315908,0.1630878631668472,0.1455046260352564,0.39236583822754934,0.23632953598513315,0.082910330639412,0.9256371456899556,0.8427268150505436,0.25258980168842776,0.11411797079382607,0.0474065801050143,0.4219228460002698,0.3745162658952555,0.24293360397071512,0.07882193512709267,0.0758554086221308,0.3856260433846659,0.3097706347625351,0.3403794371634826,0.22702691945135317,0.0625093597653473,0.7874329456607914,0.724923585895444,0.21753552689019826,0.08831910221187306,0.0360201485876557,0.3707417998032497,0.33472165121559405,0.2744535362969534,0.12413458813506312,0.0672605481523957,0.4848605128908789,0.4175999647384832,plausible
Buddhini,3,02,6,112,1.1099999999999994,0.3791239946337294,0.24587933042816162,0.0737194286691404,0.9710117495257417,0.8972923208566013,0.21649110075353775,0.11760902171407366,0.0095999307874676,0.4002005727567651,0.3906006419692975,0.2549500836214308,0.06860336180835548,0.1218319133321032,0.393167357387663,0.2713354440555598,0.359304740284403,0.20799266389282461,0.0446467102514611,0.714897707582869,0.6702509973314079,0.15887350649542542,0.06273571329140379,0.0178817814319332,0.2310274063886064,0.2131456249566732,0.22988371023181983,0.13358448956898664,0.0310832092554611,0.4486845362330829,0.4176013269776218,0.05493833189628689,0.019036356279817233,0.0126948393915431,0.0877601952198212,0.0750653558282781,0.0661123133488226,0.029274740718623793,0.0171433880423987,0.1203198614904835,0.1031764734480848,0.06562003803491631,0.029598629643184448,0.0112379065607437,0.1179069326803494,0.10666902611960569,0.07788022950221211,0.027104520335467727,0.0310240645474143,0.123803277359034,0.0927792128116197,0.06564630668187119,0.02680688786448659,0.0124158388439458,0.1159506127055096,0.1035347738615638,0.09966484307258061,0.0358007382986847,0.0292121242820335,0.1619516057361294,0.13273948145409592,0.40693322612073085,0.2387927446895318,0.1203195631178514,0.9516280328428904,0.831308469725039,0.2292570236300371,0.10366603848576574,0.0540216158166565,0.4032810560273815,0.349259440210725,0.2362391312908753,0.06944793854124055,0.09900093586099,0.3699646281179359,0.2709636922569459,0.33599495721373324,0.2194646984969808,0.0407496556205911,0.7744433993954664,0.7336937437748753,0.21471037726382827,0.08332455835092131,0.0327552560748631,0.3205080406619793,0.2877527845871162,0.2421898358928289,0.11433912814551168,0.0476985600678179,0.4296744882503482,0.3819759281825303,plausible
Buddhini,3,02,7,112,1.1099999999999994,0.3897084546207767,0.23879660076450043,0.1188171876166492,0.9325411263948782,0.813723938778229,0.1795961794431075,0.08976440444490855,0.0407095599973574,0.3131524588053206,0.27244289880796324,0.2526474769468867,0.07265282295313723,0.1117968724698578,0.3967680719905062,0.28497119952064837,0.35500366056521004,0.2012506440301859,0.0650160608711502,0.7045978649980265,0.6395818041268763,0.1370406898330178,0.05338138245560399,0.0136454598657574,0.2055901612977455,0.19194470143198808,0.1923918775476184,0.10320671328549315,0.0337932117059758,0.3501886995105284,0.31639548780455257,0.05467688406595698,0.017582732606053555,0.0211931534668913,0.0948880204560284,0.0736948669891371,0.056324581831955066,0.01246874710418548,0.0242744756108689,0.0785169270623732,0.0542424514515043,0.05487947684270423,0.01904700637340857,0.0119956339715381,0.1013516447334133,0.0893560107618752,0.08072696835624825,0.03189659873123831,0.0106228461828468,0.1464912547505761,0.13586840856772928,0.07177409743516647,0.030853407647631347,0.0177983866853896,0.1199915429479046,0.10219315626251499,0.097093603724405,0.04176807012626251,0.0198771520104272,0.1864486625148395,0.1665715105044123,0.39103516176723335,0.23132756672502158,0.0838441944747135,0.9049499568745868,0.8211057623998733,0.19531250907978664,0.0991364700315837,0.031785195630188,0.3574763639820155,0.3256911683518275,0.23344011448552532,0.0758331466095041,0.0821102201447963,0.3808738159617615,0.2987635958169652,0.333519103842585,0.2201681815199393,0.0659986179730211,0.7670906748512418,0.7010920568782207,0.19405122993067137,0.07880913583553587,0.0189390190715152,0.298383424830462,0.2794444057589468,0.19806662408250464,0.10405950616871783,0.0192700679693505,0.370019225138106,0.3507491571687555,plausible
Buddhini,3,02,8,113,1.1199999999999992,0.4050305535378928,0.2382880132548154,0.0650890281859723,0.9415895157677474,0.8765004875817751,0.20502186954938997,0.07481439928201764,0.0497620777677425,0.3017693019685722,0.2520072242008297,0.24399885539028887,0.07495484890235742,0.1028725111561689,0.3713017406078663,0.2684292294516974,0.35410468825878577,0.20197124327239346,0.0679193087288224,0.6968930948981152,0.6289737861692928,0.13489549600267328,0.05405323330618036,0.0110948562185339,0.2095379381464583,0.1984430819279244,0.22151190667184417,0.08769683895370767,0.0058374760664818,0.3517456363603402,0.3459081602938584,0.06374299301668263,0.024010152062869727,0.0169335469841147,0.1114308879035092,0.0944973409193945,0.07107960089983538,0.027115119031077856,0.0240439883217568,0.1176263242529629,0.0935823359312061,0.0667945132155122,0.02474724915184367,0.0150150727041928,0.1140324869284884,0.0990174142242956,0.091813786219673,0.036463730454256625,0.0232062851693994,0.1722405345118463,0.14903424934244688,0.06867870829668195,0.0316858131549095,0.0220060430621939,0.1431872371197909,0.121181194057597,0.09767291902394265,0.06023596876645946,0.0250903783330814,0.239336718165197,0.2142463398321156,0.4128323480272665,0.22490114415333468,0.1278387866233375,0.949116991399644,0.8212782047763065,0.18062771321976326,0.09215390646902008,0.0223418813339891,0.3205403909743298,0.29819850964034067,0.23521680017744648,0.061067376650100945,0.1385838040740015,0.3557156320535478,0.21713182797954628,0.33424881289348474,0.20362418832139087,0.0711522791203466,0.7466181929599822,0.6754659138396356,0.1666160985118792,0.06051901582684023,0.0433354834510672,0.2471196002988064,0.2037841168477392,0.1894764845247947,0.09951117960603237,0.0294000670259596,0.3520359386697699,0.3226358716438103,plausible
Buddhini,3,02,9,119,1.1799999999999997,0.4153933531406588,0.2705635883738304,0.1607542560900539,0.9582950519505036,0.7975407958604497,0.2112490717679919,0.07725120886811804,0.0479835239910777,0.3600887771425095,0.3121052531514318,0.22246576996314454,0.06123445148558885,0.1201772130614424,0.3376423429771688,0.21746512991572636,0.36593938130434295,0.21410570579411206,0.0504974374154694,0.7098902725465842,0.6593928351311148,0.14216725037234124,0.058811623964613834,0.0051495160842746,0.2069407976890247,0.2017912816047501,0.2314777457939211,0.09569151256416848,0.0326073268817914,0.4028810942293735,0.3702737673475821,0.06060281407118707,0.01687914447401277,0.0386002527541605,0.1021008895629814,0.0635006368088209,0.07145879334542098,0.01624209360436065,0.023957324872775,0.0948433460005866,0.07088602112781159,0.07535605073972053,0.026703167443525987,0.0208763915671799,0.1384583599884511,0.1175819684212712,0.07210246641576523,0.030251012784327794,0.0078026216604431,0.1318594050606763,0.12405678340023321,0.06599440495174914,0.026507505413868364,0.0186137190940631,0.1234278595713009,0.1048141404772378,0.09481528869781505,0.05153015000669485,0.0231097200396647,0.1858462315031468,0.16273651146348211,0.36558405854234116,0.2587539945888491,0.0440926876490165,0.8877313345244111,0.8436386468753946,0.18646936244464332,0.08794430841487864,0.0412036590177494,0.3484094023836241,0.3072057433658747,0.22457382936156822,0.06901368881894433,0.0852437826645467,0.3246504254735433,0.2394066428089966,0.34485099556324267,0.23340913516082243,0.0776098819303787,0.7861119568739516,0.708502074943573,0.17143200142525286,0.06535850326660647,0.0418869614409316,0.2794776811320943,0.23759071969116272,0.19874823634789854,0.09610098408000398,0.0399918101518082,0.3736428136254879,0.3336510034736797,plausible
Buddhini,2,02,1,138,1.37,0.07588578838117102,0.09278578351577223,0.0170070619052661,0.3934192513760592,0.37641218947079313,0.1970297092888622,0.0833956946225906,0.0578044686510068,0.352136014440176,0.2943315457891692,0.23423579595185362,0.09271253823142477,0.0745657833698424,0.4256837418728331,0.35111795850299066,0.07424856307446055,0.10529616871321133,0.0133964710810169,0.3864912214266403,0.3730947503456234,0.11549672559618335,0.05172501191224835,0.0119280233563897,0.2071847904372616,0.1952567670808719,0.1338864375420754,0.06614142949387763,0.0452125369699055,0.2707316175592636,0.2255190805893581,0.06754860537806925,0.018400411537701028,0.0403583014426463,0.1005493952152304,0.0601910937725841,0.07265872439128845,0.019782414608274373,0.0402475775602036,0.096990982462567,0.056743404902363404,0.06649774518900532,0.02607775004786788,0.0258878056069591,0.0962247072053244,0.07033690159836531,0.06090224817644058,0.017858961939361852,0.0338554473517204,0.1047326992191357,0.0708772518674153,0.04789728899677207,0.016087634514960675,0.0119626030987651,0.077305859234763,0.06534325613599791,0.051114941682601604,0.010682250265293262,0.0213201131376739,0.0760060939658531,0.0546859808281792,0.3080903850233274,0.2814096752061808,0.102892337257759,1.0728109247067144,0.9699185874489553,0.1534389413248401,0.10929622596353761,0.0100061949889882,0.361212978131702,0.3512067831427138,0.204803537316201,0.09514523322224612,0.0568151331279176,0.3542707203293901,0.2974555872014725,0.2714698279260732,0.2761803640654162,0.0362973250528084,0.9033923379648842,0.8670950129120758,0.08191469130105196,0.023204005307016926,0.0443402908498873,0.1144096847930671,0.07006939394317979,0.1647925895895301,0.12368405027076651,0.0144433305153521,0.4083486206104863,0.3939052900951342,plausible
Buddhini,2,02,2,113,1.12,0.2865223950284439,0.19832025346546509,0.0515083827425401,1.036972564967849,0.9854641822253088,0.20119308480868936,0.09200936671239504,0.0598401167666987,0.3517661437939669,0.2919260270272682,0.2495503973665328,0.074535382130301,0.1194098935390611,0.4131256302256467,0.29371573668658557,0.2805985149428618,0.1763131383953238,0.0705408461466897,0.7164248790388706,0.6458840328921809,0.1568427361984003,0.06640389958181465,0.0407762323970927,0.2702855502549093,0.22950931785781659,0.21318601125901493,0.09162017110071023,0.0340121350319242,0.3731625128723539,0.33915037784042973,0.05883849279763967,0.01668043630964294,0.0276993733526701,0.0918118086652659,0.0641124353125958,0.06787777485074427,0.02195798500919076,0.0211842711925652,0.105210253617347,0.08402598242478179,0.0703518006262239,0.021040040850525334,0.0340481116322122,0.1049362921752004,0.0708881805429882,0.07014532802279434,0.02583593006055698,0.0129177281996414,0.1185771009391215,0.10565937273948009,0.06372751429359791,0.02198426275308524,0.0237465723713105,0.1117271198947378,0.0879805475234273,0.06719889371632956,0.026443228794053125,0.0197431017293361,0.1148947041501396,0.09515160242080349,0.40398081257386076,0.24023566186150333,0.1064698100901285,0.9847674908639468,0.8782976807738183,0.19008889337489163,0.07659474921304134,0.039356425414189,0.3448781508046311,0.3055217253904421,0.24334921308044166,0.0868326351638757,0.0571158696561737,0.3957644927597365,0.3386486231035628,0.3876068480620874,0.2865623084691115,0.0420085213027162,0.9617742344038528,0.9197657131011366,0.1346405452667737,0.04216601102139038,0.0462434259297786,0.2125733286556299,0.1663299027258513,0.21614577648008504,0.07481171923715818,0.0756383061369722,0.3582770033709718,0.2826386972339996,plausible
Buddhini,2,02,3,107,1.0600000000000005,0.4043852670777425,0.28021617565656687,0.0617743878162216,1.0881812651248288,1.0264068773086072,0.2551037241455295,0.10804638726907832,0.0850332102783961,0.4455148277659974,0.36048161748760127,0.26739632868601493,0.08421827361928799,0.0991826090393652,0.4318339668726546,0.33265135783328936,0.3618901877520937,0.21397006315693592,0.0814094989437338,0.7441553861613399,0.6627458872176061,0.16898178651727186,0.06870733139475343,0.0337174488679061,0.2798107151845994,0.2460932663166933,0.26418798256137077,0.11628486595433918,0.0498672515648051,0.4631897693904871,0.413322517825682,0.05639412260720765,0.017574642013678837,0.018621432806139,0.0837747846071182,0.0651533518009792,0.07536623008880773,0.017204884619369313,0.0381194370213554,0.1058435382832559,0.06772410126190051,0.0756674047034767,0.026785190614304705,0.0210278644370641,0.1267250653039086,0.10569720086684449,0.08408506172014044,0.02950763863488793,0.0237382214480348,0.1331006557673181,0.1093624343192833,0.07749046894789646,0.03184738361796958,0.0131138439174957,0.128958275374409,0.11584443145691328,0.10025732126787565,0.038755099059104375,0.0227755169415735,0.1705278290055026,0.14775231206392908,0.4658301818731215,0.1912976935735861,0.1025125065769917,0.9491326066439238,0.8466201000669321,0.2297562717930246,0.1344206701321124,0.028279752133178,0.4906815731277605,0.4624018209945825,0.2639298341199855,0.07505413535911067,0.1249618043447358,0.4193300658059318,0.294368261461196,0.4368322761038002,0.2702260142507468,0.032268403875623,1.0051453748066894,0.9728769709310664,0.17508631807541591,0.06721779838871557,0.0345462821065375,0.2908031496514169,0.2562568675448794,0.26475182130375646,0.14623820474555355,0.0549314148407747,0.532951473893839,0.47802005905306433,plausible
Buddhini,2,02,4,109,1.08,0.432473003617738,0.27365247245861685,0.0712156630834723,1.1072219021412844,1.036006239057812,0.24400278761981978,0.09978912438142677,0.0495266894292311,0.3772286658787555,0.32770197644952437,0.2660878439814623,0.07625073228257111,0.1139245342167128,0.415210590673685,0.3012860564569722,0.37016558444849923,0.21867321820773908,0.0408914464457194,0.7495579125859618,0.7086664661402424,0.1477016487974869,0.0771054902621395,0.0060514772147205,0.2772204342885032,0.2711689570737827,0.2573139540725424,0.10749426097646807,0.0566556125543411,0.4117750025803769,0.3551193900260358,0.061839710325568856,0.02068858262645798,0.0152248395433187,0.1045804847424632,0.0893556451991445,0.07200332836294397,0.020868540399714253,0.019868822999682,0.1074850875326474,0.08761626453296541,0.07310576383027015,0.023968086120060232,0.0242212991960588,0.1225012948601522,0.0982799956640934,0.08986365984978613,0.020436905483042677,0.0425002534241804,0.1330806420630381,0.0905803886388577,0.06710981831481641,0.027886727051852356,0.0039732843108594,0.1235883728431164,0.119615088532257,0.0791489957636639,0.034365751186301155,0.0156684567284766,0.1354699165171249,0.1198014597886483,0.48580435053092436,0.21242808941737462,0.1339658043357675,0.9635900872697332,0.8296242829339657,0.25575342428120285,0.11337990420328481,0.0229439639768052,0.4699923146267704,0.4470483506499652,0.24608918992801596,0.0856018817387844,0.0986325356196895,0.4138273291212254,0.3151947935015359,0.38467637959744533,0.2585959536040811,0.0869887929718326,0.9061785007335792,0.8191897077617466,0.17680233703608852,0.05587589393583099,0.040150994452689,0.2544552890517613,0.2143042945990723,0.28695197607962053,0.12058308897788872,0.0593480050298486,0.507964315179176,0.44861631014932735,plausible
Buddhini,2,02,5,66,0.6499999999999995,0.4636572917954469,0.25776599238232145,0.1087687324298185,1.055627754221684,0.9468590217918655,0.24514126505929476,0.0812227849398146,0.0891747658580804,0.3549421931383261,0.2657674272802457,0.2393994379663503,0.052749194682888814,0.1058455841794199,0.339588901316129,0.2337433171367091,0.43753364020780033,0.18614835696936596,0.0882991549296324,0.7177135520131569,0.6294143970835245,0.12456664350718497,0.05251379742907823,0.0113954104747717,0.1908600355721335,0.1794646250973618,0.27554518470162426,0.09866291685149416,0.069567866804864,0.414291275448411,0.344723408643547,0.06270327743154547,0.02362625422058469,0.0118289386500143,0.093546283916921,0.0817173452669067,0.06457693231490765,0.024474350161448027,0.0133952903479984,0.1096721103429526,0.0962768199949542,0.0635653462159643,0.02401808198545451,0.0135196141983088,0.1167218462336994,0.1032022320353906,0.08375411388819971,0.03165230113331927,0.0276554476837989,0.1304010107925065,0.10274556310870758,0.07097506907978092,0.024245122210115006,0.0096626498340905,0.1091843548930185,0.099521705058928,0.0984806303132737,0.03504778716161966,0.0153938938066739,0.1496623044789815,0.1342684106723076,0.4755613021616365,0.1396651873331823,0.1526204782341981,0.7631080881974458,0.6104876099632477,0.23657498522893478,0.09462796199375756,0.108246032086577,0.3822230763774354,0.2739770442908584,0.2741964280434987,0.10343133705353083,0.0989526579768819,0.4486029971653439,0.349650339188462,0.26344144426914273,0.14398266527743675,0.1036369433481253,0.554044972121416,0.4504080287732907,0.21678802645628178,0.054144866097815804,0.078707102982634,0.282916555766973,0.204209452784339,0.28311309708781124,0.10078358606406336,0.1416509415870058,0.4484282227718387,0.3067772811848329,suspicious_short
Buddhini,2,02,6,41,0.40000000000000036,0.3471292951664287,0.24144352760655835,0.09483865452009,1.006992857572079,0.912154203051989,0.23852857854266776,0.0792587691423692,0.1342476318772318,0.3585554994355058,0.224307867558274,0.28030167291600055,0.10431595919366189,0.1042728728703569,0.4177373259512409,0.313464453080884,0.2846745468295267,0.19740475293502313,0.0951086674947554,0.7222656324745602,0.6271569649798048,0.1427985846161197,0.06920708171255886,0.0223799389173978,0.2381684370272206,0.2157884981098228,0.2213722733730998,0.07847527288607387,0.1074159157689605,0.3467736927251599,0.23935777695619942,0.05491610622438835,0.01813030953879623,0.0246807488800878,0.0917299203003756,0.06704917142028781,0.0537199379950096,0.01298641720650411,0.0367904511704191,0.0734118980781079,0.0366214469076888,0.04871234478056931,0.02280058547428293,0.0104713029875432,0.0842164830312411,0.0737451800436979,0.06955255699256199,0.027276813269380543,0.0406664489747566,0.1210105349656162,0.0803440859908596,0.0524612587915177,0.028769637998211164,0.0110446726520365,0.091769662890722,0.0807249902386855,0.06356057713568357,0.025372453439676753,0.037737365410643,0.1073125576612297,0.0695751922505867,0.603266417400273,0.22851906326635357,0.1666764949525792,0.9563015680261984,0.7896250730736192,0.34154027406275833,0.161708918629931,0.0418803157890629,0.5348738605925764,0.49299354480351343,0.2356199425800442,0.034814578736554594,0.1418747666701653,0.2972790419707746,0.1554042753006093,0.5988764578059321,0.2666196574512095,0.0692516863520385,0.9027079710312498,0.8334562846792113,0.12301424456815813,0.04544791938197884,0.0402150450611853,0.2207910138300361,0.1805759687688508,0.3869066034911447,0.19021202782901583,0.0324136689734056,0.6181448844916655,0.5857312155182599,suspicious_short
Buddhini,2,02,7,65,0.6400000000000006,0.46967471793597976,0.2644876186538801,0.092674159979012,1.0323287069070315,0.9396545469280195,0.218098316249804,0.10770530553356411,0.0308234905535379,0.3681869257331587,0.3373634351796208,0.24165238861114868,0.04954023312548674,0.1152886219531986,0.3406838655622584,0.22539524360905977,0.43847229666558296,0.19453039967794247,0.0766906370102543,0.7386555726853417,0.6619649356750874,0.12177900943582776,0.0587690844960132,0.0057377897220831,0.2326270782096017,0.2268892884875186,0.25945374482887323,0.12256654231210334,0.0483944280760194,0.4453922130988646,0.3969977850228452,0.05681278576176461,0.02218962500248046,0.0092929532439165,0.0912884907246363,0.08199553748071979,0.055505270123593416,0.011449637933735,0.0307873717864019,0.0713132979173416,0.04052592613093971,0.05324328194828269,0.01208953221745565,0.0303525246026522,0.0727316927741467,0.04237916817149451,0.07982186700750303,0.025844483684776768,0.0379059101991467,0.1264466871040509,0.08854077690490421,0.0671406340027606,0.025532602351385856,0.0097117985728593,0.108777906259722,0.0990661076868627,0.07868210720750303,0.02821882980056131,0.021079419188447,0.1281321392028929,0.1070527200144459,0.4979504240338868,0.11385924306056784,0.2363481164491355,0.7304840253902344,0.4941359089410989,0.16256776569836387,0.06909313890056189,0.0492723189324483,0.2631084877423407,0.2138361688098924,0.24052168202318486,0.08692391659479229,0.0916856262263912,0.3666136000561769,0.2749279738297857,0.2261280072922081,0.12974002616316924,0.0745919468195793,0.4678175992319729,0.3932256524123936,0.16691943188865163,0.04404196024642271,0.060799293002302,0.2135448483011175,0.1527455552988155,0.20442105022429694,0.06787948793730754,0.1147302306987186,0.3147036702815033,0.1999734395827847,suspicious_short
Buddhini,2,02,8,43,0.41999999999999993,0.336051779767247,0.257866146417677,0.0794702328914143,1.0169216470564182,0.9374514141650039,0.22382217153216358,0.1238938914915731,0.0585848206463888,0.4128671056989763,0.35428228505258746,0.25566788024114945,0.09828114037591994,0.1037402057440576,0.3848540272427402,0.2811138214986826,0.2720525714297354,0.21727373444197612,0.0648126835910169,0.7369398952392373,0.6721272116482204,0.10484505442895031,0.04503638899799977,0.0256672024326279,0.1649987445347114,0.13933154210208348,0.18476094461355838,0.11116509233233786,0.0340596446972073,0.3704032946026895,0.3363436499054822,0.0564292126217691,0.018058464831720265,0.0256382791570259,0.0787010289977543,0.0530627498407284,0.04930726678556035,0.01460235397477989,0.0201132719169387,0.0672333240416417,0.047120052124703,0.0546281998083907,0.017131929555720005,0.0278947097518278,0.0811959046637827,0.0533011949119549,0.08229392966486308,0.01639999968611762,0.0635187109973179,0.1194822847242266,0.0559635737269087,0.059008298667148344,0.028106984543691812,0.0112314771618436,0.0975183477683128,0.0862868706064692,0.055147403905057325,0.0257862915779853,0.0200149999109494,0.0992983514357913,0.0792833515248419,0.6772627231927913,0.24590564197482148,0.2106525879686298,1.0525878824510604,0.8419352944824305,0.21914495431263792,0.09733641531646264,0.0359529783327871,0.3309090535317412,0.2949560751989541,0.25152846492238823,0.07406100823198224,0.1101534709232015,0.3641548515768558,0.2540013806536543,0.6351358059169271,0.26533062486482945,0.1268987532477997,0.9449619238992016,0.8180631706514019,0.1329542059940982,0.04622810839804024,0.0310211526266226,0.1933783919963458,0.16235723936972318,0.24078538069861627,0.10084000129457041,0.059408525141386,0.3620386320875601,0.3026301069461741,suspicious_short
Buddhini,2,02,9,68,0.6699999999999999,0.4578462552137511,0.26054647988218904,0.0913203127519578,1.030570178476902,0.9392498657249441,0.2348560859838067,0.10665242550264604,0.0465667942600081,0.4069118687736453,0.36034507451363723,0.23720351597378966,0.056294889866012346,0.118232694037255,0.3430780464624376,0.2248453524251826,0.4450679089375225,0.1911533040934915,0.1057130250926864,0.7446982860112573,0.6389852609185709,0.11458259787779117,0.045840335942212596,0.0049579660814522,0.1709534396523061,0.16599547357085392,0.24783664258109633,0.11204812885886792,0.035821310055207,0.4105600071989493,0.3747386971437423,0.05602820265120865,0.0187213639167218,0.0243893333988001,0.0893871118759774,0.0649977784771773,0.056190312618054995,0.010495323268192169,0.031123531990728,0.0741821131868445,0.04305858119611651,0.05644536180613637,0.01624357220097081,0.0263165170584453,0.0925357734296979,0.0662192563712526,0.0778642666061774,0.037004364797215764,0.0187490673954688,0.1294759300956457,0.1107268627001769,0.06424583748985918,0.025483925611900084,0.0026681312760721,0.1101969319840233,0.1075288007079512,0.0712105172219857,0.025391630064862402,0.0265292299707967,0.1165613106307034,0.0900320806599067,0.3961319429420889,0.14994072062578104,0.2351810752992764,0.7322301847983858,0.49704910949910935,0.1707884357932706,0.05680614513848292,0.0872831631081147,0.264756153344641,0.1774729902365263,0.2677370759870983,0.08442861584912781,0.1094878728592369,0.4073768732725938,0.2978890004133569,0.2684892881116573,0.11859403303113285,0.1329840526756048,0.5441268063600765,0.4111427536844717,0.16779879747946366,0.0451651209618658,0.0636298498799919,0.2341754217704189,0.170545571890427,0.19681074250317188,0.06296720228244321,0.1090594172727167,0.3090362578232076,0.1999768405504909,suspicious_short
Buddhini,2,02,10,42,0.41000000000000014,0.3522625410000727,0.26592068356957205,0.0790365291035888,1.0218875399530518,0.942851010849463,0.25634628554538746,0.11281156869543803,0.106772505494658,0.4241652290186175,0.3173927235239595,0.2582860969167062,0.09577437632672255,0.1087439726084079,0.3832306653543586,0.2744866927459507,0.2818474532428807,0.21870185514829169,0.0597552410059457,0.7163515844133048,0.6565963434073592,0.09219274814425456,0.03673377655720261,0.0158953241950072,0.1305632050513152,0.114667880856308,0.2540410293447584,0.11721745642278558,0.0860702964424843,0.427403467297541,0.34133317085505666,0.06981365958892763,0.013188927081193652,0.0490251444587238,0.0898971785978035,0.040872034139079694,0.08236461381732521,0.018673694184097346,0.0547603502856575,0.1097419934071013,0.054981643121443796,0.06637784143293624,0.019741487540539483,0.0361953843781447,0.09525255263548,0.059057168257335306,0.06890243622868508,0.030291860820840656,0.0255305765706803,0.1148508888005399,0.08932031222985959,0.07024065118468308,0.03547995324602607,0.0198562876068915,0.1257274982804721,0.10587121067358062,0.06100011522061029,0.039932712002006224,0.016807284319839,0.1266098393814885,0.10980255506164951,0.5337317474177209,0.26111230165539395,0.1002739918357981,0.9192701164797852,0.8189961246439871,0.20922803274472485,0.09036311453194493,0.0272531885787758,0.312761263233044,0.2855080746542682,0.19556735455631444,0.046946484189128106,0.1091019448685755,0.303906410805969,0.19480446593739348,0.649649059917583,0.2866551284818945,0.0626747489865644,0.9620190503324084,0.899344301345844,0.13836441306301112,0.05004300896859778,0.0265113318747733,0.2182856992857804,0.1917743674110071,0.2285844052958708,0.09753762118218402,0.0352319587421524,0.3400375367064774,0.304805577964325,suspicious_short
Buddhini,2,02,11,110,1.0899999999999999,0.4119962671451301,0.2666521603952012,0.087662323591391,1.052706026464732,0.9650437028733411,0.2098842476107984,0.08096888814146687,0.065275093726386,0.3989951243448368,0.3337200306184508,0.23656254074356753,0.07667989826801146,0.1003538644944401,0.3994934435826207,0.29913957908818056,0.37550674448697596,0.20145633451850115,0.0823704125542867,0.7175752404360636,0.6352048278817769,0.11329557024433862,0.05969206042101782,0.0191351221095741,0.2190883265838999,0.1999532044743258,0.20468693363876883,0.09650311867051353,0.0379492302105395,0.4005905570950093,0.3626413268844698,0.06369170749565647,0.017417700290392274,0.0197573165991169,0.0882837603515436,0.0685264437524267,0.06720295961514682,0.020520311871063967,0.0281735187018032,0.1066699619460999,0.0784964432442967,0.06006651187915774,0.019912518009581534,0.0251074806894663,0.0944194864546027,0.0693120057651364,0.06506490443200943,0.02144227354764727,0.0244196513670868,0.10588940483023,0.0814697534631432,0.05784690476954001,0.019200995677990315,0.0156105940970223,0.0882635236637342,0.0726529295667119,0.06792851220729035,0.030039719903394775,0.0147309884323451,0.1373791884227593,0.12264819999041421,0.4245207148391354,0.23663376773899805,0.1108257961791061,0.968371463380928,0.857545667201822,0.16582912664665517,0.08234896498366591,0.038606439747006,0.3284779256735766,0.2898714859265706,0.24514670082175213,0.07808381766026266,0.1047578408575027,0.4142129755199591,0.30945513466245644,0.401730411836547,0.29024795334344783,0.0665752452508959,0.9816409226449356,0.9150656773940398,0.15624859085328005,0.062183734427050684,0.0187474855861359,0.2426633112941662,0.2239158257080303,0.19669578316397204,0.08886825979316947,0.0441189823638867,0.3599800521041145,0.31586106974022776,plausible
Buddhini,2,02,12,70,0.6899999999999995,0.4514736266972775,0.25717862097106436,0.1114877743308173,1.0500676149004886,0.9385798405696713,0.25322999991372735,0.07130228675825354,0.1284583021212781,0.3701902317807812,0.2417319296595031,0.2259800531118152,0.04800116775367664,0.103053790076948,0.3232014724243315,0.22014768234738352,0.40690430883228657,0.19335623219874354,0.057010938971391,0.7074265149359891,0.6504155759645981,0.12808525721878805,0.05869810945014738,0.0246574819805676,0.2227145723137727,0.1980570903332051,0.2433406232010701,0.09517529458859132,0.0663036742267767,0.3944035026457282,0.3280998284189515,0.06544067174679023,0.020016784556579695,0.0175288402826512,0.0983058308879595,0.0807769906053083,0.06817709259327187,0.02456853518861711,0.0309970173044218,0.1065979973763158,0.075600980071894,0.06578838512175225,0.02926407478938991,0.0254707564996089,0.113300322079063,0.0878295655794541,0.07558313389780076,0.03902843662130007,0.0223521059119328,0.1510408760924462,0.12868877018051342,0.06047100023988453,0.021411077306258585,0.021487517348098,0.1033989270910601,0.0819114097429621,0.07430939045806716,0.035783231909713296,0.0215179852796415,0.1469364285088183,0.1254184432291768,0.3244544236319449,0.13335435269233736,0.1683654872828312,0.6273465789605168,0.45898109167768564,0.1411972801568119,0.05043903108755512,0.0324969421748997,0.194626589686497,0.16212964751159728,0.23502264871229725,0.0823447490025272,0.1149806310017492,0.3654414307834795,0.2504607997817303,0.24855857323203087,0.13219984893562695,0.0909070554750934,0.5987503137838052,0.5078432583087118,0.15714396862338076,0.05553456939123298,0.0665307349984352,0.2484399384994143,0.18190920350097908,0.19514069410517326,0.07049140132723078,0.0271039351379054,0.3101606420598493,0.2830567069219439,suspicious_short
Buddhini,2,02,13,40,0.39000000000000057,0.36844088700836847,0.2885254658311226,0.1134990431287135,1.055840773175824,0.9423417300471104,0.24397667811335005,0.08959758500065032,0.10728918318648,0.3735060194323145,0.2662168362458345,0.26940412651221163,0.10264054535719098,0.0961173555456364,0.3965726188321085,0.3004552632864721,0.28200915353348366,0.22373516713311292,0.0723573674311958,0.7158443660835261,0.6434869986523303,0.11620952058608877,0.04575056662109746,0.0330641173314195,0.1863677981045815,0.153303680773162,0.25235265774431953,0.09559415719017202,0.096711486104278,0.3905861707398882,0.29387468463561023,0.0666166481804314,0.02613082604826232,0.025133519116346,0.1084238792334169,0.0832903601170709,0.07524815910651035,0.0351502589516676,0.0191596993406267,0.1229301261389713,0.1037704267983446,0.07457129752094145,0.03167894959425766,0.0303603606847503,0.1257250159844392,0.09536465529968889,0.0865134253742282,0.010498359479903506,0.0611605852090147,0.1070194063850051,0.0458588211759904,0.0500191537541609,0.021341350671408507,0.0248802331304124,0.0872690576008925,0.062388824470480095,0.06124627067125613,0.019377130946151053,0.0411949137313673,0.0983089155102946,0.057114001778927295,0.5940930710777917,0.2878943582991948,0.1226336679233115,1.000476882738826,0.8778432148155144,0.26978657244037585,0.08563381642446785,0.063882934856175,0.3630858427231605,0.29920290786698556,0.22861483190960966,0.04303280995262836,0.1193042201532237,0.3219754224163316,0.2026712022631079,0.6667629483158853,0.3008773003949015,0.0780383826124093,0.9889016636251003,0.9108632810126911,0.1321666938757146,0.049726220150881524,0.0158745205198452,0.2032686746569953,0.1873941541371501,0.2656151205029155,0.09416807710198064,0.0428565000370708,0.3690339314489677,0.32617743141189687,suspicious_short
Buddhini,2,02,14,113,1.1199999999999992,0.4256931129105916,0.2805678925615032,0.0957735965940332,1.0835263585331922,0.9877527619391591,0.23904550811406536,0.09868004870108647,0.082396331388607,0.383372544454831,0.300976213066224,0.25048762945392067,0.06769918472546914,0.1235013257362225,0.3851426994047098,0.2616413736684873,0.3717149762628104,0.21439012782229755,0.0798211271695463,0.7185734321694607,0.6387523049999144,0.1434058633333315,0.05801717806140749,0.0352139211716673,0.241622202141315,0.2064082809696477,0.24001762874749025,0.11484315001383127,0.0768341178929584,0.4190017400534477,0.3421676221604893,0.06511201578031328,0.021945830293120378,0.0207505601821011,0.0994556165033521,0.07870505632125101,0.07255891382417254,0.022422722513296956,0.0254305187885098,0.119582799482585,0.0941522806940752,0.06440709025066685,0.02437426225466298,0.0320047596045249,0.1258902655950245,0.09388550599049961,0.07860571239111318,0.028156288994392424,0.0228729651869583,0.1344850276412911,0.1116120624543328,0.07386609097652873,0.03373386954611465,0.0153524718982285,0.1545463756600537,0.1391939037618252,0.0863030276519154,0.03553966528761123,0.0248875284565342,0.1601588156864282,0.135271287229894,0.42628967419557623,0.23631176972149895,0.1468142932431368,0.9865851578760588,0.839770864632922,0.1745204266213476,0.09009783985995234,0.0346632432141576,0.3500822899159924,0.3154190467018348,0.2469524793429267,0.07006501345177,0.0787682664150096,0.3538353784902035,0.2750671120751939,0.4212550847954394,0.31022315790118477,0.0867551844446994,1.0232780608714345,0.936522876426735,0.1809606155831566,0.06486599617341943,0.0422313611747466,0.2669252489193429,0.22469388774459628,0.20200052607776817,0.0866648193123943,0.0237235540826338,0.3557083746648808,0.331984820582247,plausible
Buddhini,2,02,15,123,1.2200000000000006,0.44824050817927824,0.3039119413385796,0.1079018656801168,1.0825391336426768,0.97463726796256,0.29249526565751566,0.11159771953440714,0.0331616342623545,0.4926140539567201,0.45945241969436557,0.20292235868764633,0.10977607862671594,0.0347825841984063,0.4044044162476354,0.3696218320492291,0.3921033584761235,0.2412191811660132,0.0587647065933205,0.8156635963723302,0.7568988897790098,0.09627239522546795,0.08893425869689042,0.0192606088817169,0.272254254709031,0.2529936458273141,0.2971623544223598,0.1355730812358824,0.0331555293440073,0.544175886216158,0.5110203568721506,0.11792041254670421,0.047813552596120155,0.0281641992809933,0.2153290356849208,0.1871648364039275,0.11517905029054126,0.053728057819572635,0.0195603623387412,0.2082815374750076,0.1887211751362664,0.10980956163388658,0.054560195916450845,0.0256314332169655,0.2217808252187723,0.19614939200180678,0.13855739338126755,0.07429895331434161,0.0315579206038082,0.2747321237696009,0.2431742031657927,0.12124043262895988,0.06599186336080581,0.0323215125973339,0.2448956269144161,0.2125741143170822,0.11405572824779525,0.07097593727858201,0.0151058787095225,0.2637831973007293,0.2486773185912068,0.377973353359861,0.23532554633551955,0.0926786400576006,0.8781266531044863,0.7854480130468857,0.18934968692586868,0.08787461474313238,0.0108187182785116,0.3546513771273268,0.3438326588488152,0.20053558898669888,0.06163729964795874,0.075729339994711,0.2863516059309055,0.21062226593619449,0.4007103583339202,0.2734341796730402,0.1258579324377004,0.942008625276644,0.8161506928389436,0.1997232515705419,0.08870777332655473,0.0447349579338846,0.3750609790707325,0.3303260211368479,0.21829086396911482,0.08494117964870386,0.0235300429174576,0.3701155768534542,0.3465855339359966,plausible
Buddhini,1,02,1,130,1.2900000000000005,0.15438204657261484,0.08131371964818118,0.0269628616532015,0.3667147158277181,0.3397518541745166,0.14671177612798794,0.06208308522748537,0.040552903026927,0.3106420494056686,0.2700891463787416,0.24432274012970756,0.10639799295625507,0.0478402554793846,0.4652989674716665,0.4174587119922819,0.2038562024721987,0.12078211501697338,0.0360237307595243,0.4815245243379696,0.4455007935784453,0.09415712571901053,0.06013802913055731,0.0095227168705756,0.2127737020060525,0.2032509851354769,0.17267559015297068,0.07268031351682462,0.0471401999866406,0.344107546063665,0.2969673460770244,0.06346955553402661,0.02695274041450907,0.0227527200148397,0.1261809801055229,0.10342826009068319,0.06289400795086038,0.01965615550892295,0.0239547914497715,0.094550175685127,0.0705953842353555,0.06257218304983499,0.02536989574069234,0.0114198790541369,0.1044961950128891,0.09307631595875221,0.07053682079476031,0.02418994732883816,0.0232804539426993,0.1195059695576113,0.096225515614912,0.07073710967783779,0.029422662657494433,0.0348274847444468,0.1292330158381391,0.09440553109369229,0.06872385444787839,0.023610423523482287,0.0362869390467586,0.1324378157434298,0.0961508766966712,0.31555426182633617,0.24518268615799207,0.1098740808373851,0.8915794318149304,0.7817053509775452,0.14473385578429812,0.06329090845512628,0.0233598011145925,0.2389130155537557,0.2155532144391632,0.19965390328188712,0.10712616635847765,0.0296142729138262,0.3643899108142467,0.33477563790042053,0.300206798382301,0.228200358896046,0.0487019485040655,0.7589324588184926,0.7102305103144271,0.05623326333083004,0.014495871017794862,0.0256369228480468,0.0799851241337889,0.0543482012857421,0.15511325527825656,0.06879650470295244,0.016679031968114,0.2502607995292182,0.23358176756110421,plausible
Buddhini,1,02,2,106,1.0499999999999998,0.4144194243543644,0.28219379456617244,0.0558207350458074,1.069245358576535,1.0134246235307276,0.1867304544265563,0.10231756424708256,0.0270091601107182,0.3433883310464295,0.31637917093571133,0.26714127851499153,0.0778510469216579,0.1055557399471972,0.4268704446635512,0.321314704716354,0.3858257893758288,0.22673222839904333,0.0731061380116197,0.7846792381591104,0.7115731001474908,0.0808840365016543,0.04202140841968224,0.015624344907235,0.1707580810142942,0.15513373610705922,0.20792138720101186,0.11127852163530544,0.0408858293218424,0.3947076855144384,0.353821856192596,0.05516082938111594,0.014667728862486296,0.0197879265690589,0.0836496371490771,0.06386171058001819,0.0445176997314114,0.015144556882021485,0.02266220912959,0.0709124243759966,0.048250215246406596,0.049154166755151774,0.013656551311877643,0.0215169015126145,0.0757145276413333,0.0541976261287188,0.08842665209845396,0.027700873469534284,0.0370038157874552,0.1309881959330405,0.0939843801455853,0.07374824807456727,0.027414459608478506,0.0195215537753482,0.1201909969498677,0.10066944317451951,0.09547828342464094,0.03046042489216765,0.03534585992385,0.1636284707404594,0.12828261081660938,0.4036431149288324,0.26490329929781564,0.1242673161241979,0.9636635064358244,0.8393961903116265,0.11828172079299236,0.06252278682145056,0.0126819593237033,0.2273144532864081,0.21463249396270478,0.2619583804569091,0.08379935860680468,0.0909874390121057,0.4260538322762041,0.33506639326409837,0.339159792223891,0.22419551812162739,0.0657721987075931,0.7596114235119781,0.693839224804385,0.13102707127335256,0.03805784749428927,0.039913891749579,0.1794026974992517,0.1394888057496727,0.13710855741989478,0.06668871759881022,0.0179183023133955,0.2469297352574966,0.2290114329441011,plausible
Buddhini,1,02,3,110,1.0899999999999999,0.4203204947433733,0.2861093465593929,0.0560206456240518,1.074356453176082,1.0183358075520303,0.2373039161020776,0.1024731476719363,0.0587709528973297,0.4152654706608633,0.3564945177635336,0.26946212861488184,0.09033083828858432,0.0866300750695467,0.4403399987718613,0.3537099237023146,0.37259175572944947,0.21607859175771635,0.0731136077971984,0.7288939772686728,0.6557803694714743,0.09153787002991177,0.04047380110880011,0.0062322394358327,0.1604160533397917,0.154183813903959,0.2589661715004786,0.11301560498611699,0.0594285631084581,0.4540529911669397,0.3946244280584816,0.05721119211061396,0.023989636130598315,0.0162339263735281,0.0975933375844565,0.0813594112109284,0.06270484847405144,0.017319439851890477,0.0326273632715887,0.094159527932207,0.061532164660618296,0.05382468836568986,0.022615978110562904,0.0114855278422763,0.0960820242985099,0.0845964964562336,0.0883577750448182,0.0349124615476064,0.0229712235582078,0.1450677124634327,0.1220964889052249,0.07790100434475584,0.030035989101706063,0.0178285562951666,0.1270812394192798,0.1092526831241132,0.0839945128652922,0.03512540172520446,0.016136799269451,0.1661549566548907,0.1500181573854397,0.3732792151796442,0.2469268037387893,0.0939771055941953,0.9278999101757534,0.8339228045815581,0.14201461883291316,0.0663062118345224,0.0275478730705266,0.2367238807283378,0.2091760076578112,0.2504104447999688,0.07745801102903892,0.1324403905861247,0.4187454895379646,0.28630509895183986,0.34410044386366406,0.2049863094078316,0.0550976605498297,0.7573566463903976,0.7022589858405679,0.15670183306910418,0.061009249529355054,0.0241077095492265,0.259166639794097,0.23505893024487048,0.16197583124508463,0.06966683960088402,0.0451519026511132,0.2598694303042294,0.2147175276531162,plausible
Buddhini,1,02,4,103,1.0199999999999996,0.440510756465817,0.2685310047799462,0.117553637249398,1.047419640066345,0.9298660028169469,0.27693531760521056,0.1386537138506731,0.0393137018452724,0.4784203456884045,0.43910664384313214,0.25709241819548534,0.07872331471024939,0.1165971172494489,0.4228375081967179,0.30624039094726896,0.38377851210624236,0.21645006008099882,0.0725913047929339,0.7330346696142224,0.6604433648212885,0.10102302873973647,0.0575948027373537,0.0184848788622643,0.2302334354667479,0.2117485566044836,0.29662505341716167,0.1501766215375471,0.0301292356040748,0.507105975995027,0.4769767403909522,0.0656713475012509,0.027131185538640655,0.0170675869596995,0.1270545887332116,0.1099870017735121,0.07025641142897977,0.041158497433350344,0.0202540158683649,0.1520689478872014,0.1318149320188365,0.06405194133928471,0.036976701672228184,0.0254521086227774,0.1406995042671095,0.1152473956443321,0.08705691071812213,0.029637421074833463,0.0361533677673309,0.1518179263237817,0.11566455855645079,0.07227036645828355,0.023793352993013203,0.0236942103255951,0.1129263610126858,0.0892321506870907,0.08627147309553282,0.03258431741197289,0.0323469896225048,0.1577328243034706,0.1253858346809658,0.40936391041040604,0.24498540003456057,0.1335717462996428,0.9518670951131196,0.8182953488134768,0.17578668226274577,0.07108409979277795,0.0474954461215213,0.2923646192952169,0.2448691731736956,0.2490842277870674,0.08407417731770786,0.0966531553968433,0.4201038241416924,0.32345066874484907,0.32577028188156754,0.22432659556864623,0.0507991473054481,0.7395571226363035,0.6887579753308554,0.15239456906233148,0.0553659055430291,0.0249853152806222,0.2424438395862488,0.2174585243056266,0.1914559579863425,0.0752498486299126,0.0585390160279113,0.3094165248333191,0.2508775088054078,plausible
Buddhini,1,02,5,109,1.08,0.4078528863223933,0.2539375760414545,0.0735652244480969,0.9648997260740572,0.8913345016259603,0.28453749093421327,0.10898566983229815,0.0618949620088116,0.4788552497375846,0.41696028772877297,0.2559208120256725,0.08760194637096744,0.0936582443908121,0.4373201738819603,0.3436619294911482,0.3754335818711925,0.21350475262664792,0.0481968174995277,0.735800030229386,0.6876032127298584,0.10679838242761498,0.04951951723482697,0.0087326025508428,0.2239794380891439,0.2152468355383011,0.3073023248512341,0.11698258611249693,0.0710888327140791,0.5094812752173377,0.43839244250325854,0.0517751139048476,0.022096805456825415,0.0173406658026996,0.1048655983914782,0.08752493258877861,0.062034748820389764,0.028467465143595556,0.0254878736680744,0.13456174182765,0.1090738681595756,0.058697211265381306,0.02484529973669885,0.0139298532441993,0.1213529016567802,0.1074230484125809,0.09009840418474341,0.03210318207930673,0.0364204463503863,0.1592692113495896,0.1228487649992033,0.0696350818367854,0.029169370897949045,0.0098908371899728,0.1289189421079816,0.1190281049180088,0.09887703882970553,0.04140693656424174,0.0274995944140581,0.1588302264364617,0.13133063202240358,0.3980568651315686,0.2690297149769318,0.0751385821536611,1.0109864537243474,0.9358478715706863,0.17515319535732451,0.08324373913759477,0.0112465098458867,0.3130450213296103,0.3017985114837236,0.25203911303619964,0.1030183169586864,0.0808831393120626,0.4682550248160618,0.3873718855039992,0.3357505574450151,0.2098778953433101,0.0870192752903991,0.7521329781967035,0.6651137029063044,0.19515190799914803,0.07798901006827119,0.0225781743823566,0.2984821887273514,0.2759040143449948,0.20214779051369824,0.09322123176872828,0.0191374302324919,0.3531141913346382,0.3339767611021463,plausible
Buddhini,1,02,6,107,1.0600000000000005,0.4498737284562731,0.2637931361348798,0.0788677349662103,1.0584243664198414,0.979556631453631,0.23291302770220798,0.10772241824292128,0.0381292821100198,0.4409959956193677,0.4028667135093479,0.2556971711467478,0.08616266025551882,0.0842934704663097,0.4178117334740424,0.3335182630077327,0.3772921361513515,0.21598149911335943,0.0796483488204172,0.7259901375072331,0.6463417886868159,0.11660649960285471,0.05202276006588057,0.0122466786767032,0.1925366462134412,0.18028996753673798,0.2554703924986433,0.11696042093294377,0.0483304555789035,0.4827941368280866,0.4344636812491831,0.054407733113452726,0.016009624886639935,0.0298843366848827,0.078920754090086,0.0490364174052033,0.059768966210944706,0.01642066499380655,0.0165444915353563,0.0839714173064936,0.0674269257711373,0.057990423710929904,0.019804621962099568,0.0118099053013724,0.0858313292410289,0.07402142393965651,0.06805989500791171,0.02226978176033532,0.0285935809944974,0.1224026156400753,0.09380903464557791,0.055279251916614605,0.022680019604004124,0.0076594341246072,0.107227934060767,0.0995684999361598,0.06556388890944943,0.020001805732371578,0.0374805213427351,0.1473576610737445,0.1098771397310094,0.4112633719196809,0.2500615312933981,0.151176068860659,0.9887800584729434,0.8376039896122843,0.2113030000960263,0.08154036867452727,0.0655924517475208,0.3399137989722932,0.27432134722477236,0.24886902636741104,0.08085910780422097,0.1212019183609679,0.4215391646738975,0.30033724631292963,0.33217997658699777,0.2179712023756852,0.0743775936500707,0.7489989691491103,0.6746213754990397,0.1398389019443073,0.049029937110481515,0.0206694776727894,0.213561578420269,0.1928921007474796,0.23483398768937566,0.09085187146685614,0.0675605976311258,0.3757814611065299,0.30822086347540406,plausible
Buddhini,1,02,7,110,1.0899999999999999,0.4271041589510361,0.24094889957327673,0.0886748939498382,0.9921674636923048,0.9034925697424666,0.18791094132155414,0.08254684622588818,0.0470230556053611,0.3487657487812445,0.3017426931758834,0.24264046688804344,0.07898976300730122,0.1020007736752361,0.3995670763820477,0.2975663027068116,0.36631255621181985,0.21534673264696266,0.0585833092051714,0.7107191457443492,0.6521358365391778,0.09587187490521228,0.037340923661980815,0.0222590118059706,0.1626213523061037,0.1403623405001331,0.2042539751032735,0.0916872975606033,0.0288213605418412,0.375258789922041,0.3464374293801998,0.055248665336294,0.015375150321378062,0.006412242627903,0.08476113539607,0.07834889276816699,0.04967115699258121,0.015119243911077484,0.0220410341806983,0.0799103858363528,0.0578693516556545,0.049779975162790695,0.013906711532687088,0.0227100734049445,0.0725210711423593,0.0498109977374148,0.076908832129491,0.03631329680736482,0.0169708789506499,0.1430717661441424,0.1261008871934925,0.06516805585273341,0.030094295860730712,0.006430897496171,0.112339679016674,0.105908781520503,0.07850220920836588,0.03186629162527206,0.0236162058835306,0.1250971442980192,0.10148093841448862,0.4080396608463293,0.263035248354644,0.1342678509588933,1.032602256491438,0.8983344055325448,0.15336890344223847,0.06850482362599078,0.0063131025371492,0.2764581266060911,0.2701450240689419,0.2414217726737954,0.08926024115911102,0.0689222422285922,0.423247710829597,0.3543254686010048,0.3317519919751548,0.22458379898370334,0.0679199706825166,0.7654838841187416,0.697563913436225,0.13021175423380776,0.04499497613121957,0.0163622927812803,0.1917554239535097,0.1753931311722294,0.17308476423258606,0.07552838658411427,0.0146089220901836,0.3025754288746666,0.287966506784483,plausible
Buddhini,1,02,8,107,1.0600000000000005,0.40742676298604735,0.26315710199613973,0.0855240239514574,1.0476390100579192,0.9621149861064617,0.21539078180297502,0.09593778496066026,0.041025814931452,0.3418954202818733,0.3008696053504213,0.2490821446800402,0.07487736156757155,0.109989673344648,0.392433907533101,0.282444234188453,0.36628750927891124,0.20006160617388438,0.0764819568114348,0.6891299898313984,0.6126480330199636,0.11769392167976811,0.0449543117781939,0.0166937349641556,0.1853610954390301,0.1686673604748745,0.23004444496514379,0.1048439403141209,0.0301634545992298,0.369324646722349,0.3391611921231192,0.07294312646603052,0.02474772802976469,0.0385334994565661,0.1236058950027611,0.085072395546195,0.07664904374060269,0.018465911978674494,0.0260369071629882,0.1076406329372651,0.0816037257742769,0.06879638521442097,0.01904381483310337,0.0235259106188885,0.104993998340776,0.08146808772188749,0.08099449495106675,0.022061832372273715,0.0542070981313935,0.1341086910456267,0.0799015929142332,0.06350834568006455,0.023209185025880152,0.0269864506368922,0.1114788092335943,0.0844923585967021,0.07364643311677802,0.025444783172864697,0.0353597198406234,0.1229738424572385,0.0876141226166151,0.4125848434923284,0.24643542817529343,0.1541312113043252,0.9765840594479644,0.8224528481436393,0.18785737960197363,0.07429138813316108,0.019799721104845,0.2970681067945981,0.2772683856897531,0.24497536926790803,0.0838087904007201,0.0873836852813343,0.4007153043526845,0.3133316190713502,0.3401390214832308,0.21781087523620224,0.07372889988557,0.7501532078363651,0.6764243079507951,0.13984051744575093,0.04715388528774293,0.0481150394720237,0.2112349871361349,0.1631199476641112,0.19973904032335518,0.08044076496601353,0.015266099894819,0.31414453570479,0.29887843580997103,plausible
Buddhini,1,02,9,110,1.0899999999999999,0.4177971414279576,0.2830434686177777,0.094738514629456,1.0920017070307064,0.9972631924012504,0.24367024268112303,0.09811729365324429,0.0372213157364818,0.4305305629014126,0.3933092471649308,0.22820364620019631,0.07306022727196095,0.0793937299423945,0.3491707863472476,0.26977705640485306,0.36791605736532046,0.2134349217628929,0.098078768289342,0.7363342059728962,0.6382554376835542,0.10893487532978226,0.04900343723221148,0.0128672882072197,0.1843709356645658,0.17150364745734611,0.2629002755565269,0.10798403864564385,0.0434004109299786,0.4656719130658481,0.4222715021358695,0.06564142650637715,0.023036705363451586,0.0254580560877129,0.1109226380653206,0.0854645819776077,0.0664616243016384,0.019539422167685075,0.0251749987795186,0.0961433513164042,0.0709683525368856,0.0637385884816074,0.022259889851700455,0.0168325490399428,0.1007850430918792,0.0839524940519364,0.06815595810782532,0.03227732055917209,0.0152260523226496,0.1282281060958801,0.11300205377323048,0.05871809873078634,0.023585874869276106,0.0060440646685714,0.1028973461293055,0.0968532814607341,0.06265618169035103,0.020916558049357912,0.0325388503774944,0.1155497220629239,0.0830108716854295,0.38910192947793554,0.25218316754674047,0.1132210527508521,0.9519404680688572,0.8387194153180051,0.17718073084362754,0.08320054154928315,0.0148881026357935,0.2988130542104045,0.283924951574611,0.2322950998955667,0.07627229290033857,0.1064705460846398,0.3934294018515315,0.28695885576689173,0.3329606625508704,0.19648948722350065,0.0632500590135996,0.730065751858564,0.6668156928449644,0.15807423845428034,0.06173192711209165,0.0191926816636814,0.2373888450636946,0.2181961634000132,0.19714062450030445,0.09070364106411423,0.0192246112757491,0.3368841982427988,0.3176595869670497,plausible
Buddhini,1,02,10,141,1.4000000000000004,0.3739692065463503,0.24791753261663796,0.1415189347384697,0.9796530597278764,0.8381341249894068,0.14783508972495477,0.07413358851400868,0.0221868142988644,0.3281854563937683,0.3059986420949039,0.22088382759833003,0.0551019559718627,0.1140757832255485,0.3486117847612699,0.2345360015357214,0.355465044195951,0.19553587962568938,0.0722479335295269,0.6874566811116459,0.6152087475821191,0.09831272873598815,0.03479183534989425,0.0108448118825764,0.1465704251666387,0.1357256132840623,0.16323081561506222,0.08200511704880178,0.015706393218828,0.3449730633430155,0.3292666701241875,0.0739018083136885,0.028515311526231345,0.0273777008121941,0.1432141422567748,0.11583644144458072,0.0552230279699489,0.02713085665322373,0.0069371062023948,0.1181233156659141,0.1111862094635193,0.06008730054073294,0.028649704517208496,0.0058362341904772,0.1472004161921813,0.1413641820017041,0.10816645311438831,0.061980993007054876,0.0123659239823103,0.2547021777322858,0.24233625374997553,0.09714042135814475,0.05616028198972574,0.0171138813751461,0.2402859075910437,0.2231720262158976,0.10049457990118861,0.061647622129247334,0.0095512277108593,0.2510490981120729,0.24149787040121357,0.36655384101666383,0.25189877443241293,0.0915921517027364,0.9650893164829524,0.873497164780216,0.18933999283958797,0.07726326856785425,0.0174464018172811,0.3246518128110695,0.3072054109937884,0.2180696975832322,0.06988294331707132,0.080374912940357,0.3606677188651404,0.2802928059247834,0.34973810526935845,0.23212165469177248,0.0781073470304511,0.8555709310757188,0.7774635840452677,0.12204376296331028,0.05201188685978558,0.011957585874074,0.1876481356494701,0.1756905497753961,0.20836792332741833,0.08677292062502254,0.0159293190255744,0.3578610572589995,0.34193173823342515,plausible
Harshika,5,02,1,121,1.2000000000000002,0.41634603416788124,0.25396043132168783,0.0688300585928017,0.9635060637187354,0.8946760051259337,0.1281859537345205,0.05448277157952396,0.0470370965245568,0.2714290939777449,0.2243919974531881,0.26117718281744123,0.09326446308286379,0.0470474504767067,0.4108273246639103,0.3637798741872036,0.35838834364827904,0.2004888574295445,0.0753231183358011,0.6773970473794065,0.6020739290436055,0.07688902190261011,0.036036988184220894,0.0058933027531451,0.1327987545440164,0.12690545179087132,0.1352497905383609,0.0549542282368892,0.0449137279028541,0.2798645526723564,0.2349508247695023,0.05210042557619367,0.02603334093090552,0.0175614534645035,0.130903133838846,0.1133416803743425,0.06783413028690241,0.026090608514189526,0.0250222922088161,0.1251084776216806,0.10008618541286449,0.04703828604748331,0.019279851166853768,0.0163967420273491,0.081332727664349,0.0649359856369999,0.0829348699974737,0.0396561391430263,0.0066728885957798,0.1508942608615424,0.1442213722657626,0.07378205301531766,0.031006336798972033,0.0143213054794846,0.1314485586912289,0.1171272532117443,0.05179859445359344,0.014176888997270872,0.0225039836934381,0.0784977164127173,0.055993732719279196,0.38352712875948025,0.31075033844540445,0.0381534463851626,1.0878208320636185,1.049667385678456,0.18389595524719707,0.10504035432975821,0.0195763758769418,0.3929141411852073,0.3733377653082655,0.2821995353889845,0.11147745097437864,0.0267443999501555,0.4798481149168498,0.4531037149666943,0.3407768887283357,0.2046643266038874,0.0842180288259983,0.7005102400033633,0.616292211177365,0.11998131968266207,0.05547193137932041,0.0291547091729674,0.2420891811991967,0.2129344720262293,0.17483087174207312,0.0828277046897851,0.0438042269293564,0.3356263504497239,0.2918221235203675,plausible
Harshika,5,02,2,106,1.0499999999999998,0.4213010055164868,0.2494452679937109,0.1100361477602458,0.9888140825649028,0.8787779348046569,0.1119134284073524,0.06233744267765126,0.0227541396800821,0.2742881275843165,0.25153398790423437,0.2787130190766668,0.08603960887894366,0.0808086982403061,0.4275977490002614,0.34678905075995525,0.34063721045804335,0.2138261452934123,0.0345023298904924,0.6883875124399047,0.6538851825494123,0.11327213382171768,0.053979900101769826,0.0252664161531238,0.2078679498010748,0.18260153364795098,0.12202864272258054,0.06808297292398463,0.0204137257382041,0.283201935312169,0.26278820957396487,0.05872248724885035,0.012828595620326226,0.0297103071596468,0.0879334549291007,0.05822314776945389,0.08616378650283141,0.026664263647562563,0.0206407748732344,0.1264717211183751,0.1058309462451407,0.0688660325764795,0.021563522629583044,0.0097684799036575,0.1097601034629425,0.09999162355928501,0.08748766493406933,0.02908368087409305,0.0267174830110068,0.1370585678843448,0.11034108487333802,0.06881302426245868,0.02715564525362868,0.0151545832478795,0.1105004537217825,0.095345870473903,0.04893718556759264,0.02178478222677866,0.011834719578921,0.0964278350342201,0.0845931154552991,0.4620689783451601,0.2854313247250737,0.1269660895377892,1.096205207894626,0.9692391183568368,0.23980331157308524,0.10507604133455381,0.024461278939641,0.38560378232828,0.361142503388639,0.28472265060710766,0.08547974258257637,0.0990055007788246,0.4362871288936577,0.33728162811483314,0.3534923141349292,0.21128716831724875,0.0299845738498451,0.6671110264523917,0.6371264526025466,0.15593894337278363,0.06954060256091617,0.0071107885487803,0.2415451614301192,0.2344343728813389,0.23534470499890797,0.09749632388443431,0.0177982548326637,0.4229279717928949,0.40512971696023115,plausible
Harshika,5,02,3,106,1.0499999999999998,0.4158595433184765,0.2515582914797331,0.117786098067988,0.9679711372244826,0.8501850391564946,0.11787928988659155,0.04913201786537113,0.0365427594852137,0.2334860717507039,0.19694331226549022,0.2730493606502556,0.09589035027722032,0.0711488042542266,0.4380549762437329,0.3669061719895063,0.35021878391466793,0.20864289640974287,0.0577604542473041,0.6883899522757863,0.6306294980284821,0.11814966858148708,0.05661363302702996,0.0059254607516728,0.2042012166560902,0.1982757559044174,0.12506609491915704,0.05176473934303539,0.0391232957459753,0.2422837240217425,0.2031604282757672,0.06761130584032551,0.020141327121049175,0.0310717604690756,0.1009475282661517,0.0698757677970761,0.08907403975956336,0.027470843576537233,0.0207681582374961,0.1236854857604368,0.1029173275229407,0.08235189914752464,0.028551839779624996,0.0272530442663929,0.1223418220858719,0.095088777819479,0.06614806616913206,0.028021086911183792,0.0225591815942139,0.1315899314525279,0.109030749858314,0.06205335396750912,0.026004393827374957,0.0152194925271435,0.1226461193955314,0.1074266268683879,0.04445007672746989,0.020211544600309123,0.0072100016117436,0.0834930063377044,0.0762830047259608,0.4557322001981574,0.28772009217874905,0.1135571309190957,1.0923268480676334,0.9787697171485377,0.2233750438826878,0.10352982552073484,0.0095438250255557,0.3974460100402531,0.3879021850146974,0.28152388557109836,0.0924920325827483,0.0713681595518209,0.4413980855841035,0.3700299260322826,0.332093115684929,0.19065794504097175,0.0591179560706476,0.6416505445989271,0.5825325885282795,0.1488671188554841,0.063101271632178,0.0349718453129013,0.2480470668988478,0.21307522158594652,0.24209206706202077,0.1021809231602363,0.054961564709754,0.435046946115376,0.380085381405622,plausible
Harshika,5,02,4,106,1.0499999999999998,0.41688502725773346,0.2626690583462023,0.0865853079508291,0.9913952932688403,0.9048099853180113,0.12366780191588313,0.06377442808633496,0.0109768162618888,0.2715029166092536,0.2605261003473648,0.26646442375632057,0.09549375990544104,0.0778697430184797,0.4628857920072344,0.3850160489887547,0.33917646895973624,0.20141313357211002,0.0698855202057498,0.679372562633286,0.6094870424275363,0.11893062880381303,0.05367893508130403,0.0130055555771102,0.2124463913447427,0.1994408357676325,0.1287286116682423,0.06591126342562399,0.0225453866714747,0.2819518646384309,0.2594064779669562,0.04796921340165126,0.011196636108613295,0.0269887990814215,0.0785709920407838,0.0515821929593623,0.07501305484659725,0.022592368941006174,0.0135233263155256,0.1114510482627448,0.0979277219472192,0.05969851877587646,0.019715937868543563,0.0171203605766396,0.0992044454149741,0.0820840848383345,0.0628306261021507,0.03287767614657921,0.020054526527958,0.1416253301725456,0.12157080364458761,0.061382239619718934,0.026968694900870782,0.0282991485057281,0.1222005538551511,0.09390140534942301,0.042136628814593506,0.016452924194954376,0.0092852816463716,0.0763367051936698,0.06705142354729819,0.45598512349662845,0.2959092725653944,0.0891876203115202,1.111557444913447,1.0223698246019268,0.2335168543908036,0.10846927682460972,0.0129004623519776,0.422925186423629,0.41002472407165136,0.2814657846376017,0.09249524020191384,0.0699763036681021,0.4479034421737475,0.3779271385056454,0.37088032819394234,0.19370037616215052,0.0994509324379567,0.6743184946497913,0.5748675622118347,0.15599786455470796,0.05805281371706759,0.0310807308707378,0.2303198242345273,0.1992390933637895,0.23799373002976884,0.10865710109738234,0.0415645906471221,0.4527350749035657,0.4111704842564436,plausible
Harshika,5,02,5,108,1.0700000000000003,0.4334828223108488,0.25870164860691436,0.0800470389181089,1.011116505909541,0.9310694669914321,0.13354800319071672,0.07489936981915794,0.0135891354938521,0.2896081216258968,0.2760189861320447,0.27520996400398934,0.09623761947542962,0.047141933116417,0.4478822148011953,0.40074028168477827,0.3373180219471059,0.20389217371375667,0.0626082749353386,0.6734056329164916,0.610797357981153,0.12431657014180296,0.06078576965050245,0.0136433155840356,0.2327526212893484,0.21910930570531278,0.13940673091305406,0.07730423541630264,0.0097965629619517,0.2950023180726601,0.2852057551107084,0.07250499870740025,0.023420064929683546,0.0266581805092813,0.1156800909785636,0.0890219104692823,0.0908503131501497,0.03516196116274936,0.002352108170847,0.1521733404789514,0.1498212323081044,0.08663427448417538,0.037079256802428656,0.014511086456438,0.1461554076453447,0.1316443211889067,0.06516525337729942,0.030570918143755746,0.0044647267243308,0.1205102395026529,0.11604551277832209,0.062169989184747636,0.02560400289607249,0.0089354184669299,0.111731547315634,0.10279612884870411,0.04775418384298625,0.022400392256203105,0.0051154585893144,0.0890567303848783,0.08394127179556389,0.43019402701812476,0.27227220461843954,0.0829591691887213,1.0394302360356742,0.9564710668469529,0.21436290423605453,0.09854316177716112,0.0179975066558656,0.3424837168285261,0.3244862101726605,0.276141236131241,0.08220575924345931,0.1070696004918053,0.4134445517605551,0.3063749512687498,0.3379030818488686,0.1980346385355672,0.0431320005365756,0.6488179250635763,0.6056859245270007,0.15237178551511588,0.06659604963340275,0.0263876527910781,0.2537001997675194,0.2273125469764413,0.21290867263341567,0.08005392787205165,0.0389379638293581,0.3141880704745755,0.2752501066452174,plausible
Harshika,5,02,6,106,1.0500000000000007,0.41155731138650015,0.24512859795601913,0.1338470332364609,0.966648166853758,0.8328011336172971,0.1319127804303703,0.06907399053825206,0.0098090021897203,0.2759234279792029,0.2661144257894826,0.2620131381337118,0.098525485521622,0.0524062348842821,0.4456842698858944,0.3932780350016123,0.32557675882821924,0.20417606880843264,0.0451485717978659,0.6782554208849033,0.6331068490870374,0.13295783761553567,0.05998662491641956,0.0139990409204642,0.2173878599167192,0.203388818996255,0.14147071749461432,0.07448707141294694,0.0063063871283579,0.2873047545102982,0.2809983673819403,0.07393986977471072,0.02864856667085452,0.017759339883044,0.126323117762829,0.10856377787978501,0.08966160932094869,0.02986850968042716,0.0198049570853185,0.1321332402158452,0.11232828313052669,0.07757918293441776,0.02912864109368736,0.0105848040441817,0.1272022047049741,0.11661740066079239,0.06051027600927011,0.02401433948253089,0.0033478117220792,0.1113143358521631,0.10796652413008391,0.05932047013515601,0.023321657983468427,0.0172267279358976,0.1131229259033923,0.09589619796749471,0.048236760247101954,0.02552502507567354,0.0134249782423386,0.1096989609445257,0.09627398270218711,0.4382619068962456,0.27696302578291626,0.1071080898504302,1.0402795501710769,0.9331714603206467,0.22587024271580172,0.09585574938632693,0.0336466038173682,0.3332501473458081,0.2996035435284399,0.27021975725071334,0.09339340762049061,0.0593272979741374,0.4444122143682197,0.3850849163940823,0.3364418423500377,0.19879931000030057,0.0584857918780633,0.6327014581438672,0.574215666265804,0.14665788606162528,0.07206765862345903,0.0104509932428662,0.2564141337569384,0.2459631405140722,0.21183372400652456,0.0897464368852451,0.0259016319744274,0.3509534701733299,0.3250518381989025,plausible
Harshika,5,02,7,108,1.0700000000000003,0.4249383121397718,0.24628716966372802,0.1112102199781178,0.959049722127882,0.8478395021497642,0.1432415548896867,0.051433407848154554,0.0091860494808869,0.2422322352857451,0.23304618580485822,0.252776243762021,0.09392749370155469,0.063984209963338,0.4360838993480692,0.37209968938473115,0.33751214369442517,0.1987414683483952,0.0772652896685669,0.6788372509125263,0.6015719612439594,0.13046396220986645,0.05915943095243888,0.0220573846585609,0.2182003523426263,0.19614296768406542,0.14994734570561483,0.0537361630467464,0.0221876532067405,0.260964504053232,0.23877685084649153,0.06553520468875934,0.024580294222838785,0.0202861286281688,0.1077425553333574,0.0874564267051886,0.07813481044694628,0.02414993936419208,0.0053329195655859,0.108790239266518,0.1034573197009321,0.0645407961352855,0.02304772304960732,0.0166733637341391,0.1085817219282377,0.0919083581940986,0.07003538956795914,0.03233343904338749,0.0116340496830989,0.1209813805840871,0.1093473309009882,0.0691546946189606,0.028110379823399024,0.0157493722351415,0.1168927722804984,0.1011434000453569,0.06172662318186892,0.0217410484024525,0.0181094282813977,0.1002354539310287,0.08212602564963101,0.44249110982789147,0.2837912141092838,0.1010273965249968,1.083869951558326,0.9828425550333293,0.21967724022825688,0.09465423422604907,0.0429753126727122,0.3322012253996655,0.2892259127269533,0.2671326379965602,0.09512625129324676,0.0750801598002921,0.4518730608440812,0.3767929010437891,0.33850293703793355,0.18293251174202982,0.0455479122976928,0.6243912017392883,0.5788432894415955,0.15832294434830782,0.05888702330197619,0.0249799486340375,0.2589724494426661,0.23399250080862863,0.20971459747854132,0.09256831585492957,0.0527731236344988,0.361298136290101,0.30852501265560217,plausible
Harshika,5,02,8,110,1.0899999999999999,0.4280890864107804,0.24028650411932562,0.1278990624186154,0.9760601625642752,0.8481611001456598,0.09927456313477748,0.0590099608436211,0.008429590717378,0.2401022357364588,0.2316726450190808,0.239432982181334,0.08180206759857479,0.06093462369429,0.3978781542748919,0.33694353058060195,0.320057719895493,0.20394209610087327,0.0439091695923226,0.6877064814411309,0.6437973118488083,0.1140076251301203,0.057402008536835934,0.0168196114982756,0.2104515254918587,0.1936319139935831,0.10576777796519901,0.05918217102285771,0.0152701807546548,0.248636352048992,0.2333661712943372,0.04296184596349329,0.017138300860035687,0.0191403915838097,0.092329258620713,0.0731888670369033,0.0625835407197231,0.022637248919510862,0.0211728701689897,0.1057522319616068,0.0845793617926171,0.05369749910580685,0.02254282938022227,0.0024108481750049,0.0937585811453793,0.09134773297037439,0.01972046367891682,0.006831139533832409,0.0018642251409878,0.0285467480115752,0.0266825228705874,0.018390010889857776,0.006266776322064042,0.0075281124432315,0.0355593744736042,0.028031262030372702,0.019287254982290662,0.004137329522107874,0.0139357807714522,0.0283564412813595,0.0144206605099073,0.4300937614791106,0.2753704745765676,0.1132929390380079,1.0748505221979692,0.9615575831599613,0.23856781000156962,0.1060185866093812,0.0470654639736077,0.375501741766614,0.32843627779300627,0.259740153129544,0.08281193749282315,0.0793460121864748,0.4130413472835222,0.3336953350970474,0.3421622318516492,0.18215313523114438,0.0708710426744996,0.6487291936182502,0.5778581509437506,0.1514265183242035,0.06878329988648953,0.0120169215178893,0.2597718110505706,0.24775488953268132,0.23270961565923584,0.09523038259398922,0.0497246058359511,0.3648478864586664,0.3151232806227153,plausible
Harshika,5,02,9,119,1.1799999999999997,0.3340065496133555,0.23396022332578983,0.018262410277012,0.8866168297749204,0.8683544194979084,0.10055637014605964,0.042390087711706166,0.0088611133143407,0.1741114654951068,0.1652503521807661,0.20234778471303483,0.0739509774811589,0.055700307805888,0.3660422570492646,0.31034194924337655,0.31437579162600165,0.1827041151398238,0.041819650234306,0.6645278430623733,0.6227081928280673,0.09573294474460173,0.04017901787142119,0.0117072790834657,0.17255845734805,0.1608511782645843,0.10454764587552619,0.042687495704115626,0.0133619422205694,0.1778408772668111,0.1644789350462417,0.06093992778587858,0.015396557936734561,0.0260521906978765,0.0904754696002459,0.0644232789023694,0.06441042782948858,0.021181934712376106,0.0150597230839814,0.0992275751306276,0.0841678520466462,0.055000728922186416,0.018797056208707155,0.0120918359443864,0.0799436649341622,0.0678518289897758,0.007382655064550534,0.0026849192650728626,0.0033277009042938,0.0162906130531493,0.012962912148855501,0.007687549688323955,0.0038661918453627105,0.0023898543561525,0.0143361875774196,0.0119463332212671,0.010583400926258993,0.0034986913275355256,0.0053642626275029,0.0161585504974991,0.010794287869996201,0.33977779289460597,0.2476027042918941,0.0312099803723624,0.915590200281336,0.8843802199089735,0.1750069628334129,0.06861950367662384,0.0182631338114412,0.2778965334855536,0.2596333996741124,0.235522835399643,0.06730770299264398,0.0778130838955642,0.3482006782838494,0.2703875943882852,0.31980264345935483,0.18551955883508903,0.048329199544504,0.6646424954013382,0.6163132958568343,0.12392406131763992,0.04420383117285991,0.0311054274249175,0.1917149887369121,0.16060956131199458,0.1492635621647981,0.0496654738596232,0.0590728563352595,0.2322552997282434,0.17318244339298391,plausible
Harshika,4,02,1,134,1.33,0.38051155683362586,0.24269995480952508,0.1181458038186222,0.9475855240748976,0.8294397202562754,0.12134225247744485,0.05529881621435904,0.0265460911420639,0.2479884968491663,0.22144240570710239,0.28264823764837155,0.10051895272040783,0.0592292841293577,0.4232813977295998,0.3640521136002421,0.33576032582841897,0.19147603065757604,0.0493418098484234,0.6669206771017582,0.6175788672533348,0.07866749825829127,0.03699617067988689,0.0088363912164057,0.1695039487861511,0.1606675575697454,0.12776527525657064,0.06117778605846356,0.0326557412532375,0.2766726134660108,0.2440168722127733,0.05528144942936584,0.02147709220150835,0.0262431026151319,0.1135753809122442,0.08733227829711229,0.07696052908983868,0.02940324993189785,0.0286048260646019,0.1420582882133997,0.11345346214879778,0.05419800742933695,0.019560248114170675,0.0143129845460332,0.0995977820437559,0.08528479749772269,0.004094141644904287,0.0017108870258686615,0.0019354902555629,0.0075457621747647,0.0056102719192018,0.003201919297958795,0.0014086685055082367,0.0009634777814185,0.0063233073274649,0.0053598295460464,0.005198956915969298,0.002925098867168772,0.000709288890515,0.0101633280848215,0.009454039194306499,0.36111516362691004,0.2901052942831702,0.0823358396710839,1.0488173520840132,0.9664815124129292,0.14826329058495882,0.06947901059754277,0.0189952054326991,0.2465762080226552,0.22758100258995612,0.278228353736695,0.09545252078298218,0.0372852469283314,0.450572135779651,0.4132868888513196,0.32701733894366714,0.1977906674456458,0.0795324389825514,0.680362532046722,0.6008300930641707,0.11617747189658058,0.0428831324627044,0.0351013893688141,0.2304511502414531,0.195349760872639,0.18179190339979612,0.07112349279549882,0.0652803816359574,0.3232540608688841,0.2579736792329267,plausible
Harshika,4,02,2,105,1.04,0.41430224558899625,0.25144314609115087,0.0991881669641375,0.9218607484510504,0.8226725814869129,0.11782487547041837,0.05523067728475161,0.0140449804549753,0.2468668029100801,0.2328218224551048,0.26256933567986607,0.09058036128411523,0.0452640181517051,0.424807554780325,0.3795435366286199,0.3470721443252139,0.21668190452554664,0.0527362499100758,0.6976539241754175,0.6449176742653417,0.08876360277587422,0.05665440308479681,0.013734594020432,0.1954181241000192,0.1816835300795872,0.12730081292152431,0.05631482210585668,0.0424653098706057,0.2726648729611417,0.23019956309053602,0.07223237675823141,0.03204269135504068,0.028686090118509,0.1404337418506425,0.1117476517321335,0.09324043774665533,0.04571464436296396,0.0063367194557036,0.1826452057675196,0.176308486311816,0.08357041902309449,0.03570263550165809,0.0228423960009707,0.1433100432753933,0.12046764727442259,0.004408191626606001,0.0010782415840404735,0.0018279298708031,0.0061712398684748,0.0043433099976717005,0.002097495660387557,0.0008141446513086114,0.0012010041953349,0.0037316956372078,0.0025306914418729,0.0063919304953328595,0.002960164848012521,0.001432663187424,0.0112372728129997,0.0098046096255757,0.4608607733635523,0.28048455455514154,0.0417120900308158,1.076494260612712,1.034782170581896,0.2171266137085799,0.08841354059096483,0.0202692955690087,0.3503291289116845,0.3300598333426758,0.2742259547137072,0.09774457062525506,0.096369513569095,0.4564976177821182,0.3601281042130232,0.3346118070079501,0.19655399626721085,0.0356113493639551,0.6639918628773813,0.6283805135134262,0.14164052884975534,0.07472197969252116,0.0251865133907939,0.2764560222052515,0.2512695088144576,0.25217379507082294,0.10132038193661555,0.0537335770319974,0.4050046506695088,0.3512710736375114,plausible
Harshika,4,02,3,107,1.0600000000000005,0.4241696566831441,0.24640901282195118,0.0879270372075279,0.9519777954511464,0.8640507582436184,0.09077971767308012,0.03758935734124551,0.0282437942035954,0.1661608669000519,0.1379170726964565,0.27218319215981046,0.09845905665215156,0.0652042769522972,0.4348304804866168,0.36962620353431963,0.3510582352547429,0.21352534881687638,0.0411634284194757,0.7062935531858503,0.6651301247663746,0.08693652310995495,0.04065353834303545,0.0208624517159522,0.1632170052615215,0.1423545535455693,0.09783814733491235,0.03927115260927597,0.0309926427004599,0.172088374720593,0.1410957320201331,0.05321627005751547,0.019718666543688562,0.0166964552687737,0.1006362356477224,0.0839397803789487,0.07590805520696169,0.025062740060551487,0.0102423290730243,0.1085049415356858,0.09826261246266149,0.06112095747100168,0.02662816044816813,0.0177587232187235,0.1128247258414985,0.095066002622775,0.003526815943547495,0.000992982439097579,0.0017993862194281,0.0045782032700754,0.0027788170506473,0.002395508600809401,0.00031343865783410135,0.0012989963514303,0.0028272888121809,0.0015282924607506,0.005580061052933208,0.001666772741080715,0.0022387529719194,0.0079289329127517,0.0056901799408323,0.4439728031019783,0.2927957329261709,0.0993251754594098,1.1009373121415889,1.001612136682179,0.19772371121258564,0.09872140775848184,0.062415595472609,0.4066616669619425,0.3442460714893335,0.274091822774996,0.09020229125220816,0.064789602612738,0.4368662113512939,0.37207660873855586,0.35144586519147064,0.20204018684334135,0.0438773689503672,0.6840721516767435,0.6401947827263763,0.13771379721705668,0.05677981358673282,0.0170805082606098,0.2299788658545642,0.2128983575939544,0.2249841291304528,0.08565349213294729,0.0702316740728839,0.3875345324970801,0.3173028584241962,plausible
Harshika,4,02,4,107,1.0600000000000005,0.4125818528578588,0.24208137395921758,0.1068931135183235,0.931536086761604,0.8246429732432805,0.08291853481094481,0.04838149689525778,0.0344113755316583,0.2041098283133256,0.1696984527816673,0.2567708689419117,0.08720273253588999,0.0808578695414756,0.417541380518676,0.3366835109772004,0.3532200043167842,0.20888474940549007,0.0513598325696975,0.6982911657672142,0.6469313331975167,0.07621788506527118,0.04554876148570199,0.0138985500441264,0.1785115721372186,0.1646130220930922,0.08825706268241659,0.05230707988344899,0.0383629638297577,0.2154912012716566,0.1771282374418989,0.05428957748189679,0.019688265629950533,0.0209152046618634,0.0947827341312135,0.0738675294693501,0.07678005884401377,0.0294025173743302,0.0071185276113608,0.1167300833402969,0.1096115557289361,0.06105608794571482,0.024589091361135317,0.0072168129395533,0.1076626862972761,0.1004458733577228,0.0040679330318125805,0.002071064410837768,7.59515048548372e-05,0.0069681995853839,0.006892248080529063,0.0033559093405440736,0.0021229745250316294,0.000332340947834,0.0067788853981494,0.0064465444503154,0.006947385749798377,0.0038449942348787415,0.0013383856827634,0.0129013558286403,0.0115629701458769,0.4620850265818301,0.30755582641769547,0.0429483558592041,1.1294437148356546,1.0864953589764506,0.25531255600775044,0.1114075575602995,0.0488572436939468,0.4698503952726982,0.4209931515787514,0.2755094605889243,0.09073997488272054,0.0588264441077519,0.4391502069646003,0.3803237628568484,0.35964677368777276,0.19454828354038264,0.1020975906706429,0.6782832128444157,0.5761856221737728,0.160173704225053,0.0636863149042575,0.025452741776649,0.2575273754219486,0.2320746336452996,0.27636819922836736,0.104802817823789,0.0845458110048213,0.4479879999113522,0.3634421889065309,plausible
Harshika,4,02,5,105,1.04,0.3940078266207323,0.24982968179980158,0.1020811181570523,0.927520375154442,0.8254392569973896,0.10943990570721764,0.045053764482043214,0.0258833764095721,0.2012956124047283,0.17541223599515618,0.26041512000615347,0.09080286783602952,0.0515121315057608,0.431970307834438,0.38045817632867723,0.3473708816989358,0.21285474314029657,0.0537322102047519,0.6944077770172782,0.6406755668125262,0.09412634215081038,0.04823245627619189,0.0160023738819912,0.1832139118310596,0.1672115379490684,0.11512498522702885,0.04805689006548098,0.02307003791219,0.2076124258216568,0.18454238790946678,0.05893663430025168,0.02626139742540441,0.0110878344254753,0.1095582911807156,0.0984704567552403,0.08600600364605046,0.03471719436642147,0.0140218519392575,0.155010503355987,0.1409886514167295,0.07365357651530727,0.03062590986862949,0.0206275212636607,0.1266118159455004,0.10598429468183969,0.003312158439329461,0.0004957739310711472,0.002404217572029,0.0042327366965912,0.0018285191245621998,0.0018743599508665144,0.0005240505725387309,0.0011187101145123,0.0027887260087085,0.0016700158941962001,0.0034717026122428134,0.0008855625268667233,0.0024484440651514,0.0054172754888822,0.0029688314237308003,0.4572198174401454,0.28100369252903024,0.0797456004392244,1.072975059284511,0.9932294588452867,0.2558275992039947,0.10176191525579865,0.0643869251555032,0.4186723865668484,0.3542854614113452,0.26995480912696546,0.08782165613364044,0.0810747183368309,0.4125523616922306,0.3314776433553997,0.3431373312376448,0.2049027857053048,0.025415011770865,0.6471831842827916,0.6217681725119266,0.1707862370829201,0.07257216901804772,0.0281865875849721,0.2833901674762526,0.2552035798912805,0.2711056111311042,0.10509830113521448,0.0786345526448347,0.4156682658262061,0.3370337131813714,plausible
Harshika,4,02,6,109,1.0799999999999992,0.41901006592056944,0.256176165251026,0.0489515127993603,0.9677707490238666,0.9188192362245063,0.07371644044275727,0.04395724603653293,0.0191697959739243,0.1853236967376651,0.1661539007637408,0.2720622836228858,0.0959241213666486,0.0723501060874789,0.4540810909967447,0.3817309849092658,0.36198580043492556,0.20057286027562302,0.0897472106290643,0.6955938801376478,0.6058466695085835,0.06676993214435134,0.03480064841533089,0.0243285707132655,0.1486194892469993,0.12429091853373381,0.07939830181623188,0.044985718644251924,0.0219735504053741,0.1931050179297828,0.1711314675244087,0.04267753109795014,0.013984663667830213,0.0206114644857782,0.0803306993974988,0.059719234911720605,0.05543396104696844,0.01569557815026249,0.0051374665149752,0.077112002228692,0.0719745357137168,0.04667714848456582,0.01513600300365663,0.0194116522633198,0.0774443585088729,0.058032706245553095,0.005290556971741232,0.0014163839697276894,0.0024803204199386,0.0074293770363659,0.0049490566164273,0.002418260900349049,0.0011428790649049086,0.0010148527647525,0.0045918879504881,0.0035770351857355998,0.005190699249193412,0.0009780076413123866,0.0040909337308258,0.0086002227381577,0.0045092890073318995,0.4386603991906936,0.28209434077900675,0.1030542921531971,1.0752708095927055,0.9722165174395084,0.19590953520591667,0.100867416298195,0.0108227274707757,0.3704646747340825,0.3596419472633068,0.2747794456667192,0.08533517508987706,0.0804707191715361,0.4289117415442855,0.34844102237274943,0.337740097050254,0.18959304333136295,0.0762965375758559,0.6438527711248141,0.5675562335489582,0.1505364282722767,0.051456228670765825,0.0291306693369859,0.2315115210841531,0.2023808517471672,0.21399565272789728,0.10072561040756543,0.0121061647337078,0.3638144902731444,0.3517083255394366,plausible
Harshika,4,02,7,108,1.0699999999999985,0.4344384958195165,0.2566286930092995,0.142325799908122,0.9752671050358293,0.8329413051277073,0.09184325295895394,0.03502407151442417,0.0156159722874197,0.1697599392746834,0.1541439669872637,0.262944854569557,0.08310803841126208,0.063598012599872,0.4059764673588958,0.34237845475902384,0.35745635363307027,0.20660490649708196,0.0670695851519631,0.6979218683731473,0.6308522832211843,0.09382591537468404,0.04187011522663317,0.0149601284926073,0.1725460769819252,0.1575859484893179,0.09407530770954604,0.03657695036170483,0.0159213896635741,0.1762301153025088,0.1603087256389347,0.05811561586045982,0.019362890782350088,0.0170457444431694,0.1053317224003345,0.08828597795716511,0.07954932169747711,0.021820570712036174,0.0217700932858171,0.1100236822082871,0.08825358892247,0.06582898923685217,0.019143879076666235,0.0262580120716079,0.1094094190935787,0.0831514070219708,0.0031058983000900094,0.0019135490127500446,0.0011066262426857,0.0074279765036985,0.0063213502610128,0.002074046087983581,0.0009554084223328695,0.0002337256573497,0.0033515917907982,0.0031178661334485,0.004742782523138601,0.002833400271973325,0.0006052135268475,0.0102600136814274,0.0096548001545799,0.44909960677510186,0.28283977013789713,0.1259835073733964,1.0823764536439158,0.9563929462705194,0.2035255187050182,0.08761299779698974,0.0351526020109529,0.3606637341773593,0.3255111321664064,0.2720176792496781,0.08310190937909022,0.1005971473248787,0.4364743802634315,0.33587723293855276,0.3441824799744229,0.20341772705740455,0.0489145167409394,0.6720641945814089,0.6231496778404695,0.14040824505481597,0.06096890177501982,0.0231217652737478,0.2381578691297223,0.21503610385597452,0.21532484968453125,0.09252815499885232,0.0353722722144437,0.3734281880412988,0.33805591582685507,plausible
Harshika,4,02,8,112,1.1099999999999994,0.4026548840259187,0.26501317656902834,0.056264893212971,0.9867236278813026,0.9304587346683316,0.0765143434057828,0.03372287018825442,0.0117049161886903,0.1396188845928253,0.127913968404135,0.23986172234374006,0.08053972301809104,0.0776345330409341,0.375848861668748,0.2982143286278139,0.34436905094200243,0.20439075021556327,0.0439596842949439,0.6985840860471781,0.6546244017522342,0.06443889902706809,0.03603523358583294,0.0068381129907391,0.1761777231796387,0.1693396101888996,0.08107888048876755,0.033336088651306266,0.0193934624180091,0.1460763147029981,0.126682852284989,0.04426289538339417,0.013280920904661939,0.0170245910815819,0.0733930237242392,0.0563684326426573,0.04562334936764941,0.016772360919852392,0.0021392169806749,0.0673662819583775,0.0652270649777026,0.03646012777154121,0.014949166616820804,0.007145891583266,0.0687744613458985,0.0616285697626325,0.0026546510867700396,0.0009020447641586142,0.0008219472986514,0.003986192743061,0.0031642454444096003,0.002655653541427171,0.0008231930450680362,0.0006451336950488,0.0039000263019618,0.0032548926069130004,0.006242312081487164,0.0017391096519019694,0.0024339069430336,0.0095870770213916,0.007153170078357999,0.41997231141946,0.2845656648471174,0.0659094192142599,1.0761204007752931,1.0102109815610332,0.14870165662501617,0.07506708719076251,0.0162230413493003,0.2854502866154262,0.2692272452661259,0.2608274918344869,0.08663913614700798,0.0596135183729769,0.4319693565460729,0.372355838173096,0.34654596024674433,0.1832508971123467,0.0956216221428525,0.6584563828821418,0.5628347607392893,0.12755163576245615,0.05403385343929348,0.0315284147749268,0.2331957514516666,0.2016673366767398,0.15357491780660065,0.07724463255133732,0.0234298784424432,0.3037193207653382,0.280289442322895,plausible
Harshika,4,02,9,121,1.1999999999999993,0.35576822928801083,0.24177824326946462,0.0464905825373709,0.8932982085460226,0.8468076260086517,0.07410576469333963,0.033691191058496155,0.0116566921794477,0.1288802422229506,0.1172235500435029,0.18724090370449886,0.05663489295786027,0.0499449535317056,0.2681129480843882,0.21816799455268257,0.31663613393063383,0.19014364157115624,0.0616961486274155,0.6761358532141805,0.614439704586765,0.07187654019611098,0.03273191572861537,0.0111925979927252,0.1304149545939096,0.11922235660118438,0.07657923457557202,0.035261508358981154,0.0087540891248732,0.1310555645466247,0.1223014754217515,0.059807913647767635,0.015027421236862086,0.0253740812629791,0.0946322295066471,0.069258148243668,0.062306012394982166,0.018970868899229408,0.0221564359389899,0.097757552582258,0.0756011166432681,0.05260220582664581,0.017188021297255204,0.0175662049251089,0.0918450190322699,0.074278814107161,0.004160368993172819,0.0007231299990567077,0.0031250230889308,0.0052811197763258,0.0021560966873949996,0.003182551499234804,0.0009662534435468138,0.0021542562627861,0.0053303488006541,0.003176092537868,0.006197254636592762,0.003347539235894092,0.0029436399523848,0.0128763594812515,0.0099327195288667,0.34495328294841066,0.24452400532241414,0.0786422689863195,0.9528223836851846,0.874180114698865,0.13785351724455622,0.04994571536635936,0.0343985690235101,0.2163556893904307,0.1819571203669206,0.21512661616861664,0.06123043996864937,0.0931137025053998,0.3251072501323305,0.2319935476269307,0.3158657752923701,0.17673235039936502,0.0430416355129173,0.6357529225366834,0.5927112870237661,0.11634032417055735,0.04873738121724728,0.0127087702686605,0.1891080091007604,0.1763992388320999,0.14279639028336572,0.05722237533776098,0.0245318645259894,0.2417778536552367,0.2172459891292473,plausible
Harshika,4,02,10,112,1.1100000000000012,0.18281701852022486,0.1797690588382991,0.0136519788730063,0.6292976848491744,0.6156457059761681,0.1062913620904178,0.05067818696324406,0.0253589848535232,0.1848956296200146,0.1595366447664914,0.09326480054770528,0.0607930830151155,0.0173323841228251,0.1970332153443576,0.17970083122153252,0.19626972188268216,0.1617053790498911,0.062398938225113,0.568020088794707,0.505621150569594,0.07006592136121476,0.03447635946454809,0.0099876081784088,0.1462383644678776,0.1362507562894688,0.11545160188672605,0.055699014921925305,0.0274050997753201,0.2052176699239711,0.177812570148651,0.04993262660326743,0.02701948477305083,0.010770997797382,0.1013753402747965,0.0906043424774145,0.05524792371970534,0.030166524149388158,0.0094504057154963,0.1114430647349735,0.1019926590194772,0.04874978508427147,0.028363939075949657,0.0116173178898238,0.1072067835390103,0.0955894656491865,0.00352702433774025,0.0009003941366230471,0.0018177887143065,0.0048976022962138,0.0030798135819073,0.0017809768310795813,0.0007780755897536231,0.0006539031735661,0.003889789858238,0.0032358866846719002,0.004879715656783768,0.0018826718980085647,0.0013104281252374,0.0085245537141025,0.0072141255888651,0.08603781389538843,0.042908839973330566,0.0214314413454595,0.1876017436654992,0.1661703023200397,0.0984338776220306,0.043546701990502486,0.0194010596398423,0.1987558397650231,0.1793547801251808,0.09940831003990626,0.03177236903109253,0.0431717073467272,0.1545565212096806,0.1113848138629534,0.1379338005362675,0.08788613639511851,0.0132749374969207,0.3047711619809423,0.29149622448402157,0.07422517358967422,0.03464713290111498,0.0208864851547688,0.1500902673916544,0.1292037822368856,0.125783011417201,0.04054340090310502,0.0725462515236493,0.1951667695837602,0.1226205180601109,plausible
Harshika,3,02,1,126,1.25,0.40265758670300844,0.2488269935705096,0.0424453380199239,0.8993645396745658,0.8569192016546419,0.12188454137260292,0.041932680617460895,0.0277152840931366,0.1890948799490904,0.16137959585595382,0.25065285814991844,0.08276075774023262,0.0549442896657006,0.3846055969636253,0.3296613072979247,0.35772912083204683,0.19124949823881784,0.0984111350916639,0.6492394644535131,0.5508283293618492,0.06618834720426636,0.02702218862384641,0.0067676782755142,0.107485240579688,0.10071756230417381,0.13770616310874684,0.04612055943726963,0.0414577379031118,0.2081973643015058,0.166739626398394,0.057361094775158786,0.020006793302338326,0.024673076533526,0.0978977754474542,0.0732246989139282,0.07766350393721123,0.027674539429766404,0.023726124688434,0.1383193248394026,0.1145932001509686,0.0565070474597447,0.019384521193799534,0.0078392962236618,0.0941540406536953,0.08631474443003351,0.059135426536114005,0.026019351291130928,0.0213130896852584,0.1273152070818091,0.1060021173965507,0.06477875151422646,0.025189565700910993,0.0232719101227554,0.1214545412055403,0.09818263108278491,0.05388520919344917,0.013263447134761014,0.0240780136820616,0.0736003856735195,0.0495223719914579,0.3647358105914242,0.2966415865313386,0.0343484226615309,1.0487723068505688,1.0144238841890378,0.18729920874377648,0.10233763822933788,0.0236551037875496,0.3710083010196695,0.3473531972321199,0.269900026432834,0.1018673353127486,0.033014444792552,0.4474546255302227,0.4144401807376707,0.3476147571145692,0.24572823587231632,0.0628033242243276,0.8400822468149222,0.7772789225905945,0.1250572916726263,0.0503341753559827,0.048246506604328,0.2548501241429581,0.2066036175386301,0.19626707304930557,0.09897142468965399,0.0243853461299113,0.3831100985059941,0.3587247523760828,plausible
Harshika,3,02,2,106,1.0500000000000003,0.41867500189713835,0.25383903059550944,0.1140603858757884,0.9299168463983422,0.8158564605225538,0.10566422529807504,0.04320905917637845,0.0330662617219137,0.1935097561390157,0.16044349441710198,0.2535942140861222,0.08201886802713558,0.0680264140792263,0.3928681028930132,0.32484168881378694,0.3504586127222398,0.20849406138280113,0.0444200199435516,0.6799795345728862,0.6355595146293346,0.08215980178218192,0.03833513216798836,0.0213377405062963,0.1539484081151549,0.1326106676088586,0.1100711964917141,0.04947520242619377,0.03066559343689,0.2096342568892785,0.1789686634523885,0.05900297922110089,0.017755506551718897,0.0231214652853087,0.1004683522179455,0.0773468869326368,0.08078188943009731,0.027144362821584375,0.0128051684437719,0.1163105492775405,0.1035053808337686,0.06619158888555773,0.0233872466965645,0.0150327785906729,0.1151507134477617,0.10011793485708881,0.06751238780869616,0.03155379468240447,0.0095398053078168,0.1381242518603489,0.1285844465525321,0.0605881543533287,0.0274755686359197,0.0044907691680591,0.1171975928224896,0.1127068236544305,0.040671727073613675,0.015699827322694926,0.0071757823316657,0.0708782189359889,0.0637024366043232,0.43325381406608304,0.26698253123866456,0.0830162996140312,1.0266520895075968,0.9436357898935656,0.2259555417123894,0.10153893568077481,0.0547800752986984,0.3961377119776793,0.3413576366789809,0.2765229292326608,0.09655016192533084,0.0652206167729613,0.4382975655597769,0.3730769487868156,0.3708477696123469,0.2444020667421619,0.050574146632508,0.8332720252316325,0.7826978785991244,0.15007016576438367,0.07030506924193823,0.0246335267647652,0.2524519199254704,0.22781839316070518,0.2204748349664218,0.0943172355826036,0.0381356118543787,0.3713977252928718,0.3332621134384931,plausible
Harshika,3,02,3,106,1.0499999999999998,0.40598604359315443,0.2693982289364455,0.0579690512702247,0.94316609319029,0.8851970419200653,0.07869458463230644,0.04633559696257581,0.0285822417053241,0.1942021192137086,0.16561987750838453,0.26496568188917785,0.09247924136978196,0.0657982020597267,0.4190813689353126,0.3532831668755859,0.36545939483197243,0.20100365148709576,0.0947242619591103,0.6994522906236672,0.6047280286645569,0.07505660836246586,0.044036248738228284,0.0110626086445673,0.1564567209332205,0.1453941122886532,0.09207000160560498,0.04748853157352212,0.0292441320866544,0.210325015252083,0.18108088316542859,0.049502497017883555,0.015841439306014837,0.0238359286296788,0.0942992923688835,0.0704633637392047,0.06938131465163962,0.024137170990552827,0.0338473957075846,0.1196546018582793,0.0858072061506947,0.053702692314708776,0.01889162470992338,0.0176878608481143,0.0898543270858686,0.0721664662377543,0.0636406847294069,0.02911804672713016,0.0082590895497897,0.1235138046431398,0.1152547150933501,0.05697978833960245,0.02317737891389847,0.0097693946142841,0.1079626086123662,0.0981932139980821,0.03784158813490415,0.013018144638839328,0.0071456175157894,0.0587030313679314,0.051557413852142006,0.4595226378900715,0.3040351806625562,0.1007632911927951,1.1209738974704049,1.0202106062776097,0.21650078753545354,0.09448284628035676,0.0465822677084481,0.3846546000419305,0.3380723323334824,0.2793408658980089,0.09829766098841779,0.0665109726789016,0.4479974374111079,0.3814864647322063,0.3622741836165944,0.22778807311000357,0.0625424856801642,0.7880135493393525,0.7254710636591883,0.15869128456049786,0.05851698591229049,0.0585448261493481,0.2483282460430393,0.18978341989369119,0.2255329020820435,0.09292868495104922,0.0382258755718725,0.3781516820575044,0.33992580648563187,plausible
Harshika,3,02,4,105,1.04,0.44272408679162195,0.25507789124707875,0.1028833640678983,0.9724087429717608,0.8695253789038625,0.0965346096592033,0.03480588959738792,0.0188793856643291,0.1559602274557474,0.1370808417914183,0.2684589250682758,0.08715654344511693,0.0976401170361525,0.429204850612971,0.3315647335768185,0.35871465810082437,0.20537242803011957,0.0724264531000173,0.6996773676248078,0.6272509145247905,0.05420372571932907,0.02244852355274481,0.0131225755959117,0.0903720536309988,0.07724947803508711,0.10596332727828471,0.03839972079918657,0.0256127730691063,0.1701417205429678,0.1445289474738615,0.04477393029462488,0.019752845484926312,0.017141680878546,0.0997986670441463,0.0826569861656003,0.06932556080378145,0.021515120581824542,0.0194224527991165,0.1118994804455446,0.0924770276464281,0.04977528310975535,0.018342554928421288,0.0153975134550183,0.0898751973866861,0.0744776839316678,0.0642998110509683,0.031408071125974976,0.0170685305466392,0.1336729935609922,0.11660446301435298,0.06680996051406518,0.03224146947341209,0.0081565758073019,0.1260154421389441,0.1178588663316422,0.05028650931878277,0.0197735178988664,0.0153736143167719,0.0881629160629776,0.07278930174620571,0.4570963937157891,0.2719385181947583,0.0742262429833311,1.05753083001835,0.9833045870350188,0.24918810072686623,0.1229495729420304,0.0423926128273025,0.4807734451712751,0.4383808323439726,0.28070494952095665,0.0883632242692467,0.0629436180736717,0.438291282672817,0.37534766459914526,0.3658441670759138,0.235066969276018,0.0112059699193522,0.7860387772823826,0.7748328073630304,0.15749709848402485,0.07424390487433917,0.0144653746273291,0.2588729580613323,0.2444075834340032,0.24856496536660783,0.11328602926183581,0.0429405405144931,0.4510410240660443,0.4081004835515512,plausible
Harshika,3,02,5,106,1.0499999999999998,0.42846784974075247,0.26338881364329814,0.061391320876704,1.0047307183740386,0.9433393974973346,0.08228048533532757,0.03309807930287729,0.0086790708617816,0.1492828667429686,0.140603795881187,0.255474863681546,0.09517597166519594,0.0549588463157717,0.4313675763353568,0.3764087300195851,0.35244306039809004,0.21063442508497074,0.0474402358611709,0.6888270777928199,0.6413868419316491,0.07595112640012389,0.030157764798088255,0.0225181241356277,0.1414179856197762,0.1188998614841485,0.08556742408916325,0.03741400533287261,0.0027762235902725,0.160339889813178,0.15756366622290552,0.0468792352678257,0.01564955734246802,0.0270306242552444,0.0860018212951968,0.058971197039952405,0.059802547870309274,0.019494908461123523,0.009552182831251,0.0894819196964032,0.0799297368651522,0.045634117472560284,0.017900749387630675,0.0160955128022464,0.0835287669165451,0.0674332541142987,0.06973766033242518,0.02942788314148926,0.0069845294222602,0.1332061213345532,0.126221591912293,0.0625281196110312,0.02748530181009387,0.0155419368860268,0.117247095671243,0.1017051587852162,0.04485160083725311,0.014471286319505719,0.0159140541691482,0.0666878898673019,0.0507738356981537,0.4587514736473013,0.2797984705273213,0.0755882941856806,1.10441928199763,1.0288309878119493,0.2253287573311399,0.10531234931060485,0.053633041288898,0.4200511493276059,0.3664181080387079,0.27066751625775476,0.08868250134521326,0.0581658205403453,0.424083170153778,0.3659173496134327,0.34740764844631955,0.21938324383365165,0.0269816200407036,0.7260130352439307,0.6990314152032271,0.1615178174809508,0.053903777643994524,0.0538302468035079,0.2591485166588447,0.2053182698553368,0.2231320878307066,0.09910805477530031,0.0630892803793219,0.398313051738916,0.33522377135959414,plausible
Harshika,3,02,6,105,1.04,0.42031825752372043,0.24127399413427514,0.1416657804306515,0.9382528989340756,0.7965871185034241,0.08464172049360323,0.03130447357425652,0.0246741745444935,0.160423962202064,0.1357497876575705,0.2561637104363312,0.08660559460097793,0.0919281756376122,0.4201468571663393,0.32821868152872713,0.3457392846451802,0.20675952262953926,0.0341644949716383,0.6810573558541655,0.6468928608825272,0.06966625602255064,0.03145279068082221,0.0218955506489257,0.1297309607380146,0.1078354100890889,0.09201459656886374,0.03289379713636971,0.0315369947239345,0.1667641284158257,0.13522713369189118,0.04847833886982686,0.013967280627905646,0.0256277836526283,0.0754746557657372,0.0498468721131089,0.06885492142240383,0.02261540844808033,0.0147738257836869,0.0961043314027538,0.0813305056190669,0.057520021056324096,0.01978067366181565,0.0251688634601429,0.1047720956785372,0.0796032322183943,0.07063541147941098,0.033091068826353764,0.0053802097013227,0.1441460856641458,0.1387658759628231,0.06860633543269933,0.028096550494801878,0.0047458744343334,0.1201366041271081,0.1153907296927747,0.05144245974468869,0.021875491482014127,0.0127207314659495,0.0913154998900721,0.0785947684241226,0.4496917019031058,0.2876794199834012,0.080589119729524,1.095228322945902,1.014639203216378,0.25830877438891175,0.11551946680122954,0.0703571865910928,0.4732282709024568,0.402871084311364,0.2756669467640538,0.09051835979232498,0.0733691022985701,0.4488107783929734,0.37544167609440326,0.36473082617365515,0.20090649980680284,0.0992645234102472,0.6932903721398763,0.5940258487296292,0.15402769475874908,0.06682219618626835,0.0120348295466968,0.2483485266307464,0.23631369708404962,0.23973085968674304,0.1071580529793435,0.0707428907674663,0.4346521521645651,0.3639092613970988,plausible
Harshika,3,02,7,107,1.0600000000000005,0.3942100164957809,0.2745921147643249,0.0654669036552562,0.9702037044015202,0.904736800746264,0.0961817920409166,0.047646899745590755,0.0211932637034155,0.1818169607581415,0.16062369705472598,0.25476885954114264,0.09445748712564644,0.0550177550154001,0.4244709444064763,0.3694531893910762,0.34541587607966184,0.1991926196114005,0.0340091724031745,0.6840953285949689,0.6500861561917944,0.08042899954094578,0.04516407837315351,0.0080591816107116,0.1609917291341323,0.1529325475234207,0.10170025431962303,0.04998228696261849,0.0234411181308843,0.1938414592598109,0.1704003411289266,0.06225241207286875,0.024206006192487316,0.0237353069460795,0.1172124128880734,0.09347710594199389,0.08419076827247736,0.034015158747161815,0.0097691749344446,0.1447463652771051,0.1349771903426605,0.0697343252978729,0.02896818316997922,0.0119716854271493,0.1274078443027167,0.11543615887556741,0.06690464476043223,0.024622260764102386,0.0139458598472312,0.1244022129513489,0.1104563531041177,0.06124235471244706,0.024112852610927507,0.00798387995667,0.1043704112514824,0.0963865312948124,0.042507588461135434,0.01818631959575669,0.0091908135544244,0.0737850880858437,0.0645942745314193,0.42482276273717234,0.28342989017022885,0.0600817855389539,1.0751025796971487,1.0150207941581948,0.24015571361948493,0.11102712718295045,0.0711021506987191,0.4307452702064615,0.35964311950774236,0.26274226146338336,0.08716293987774171,0.0824818761832859,0.4222705511616273,0.3397886749783414,0.3388269882358497,0.20252109673754734,0.0345529666852977,0.6680943173570413,0.6335413506717436,0.17413883725673496,0.07010891915090517,0.0383412208132143,0.2901153322145778,0.2517741114013635,0.24794719020798717,0.1166702174663332,0.0620010248075549,0.4767041839205035,0.41470315911294864,plausible
Harshika,3,02,8,109,1.08,0.4042015329769757,0.24757828260830164,0.026014824607295,1.0053158745719015,0.9793010499646065,0.07229796908838199,0.042461420245446566,0.0094750144433039,0.1816923887775252,0.1722173743342213,0.24426433469046863,0.08443049886226903,0.0646312332950441,0.4317283140953984,0.3670970808003543,0.33012496169814726,0.2010121387257834,0.048594435283397,0.6788056857618578,0.6302112504784608,0.07727386179307304,0.04885556635278486,0.014277904389901,0.1545731440604754,0.1402952396705744,0.07534340349656417,0.04623494267714516,0.007527024911814,0.1939458625329225,0.1864188376211085,0.05033371181172597,0.012128389861864637,0.0239475526884588,0.077973187524699,0.054025634836240205,0.06401647859964178,0.025172020973551416,0.0064946944909455,0.1043833522361162,0.09788865774517069,0.049343881182233894,0.01875746150258882,0.0073311351854459,0.0815886928278106,0.0742575576423647,0.06936928491028647,0.030324653589512474,0.009641538993508,0.123461115787018,0.11381957679351,0.06318056264780571,0.026134375811168613,0.0071414234426898,0.1037980295194182,0.09665660607672841,0.043268095134119965,0.018973847947075618,0.0014847075259991,0.0834711745307562,0.0819864670047571,0.4307386985768827,0.280026750850144,0.1088557676078028,1.0651222311662576,0.9562664635584548,0.21126195181906035,0.11067336199039211,0.0064975391877051,0.3875059073243342,0.3810083681366291,0.25121549718529756,0.07860824238319071,0.0917087662698849,0.4075611987641235,0.3158524324942386,0.3457912883217493,0.19648507425733963,0.0329386149643956,0.6429848728313543,0.6100462578669587,0.15976285271615054,0.06761491309236688,0.0201689570312384,0.2421960343235998,0.2220270772923614,0.21174737907667995,0.10215971004337512,0.0097977283067699,0.3634654175993375,0.3536676892925676,plausible
Harshika,3,02,9,119,1.1799999999999997,0.3007138455495892,0.21934539315705748,0.0297667696230027,0.8325176168210198,0.802750847198017,0.08114343392712298,0.035301676230542554,0.0086457123916136,0.1509329887523294,0.1422872763607158,0.1792481531187094,0.06849620268469192,0.0699914319880969,0.3578444592244822,0.2878530272363853,0.29138596455544785,0.17583897998807796,0.0418307624407036,0.6679615914365137,0.6261308289958101,0.07420534260258746,0.028733661491072825,0.0089889108631709,0.1322449255133845,0.12325601465021359,0.09089062188535284,0.03951301395151191,0.0220645488847163,0.1731529411064891,0.1510883922217728,0.05657797505383237,0.024048255073090413,0.0222013918355502,0.1004545407690044,0.0782531489334542,0.06560908419690199,0.03112450700107289,0.0105016572279919,0.1240340491854905,0.1135323919574986,0.05149619903329476,0.020986757457813934,0.0217830721902529,0.1010733800522421,0.0792903078619892,0.06734795152478787,0.03457208921228572,0.0022410289189745,0.1324540433992517,0.1302130144802772,0.06950545475852422,0.03811049026465204,0.0103617836617562,0.1495587430953094,0.1391969594335532,0.056798226917474215,0.03579284510082724,0.0073551625891572,0.1317887516425706,0.1244335890534134,0.27284435402736495,0.20470817364510913,0.040662875236819,0.7954718232694457,0.7548089480326267,0.14110568482268637,0.051657099342682485,0.0431785598330151,0.2310951559654619,0.1879165961324468,0.20512907857439408,0.056233781722123774,0.0650193932878249,0.279220971268979,0.21420157798115408,0.3080467588125607,0.12924357925509836,0.0794426291795056,0.5133735657965645,0.43393093661705884,0.14061708854252927,0.05877049443996499,0.0277438372410919,0.236809426940203,0.2090655896991111,0.14835044836879843,0.0464689553453485,0.0498233282968127,0.2151172110111585,0.1652938827143458,plausible
Harshika,2,01,1,127,1.259999999999998,0.39511808134291165,0.2599875517895501,0.0512433987925478,0.903830532336906,0.8525871335443582,0.11569430956454956,0.03965392586214571,0.0149399297416139,0.1644461595228577,0.1495062297812438,0.23655940799525085,0.07374431346840804,0.0431115078258867,0.3481233286726962,0.3050118208468095,0.34747098187423614,0.1777074386805411,0.0384729934138306,0.6285892508829977,0.5901162574691671,0.08134561609965765,0.0359240633095134,0.0127108087400029,0.145525960367147,0.13281515162714408,0.1190209518609304,0.04007524988031128,0.0218729832844156,0.179232501573255,0.15735951828883937,0.056638354427635394,0.020240609553749445,0.0109076636327036,0.1067383091717372,0.0958306455390336,0.06629660981987659,0.024698349414884344,0.0175080119994637,0.1259118752122761,0.1084038632128124,0.062288805408178126,0.02568549295821885,0.0103499949582707,0.1035661044971231,0.0932161095388524,0.07622584439177241,0.015658710283861565,0.0401847853269913,0.1022678407009994,0.06208305537400809,0.0731938393875768,0.025258025332975925,0.0205377888510084,0.1079975691381203,0.08745978028711189,0.05892005222656557,0.022778087936214844,0.0144446837151429,0.1058231448308958,0.0913784611157529,0.36794290783182104,0.2796937317395213,0.0620663623703582,1.0192240027557191,0.9571576403853609,0.14935661314855414,0.07516507716563153,0.0362764252900066,0.2900435238588526,0.25376709856884605,0.22146073006498068,0.08319030259694991,0.0512703769143107,0.3717888359415526,0.3205184590272419,0.3339943108672168,0.1974328424843626,0.0699368627566118,0.6920580561831163,0.6221211934265045,0.08997523367662197,0.04026745689657742,0.0266818070318237,0.1830334465733757,0.156351639541552,0.15965548207531832,0.08241839654655882,0.0186832738947061,0.3182522295485999,0.2995689556538938,plausible
Harshika,2,01,2,106,1.0500000000000007,0.4208602951893276,0.23599586348723162,0.1151870840710041,0.8919345263161572,0.7767474422451531,0.1288823432143698,0.061121929973080885,0.0284401471317248,0.226353831704192,0.1979136845724672,0.2309877056538438,0.08365742510759859,0.0680638828735014,0.3720714473112339,0.3040075644377325,0.34337620984207196,0.19601915072197976,0.0450405774054606,0.6437799969301857,0.5987394195247251,0.09552764860327674,0.04570117704339306,0.025018530091083,0.1782234416624311,0.15320491157134808,0.13486982437886383,0.06407786322820137,0.0372265025633866,0.2365859373270645,0.1993594347636779,0.06466607545446842,0.016569721644813656,0.0343431766284885,0.0963089512929252,0.0619657746644367,0.08354558652323144,0.024706594864663846,0.0229749304393531,0.117407251639742,0.0944323212003889,0.06885750276422892,0.023437857522033544,0.0132344005295544,0.1077733496726004,0.094538949143046,0.0599679530225349,0.03971740432809923,0.0015533157623147,0.1548879866633814,0.1533346709010667,0.05267511173598919,0.031238064830330963,0.0094826510243671,0.1283510849490028,0.1188684339246357,0.03532870456237188,0.012711498553846425,0.0122806037646297,0.064966066765691,0.0526854630010613,0.4159204229545402,0.2691369333604441,0.0664031042426474,1.0018931300710372,0.9354900258283898,0.21059141228016623,0.09695239744223585,0.0282232938033757,0.4016519575974002,0.3734286637940245,0.2521124510937056,0.08794007749466841,0.0435340750701497,0.4161488374214879,0.37261476235133817,0.34687647183032183,0.19644706821858024,0.0559100578611005,0.6554987641830352,0.5995887063219347,0.11921640765668776,0.05355966445679815,0.0287023334975375,0.2443252560116015,0.21562292251406398,0.21354201715597526,0.09814763814905167,0.0405313262442618,0.4086840668730608,0.368152740628799,plausible
Harshika,2,01,3,106,1.0500000000000007,0.40365595886092037,0.25294829326107854,0.0617815257019359,0.8971233114106818,0.835341785708746,0.09715211633933722,0.04911954087745394,0.0080423796366046,0.2040684446204169,0.1960260649838123,0.23539693034502895,0.08184489503021466,0.071388408986393,0.376646495258546,0.305258086272153,0.34674960964367807,0.20771768173974675,0.0506123053584384,0.6825812881729529,0.6319689828145145,0.09458666870123436,0.05110677160696827,0.020543233504437,0.1889488243014962,0.1684055907970592,0.10542707061253734,0.04833258437883641,0.0259779527203335,0.2096367744240067,0.1836588217036732,0.0512480178157979,0.02025423010767351,0.0154049358854236,0.1095080832426688,0.09410314735724519,0.07346847610707867,0.027275817726417514,0.0098914324087698,0.1297496565861977,0.11985822417742789,0.06112352991896638,0.02470729586997705,0.0059850871726391,0.094618741057869,0.0886336538852299,0.06382477589106554,0.035606402673539185,0.0106364899986879,0.1439401793871707,0.1333036893884828,0.0550177568546509,0.02968629132541355,0.0035243246834344,0.1122124866250428,0.1086881619416084,0.042731196104796136,0.010421791522943516,0.017913563807774,0.0644778852603905,0.0465643214526165,0.4502246097234248,0.2757331816005297,0.1118703560114777,1.0539081775673405,0.9420378215558628,0.2032362326003118,0.11265710084220643,0.0356245963385011,0.4285422802610058,0.3929176839225047,0.2664018145498379,0.09609936233114598,0.049056386068136,0.4432667772512086,0.3942103911830726,0.34837105323323797,0.2017859913135591,0.0424435051716021,0.6532498869634485,0.6108063817918464,0.15064597621068773,0.06928049487504023,0.0217740230499338,0.2562681411603858,0.234494118110452,0.2144408965559306,0.11018288605687175,0.0456155983461845,0.4293503981075665,0.383734799761382,plausible
Harshika,2,01,4,105,1.0399999999999991,0.4056527500521867,0.2532873524734364,0.1084706240268724,0.9132329272480124,0.8047623032211401,0.11676087127702017,0.059124679748370344,0.0207817731405733,0.2272129692899187,0.20643119614934538,0.2443730787480141,0.08497531924520134,0.0708146304172541,0.3984918369486365,0.3276772065313824,0.3519109179440789,0.2131957115088397,0.0431545979542823,0.6970174324295965,0.6538628344753141,0.08969877139293683,0.05162096662415941,0.0174306097793992,0.2028807355667852,0.185450125787386,0.12147604639495524,0.06100646869707223,0.0161917143642373,0.2326243152501362,0.21643260088589888,0.06628988717733128,0.021634426592510074,0.0219436273648263,0.1029017519287712,0.0809581245639449,0.09069422882619103,0.03141948555052512,0.0105906370066431,0.1281042370324287,0.1175136000257856,0.08012582901867203,0.029178425008025657,0.0061891521850751,0.1341238235670852,0.1279346713820101,0.07533757758319796,0.0244120309524199,0.0221369880782442,0.1196498706306798,0.0975128825524356,0.06663593879911238,0.02504618794917241,0.0137403444344848,0.1087019977817425,0.0949616533472577,0.04383065913996812,0.018094144273212622,0.0155302694799591,0.0796362375571346,0.0641059680771755,0.42740857876866734,0.287955171848855,0.0565469124933882,1.0551772953351577,0.9986303828417695,0.19073207472114265,0.0833270077865585,0.0477621322271628,0.3363108761309888,0.288548743903826,0.2671567292193487,0.09355388056386682,0.0544890172499322,0.4291444627299628,0.3746554454800306,0.33571776696445244,0.19206781540948958,0.0516690275236117,0.6341111571021328,0.5824421295785212,0.1387309848584074,0.05478781388429723,0.0396542432177028,0.2306072389494713,0.1909529957317685,0.2035557746105045,0.08204174586412126,0.0562524560660321,0.3499958161664662,0.2937433601004341,plausible
Harshika,2,01,5,105,1.0400000000000027,0.43316460923331396,0.2602117108271175,0.1007287402249681,0.9593321614297612,0.858603421204793,0.09634326808541879,0.04946166868238081,0.0164830330801158,0.2183304081684189,0.20184737508830308,0.2501095907420113,0.08498413895991751,0.0880039592173249,0.4046098146863946,0.3166058554690697,0.36201419312481337,0.2038121147512534,0.0539807043103978,0.6872050692624089,0.6332243649520111,0.08808003268058011,0.04721658373088143,0.0190615070862848,0.1843434323119384,0.1652819252256536,0.10333696823150133,0.04973894269111473,0.0143091676232944,0.226251958980633,0.2119427913573386,0.05855277836835465,0.0286631063904169,0.0185996620584308,0.1138780217119741,0.0952783596535433,0.08133441103451564,0.03506881251596902,0.0123787835410671,0.1451025183064185,0.13272373476535138,0.070324603416532,0.034428158289813784,0.0118554872897033,0.1329964457745797,0.1211409584848764,0.06772133933403739,0.027934384104674755,0.0166136657326235,0.1228057727726124,0.1061921070399889,0.06089055740739205,0.02288056896197934,0.0088293543045343,0.1018772473739267,0.0930478930693924,0.03893240883495572,0.013473646581902051,0.0084952438763686,0.0692790263987801,0.0607837825224115,0.44894001303373143,0.28049039438186546,0.1028539672405252,1.074091941078846,0.9712379738383209,0.17996382496772811,0.09522270985271683,0.0182562430660429,0.3313762319836525,0.3131199889176096,0.26323792530371276,0.08639108144509952,0.0671352358346703,0.41720720193331,0.3500719660986397,0.3485928137340162,0.20878800790562915,0.0227361095620107,0.6805319684286145,0.6577958588666039,0.13126122291873002,0.06780014492988645,0.0194142791621079,0.2462355389354656,0.2268212597733577,0.19311349059394942,0.09669723965554629,0.0314053330439297,0.3394966402262317,0.30809130718230204,plausible
Harshika,2,01,6,107,1.0600000000000023,0.42346639603659836,0.25959463985261766,0.0846986713542828,0.9879914969569896,0.9032928256027069,0.10951514449825678,0.04248370577602402,0.0368921448741645,0.206598538513948,0.1697063936397835,0.24928054055895799,0.08787559067926459,0.0912307243735982,0.4129009629232363,0.3216702385496381,0.35352330255890746,0.19858166748872094,0.085451254474948,0.6787699546951591,0.5933187002202112,0.09426116325679303,0.03196770148831546,0.0392371484725719,0.1466813241338475,0.10744417566127559,0.11636195385508481,0.0458305315325095,0.0117716737977655,0.2119928408733979,0.2002211670756324,0.05687364184984529,0.02263321787783651,0.003178268005281,0.0877100866722099,0.08453181866692891,0.07833596448593456,0.02249828691387395,0.0269097441552984,0.1109217620886763,0.0840120179333779,0.06444627646793728,0.02510988123118945,0.0159767954337011,0.1090600971073461,0.093083301673645,0.07518903756008528,0.032141264433050876,0.0093308352442579,0.1524744487378356,0.1431436134935777,0.0721339477707876,0.03084563571424997,0.0149036349849884,0.1400945952348039,0.1251909602498155,0.05805761255930356,0.022445376768756034,0.0250050045699346,0.0996589487151398,0.07465394414520521,0.44879777544834276,0.2960845535260055,0.0422444073316642,1.0719660981984709,1.0297216908668068,0.17385979036532964,0.07284145858690592,0.0542496266984827,0.3156270572522618,0.2613774305537791,0.27781554172639783,0.08785088300295671,0.0648725203479706,0.4410371990349515,0.3761646786869809,0.36559392425066517,0.1939149794452887,0.0819217999514133,0.6653269029218746,0.5834051029704612,0.12137949634655092,0.04775287710046872,0.0306825708141221,0.2211412194505358,0.1904586486364137,0.17854354914465956,0.0768910508651038,0.0596123829306103,0.328880819313014,0.2692684363824037,plausible
Harshika,2,01,7,108,1.0700000000000003,0.41334727183686587,0.26128108520959153,0.0517312437227009,0.9584623991695492,0.9067311554468483,0.1122578076584076,0.061861127040489766,0.0089184043081522,0.2189921204176265,0.2100737161094743,0.24773392728677748,0.08294766179666385,0.0620711695109621,0.4071762481677232,0.3451050786567611,0.34639558522765657,0.20246715878700253,0.0666318677090199,0.6730820445407186,0.6064501768316988,0.10543809199236819,0.05673655579168405,0.0256835005523895,0.2232557128179735,0.197572212265584,0.1167379326712827,0.06256826862317824,0.0176568720966969,0.2222294998762426,0.2045726277795457,0.07752668736870046,0.02755499071364246,0.0272974261004501,0.1240723002975581,0.09677487419710801,0.10236119220874353,0.041769083231542006,0.0159969310914689,0.1714335879805076,0.15543665688903868,0.08318331852487544,0.03100260659439411,0.021852815562849,0.1292510270628896,0.1073982115000406,0.0753861328007422,0.026088462360094006,0.0191218795827055,0.1165367956924088,0.09741491610970329,0.06853638745337848,0.02503639139918114,0.0230542074881009,0.1015178080296161,0.0784636005415152,0.056135947485223714,0.020476979199925048,0.0190516028274274,0.0936302092168178,0.0745786063893904,0.42666318057755626,0.2529313162739198,0.076700007656272,0.9774131625990132,0.9007131549427412,0.1712411961504974,0.07207574131905004,0.0380599444286241,0.2659748701188035,0.2279149256901794,0.260041661591201,0.08447158717153223,0.0985976114765643,0.4219797659027153,0.323382154426151,0.33819222960992684,0.1924445590285058,0.009166477910939,0.6306475239457145,0.6214810460347755,0.15450772084483957,0.06996981758941934,0.0146085531848932,0.2494694943366155,0.2348609411517223,0.18226550598929908,0.07558908923780068,0.0279253290541876,0.2759988450629071,0.24807351600871952,plausible
Harshika,2,01,8,111,1.0999999999999979,0.38070818075890644,0.25191304592615527,0.0565420718629427,0.9310316770255452,0.8744896051626025,0.11122554187413186,0.05103559995155272,0.0287905480981178,0.1876259441348799,0.1588353960367621,0.23133354370266146,0.0755415255631236,0.1058566446445137,0.3914815714060947,0.28562492676158097,0.33608466510236634,0.19603719928985558,0.0521637555057276,0.6647994887646422,0.6126357332589146,0.09624066732028048,0.0487373205356998,0.0141285379974266,0.1757805252708618,0.1616519872734352,0.12013365849416137,0.04995609386990267,0.0394262221684274,0.1937557416875216,0.1543295195190942,0.06067114392040498,0.026067828245092756,0.0143713739886815,0.1083220604070328,0.09395068641835129,0.07230254222568058,0.02615974576162511,0.0241673711496658,0.1242117423707432,0.1000443712210774,0.06352595328096572,0.03243872932678266,0.0074088423894559,0.1243745893992819,0.11696574700982601,0.06719890112860094,0.03780217710635031,0.0130674267044585,0.1497763126067819,0.13670888590232338,0.07172365914128924,0.03664834460001405,0.0197246720813468,0.1632290448737221,0.14350437279237532,0.054215949970910775,0.0257072814116735,0.0073880124618887,0.1082177569810988,0.10082974451921009,0.40982858183786763,0.2741871348810221,0.0577309682923521,1.0479898051060896,0.9902588368137375,0.18320337489802355,0.0887466739630542,0.0575612486187665,0.3605381870434207,0.30297693842465423,0.2543065959662022,0.08353431803727487,0.0596060942992994,0.4183143636686645,0.35870826936936506,0.3279462800731667,0.17047089800211002,0.048115098549305,0.6154134221555918,0.5672983236062868,0.12605888612697772,0.04999086350662596,0.0248120640329267,0.2281892893069745,0.20337722527404778,0.18892743066972817,0.09179251793595504,0.0589913581507926,0.3692719216586494,0.3102805635078568,plausible
Harshika,2,01,9,123,1.2199999999999989,0.32210153541571773,0.20900094358321455,0.0848510010125569,0.8078762526646652,0.7230252516521083,0.09350490874663493,0.042889069733493074,0.0274170566057228,0.1770599180865748,0.149642861480852,0.18618838280340028,0.060034486527453496,0.0567475650896176,0.3295340385836788,0.2727864734940612,0.29978109583624446,0.17612350917924996,0.0756992802700777,0.6310051973227083,0.5553059170526307,0.07512995021559188,0.04507284022169447,0.013752128651285,0.1647187138063176,0.1509665851550326,0.09549824198021097,0.04539667489839445,0.026007229147539,0.181784926710738,0.155777697563199,0.05331257040590227,0.02272013672829587,0.0196861760713311,0.0961590067945609,0.0764728307232298,0.05275242268516876,0.021379784073110912,0.0055275623458993,0.091485437029357,0.08595787468345771,0.045732014939294366,0.016853388388435565,0.0154881790962115,0.0896980878463203,0.0742099087501088,0.06816355310986212,0.0297073925515536,0.0206182586249624,0.128565822014176,0.10794756338921359,0.0702265031270844,0.027330730256664403,0.0206590619714154,0.1237830631477295,0.1031240011763141,0.06337600063062156,0.028534736462549514,0.0142193786329253,0.1121213839450273,0.097902005312102,0.3038429227239606,0.22683831505954735,0.043054985777162,0.8735736851211622,0.8305186993440001,0.1417101519327049,0.05601423481166318,0.0165494271382563,0.220434767072679,0.2038853399344227,0.2169311686896989,0.06360010495338456,0.0633787290821289,0.3101059678457159,0.24672723876358704,0.30723213041575764,0.16676908204999258,0.0867752924534474,0.6449473666742084,0.558172074220761,0.12131225518877649,0.04672016245930706,0.0109184968762008,0.2058922567915242,0.1949737599153234,0.15343350121906982,0.053134197963743704,0.0457619923752882,0.2358691026218104,0.19010711024652222,plausible
Harshika,2,01,10,49,0.4800000000000004,0.22533622131147757,0.1255532119911288,0.0441338671768037,0.5094605717318731,0.4653267045550694,0.06136622656012989,0.04041701735820002,0.029803430198564,0.1630351852513823,0.1332317550528183,0.1343779084639964,0.043593191932892614,0.0307595626965748,0.1859427811785508,0.155183218481976,0.20930317744738136,0.1398792953756976,0.0464058371001857,0.4855126726769924,0.4391068355768067,0.11469169317518625,0.050276098863135714,0.0289101833369923,0.1747314079714651,0.1458212246344728,0.06558627450950358,0.038829504990090184,0.0372639958515059,0.165991123137818,0.12872712728631208,0.07077301022200112,0.038152767278744455,0.0156794605826036,0.1133241281680942,0.0976446675854906,0.0722435615965965,0.036291371630096526,0.0179502461792384,0.1156723027907428,0.09772205661150439,0.07560745849746064,0.040186804956816494,0.013641446046426,0.1198285235192263,0.10618707747280029,0.08757108314785657,0.038793163276214376,0.0130281262156451,0.1359907628227604,0.1229626366071153,0.07967721568951902,0.036063026601551626,0.0100455918841868,0.1284249917411169,0.1183793998569301,0.07234037350907484,0.04223730319837168,0.004753132915878,0.1258918013164039,0.1211386684005259,0.1059795618868095,0.009393919937961154,0.0971068818258826,0.1331039647927138,0.0359970829668312,0.11881674477729666,0.07765327128459297,0.0237975408923788,0.2312239251518797,0.2074263842595009,0.1009575711677678,0.03955559034186957,0.0563312031222949,0.193713560550864,0.1373823574285691,0.14517293348674948,0.052304749258708996,0.0799774975850205,0.2424039569921766,0.1624264594071561,0.10147461537147043,0.025431803660557983,0.058722662909857,0.1441320782109178,0.0854094153010608,0.11236015585563822,0.08044930871211477,0.0136510777188804,0.2316052882972249,0.2179542105783445,suspicious_short
Harshika,2,01,11,2,0.010000000000001563,0.206992914290815,0.0005688584366051047,0.2064240558542099,0.2075617727274201,0.0011377168732102094,0.03382669316830155,0.0002626670364792513,0.0335640261318223,0.0340893602047808,0.0005253340729585027,0.029530109394829397,0.0006721713177469998,0.0288579380770824,0.0302022807125764,0.0013443426354939995,0.1473339373607117,0.0003140187312643955,0.1470199186294473,0.1476479560919761,0.000628037462528791,0.088931458800724,0.0055218428135103,0.0834096159872137,0.0944533016142343,0.0110436856270206,0.038485275340188446,0.0003595958848180529,0.0381256794553704,0.0388448712250065,0.0007191917696361058,0.0177563437494747,0.0005264293819857001,0.017229914367489,0.0182827731314604,0.0010528587639714003,0.017779984121963098,6.704071865199293e-06,0.0177732800500979,0.0177866881938283,1.3408143730398586e-05,0.011683316592957401,0.0006231181185165002,0.0110601984744409,0.0123064347114739,0.0012462362370330004,0.1120111258896676,0.000866171862776606,0.111144954026891,0.1128772977524442,0.001732343725553212,0.1079720258245718,0.00027454664730990064,0.1076974791772619,0.1082465724718817,0.0005490932946198013,0.08941766838052531,0.00020815481557719812,0.0892095135649481,0.0896258231961025,0.00041630963115439623,0.1044505541423662,0.0008149930539491992,0.103635561088417,0.1052655471963154,0.0016299861078983985,0.023937269917378698,0.00013425137094790103,0.0238030185464308,0.0240715212883266,0.00026850274189580206,0.12252548998149525,0.0016981862218892474,0.120827303759606,0.1242236762033845,0.003396372443778495,0.07869120148618286,0.0003884755853147473,0.0783027259008681,0.0790796770714976,0.0007769511706294946,0.08363780825488865,0.002880340997600546,0.0807574672572881,0.0865181492524892,0.005760681995201092,0.030272558243610852,0.0009682792660265487,0.0293042789775843,0.0312408375096374,0.0019365585320530974,suspicious_short
Harshika,2,02,1,120,1.1900000000000004,0.40491029794925243,0.2579323001381626,0.0826276004947048,0.9416621167099718,0.859034516215267,0.08332106488407162,0.048647602247666594,0.019870161835064,0.1903947475571058,0.17052458572204182,0.24247470110699004,0.08260194604922055,0.048080310823047,0.3829744836169492,0.3348941727939022,0.3605308177582149,0.18879775659983186,0.1101097511454705,0.6634982037628874,0.5533884526174169,0.07781046032189666,0.05096733083840034,0.0071382298478398,0.1777456349995232,0.1706074051516834,0.09106635643868352,0.05050096314908534,0.0235678671209205,0.2065343379885195,0.182966470867599,0.04580898622444392,0.0242483194538968,0.019069715829264,0.1029678380297896,0.08389812220052559,0.062127984812594184,0.03173319741573566,0.0232008909178918,0.1508891980408125,0.1276883071229207,0.04790340421116799,0.020930248372788778,0.0161408821703616,0.1076854369206681,0.09154455475030651,0.0628273892605023,0.02482216843217506,0.0161147517345993,0.1062431915470436,0.09012843981244431,0.06778057961330679,0.025703209259152683,0.0186006254871391,0.1172539258219445,0.09865330033480539,0.06005280035906261,0.01824135778598229,0.008490550937716,0.089428505647033,0.080937954709317,0.3673421781852434,0.31313488440664955,0.051122068406377,1.0924192611822294,1.0412971927758525,0.17717752697432942,0.0790058112658958,0.0355113185541745,0.3096487596442938,0.2741374410901193,0.26066666851392406,0.10216659027187708,0.0313052809380645,0.4425528142225972,0.4112475332845327,0.30129972287623336,0.18640416403585616,0.0836002515741977,0.66089259775294,0.5772923461787423,0.11491681266453907,0.042851359293478886,0.0352167188548084,0.2060399413759621,0.1708232225211537,0.18988645360852727,0.08693384187187624,0.0194585479533974,0.3311366685567374,0.31167812060334,plausible
Harshika,2,02,2,106,1.0499999999999998,0.41120563207756783,0.25544101096635,0.0608205560053817,0.978020946437078,0.9172003904316963,0.10284190071570788,0.051818763699258676,0.0124401485416765,0.2012574597284169,0.18881731118674042,0.24622662019113423,0.08005260176541314,0.0633182915670306,0.4008788744092722,0.3375605828422416,0.3415669441960124,0.20221697002959654,0.0527679069583589,0.6749408100390533,0.6221729030806944,0.07849024479132963,0.042461040733830786,0.0163170408105198,0.1611095977497122,0.1447925569391924,0.10965330364595018,0.05483074764345943,0.0219926043083948,0.2136174223967363,0.1916248180883415,0.061491317746578206,0.013911845476741463,0.0265179924887861,0.080379851611601,0.053861859122814895,0.07980564891120531,0.026083555389469874,0.0196940317567787,0.1141459348956968,0.0944519031389181,0.06558395039991471,0.01865870019441977,0.01219022425589,0.0877723064442694,0.07558208218837939,0.074968042517946,0.032453592925406345,0.011301148850682,0.1316689604746774,0.12036781162399542,0.06714867296945334,0.028399892992695512,0.0142222339668503,0.1107933685808826,0.0965711346140323,0.0491663619686458,0.018302304529124454,0.0220021447299479,0.0930915218781018,0.0710893771481539,0.4247000468947506,0.28220268150896904,0.0729984862665851,1.0468924720382558,0.9738939857716706,0.1745117976825876,0.07351636700032804,0.0490740925386472,0.308186395117687,0.2591123025790398,0.27548666978276565,0.09220963428938013,0.0758046394073391,0.4393534216701547,0.36354878226281556,0.3120287388523022,0.19710233359478732,0.0505519277308933,0.6539165749713737,0.6033646472404803,0.11544087259336995,0.05389367748548738,0.0141137203768635,0.1897376745503309,0.17562395417346738,0.17999908049264207,0.07335768794614256,0.056655673253265,0.3146003114840683,0.2579446382308033,plausible
Harshika,2,02,3,108,1.0700000000000003,0.4079405779087569,0.2550363618841081,0.0454759659789119,0.9234882806321169,0.878012314653205,0.07566265762774708,0.036896546451366356,0.0162281021561314,0.1506859122113348,0.13445781005520338,0.24494436078503407,0.08240517750168075,0.0750758094072711,0.3974953110789922,0.3224195016717211,0.34501655989459784,0.20234524056001568,0.0646989902671476,0.6826569783423844,0.6179579880752368,0.06750026518314414,0.040636947581249555,0.0076296341683821,0.141900696587499,0.13427106241911688,0.08455636055124345,0.03917893369667575,0.014026516395132,0.1656996331568797,0.1516731167617477,0.04767836990847768,0.01916355845269937,0.0227435018994041,0.1061717362083374,0.08342823430893331,0.0686955247522988,0.02187529669460406,0.0137307266910733,0.1185734222912351,0.10484269560016181,0.050860113105091816,0.017726738404523126,0.0086625835608113,0.0836920699102529,0.0750294863494416,0.05869084862348618,0.02986552299036748,0.0044186495567905,0.1186108314177274,0.1141921818609369,0.05672509048662512,0.02692695312766623,0.0157787554517409,0.1223440941267073,0.1065653386749664,0.04346372978369333,0.01885383016665745,0.0074560566340019,0.0788968098825694,0.07144075324856751,0.4324204708354423,0.29462535943554335,0.0551865757325515,1.0818227294110034,1.0266361536784518,0.18975997083011042,0.08862255875897047,0.0440463616900442,0.3329064614006166,0.28886009971057236,0.2643492258536309,0.08770511441387811,0.0509453521605958,0.4172983092958912,0.36635295713529537,0.31086180278785097,0.1915488711863665,0.0667336976663753,0.6408249940154997,0.5740912963491245,0.14062828325636004,0.061215281711789124,0.010936202429794,0.2367858277296453,0.22584962529985128,0.19936511138170412,0.09255683798158319,0.0444597664491331,0.3591981578110699,0.3147383913619368,plausible
Harshika,2,02,4,108,1.0700000000000003,0.38923806813417616,0.2430604907146592,0.0522187635750881,0.8800576364128151,0.827838872837727,0.0885437304213168,0.033345184660841146,0.0114918143607192,0.1573266458275526,0.1458348314668334,0.23051959648929385,0.07640632443489001,0.0775775008245789,0.3812101427469531,0.30363264192237416,0.335645920202057,0.19289456415969014,0.0679896031878172,0.6599650306752156,0.5919754274873984,0.0740360952349241,0.03156262808715189,0.0177162605469571,0.1245231775386949,0.1068069169917378,0.09368305332155964,0.03582270237624882,0.0185106865459673,0.1693278204051947,0.1508171338592274,0.052858617033628486,0.01584703050422103,0.0246715184448965,0.0948441205624852,0.0701726021175887,0.0647988769766519,0.022277778838234074,0.0139643527510274,0.1063482565022555,0.0923839037512281,0.0543952385622321,0.01922904311554469,0.0162139007761159,0.0947668719850767,0.0785529712089608,0.06819603905516225,0.02535943915158222,0.0159609377816092,0.1187327245082975,0.1027717867266883,0.06323184173963471,0.026804547512583602,0.0110868671918339,0.118496678378239,0.10740981118640511,0.047685054379388345,0.020710107299237134,0.0070580274663261,0.0818122044995413,0.0747541770332152,0.41927740679500686,0.25626818207708957,0.0471926502524626,1.0137753324004528,0.9665826821479903,0.17302796736498977,0.0882764053015495,0.0112213384837389,0.3298997916205733,0.3186784531368344,0.25845779382197615,0.08633644327753363,0.0602800087661393,0.4168473764201354,0.3565673676539961,0.3004845353064396,0.18191407183568475,0.0693919145241196,0.6056011315389795,0.5362092170148599,0.12916077348468197,0.05685251776880408,0.0147673898274982,0.2133688357480162,0.198601445920518,0.18001861192458776,0.09017301832032647,0.0298881180411002,0.3334863541082288,0.3035982360671286,plausible
Harshika,2,02,5,109,1.08,0.39470242254983123,0.2383456741093975,0.0555929118305757,0.8945053962855913,0.8389124844550157,0.08767826209860084,0.042215408003565526,0.0034618877887839,0.1633127572244555,0.15985086943567162,0.2315668610920358,0.08212269353252252,0.0553643927657412,0.3830408561770122,0.32767646341127105,0.3388863118644442,0.19449595225197341,0.0690046261206481,0.6757718003463927,0.6067671742257447,0.07282449383425063,0.046602170036351566,0.0088423846996999,0.1581417619561354,0.14929937725643552,0.09518592712945852,0.045620560746371636,0.0100774057799516,0.1735002549532692,0.16342284917331762,0.04736783305821319,0.020208501352804945,0.018826860425152,0.0912829890045571,0.0724561285794051,0.05868614881855213,0.025091413300276925,0.0030441140184502,0.1178967963255249,0.1148526823070747,0.048510263837386554,0.01959904665120565,0.0078630053409437,0.0835707125083356,0.0757077071673919,0.06005694818347518,0.02451766024501566,0.011793775071196,0.1123804888400317,0.1005867137688357,0.05153835104436519,0.02217752255635655,0.0104414646647066,0.1004452341907024,0.09000376952599581,0.03716840470618673,0.014371177937499473,0.0070099509938202,0.0623134509534441,0.0553034999596239,0.416339272767168,0.2822637478771382,0.0340869843647667,1.0444422607221346,1.010355276357368,0.14497171284516058,0.0583285365465545,0.0228354058659333,0.224832533827846,0.2019971279619127,0.2616060753112768,0.09322466146444437,0.0584126587183494,0.4336394446442443,0.3752267859258949,0.2903919083988705,0.17886082070661066,0.0666739116872483,0.6002397180538853,0.533565806366637,0.11138800116167034,0.05352340206334325,0.0138963157844859,0.1938224878826876,0.17992617209820172,0.15511582389271716,0.0651743939862867,0.0240374501700192,0.2467748183580052,0.22273736818798598,plausible
Harshika,2,02,6,109,1.08,0.4016761061667595,0.24256762436999457,0.0779154229765777,0.8919668432440419,0.8140514202674641,0.08941949298143373,0.03919085972479609,0.0023931435054975,0.2011340296111485,0.19874088610565102,0.2388210090823389,0.08027241147981871,0.0742517380719735,0.3862512467766836,0.3119995087047101,0.3403390703974092,0.1908049382371356,0.0913445027894721,0.6520748718623579,0.5607303690728858,0.09094495285431445,0.03591411024638898,0.0161756343047441,0.1433029474888309,0.12712731318408682,0.09252928372492707,0.041272460133702546,0.0035452085232333,0.2114116389334399,0.20786643041020658,0.04622195456385492,0.017272438948904484,0.0133811046095215,0.0911499246522284,0.07776882004270691,0.057275624365920055,0.016836514274006363,0.0198719106574276,0.0889008748171424,0.0690289641597148,0.054552146741872365,0.01489164492289996,0.0264545579019615,0.0839626409099293,0.05750808300796781,0.059236198094537694,0.022297035065369585,0.0156147976450548,0.0972987187507457,0.0816839211056909,0.0544603102292501,0.021960697511673368,0.0110175068739662,0.1008454946789937,0.0898279878050275,0.040809110261178526,0.015783895070167416,0.0122239239330024,0.0717373775641872,0.0595134536311848,0.42284274204345024,0.27266732948861405,0.0632033679758455,1.0391503718625266,0.9759470038866811,0.12202447253298052,0.053397122575531926,0.0369129739600231,0.2425601702801604,0.20564719632013728,0.25315792579454305,0.086542915549829,0.0667072800478512,0.4132524235723433,0.3465451435244921,0.30285155004073927,0.19256426112787214,0.0537997622269183,0.6416560622133912,0.5878562999864729,0.0857262577782527,0.041917609724966824,0.0185727052196671,0.1747533339553608,0.15618062873569372,0.12755481368622784,0.057032984070384,0.0273743163256637,0.254696103237146,0.22732178691148228,plausible
Harshika,2,02,7,107,1.0600000000000005,0.40135850959891434,0.2493334520970354,0.0933384583691762,0.923748679783718,0.8304102214145418,0.09410045414146632,0.05807726772793738,0.0130560081589863,0.2294913502748598,0.2164353421158735,0.24154936541216768,0.0833524303750865,0.0582475251411823,0.405930205362971,0.34768268022178866,0.3434334889513694,0.18997622928798522,0.0900159975828854,0.6668583065329124,0.5768423089500271,0.09570451772737608,0.052815498356721356,0.024198504267063,0.2065699239041506,0.1823714196370876,0.10111428843996025,0.06094110893280133,0.0068863701075245,0.2423328933982484,0.2354465232907239,0.05456487226940643,0.012592615180839834,0.0243866572351461,0.0742399266234343,0.0498532693882882,0.06332594812095574,0.02470768083602555,0.0102962988604161,0.1065100968219746,0.0962137979615585,0.05899644965978132,0.02153857531743153,0.0193427219967789,0.0978054292117547,0.0784627072149758,0.06228628147849296,0.02734094084414214,0.0115364325474716,0.1140930951785703,0.10255666263109871,0.06158819236260529,0.025453725315372395,0.0164233944252886,0.1058254994276316,0.089402105002343,0.04493250014670575,0.01716396148166738,0.0078739437869807,0.0784094441111167,0.070535500324136,0.4199094129359819,0.2823312952300506,0.0351700348879296,1.06536556659239,1.0301955317044604,0.16666045482979863,0.07369993470891453,0.043066560634747,0.313723071688904,0.270656511054157,0.2543951075726548,0.08523777625586777,0.0886284199199156,0.4126621249317809,0.3240337050118653,0.3016790179287729,0.1903915587221277,0.0504595754409222,0.6243842330562072,0.573924657615285,0.09936474016055351,0.051716655608401114,0.0147463745500919,0.2022220210589001,0.1874756465088082,0.17616002345843712,0.07616165154935675,0.0401042505721684,0.3231858446489193,0.28308159407675093,plausible
Harshika,2,02,8,111,1.0999999999999996,0.38967003211175344,0.2606027395899095,0.0493491082344379,0.978239285940944,0.9288901777065061,0.09076232973413466,0.03968832406176583,0.0070746949569934,0.1614455207335783,0.1543708257765849,0.23613127964875327,0.0816000622954709,0.0858211976663923,0.3914093461347687,0.3055881484683764,0.3371160157654563,0.1912173702676856,0.0552120376458523,0.6666175546725666,0.6114055170267143,0.09313018825407346,0.03134539116330798,0.0152521685237271,0.1447432058762668,0.1294910373525397,0.0976568377311591,0.04115050679969135,0.0073034351089322,0.1692460190166028,0.1619425839076706,0.05396728889687167,0.013549969026141988,0.0170139545131084,0.0783986969594966,0.061384742446388196,0.047421965966416034,0.018138660087277995,0.0207078697066403,0.0819916391627069,0.061283769456066596,0.04577894481067588,0.01909890784909117,0.0124925337226752,0.0762733849485004,0.0637808512258252,0.07036796888472482,0.03496763205915766,0.0219488082170407,0.1456136168861762,0.12366480866913548,0.06444303929205562,0.033721860223264094,0.0044978357362791,0.1376552603723344,0.1331574246360553,0.05893564611062192,0.02739102618818162,0.0063608020006979,0.1032069057778127,0.0968461037771148,0.3991828104196007,0.27301464502062356,0.0349981582167962,1.0152919623718764,0.9802938041550802,0.11978803804654599,0.06254770615169485,0.012184342039523,0.2481936954938386,0.2360093534543156,0.25121333743105145,0.07363478826673153,0.0474722825794407,0.3715645453952902,0.3240922628158495,0.3052926481221996,0.17560548086790762,0.0785777636235482,0.6139998706659769,0.5354221070424288,0.08871899983289872,0.037082740067912824,0.0201360771531224,0.1771477728581708,0.1570116957050484,0.12358733962052937,0.06714204517628518,0.0217994246244484,0.26312383658825,0.2413244119638016,plausible
Harshika,2,02,9,115,1.1400000000000006,0.32080349589535695,0.2277229692043747,0.0375253416548063,0.8205280259582539,0.7830026843034477,0.06614736816970376,0.026270667425960476,0.0307022513076768,0.1226586937009047,0.0919564423932279,0.199438185814095,0.07090449159963473,0.0583637862910126,0.3629127866763135,0.3045490003853009,0.30316064462519376,0.1884614113057048,0.0642353817659317,0.6530767953343376,0.5888414135684059,0.06486119330566709,0.031798202347800474,0.0215863709341534,0.1260309752278316,0.1044446042936782,0.06883445194493013,0.02765034859032613,0.0306182054931623,0.1276610070384206,0.0970428015452583,0.04895396087516041,0.017230082410904207,0.0167409968663629,0.0917873854108588,0.07504638854449591,0.049070134750042904,0.0179900429574724,0.0133250059326603,0.081390778754257,0.0680657728215967,0.040245508475657915,0.014905777872520858,0.0064392080233927,0.0608774403231368,0.0544382322997441,0.061233670786242866,0.015757146763543926,0.0196410734501779,0.0925614279203116,0.0729203544701337,0.0573535947092076,0.01541975179490169,0.0340923815251271,0.0977881681413908,0.0636957866162637,0.04319185435989046,0.013509950100062252,0.0117878381903054,0.0653595009401175,0.0535716627498121,0.36546328527595767,0.23189854497890905,0.0510082924170114,0.90359410887564,0.8525858164586285,0.11800378755456842,0.050250881230131175,0.0263586527606374,0.1871397298579892,0.16078107709735182,0.22547215153756964,0.07194131575873389,0.0824501502687019,0.3577672363291795,0.2753170860604776,0.27720368001202855,0.17879273975221618,0.0348556190723922,0.599080636890392,0.5642250178179998,0.09931220819866225,0.041573961990219746,0.0246103051346148,0.1802133037560713,0.15560299862145652,0.12380401223880041,0.05185525223142538,0.0217795193258237,0.1986179961260254,0.1768384768002017,plausible
Harshika,2,02,10,127,1.2599999999999998,0.1894844601173322,0.1777815765868725,0.0451725483030934,0.6814266620163679,0.6362541137132746,0.06775313176150201,0.037989026396021086,0.0030245200943088,0.1509132244514788,0.14788870435717,0.12242530615615299,0.07573421611104254,0.0213197758620531,0.2722471313961999,0.2509273555341468,0.19296487415507874,0.16729326623329865,0.0173565798525821,0.6098299920640788,0.5924734122114967,0.059855639203528495,0.028890399449561496,0.0096452574029197,0.1099793134573185,0.1003340560543988,0.0736450632438664,0.04108154881262666,0.007603922550355,0.164856606938363,0.157252684388008,0.052372609736060706,0.020328542384210203,0.0221203674430656,0.0866650544986499,0.0645446870555843,0.057686814502753515,0.026233555299290206,0.0240060835344698,0.1167360199061182,0.0927299363716484,0.048498175251382135,0.02010246206577612,0.011397502020041,0.079271540313258,0.067874038293217,0.06490779407399482,0.029717838135754113,0.0119701085615174,0.1256178555054364,0.11364774694391899,0.056052636759201614,0.024835389700347075,0.0098336987766188,0.0991672933221605,0.0893335945455417,0.05045249891463618,0.02587499331713492,0.0026617174604479,0.0967210383856552,0.0940593209252073,0.15216400606154393,0.10376370428351273,0.0487735927922661,0.4223155342256608,0.3735419414333947,0.09148146189161964,0.03412712919987835,0.0197424187022031,0.1507176719043235,0.1309752532021204,0.13082144268739007,0.056029673250626966,0.0021269563452311,0.2146575882059584,0.2125306318607273,0.16061209837672089,0.12938727710651698,0.0387931946041384,0.4575927635129817,0.41879956890884334,0.08287257409668684,0.031448044506379016,0.0154086487339327,0.1561811381918015,0.1407724894578688,0.09930117282043043,0.03235319959749971,0.0355238716364462,0.1550343115224489,0.1195104398860027,plausible
Harshika,1,02,1,122,1.21,0.4171349545426634,0.26747183865071983,0.0649873104438304,1.0128847488536676,0.9478974384098372,0.1152873177586788,0.03256579348989836,0.0059419069855947,0.1847648176043181,0.1788229106187234,0.22862153999299573,0.07229340038779711,0.0552710525039975,0.3328170740254868,0.27754602152148933,0.34629480574204896,0.19008536041825588,0.0625207214007175,0.6465027350978283,0.5839820136971108,0.06018894582797346,0.016476628525388025,0.0303382862404185,0.0879362141147043,0.057597927874285804,0.139489380570946,0.038713410456332094,0.0341114154696199,0.1899259581534146,0.1558145426837947,0.05016919377432425,0.01556775040866202,0.0165286207342115,0.0816462311654716,0.06511761043126009,0.06319875572645989,0.016346121589765023,0.0167953757006759,0.092328470629597,0.0755330949289211,0.049583815871382816,0.018236893466176473,0.0171915358096494,0.0969886737773147,0.0797971379676653,0.06679377662286771,0.01773172269631511,0.0321798783921401,0.1017100489321443,0.06953017054000421,0.0686358981096188,0.014733290752512241,0.042083240472959,0.1092616423910903,0.0671784019181313,0.06344980212630974,0.014044506384079234,0.0208782386674533,0.0846886097729613,0.063810371105508,0.3795503297335913,0.2936655936569129,0.0419153315576693,1.0779201058476175,1.0360047742899483,0.20311738203591478,0.08436763466907538,0.0428640825722283,0.3476430476786852,0.3047789651064569,0.26803952633582157,0.09358778745547865,0.0682582139662787,0.4190043094022344,0.3507460954359557,0.3396064024187066,0.19496373279022716,0.072275136808133,0.6827531235046652,0.6104779866965322,0.12573207426182215,0.05603350678477018,0.0361907347416728,0.2327664242582793,0.19657568951660648,0.2125241204791796,0.08443827831150505,0.050564374987988,0.3521554480102327,0.3015910730222447,plausible
Harshika,1,02,2,110,1.0900000000000003,0.4100780186006003,0.23171893906045377,0.0988960451844781,0.9073397567175716,0.8084437115330935,0.11404486598133244,0.05372931952616166,0.0044267687884792,0.2067337418097483,0.2023069730212691,0.23500243835633064,0.0803706470851819,0.0622296336214656,0.398338032087041,0.3361083984655754,0.343724945496019,0.1952660602002685,0.0622303261017123,0.6584213498399624,0.5961910237382501,0.09464284300252312,0.052076383716179446,0.0064374201283321,0.1969505815170935,0.1905131613887614,0.11957674183859025,0.054689836258309525,0.0235775915541817,0.2073017963114282,0.1837242047572465,0.07244613052259997,0.022018767189172946,0.0291046806076782,0.1131798196929162,0.084075139085238,0.08817363985299488,0.02716436117597795,0.0248276857636019,0.1318023114125881,0.10697462564898622,0.07972466068748621,0.027384354975564566,0.0177702054819985,0.1339845722168281,0.1162143667348296,0.07421416963935575,0.02508905275601627,0.0225673845240089,0.1244316785394278,0.1018642940154189,0.07215850609609868,0.030747089405087295,0.0175798249731412,0.1343446556781345,0.1167648307049933,0.0539743305890795,0.019904558159111838,0.0204556617495627,0.0914883322053552,0.0710326704557925,0.424019709547706,0.28412225837598676,0.0586905912317738,1.0456156427224883,0.9869250514907145,0.22025663770347914,0.10251981905181595,0.0593824112756173,0.3835837420286312,0.32420133075301394,0.26289004012228706,0.08427942358709496,0.0763539767286515,0.4149457143570612,0.33859173762840966,0.31451702539809967,0.1906967600968721,0.038234444647086,0.6228834338799853,0.5846489892328993,0.1482842005635546,0.06816273742169987,0.0243899446220136,0.2436450599535926,0.219255115331579,0.22389191505444833,0.10554771196473792,0.0597236183834189,0.3848578237464169,0.32513420536299803,plausible
Harshika,1,02,3,111,1.0999999999999996,0.41065964134149485,0.24872614509638172,0.0602978001440534,0.912194947164781,0.8518971470207276,0.07846449280571562,0.046831625075708774,0.0202637441671431,0.1985370738029908,0.1782733296358477,0.22834872372538734,0.08146245957545915,0.0609835711572184,0.3728368025602562,0.3118532314030378,0.34842237759088274,0.2018511422706563,0.0595374742721162,0.6701330557833454,0.6105955815112292,0.08487500252095201,0.05456015103448512,0.0247668640007891,0.2041482269312041,0.179381362930415,0.08688640527574439,0.05162983076077969,0.0171304506906384,0.2191206469012064,0.201990196210568,0.043367444798815505,0.015945168329271522,0.0111372820332834,0.0758678265226252,0.0647305444893418,0.04990693918735342,0.022309905260896483,0.0139714738210117,0.0983023069662106,0.0843308331451989,0.044224823420262106,0.019280489910342428,0.014195645164819,0.0846829363902871,0.0704872912254681,0.06049769871541344,0.03350635635026212,0.0038393157793754,0.1372954771377884,0.13345616135841298,0.04905292324695422,0.02483450433027685,0.0027221941595233,0.1065146238835812,0.1037924297240579,0.04677752448109618,0.014855869538551818,0.0224776406817274,0.0827443841522138,0.0602667434704864,0.42672826206129194,0.28608412442179226,0.0265473749823843,1.0662329650599731,1.0396855900775888,0.15519993755229036,0.07436078867071666,0.0188954362188947,0.2788312524594484,0.2599358162405537,0.2597091140735241,0.08604458238699547,0.0587940821259684,0.4090312841483276,0.3502372020223592,0.3540608315350728,0.19010904920229627,0.0739806678403466,0.6732265431802343,0.5992458753398877,0.11077218827078877,0.045510835514545385,0.03353939718122,0.2218819968893598,0.1883425997081398,0.16321588858708783,0.07482107674482641,0.010075360446653,0.2932192014576393,0.2831438410109863,plausible
Harshika,1,02,4,110,1.0899999999999999,0.40403644092782354,0.2437498656871671,0.09887248033486,0.932475238861969,0.8336027585271091,0.10575698347304481,0.04753242141089357,0.0263659215222752,0.1996247743772513,0.17325885285497608,0.24986169204670525,0.07710715292509947,0.0816536735455835,0.4063793234984162,0.3247256499528327,0.34125702641799227,0.19511825708847086,0.070448159494774,0.6727984961698578,0.6023503366750838,0.09295281557863679,0.04611711110488023,0.025407748749159,0.1790705698307168,0.15366282108155782,0.1164382580654179,0.05095135416189691,0.0299262526261146,0.2194077420964871,0.18948148947037252,0.061269182383761576,0.01613766888239121,0.0147728457619049,0.1033744278891504,0.0886015821272455,0.079745827224612,0.019113852046507254,0.0223434153645927,0.1034051521174631,0.0810617367528704,0.06783861524499643,0.019468308099998114,0.0212589867605217,0.1093434742260426,0.08808448746552089,0.06965644027035592,0.030628365430408134,0.0119484838012526,0.1215108745510534,0.1095623907498008,0.06920654147921176,0.03020768627153551,0.0177688527960587,0.1226842537188744,0.1049154009228157,0.05439551705243826,0.029786794957365595,0.0087303117070816,0.113044795477603,0.10431448377052141,0.43722388435900283,0.2743062545038904,0.0794234017188257,1.029553890191114,0.9501304884722884,0.1906768517457989,0.08745746772351266,0.0537094722189625,0.3593156693067956,0.3056061970878331,0.2691424738812222,0.08053360032853692,0.1066275167095364,0.4215024120199944,0.314874895310458,0.3421550960431224,0.19641281527770765,0.0515020426794582,0.6530264975501708,0.6015244548707126,0.11724333227929933,0.05707568474553815,0.0069148587480154,0.2095442359446442,0.2026293771966288,0.19869693374808134,0.08163829996950875,0.0700578505702906,0.3601275712598797,0.29006972068958914,plausible
Harshika,1,02,5,111,1.1000000000000005,0.40274887462106695,0.25349568518759236,0.081008831586877,0.9350566330158948,0.8540478014290178,0.07892180589210046,0.03660943044399665,0.0161000212760357,0.1659026050587034,0.1498025837826677,0.23639568744938846,0.084223981545974,0.0671284767417153,0.3960828946757432,0.3289544179340279,0.34792615891768564,0.19223339335199757,0.0811157902944114,0.6669642222737745,0.5858484319793631,0.07893426542933754,0.0484933087384723,0.0116321355133937,0.183561902839642,0.1719297673262483,0.08436425501171846,0.04151211138072941,0.0140523879530067,0.1751913684008066,0.1611389804477999,0.04785620228329409,0.02173934839411825,0.0007664817172745,0.1065210263549944,0.1057545446377199,0.061244213800857566,0.03126511255985877,0.0047330659558457,0.1365823118494828,0.1318492458936371,0.04827379617223097,0.023513527997968485,0.00972411459775,0.1001598666228408,0.09043575202509081,0.06742801185555916,0.03161747421029295,0.0193695935980303,0.1431237281516747,0.12375413455364441,0.05692760071706147,0.0299139397610005,0.016206846747201,0.1312157838454115,0.1150089370982105,0.04599162226183457,0.01737381491513458,0.019316852286379,0.0814842820564263,0.0621674297700473,0.42912142483110893,0.28922304035383967,0.070678655225893,1.0891863475942325,1.0185076923683396,0.14888461301899875,0.06615546315000455,0.0349573275616286,0.27540980160124,0.2404524740396114,0.26055311429022504,0.08757637151601536,0.0743157289394671,0.4299363501946149,0.3556206212551478,0.3304842488392125,0.19749240870087043,0.0635757948086304,0.6449562989643639,0.5813805041557335,0.12383136123978153,0.05286863207691387,0.0148743229317925,0.2320576595782093,0.2171833366464168,0.15675157976435133,0.07216654613997711,0.0311270694195916,0.30680773700892,0.2756806675893284,plausible
Harshika,1,02,6,111,1.0999999999999996,0.395451827163116,0.2608441907513586,0.0423704378558929,0.9585829235620597,0.9162124857061668,0.0895692193322106,0.043860031116759915,0.014791716654849,0.18107052887397,0.166278812219121,0.25099519127223074,0.08448112706694304,0.0783652029089773,0.4190989578240286,0.3407337549150513,0.34715925101450473,0.19335727329847013,0.0771900661771297,0.6707642323166131,0.5935741661394833,0.07730857598717254,0.04006429216532242,0.0245502676570166,0.167202526095935,0.1426522584389184,0.09716942351588675,0.04752093382178022,0.0087080687316404,0.188797709710897,0.1800896409792566,0.05761541690478207,0.01722907184622745,0.0186477736884896,0.0796997420713959,0.06105196838290629,0.07140958081153745,0.02010436076000625,0.0108364483118051,0.0976511761506826,0.0868147278388775,0.0651385837775715,0.018636819189429766,0.0198206296472719,0.099201065443412,0.07938043579614011,0.06730233777459058,0.025723323866285883,0.0181311909844042,0.1230680749729361,0.1049368839885319,0.05921641032293192,0.021085271809785783,0.0117805598554933,0.0940432993757826,0.0822627395202893,0.040211489959998785,0.01744243399584528,0.0089026787204396,0.07992385432328,0.07102117560284041,0.4211300540371539,0.2885798673568591,0.0385180208063694,1.0652212853711074,1.026703264564738,0.1935049507919108,0.0967553834092954,0.0524918257233699,0.3617811507706452,0.3092893250472753,0.2572770688332361,0.07813882807893623,0.0778556097053829,0.4057783442206462,0.32792273451526327,0.33965302887105225,0.19044169811141978,0.0694832760721553,0.6489294362485044,0.5794461601763491,0.10654266579708768,0.0462532024407287,0.0243753153684053,0.1672866886953644,0.14291137332695908,0.2034628820741616,0.09275087308595033,0.0676461961995902,0.3755819358993296,0.3079357396997394,plausible
Harshika,1,02,7,111,1.0999999999999996,0.38733528695312386,0.2350157676240756,0.0320434000811106,0.925326385118514,0.8932829850374033,0.08949960801388727,0.03735070592033546,0.0229880300639195,0.1698183091696404,0.1468302791057209,0.23701058778131046,0.07630339728385599,0.0707316478222664,0.3899945909700155,0.31926294314774906,0.32863588439539015,0.19602544669325747,0.0462366199566546,0.6590578989769166,0.612821279020262,0.08715954180346892,0.041728232202986035,0.0161435292949383,0.1599631922863954,0.1438196629914571,0.09613969408189274,0.03886293922849598,0.0273434358139207,0.1791521909692974,0.1518087551553767,0.05017392150300255,0.014767641119881832,0.0161561871753191,0.0815764653735446,0.0654202781982255,0.06470864551575414,0.020105084109027557,0.0133828782261618,0.1022192077416101,0.0888363295154483,0.0517725378196614,0.016793634479109625,0.0156503744162084,0.0857783458673349,0.07012797145112651,0.06497916183756351,0.030866337533524107,0.0109615792799139,0.1223605984309977,0.1113990191510838,0.06150925784597363,0.030533631686560578,0.0065088709909448,0.1151764867797725,0.1086676157888277,0.042222777645049614,0.024129965377204438,0.0087237045388404,0.0980965032050063,0.0893727986661659,0.422213528012998,0.27239975535381883,0.0842550564561298,1.04974080776161,0.9654857513054802,0.16761366712156278,0.09208637963107136,0.0137166166901009,0.3481989711531952,0.3344823544630943,0.2577965149954978,0.07518905696718343,0.0929430659924531,0.3884766245288214,0.2955335585363683,0.3255064414888506,0.19423969423166562,0.0270987684769401,0.6534584808488929,0.6263597123719528,0.10188903168990213,0.048002228887638713,0.0085883838074322,0.1837099998394969,0.1751216160320647,0.17137201434959706,0.08963873136609886,0.0109633780968296,0.3482259216590279,0.33726254356219826,plausible
Harshika,1,02,8,114,1.129999999999999,0.37217593955574696,0.24908721792467206,0.0530704465940107,0.9214345694110766,0.8683641228170659,0.09088043196969055,0.041769101192926275,0.0165960186199262,0.1752052770768926,0.15860925845696638,0.21675522903372424,0.07572173420345428,0.0764749849452767,0.369464201758814,0.2929892168135373,0.32502028906501174,0.18022158345514677,0.0749953200655439,0.6465587507191531,0.5715634306536093,0.08316420817414534,0.047041781571686474,0.0139459335551908,0.1761372544008983,0.1621913208457075,0.09599478271888362,0.04485739194892971,0.0104871514336911,0.1804360909612265,0.1699489395275354,0.05724080899302759,0.02389396349346444,0.0236862593936004,0.1079320260048425,0.0842457666112421,0.06890985897971581,0.031933306066195814,0.0160760822460564,0.1356174581342812,0.11954137588822479,0.0598109265921091,0.02973945839176737,0.0196946383769395,0.1133079923110769,0.09361335393413739,0.06438571021177196,0.022776187102475448,0.0262477881538769,0.1231370965386923,0.09688930838481541,0.05985860732744195,0.023355559193143447,0.0140003770743468,0.1217249285970927,0.1077245515227459,0.04127428891979973,0.016274433666616683,0.0040000426199799,0.0732791963514134,0.06927915373143351,0.41396659326247165,0.2855706384757415,0.0304213618287319,1.0221887765988504,0.9917674147701185,0.19428298768508173,0.0933149780047823,0.0177144650846503,0.3541601102466789,0.33644564516202863,0.24439036827986033,0.08176042344933539,0.0585701507640082,0.3884382377214685,0.32986808695746034,0.34192745999752294,0.1839887982787247,0.0655478390032141,0.6411992586504582,0.5756514196472441,0.13335277974843626,0.0581654708629028,0.0150435479662647,0.2282307198777283,0.2131871719114636,0.20779859669082784,0.09674091382985553,0.024540960764765,0.362448175057839,0.337907214293074,plausible
Harshika,1,02,9,130,1.290000000000001,0.34153606240674483,0.23759131767164274,0.0319608692955064,0.9198259475304924,0.887865078234986,0.08487909403358579,0.027106468410814984,0.0267787804167835,0.1343453593126596,0.10756657889587609,0.1911132112682194,0.07799384966873901,0.0576787208873886,0.3531499791042051,0.29547125821681647,0.3177836222227884,0.17391281240976517,0.0732248297790928,0.6336587855936519,0.560433955814559,0.07382634971996117,0.03201634960288295,0.0177427818167119,0.1418904320016763,0.1241476501849644,0.09009904291219165,0.029313990233354254,0.033641056747998,0.1440042210853968,0.11036316433739879,0.05556210568366603,0.01970219396728079,0.0143967335391457,0.0862337388752565,0.0718370053361108,0.04970991531894868,0.018831753037668476,0.0153185191160073,0.087481827456764,0.0721633083407567,0.049714278179935095,0.02098782427846601,0.0086807672459086,0.0868091661401335,0.07812839889422489,0.058314946347152605,0.024093886866679636,0.0149729921803689,0.1200343394774557,0.1050613472970868,0.05661398249490236,0.024411565821356902,0.0100260972534252,0.1117325451778414,0.1017064479244162,0.04101739757496465,0.01936128383816229,0.0041488368998738,0.0878180333700751,0.0836691964702013,0.3354348026110426,0.24594597571289953,0.0847737313379185,0.9203793335079552,0.8356056021700367,0.13433644483286522,0.06551183095297702,0.0190851048390015,0.2554119937517866,0.23632688891278508,0.22881754534058388,0.06630642756031808,0.0709755698475096,0.3504166665052847,0.27944109665777506,0.32191386596349586,0.17869659788609615,0.0366189472201348,0.6625950108832888,0.625976063663154,0.09458110262540159,0.04760953669799348,0.0199608456711794,0.1799071803781066,0.1599463347069272,0.1458925284787289,0.07061078943324137,0.0247560342443592,0.2714058771326801,0.2466498428883209,plausible
Harshika,1,02,10,148,1.4699999999999989,0.12768934161613385,0.13221922960442412,0.0444205131387845,0.6581503882551427,0.6137298751163582,0.11579941699377996,0.03529837894256894,0.0592088169853385,0.1950061589419128,0.1357973419565743,0.10461119876438979,0.047436757749282556,0.0150681196786724,0.2184696715528229,0.20340155187415052,0.1218007421579999,0.11344475376487516,0.041822032191803,0.5463436467469647,0.5045216145551616,0.09325470361924426,0.03960776658097416,0.0108831333190369,0.1676603599140518,0.1567772265950149,0.1234876292792113,0.03626010847799304,0.0620982612139251,0.2045380217447887,0.1424397605308636,0.0778121322598524,0.031663070007308086,0.0141665240814725,0.1338272538163274,0.1196607297348549,0.08154650981557941,0.0341375745418889,0.0229396093688298,0.1453145992011026,0.1223749898322728,0.08448435322326844,0.03176437383169444,0.0255412763378996,0.1418392850423153,0.1162980087044157,0.06312258587371253,0.03133397115844539,0.0146073593450433,0.1218663631305964,0.1072590037855531,0.05612451399683016,0.031001863504002206,0.0074046852370079,0.1130959545627232,0.1056912693257153,0.056603640550904624,0.02422654454994647,0.0142160816312828,0.0918422061669366,0.0776261245356538,0.11195196481576251,0.05713320114379461,0.0372006883684113,0.2317615554833904,0.1945608671149791,0.13888735891547777,0.06433192672084137,0.0386655927509069,0.2580770086731012,0.2194114159221943,0.13172160569894226,0.06635771757629338,0.0369585236074361,0.261296857291754,0.2243383336843179,0.14676215473940812,0.05865356024214596,0.072558171834173,0.2752825868344995,0.2027244150003265,0.08058282501275336,0.036657604419799567,0.0143797741176698,0.1448714820886485,0.1304917079709787,0.14530496397476153,0.06816954502777782,0.0331378437633689,0.2740906610436172,0.24095281728024828,plausible
Muthuni,3,01,1,143,1.4200000000000017,0.22968928278147543,0.14978745606204374,0.1104093237129932,0.9232382909556048,0.8128289672426117,0.1032216173693399,0.03362996032451539,0.0289790506449528,0.1647633901117604,0.1357843394668076,0.11284938159488214,0.06143003950989739,0.0323888916026772,0.2771093236795362,0.244720432076859,0.23168531918208427,0.14228007850909988,0.0473311750120191,0.6380290465770352,0.5906978715650161,0.02954116907468491,0.022112272586849644,0.0107602441705823,0.0792264895390929,0.0684662453685106,0.10318819578727596,0.05004689189507332,0.0293249416621598,0.1984577177780513,0.1691327761158915,0.030484877884820398,0.018809711600422482,0.0116366012954518,0.0625326297442354,0.0508960284487836,0.03242595357851623,0.017726219802688722,0.0120308323801026,0.0630599249415628,0.0510290925614602,0.03126146081656256,0.020319727786042123,0.0109814826052002,0.0646997242336648,0.0537182416284646,0.09376353592989146,0.03367666904759776,0.0198857996823722,0.1510921824570674,0.1312063827746952,0.06350401112609844,0.022366703207890377,0.0255506116976467,0.1090305067910296,0.0834798950933829,0.06456910057146366,0.025127800084057208,0.0128938114163739,0.1101775125834055,0.0972837011670316,0.36936477137563606,0.2669504779585531,0.1115913459236416,1.0149736239139369,0.9033822779902952,0.065129908696702,0.03824568239429055,0.0191397821614288,0.1268176090791686,0.10767782691773979,0.04558245903196234,0.025039744271109318,0.0163278018501026,0.1179545833095689,0.1016267814594663,0.2615557634660082,0.18684761199851904,0.0229412129170484,0.5703870544319645,0.547445841514916,0.034598966364267514,0.022597186549126253,0.0179724680749354,0.0907318319639755,0.0727593638890401,0.06325193242533546,0.03757000365811567,0.018579255667169,0.1272905797726974,0.10871132410552839,plausible
Muthuni,3,01,2,107,1.0599999999999987,0.45122179923216366,0.2533848430615311,0.1572316979285844,1.0508438926607666,0.8936121947321822,0.13205943119371744,0.0688070836001063,0.008942925761888,0.2525286432808163,0.24358571751892832,0.22641516509860135,0.09030991305786822,0.0532989565931161,0.3723033038414806,0.31900434724836446,0.30712658081444955,0.21310806636865418,0.014382372528279,0.6790783281983079,0.6646959556700289,0.07338242389643768,0.036364003170419136,0.0086397484198237,0.1353563300621904,0.12671658164236668,0.13227626373793402,0.04769252236548534,0.0307498511823855,0.2174481103770775,0.18669825919469202,0.03375267404331958,0.010490634756516033,0.0152864258385549,0.0540616671601979,0.038775241321643,0.038679985619031784,0.008161196516350111,0.0205923372445642,0.0563980644910769,0.035805727246512695,0.0381379130854129,0.012785119251478513,0.011800641985378,0.0579126667130077,0.0461120247276297,0.1132319936788661,0.009507093321143354,0.1025722938916253,0.1332438547860499,0.03067156089442459,0.030371606333897183,0.008281132857660953,0.0145159449144342,0.0455603741694763,0.031044429255042104,0.03343692487606187,0.010517517174933825,0.0130012522475622,0.0471410808094873,0.0341398285619251,0.41749661667344024,0.26400040807162295,0.1277690349765362,1.034701678216681,0.9069326432401448,0.14032224955464628,0.0525016276094412,0.0222011115740732,0.2209582205749481,0.1987571090008749,0.2362229260983456,0.0757571547757126,0.0923554801211816,0.3675261050430857,0.2751706249219041,0.2716323528522395,0.1838947892817016,0.0225144930683002,0.567626682382724,0.5451121893144237,0.060590664910816494,0.017927416646269463,0.0241933410825409,0.0878589073519894,0.0636655662694485,0.1494000237029084,0.05866316416072413,0.019245597509141,0.2429125687089541,0.2236669711998131,plausible
Muthuni,3,01,3,124,1.2300000000000004,0.4292720416836638,0.2559650830225356,0.1648448190284905,1.0264167667320492,0.8615719477035587,0.15125526727691588,0.09071196746887553,0.0143429755333495,0.3141007983598345,0.299757822826485,0.2118455099405648,0.07512149581138151,0.0788365003416353,0.3461982729613507,0.2673617726197154,0.3286539292378542,0.19361650600823638,0.0416471943946429,0.6482702448964268,0.6066230505017839,0.06904698459165035,0.038378743203125634,0.0158729533962483,0.149229166355824,0.1333562129595757,0.15275992199972607,0.06070114741652161,0.0195532511571253,0.2609096553532343,0.241356404196109,0.037306490809986874,0.013778231001302063,0.0047960454777085,0.0666900327497336,0.06189398727202511,0.04480779519412854,0.012513570979708455,0.0166052691710436,0.0760934471583502,0.0594881779873066,0.040645849970918344,0.013898658681301586,0.0119738223455037,0.066976013280704,0.0550021909352003,0.2085343605404621,0.09355935849792449,0.1002931328338096,0.3736029697695502,0.2733098369357406,0.18936617599107478,0.10597863865169063,0.0390981892142644,0.3502705745291984,0.311172385314934,0.20111604592621074,0.10792633223442055,0.0462408395212333,0.3572258964484584,0.3109850569272251,0.4085574606153981,0.2437945396427168,0.1480015914309688,1.023349215567506,0.8753476241365371,0.11956186550691043,0.040976145904710486,0.0255056073412585,0.2012267647679914,0.1757211574267329,0.22662660383645558,0.08072255373294926,0.0520452200743289,0.3564648827410031,0.3044196626666742,0.29023629029105175,0.16922632402905494,0.029486759862963,0.5578815516345645,0.5283947917716015,0.0845624241095057,0.03269611348520063,0.0196456857847449,0.1371288898832244,0.11748320409847948,0.1343315308153777,0.04674751273178585,0.0376322328490789,0.2261665138039557,0.1885342809548768,plausible
Muthuni,3,01,4,117,1.1600000000000001,0.42643567164776236,0.26071253020963014,0.1260323962296515,1.027775618288424,0.9017432220587724,0.1606204964665531,0.09585305525274107,0.0081474454246638,0.3442092127211598,0.336061767296496,0.21330050293110822,0.08029970034171521,0.0568740227563445,0.3472050046137797,0.29033098185743517,0.33476644506921593,0.17773072425093567,0.0361256595381609,0.6400916986972088,0.6039660391590479,0.10528413278266478,0.04771776472703643,0.0131526639028633,0.1893532830181634,0.1762006191153001,0.17368957080989122,0.07235546873444118,0.0059548401992279,0.2971252462774574,0.2911704060782295,0.041495298526457974,0.010488710159008935,0.0217228326933664,0.0599482072372187,0.0382253745438523,0.04974521255341472,0.0105808740022353,0.0216140625472557,0.0627636336882064,0.04114957114095069,0.0479036437838541,0.014591480830884086,0.0166479689953979,0.0723458406176201,0.0556978716222222,0.2683562729357196,0.09921672023931871,0.0677230159693292,0.4010884341462296,0.33336541817690035,0.2482009634089934,0.09803549067668009,0.0363389912544398,0.3765665347518419,0.3402275434974021,0.24098560918928888,0.09609451395616977,0.0338176659101014,0.3694016454321071,0.3355839795220057,0.4286219800005866,0.2632485243051633,0.1156220434019446,1.0457350802726282,0.9301130368706836,0.1811830554717942,0.07125843745393141,0.0367458585485612,0.3573782893139449,0.32063243076538367,0.23241373969043844,0.08527666131989617,0.0800498671757296,0.3789542086176238,0.2989043414418942,0.2931741032408677,0.17151791944805472,0.043826308317589,0.5616462319366511,0.517819923619062,0.0786705734255032,0.031187560021393515,0.0119776470898141,0.1297738116536696,0.11779616456385551,0.20872411800949842,0.07789667482660503,0.0529864447566916,0.4056435474486842,0.3526571026919926,plausible
Muthuni,3,01,5,116,1.1499999999999986,0.4527753739214021,0.2638624662588591,0.1464645856810899,1.0600356158335262,0.9135710301524363,0.1658909667429512,0.08741819356936724,0.0054093350589441,0.3350032325866238,0.3295938975276797,0.22399197872423623,0.08511162745055088,0.0736676792814375,0.3679511001565191,0.29428342087508164,0.3447733530286879,0.18141634831774156,0.041334074899128,0.6992355984819533,0.6579015235828253,0.09826133343041166,0.036108223820664205,0.0136736242266703,0.1428593920729851,0.1291857678463148,0.17968082103845695,0.06278976120263247,0.0336248421285316,0.290744941831964,0.25712009970343236,0.03250984385032269,0.008283619486884119,0.0095937942233462,0.0448492386576768,0.0352554444343306,0.03414584416511645,0.008952649246540293,0.0082850717253503,0.0484065251916055,0.0401214534662552,0.03635308653917874,0.010722711084159193,0.0108212336766222,0.0579127247105667,0.0470914910339445,0.3303108821902351,0.041100303841999704,0.1954776613332351,0.3789473354781704,0.18346967414493529,0.3290592750401763,0.04452206400396972,0.1835383591892849,0.3875360983470644,0.20399773915777947,0.3243420501650657,0.03628065834727222,0.199489356231018,0.3696928017691446,0.1702034455381266,0.4395078585706103,0.2349596038895625,0.177685079996103,1.021751650254754,0.844066570258651,0.12318240818763297,0.03379906208705408,0.0198926617243436,0.1672087569625299,0.1473160952381863,0.24286957295755798,0.08801220750985106,0.0488863736697278,0.3733910378537681,0.3245046641840403,0.2948974473728321,0.16827522609081466,0.0386523632279121,0.554407659975746,0.5157552967478339,0.06818768751559243,0.02758407649488313,0.0211891004806321,0.1123084595525883,0.0911193590719562,0.1453670768542334,0.036006797364927894,0.0234911541994622,0.1968346164773567,0.1733434622778945,plausible
Muthuni,3,01,6,114,1.129999999999999,0.44146426580249976,0.2607476165661195,0.1327772295819425,1.0383199769577116,0.9055427473757691,0.18345688518289985,0.0879728350884642,0.020385946899456,0.3430926207179438,0.3227066738184878,0.22462706433345764,0.0825892655969008,0.0606711993604372,0.3615862504052617,0.3009150510448245,0.3678135384921478,0.1866896725869719,0.0497925548306883,0.7424356686817541,0.6926431138510658,0.12822674195630163,0.061659522000624564,0.0095142295577036,0.2116267201568301,0.2021124905991265,0.208603433652482,0.07752187289264482,0.0305384635886998,0.3369959224206419,0.3064574588319421,0.04247790261076297,0.011995402828636694,0.0191128396338576,0.065668034006365,0.04655519437250741,0.05359472806198786,0.014043145137084401,0.0240193481644894,0.074009524207875,0.0499901760433856,0.054632128980674106,0.01762407324078313,0.0163071435628403,0.0894484164351434,0.0731412728723031,0.1117568690946134,0.058506002210204834,0.0331338603417437,0.2477976724789983,0.2146638121372546,0.10918255837499097,0.06142747123027294,0.0263675714959034,0.2518138808952118,0.22544630939930838,0.12069790325030155,0.060743483923652294,0.0385818173042062,0.2577430552228802,0.219161237918674,0.42802434620360397,0.24441742263511765,0.1428556656777047,1.0214604891042418,0.8786048234265371,0.16979481600142643,0.05735153963739591,0.0203074261294191,0.2543851835318685,0.2340777574024494,0.23453831551851526,0.08048792650515185,0.081619108804097,0.3742790209442876,0.2926599121401906,0.29000897468619746,0.16545765046658278,0.0246751176996997,0.5400792240783272,0.5154041063786275,0.0864384834955645,0.0374274693478442,0.0165925467007526,0.1587654674833501,0.1421729207825975,0.20566138542803886,0.05978221315201905,0.0582238130622136,0.2882095917243213,0.2299857786621077,plausible
Muthuni,3,01,7,115,1.1400000000000006,0.43970769291597883,0.27327845629793884,0.1061369287365831,1.0706443812980366,0.9645074525614535,0.1815386374665171,0.08070556808607038,0.0100144115332482,0.3561035223448392,0.346089110811591,0.23122696109541147,0.08666878750546364,0.0784260443240645,0.3811179470412944,0.3026919027172299,0.38049841847955534,0.19684784276537448,0.0646560776349245,0.8022949834370111,0.7376389058020866,0.10890880967045315,0.04695997591619341,0.0196513825261099,0.1996237407779085,0.1799723582517986,0.19215024109946055,0.0618306072552235,0.0899402660576656,0.3156052011324356,0.22566493507477003,0.034354359640349004,0.012278618175975834,0.0065406457263221,0.0603671403991659,0.053826494672843804,0.038100041805417886,0.011658327354593025,0.013000613478337,0.0683045365196391,0.05530392304130209,0.041431423398439624,0.015358390927368758,0.0059165904611434,0.0698840818405838,0.0639674913794404,0.033433214381892035,0.0031210370157720964,0.0289573607563366,0.0404471125977477,0.0114897518414111,0.017426036019126626,0.004587001520105456,0.0109236330550816,0.0287386636454539,0.017815030590372302,0.024151726468614538,0.0056286017911120634,0.0176453765513383,0.0398567366686695,0.0222113601173312,0.426998921590947,0.2563391104820547,0.1365503373264712,1.0434675947813317,0.9069172574548605,0.13872321690066575,0.04778338709110259,0.0196119453123845,0.2175553916058362,0.1979434462934517,0.22857706983687753,0.08059355372239838,0.0583497596650828,0.3686595534286555,0.31030979376357265,0.2953397069369394,0.1734989489338057,0.0257093672812809,0.5609991589133895,0.5352897916321085,0.08070525486355429,0.041957276561785106,0.0075248748300076,0.1598439083482245,0.1523190335182169,0.17755625136196299,0.059740192505553,0.0461190148976046,0.3128228812882834,0.2667038663906788,plausible
Muthuni,3,01,8,114,1.129999999999999,0.43965619138210127,0.2571316303872905,0.140502966922895,1.0202856836715684,0.8797827167486734,0.1603425644878114,0.048202803882782475,0.0864236046995008,0.2511922713296195,0.16476866663011872,0.21919771148585804,0.0888565754221617,0.0565856082097621,0.3834879312375675,0.3269023230278054,0.3927356590309881,0.2129422897218278,0.0512400571116624,0.8370638652621952,0.7858238081505329,0.09929819074669917,0.0441747543253233,0.0030711430895968,0.1533301820101393,0.1502590389205425,0.17642808767514426,0.054163219637352246,0.0918742313462879,0.2883319680408761,0.19645773669458816,0.03315105448336364,0.010140552044266966,0.0081192921148281,0.0522877768359302,0.0441684847211021,0.03593682131568929,0.011001092824722603,0.0127572883628995,0.0625584304628351,0.0498011420999356,0.03699545563361153,0.01296061143158934,0.0055847700490821,0.0543964066416575,0.0488116365925754,0.037251346320902906,0.015976274074631296,0.0062084643822728,0.0762212799130709,0.0700128155307981,0.034243058921532656,0.026511070066954016,0.0037474885914517,0.102275334034764,0.0985278454433123,0.04174294192154432,0.019515093558291615,0.0090873031044198,0.0952618444109615,0.0861745413065417,0.43474960521758993,0.23637684799091047,0.1694333090125601,1.020792442127152,0.8513591331145918,0.13741265449529552,0.03962688992309805,0.0576887002290189,0.2151115348352976,0.1574228346062787,0.23276682448374006,0.08249256418706148,0.0704462100553574,0.3760369643440029,0.3055907542886455,0.29890281666323293,0.16886035379314746,0.0183001476292183,0.5555259697124307,0.5372258220832125,0.08773865639847427,0.028389589812806,0.0259034228429285,0.1404281027640316,0.11452467992110309,0.17592136840993491,0.04633592105616024,0.102235488586295,0.2715775575835226,0.1693420689972276,plausible
Muthuni,3,01,9,114,1.129999999999999,0.4402345245179232,0.26749359030277103,0.1426598198766352,1.0432300851911922,0.900570265314557,0.1681009272722126,0.058982887561995934,0.0695034885133903,0.2824420420641577,0.21293855355076738,0.21714740294859494,0.07862982362282929,0.0827383560917827,0.3618197689032378,0.2790814128114551,0.42188172142922264,0.22840963174338783,0.0631064540821371,0.8927263648272741,0.829619910745137,0.10129409961966274,0.04622373835045963,0.011874550567983,0.1849752385576059,0.1731006879896229,0.18978360791684465,0.05907912227415609,0.1051515854075764,0.3151513272017316,0.2099997417941552,0.041508481922475714,0.012412551160929012,0.0184061678947001,0.0603624150404045,0.0419562471457044,0.0527475607016211,0.016468866954432324,0.0119464259772813,0.0750443245584526,0.0630978985811713,0.04970553937612281,0.016768028047383723,0.0130063402739451,0.0727523724733432,0.05974603219939809,0.07276245151904759,0.016474783467733605,0.0421472323527696,0.0997470766283239,0.0575998442755543,0.058903704901580714,0.026150331688607607,0.0208901506161013,0.107913402556665,0.08702325194056369,0.06708767598171383,0.03488137899800203,0.0055565245749863,0.1188504021980129,0.1132938776230266,0.421848835021032,0.2611685783383679,0.1125081789544498,1.0536618785717131,0.9411536996172634,0.15959250800147812,0.05258402097628407,0.0289042700298863,0.2633760747021387,0.2344718046722524,0.2344566247040231,0.07837491102983449,0.0719639043718852,0.3705880847192165,0.2986241803473313,0.29565857231686166,0.16866678650102854,0.0358825881650963,0.5553288266188414,0.5194462384537452,0.09094310031268131,0.03414417452967216,0.0275682305213443,0.1606781126447604,0.1331098821234161,0.19708389363226891,0.06612962328086093,0.0454057674669968,0.3302810127095879,0.28487524524259106,plausible
Muthuni,3,01,10,120,1.1899999999999977,0.4136304487940035,0.2675427113700158,0.1407178099456365,0.9992651302534572,0.8585473203078207,0.17230657291077206,0.07175338869042987,0.0604747461710637,0.3109453024071721,0.2504705562361084,0.21429590133016646,0.07313591560767381,0.0776202916321847,0.3322062809199739,0.2545859892877892,0.44084876132930345,0.246943199476638,0.0574857478186763,0.9428682422605046,0.8853824944418283,0.1130559608757081,0.04597642888507336,0.0105329649775461,0.1938649635326127,0.1833319985550666,0.18859794879675917,0.07305062362886726,0.0460379486584935,0.3183366165456307,0.27229866788713725,0.039207701252465685,0.013241216409816261,0.0166279563046021,0.0673928493483106,0.050764893043708494,0.043812267556848986,0.017119496594430718,0.0108085744203385,0.0839491345874428,0.0731405601671043,0.044690880316963985,0.013636902249174179,0.0096242969684162,0.0692923262341393,0.05966802926572311,0.07230165752954475,0.0392652428598873,0.0068605681308383,0.1628482504302243,0.155987682299386,0.04863099733385727,0.025656571836685824,0.0124463512775578,0.1169816337383444,0.1045352824607866,0.06043312193904857,0.024949996430032883,0.0151392986462092,0.1229940848288888,0.1078547861826796,0.408930523519498,0.2870708666302307,0.0737321688439991,1.1051203333013735,1.0313881644573744,0.151530352877105,0.055583261115921045,0.0428718728433808,0.2428361676276655,0.19996429478428468,0.24059759102828746,0.08142186891975746,0.068033148723926,0.3834263752069815,0.31539322648305546,0.3095585202725956,0.17950168207201594,0.0422551032509236,0.6125809262631605,0.5703258230122369,0.09643258118409728,0.040178873248946166,0.0121235129348747,0.1697528980434288,0.1576293851085541,0.19068997513346422,0.06338867657456328,0.0744389829906641,0.3107218616804802,0.23628287868981612,plausible
Muthuni,3,01,11,109,1.0799999999999983,0.3361941205253004,0.2619091798512994,0.1345356404922224,0.955887328856214,0.8213516883639915,0.1707508240344864,0.07528989663657606,0.0146323152132337,0.3030632920037659,0.2884309767905322,0.19676183073336992,0.07390515639837368,0.0687911175069634,0.3238048974541186,0.25501377994715524,0.34059475806327894,0.14852249335029602,0.0853614143242189,0.5863482718865787,0.5009868575623597,0.11467146163138782,0.04660326276208984,0.0125371258489586,0.175171012379604,0.1626338865306454,0.19064174039432052,0.0755350468955105,0.0134133350241067,0.3043990855949338,0.2909857505708271,0.03537673931856625,0.00983901404370384,0.0066377900298952,0.0526317303706221,0.045993940340726895,0.04314476215505752,0.010550129558070597,0.0185327082911,0.0585260346238427,0.0399933263327427,0.040774993490003596,0.012420142320357989,0.0029450798073773,0.0602209602023393,0.057275880394962,0.08391839871922561,0.028571688754822838,0.0239783954388326,0.1386265252659151,0.1146481298270825,0.043041598217729966,0.021052727671402725,0.0092343103728236,0.087671173524704,0.07843686315188039,0.05093911239309096,0.01924865154607307,0.0138231739690182,0.0936214483331416,0.0797982743641234,0.0927446470434279,0.06919554750925073,0.0352474426082899,0.3681503573746804,0.3329029147663905,0.13521863338506138,0.04342793195760863,0.029443573412069,0.1970325394456133,0.1675889660335443,0.23616495275204352,0.08360007097620546,0.0650682477903156,0.3763028884559922,0.3112346406656766,0.11219173399896888,0.08401405983516483,0.0407205791566895,0.3834911554814329,0.3427705763247434,0.09268037538840743,0.03378438587137223,0.0222802821622895,0.1460904975710762,0.1238102154087867,0.16675609568499447,0.05426396063679086,0.031172036277552,0.2568498731923487,0.2256778369147967,plausible
Muthuni,2,02,1,118,1.1699999999999995,0.4138862529772294,0.2769977760977506,0.1191038426865766,1.077623366309589,0.9585195236230125,0.1453497585190551,0.05009966145640597,0.0215902742528053,0.2347788367243072,0.2131885624715019,0.23376203139275178,0.07574044939197791,0.0811245232579793,0.3707390630696773,0.289614539811698,0.3168124273986838,0.19896279185169785,0.0506058858553817,0.6730367126182796,0.6224308267628978,0.0883068794659746,0.039516932226625334,0.0131627669699736,0.1595671114046998,0.14640434443472622,0.15698472853989293,0.05233378166182558,0.0126206157428769,0.2407394903405117,0.2281188745976348,0.03580772299860253,0.01296033397014103,0.0097132575827382,0.0585475509175074,0.0488342933347692,0.03919174023903279,0.011134376600932309,0.01466967361834,0.060484557897146,0.045814884278806,0.04023757128289095,0.014077240008190377,0.0145424279840943,0.0750140211768062,0.06047159319271189,0.0787945947120084,0.03274041524081706,0.0178526722786956,0.1369643611027926,0.11911168882409698,0.053958102142663396,0.0251800595324605,0.0050880314168668,0.0996557785557388,0.094567747138872,0.06725755379561549,0.026795601473565814,0.01183983187485,0.1120863882741104,0.10024655639926039,0.44388291387349266,0.34077888426851366,0.1396956663480345,1.2559275196706503,1.1162318533226159,0.12638349098467228,0.04424079476089946,0.029293646171732,0.1963945745272252,0.1671009283554932,0.23913971718383695,0.08153873380774292,0.0638975762712085,0.3607484244077459,0.2968508481365374,0.3085769734285802,0.1741385330850279,0.0093147061184422,0.5745595976270086,0.5652448915085664,0.07345389621305808,0.03382320488490482,0.0088595728189998,0.1354175125824532,0.1265579397634534,0.15436351347704924,0.0533531381129305,0.0270871506753993,0.2258680917196148,0.1987809410442155,plausible
Muthuni,2,02,2,118,1.17,0.4450255241603263,0.2614818871499667,0.1550249038556962,1.0631694118133188,0.9081445079576226,0.16577220808438375,0.06624326621224447,0.0281033260029355,0.2755971549888501,0.24749382898591463,0.23118828646909426,0.08322188085786739,0.0777978243568753,0.3747264742090207,0.2969286498521454,0.3186232069835451,0.18713654502047097,0.0343388869727372,0.6123448382523383,0.5780059512796011,0.11242445359400194,0.046371963049255345,0.0286427963804896,0.1841291996012861,0.1554864032207965,0.17802691905136847,0.07147127486967138,0.0121140951132836,0.2862324115361482,0.2741183164228646,0.03716557051422838,0.01139510391051226,0.0104988876404063,0.0571424351929375,0.046643547552531195,0.04162675572857626,0.007993024365313928,0.022562483305314,0.0563881127358414,0.0338256294305274,0.04321963003313731,0.011525167365321404,0.0227216721730567,0.0706077480205473,0.0478860758474906,0.07496527276934344,0.02929497696221693,0.0268579386320159,0.132521097820503,0.10566315918848711,0.04965217072064725,0.021028818361718406,0.0113574055602091,0.0905001208075107,0.0791427152473016,0.05602158500075972,0.022808162632776748,0.0189107106672479,0.1090237130296515,0.0901130023624036,0.4201720470801374,0.32870220862683297,0.1293484570971037,1.2112964589644255,1.0819480018673218,0.1269992522863173,0.04126199431128435,0.0406774916792826,0.2005082529793688,0.15983076130008622,0.23985642896199666,0.0811870641125861,0.074456414944748,0.3826730711832493,0.30821665623850125,0.30791189520477813,0.1768533974333216,0.0238326597338669,0.5761663765868348,0.5523337168529678,0.09502535654783421,0.03253597808664478,0.0246350853687608,0.1459539514663268,0.12131886609756601,0.15232845861689615,0.04890949948523098,0.0528587590489934,0.2222639311138972,0.1694051720649038,plausible
Muthuni,2,02,3,116,1.1500000000000004,0.45848464908088166,0.24650587330943616,0.1962591700771278,1.042085162016993,0.8458259919398653,0.1634219973668705,0.06346795265370687,0.0563840292098201,0.2804183079361793,0.22403427872635917,0.234012119059754,0.07635023480326097,0.103295491500862,0.3758277615175077,0.2725322700166457,0.3238803997422362,0.1774849105004588,0.0698080627255268,0.6053725023165122,0.5355644395909854,0.11438862389174106,0.0493680668953551,0.0174227753003762,0.2064224619482235,0.1889996866478473,0.17817072894556585,0.06501310682680483,0.0453586676835226,0.2963938769517086,0.251035209268186,0.044870222686769407,0.016978946120334994,0.0102253289740899,0.0817243228926846,0.0714989939185947,0.04636955377804006,0.018670647742083248,0.0089675631676783,0.0876675002139007,0.0786999370462224,0.05011201825172785,0.017997062573337247,0.0181599069849503,0.0851265750609952,0.0669666680760449,0.07803345520860563,0.033522189178583205,0.0120926275693103,0.1640076546042581,0.1519150270349478,0.05499823282442568,0.024198931286903043,0.0103710871780566,0.1244357276780931,0.11406464050003651,0.06620805097492448,0.02795067533930979,0.0108542621977985,0.1311400407129664,0.12028577851516789,0.44483893574998307,0.3604889428940452,0.1059952661828701,1.284107928638338,1.1781126624554679,0.13146428344864,0.048458978052189045,0.0106119006514111,0.2258939619741843,0.2152820613227732,0.2530146306899969,0.08127080483181477,0.0701672291055815,0.382321625261723,0.3121543961561415,0.3237240121904803,0.17875689390742408,0.0288334847280675,0.5938487019060208,0.5650152171779533,0.09420626999301977,0.04403334608189971,0.0052727152747164,0.1655118314046211,0.1602391161299047,0.157254838310684,0.058588172653460016,0.0030084886941535,0.2621975158681259,0.2591890271739724,plausible
Muthuni,2,02,4,114,1.13,0.4497987542311295,0.27395262688951216,0.150835799212216,1.1031031577500046,0.9522673585377885,0.16234172621309723,0.06067932597835842,0.0187061473076826,0.2567065468694394,0.23800039956175678,0.22685969415873347,0.08617067492571952,0.0737335054477652,0.3757459154071974,0.3020124099594322,0.32410652686108693,0.18223871391135854,0.0567257672078494,0.6092274264911612,0.5525016592833119,0.11847087592571945,0.04994082558977806,0.0116455585413081,0.180061581306635,0.16841602276532688,0.17455881265604584,0.06410448206715487,0.0285577455689272,0.2743245699958531,0.24576682442692588,0.03990546969005171,0.013683779500836886,0.0151264625304748,0.0634816791225402,0.0483552165920654,0.04604546286738522,0.0156270200408768,0.0175252910828613,0.0729541831047875,0.055428892021926204,0.04475960344660848,0.01731352556201455,0.012013197461758,0.0784442466901895,0.0664310492284315,0.059767455397181264,0.031406480826627045,0.003858776404977,0.1532002519665291,0.14934147556155208,0.04627659665298078,0.023720555381189303,0.0059835937534123,0.1147165575061589,0.1087329637527466,0.0486465535346287,0.021406356835547608,0.0233438450937793,0.1262224899565684,0.10287864486278911,0.4296535159534021,0.3283496136832447,0.1077236818875585,1.1968185275062948,1.0890948456187364,0.1430265452763285,0.05551375391637949,0.0176034252799075,0.2359227856193727,0.2183193603394652,0.2395551292433595,0.08124351050612157,0.0700860483960758,0.3785331083081996,0.3084470599121238,0.3118905480911959,0.16849800076041488,0.033994752247333,0.5758292800255871,0.5418345277782541,0.10569662609501469,0.04379974512780677,0.0152955480122828,0.1814253677765505,0.1661298197642677,0.16104706722588746,0.05658773046598869,0.0119581010793958,0.2592967294803221,0.24733862840092632,plausible
Muthuni,2,02,5,115,1.1399999999999997,0.43973640726694296,0.2728644457131706,0.1231717106890905,1.0719771683566663,0.9488054576675758,0.16854351266768575,0.06610865977135753,0.0410282670252571,0.2756595818403375,0.2346313148150804,0.23127019876151783,0.07979310567712684,0.0906065994392313,0.3764811056781347,0.2858745062389034,0.3212017719015826,0.18927235032185785,0.0500139172847663,0.6238404734521826,0.5738265561674163,0.11860949713235498,0.052859232546484496,0.0246090450902746,0.2065904988438216,0.18198145375354702,0.18439367641812285,0.06755393015549929,0.0374873984675531,0.2882145000758802,0.25072710160832706,0.037854241391356604,0.009522022387933924,0.0133998157818677,0.0503835026974629,0.0369836869155952,0.04198009155039476,0.00936752714940033,0.0212081446145664,0.059035334652539,0.037827190037972594,0.046254501839278886,0.010658182152718408,0.0266788872760852,0.0683164453665945,0.04163755809050929,0.07822772201361183,0.03465394828035371,0.0024209956427914,0.1387299397022326,0.1363089440594412,0.05715072265696951,0.021745251510024127,0.0179386312427472,0.1052685999870551,0.0873299687443079,0.05993496372861405,0.02173979870228575,0.0204488474228326,0.1006340147104539,0.08018516728762129,0.41904444775124555,0.3169905449503971,0.0975229725394412,1.171120092203732,1.0735971196642908,0.13751525634672054,0.04486131174899152,0.023912940491485,0.2178110287049058,0.1938980882134208,0.24516746311128176,0.0781292445033001,0.072412869630216,0.3742895436683934,0.3018766740381774,0.32394458298834594,0.18092127092693483,0.0305076350668782,0.6009871358555182,0.5704795007886401,0.10268132213141516,0.038437479199427096,0.0117276125619693,0.1665091547384594,0.1547815421764901,0.16418544449316302,0.05049032834791546,0.0316208239069757,0.24000529473363,0.2083844708266543,plausible
Muthuni,2,02,6,117,1.1600000000000001,0.4596679966186416,0.255572710698067,0.1939055770557826,1.064831471191917,0.8709258941361343,0.192748707206919,0.05736300286047464,0.0695170032881405,0.2747256392376194,0.20520863594947888,0.23140531037619583,0.07722592812547352,0.0998102975514248,0.3665071621741232,0.2666968646226984,0.3240767392404353,0.18732265910253137,0.0400110065609092,0.6211006765896446,0.5810896700287355,0.11711207574880124,0.04912853475976098,0.0205471161350749,0.1830336073519325,0.1624864912168576,0.2046507878622908,0.05899852620184317,0.0588803047495401,0.2855079297510934,0.2266276250015533,0.04021337867098946,0.011223536739142843,0.0209034827913325,0.062865263323697,0.041961780532364504,0.04928940377614434,0.016082296456823433,0.0105800381120135,0.07893288182385,0.0683528437118365,0.047123760897584695,0.012395065018410083,0.0232898348388798,0.0713219635326411,0.0480321286937613,0.06783453132324627,0.030768020801995068,0.0039196912160253,0.1365415482378578,0.1326218570218325,0.04739383170686398,0.02185414582284996,0.0086454492246595,0.1032055681324938,0.0945601189078343,0.054804927588566386,0.02012911337715135,0.0201569195070209,0.0991155502183155,0.07895863071129461,0.4314227365653721,0.3370127958227645,0.09162326747186,1.2531209468728772,1.1614976794010172,0.14060980450767926,0.05023903996593537,0.0330265750846358,0.2173469604812228,0.184320385396587,0.24931000946385548,0.07907359231583348,0.0762834953090703,0.3904952467167273,0.314211751407657,0.3210301105975813,0.17506674458272153,0.028382463421969,0.5883458098226083,0.5599633464006393,0.098387159200452,0.03716156887384392,0.0177879846631,0.1527616169904448,0.1349736323273448,0.15894260819182424,0.055444576305596134,0.039326957976869,0.2688010012466251,0.2294740432697561,plausible
Muthuni,2,02,7,117,1.1600000000000001,0.43650254552062107,0.2695258419281817,0.1208984122737991,1.0644933927313245,0.9435949804575254,0.16059894556579749,0.06010858132751391,0.0615024751760581,0.2661813902161544,0.20467891504009628,0.2228895960827051,0.08609296550115032,0.0700908418706562,0.3654225152576892,0.29533167338703303,0.3172817588509432,0.18673824403970637,0.0481039944328203,0.6111511112427372,0.5630471168099169,0.12119112258030554,0.04884128224342008,0.0140797858077959,0.1942042575510494,0.1801244717432535,0.17711472965890504,0.06575147525610336,0.0511363701195916,0.2838712243493967,0.2327348542298051,0.03857162775269048,0.008905691942480658,0.0174321814662568,0.0525592289935584,0.0351270475273016,0.04188777754713714,0.009385659763340437,0.0173009590002983,0.0630312564115192,0.0457302974112209,0.04656872347130222,0.012929896496883324,0.0207569763241972,0.0630899665847246,0.0423329902605274,0.06183388220178071,0.025214048206764407,0.0154944073755231,0.1217330054814392,0.1062385981059161,0.03953758851808863,0.018607454487969907,0.0076725080253667,0.0816666777313368,0.0739941697059701,0.0464629603987639,0.0182985874158565,0.0048723676367628,0.0794004984566809,0.0745281308199181,0.42994871615908,0.29372910082715303,0.1363284002216108,1.152789141998517,1.0164607417769063,0.142897982229099,0.043414410895539504,0.0341816277549632,0.2192667725809214,0.1850851448259582,0.23798120560126995,0.08270929567515826,0.0776054810106411,0.3853247293577583,0.30771924834711717,0.3133127033233341,0.1747600102224187,0.0183426598359907,0.5839778857712074,0.5656352259352166,0.1066526547920181,0.041109984328634504,0.0140346013913561,0.1772302979509958,0.1631956965596397,0.17035987275563072,0.04982861105215373,0.0505705770690127,0.2429225202448287,0.192351943175816,plausible
Muthuni,2,02,8,121,1.200000000000001,0.4331514812104314,0.24089068540413602,0.1912690965457127,1.0160492064754267,0.8247801099297141,0.1406350943146432,0.05766015100059031,0.0222746552591179,0.2491050694421013,0.22683041418298341,0.2152248599418068,0.07655209067202627,0.0842900430185323,0.3627317532702643,0.27844171025173203,0.32275149247352386,0.18342287062396018,0.0665577026884508,0.6257632700449316,0.5592055673564807,0.10577077063684315,0.043994049457852444,0.0167171024052515,0.1862496698294915,0.16953256742424,0.15190760093177727,0.05980323824289721,0.0405721259152721,0.2547752335792936,0.2142031076640215,0.035769686414148946,0.00871101955037762,0.0181917164059028,0.0523881886837892,0.0341964722778864,0.04377144125179555,0.011845875888813891,0.0149825734631102,0.0589134611591111,0.0439308876960009,0.04302345239354055,0.01315485530968801,0.0091470204287276,0.0624077073095187,0.0532606868807911,0.061970192531367645,0.026657489945595223,0.004422139361889,0.1073067269801557,0.1028845876182667,0.04069476476538932,0.015606659020942904,0.0164971997764755,0.0814653180709774,0.0649681182945019,0.04275242221151137,0.015971908465848162,0.0117886705959361,0.0811367421247465,0.0693480715288104,0.42091976652948054,0.27589361656750266,0.1282057885238051,1.1097909533833477,0.9815851648595426,0.12586760934535995,0.03988244860455715,0.0352409069155888,0.1921710114323854,0.15693010451679662,0.23249012346838574,0.08204447632817125,0.077246869526869,0.3733126496242195,0.2960657800973505,0.304826325047689,0.1699858890375281,0.0275640805577805,0.5701740663290569,0.5426099857712764,0.09105855453113886,0.03480737904118059,0.0098684917144222,0.1366068914076892,0.126738399693267,0.15730104059359967,0.05083868869399375,0.0487499004296817,0.2294871580447868,0.18073725761510512,plausible
Muthuni,2,02,9,139,1.3800000000000008,0.38722326737989937,0.27794451722582925,0.0929912008772584,1.049356277426409,0.9563650765491505,0.16216970024545582,0.06210669004946149,0.0301882438344696,0.2770703791656989,0.24688213533122927,0.18969162821046173,0.06843613706042158,0.074238900504209,0.3250745262359641,0.2508356257317551,0.3098872515436216,0.17792670505139058,0.0635308668404497,0.6207837073579797,0.55725284051753,0.09136151124151727,0.03870244723618495,0.0050465528488022,0.1433712718541466,0.1383247190053444,0.17574882921382695,0.06359108920062487,0.0312235486831282,0.2884766067012801,0.2572530580181519,0.041249880116072925,0.01337296092597182,0.0095676219442088,0.0633743590604235,0.053806737116214705,0.043072678309428805,0.012030325055573247,0.0236464783060254,0.06547871983483,0.0418322415288046,0.04770797167067005,0.016199756192685738,0.007054617219581,0.0701672270450181,0.0631126098254371,0.0623730758176342,0.027170446139518564,0.0016533770430997,0.1149958998213973,0.1133425227782976,0.047098546677782016,0.018712743914895195,0.0184873873108999,0.086453526734226,0.0679661394233261,0.04649716362374179,0.016828888906940172,0.019898303853443,0.0816386096719001,0.0617403058184571,0.401506583064768,0.24842560653584983,0.1457366759697377,1.0452331323615036,0.8994964563917659,0.12198824527772885,0.03607900952304143,0.0553684503066494,0.1946846706466425,0.13931622033999308,0.21874543429138804,0.07326506084369018,0.0638988593326062,0.3468362553248559,0.2829373959922497,0.29566265081366755,0.1701172016691867,0.0458048176168412,0.6264161899545259,0.5806113723376847,0.09431319452541322,0.03638230285015342,0.0122493172062536,0.1628621910862315,0.1506128738799779,0.14372891867239349,0.043131270787796785,0.0612046981551659,0.2200689888722919,0.158864290717126,plausible
Muthuni,1,02,1,136,1.35,0.29814767969735434,0.283681854835954,0.0065760518218605,1.1120407744309742,1.1054647226091137,0.20531683254600977,0.09743450659632369,0.0141971376032903,0.3647865578818207,0.3505894202785304,0.1781481712930241,0.08187299579773083,0.0146449118945074,0.2977032021080455,0.2830582902135381,0.2524955281238969,0.1781656205055892,0.0424995660908986,0.6659045126294187,0.6234049465385202,0.11467407893106989,0.08345488109655975,0.022314547567886,0.2438098518612004,0.2214953042933144,0.2247080456185659,0.10349295361389531,0.0326030425414947,0.3937511693418811,0.3611481268003864,0.06248277078811748,0.027902532709964515,0.0274381855970593,0.1126829739976622,0.0852447884006029,0.06375911233219426,0.024816822378385728,0.0335278970599805,0.1119493441368687,0.0784214470768882,0.0681816056373366,0.02890936262113478,0.0296066691670402,0.1135549485375413,0.0839482793705011,0.0549659277643971,0.02483092957597975,0.0071828849324231,0.0979817240946086,0.09079883916218551,0.05887648794974865,0.030540106133916483,0.0124546186688939,0.1182065908819065,0.10575197221301261,0.07175940010195152,0.03177729554475117,0.0135096260418826,0.1235792670850646,0.110069641043182,0.32455025903895274,0.26308778325600135,0.0856774411885894,0.9989611201144613,0.9132836789258718,0.15559658172709084,0.06902644910263664,0.0611482283154559,0.3191384583512576,0.2579902300358017,0.13257197028007361,0.1064534005529378,0.0008018136967891,0.3678243272446584,0.3670225135478693,0.2292648639756333,0.1920790219667538,0.0518269597812972,0.6054158740462848,0.5535889142649877,0.06987833343603216,0.030552770592246457,0.0359634286451927,0.1235772089136152,0.08761378026842251,0.1897841492726711,0.10107588553534222,0.0534309545514232,0.4455201000454161,0.3920891454939929,plausible
Muthuni,1,02,2,113,1.1200000000000006,0.43879673030242483,0.2537310189312395,0.1875353891401069,1.038677299475631,0.8511419103355241,0.19067259447556076,0.08880455226331624,0.0482903621651851,0.3468659097614189,0.2985755475962338,0.24471960332345763,0.0781374336413139,0.1046319553187973,0.3948236606288484,0.29019170531005106,0.32720053674061095,0.1880181823454938,0.0376885927440883,0.620636041769199,0.5829474490251106,0.13238711702310627,0.05311100198686916,0.0184645875438622,0.1997706307549844,0.1813060432111222,0.20790575235002576,0.09006173192100103,0.0502437013653217,0.3596661127872594,0.3094224114219377,0.050628636443706604,0.01953097017226866,0.0094241983604925,0.090662349981782,0.0812381516212895,0.051060852307523774,0.02288941073122201,0.021898126287586,0.1001314462186103,0.0782333199310243,0.05677169943084931,0.020308421565676846,0.0282648434253267,0.0981587578357208,0.0698939144103941,0.08985110944615647,0.03632836364219891,0.0156678403564525,0.1642932424963645,0.14862540213991202,0.07047595824288835,0.02731229866478465,0.0117348986197513,0.1273939716415033,0.11565907302175199,0.07641783714500375,0.028156888602901026,0.0138740867186571,0.133490387156417,0.1196163004377599,0.3869793138849313,0.29774111782632,0.1079460478550289,1.0865840065609111,0.9786379587058822,0.17011713137872192,0.07115700662822368,0.0271857940435419,0.2708988384088848,0.24371304436534288,0.2595953900540284,0.08163697331319561,0.0796572977951794,0.3853157844009496,0.3056584866057702,0.31542042454105174,0.17206177747046997,0.0314409904591215,0.5749373208226187,0.5434963303634972,0.07150732786659972,0.027783820091901106,0.0051342789270711,0.1197803597980674,0.1146460808709963,0.2124243297084011,0.0895712304991709,0.0377299072098517,0.380723917344883,0.3429940101350313,plausible
Muthuni,1,02,3,111,1.0999999999999996,0.4447069457490362,0.27437234963672097,0.131692162446836,1.068508823728796,0.9368166612819601,0.21500191427132198,0.09095953835011972,0.0313546530376322,0.317859863667232,0.2865052106295998,0.22497009208529345,0.08131636034488071,0.0664699860588893,0.3618946994985532,0.29542471343966387,0.3282227668004404,0.1884270215491332,0.0631907512809761,0.6216688802387298,0.5584781289577537,0.1627061309458711,0.07156277301304097,0.0079964670636539,0.2559604322511371,0.24796396518748323,0.23976383375014323,0.09956810329298052,0.0548399070679767,0.3574941865774242,0.3026542795094475,0.04058203857517383,0.016089613582254365,0.0042328052329723,0.0602565685270665,0.0560237632940942,0.05009430658928426,0.017777804427766088,0.0204307299919866,0.0777653003352665,0.057334570343279906,0.050996494838445684,0.017355771365322827,0.0208810066791276,0.0731275021045052,0.0522464954253776,0.06140650976377472,0.03016451392187052,0.005770330736396,0.1295392074454515,0.1237688767090555,0.04584256115597017,0.023322641499115674,0.0070296710378757,0.1023568669503007,0.095327195912425,0.05267587813077668,0.018345553104276935,0.0220745114054085,0.0954556827452911,0.0733811713398826,0.38190972679771096,0.28016864562793703,0.1041385348376838,1.0632859458020858,0.959147410964402,0.1743512577721369,0.06801326072265128,0.0371994765297603,0.2840254181902384,0.2468259416604781,0.23609353605534614,0.08305410932107431,0.0692213521293896,0.3719816228270221,0.30276027069763245,0.31132481315519267,0.18281606058584424,0.0234502203329774,0.5947967864024629,0.5713465660694855,0.14101882560521192,0.052048672233564984,0.0252459658837054,0.2094422081816576,0.1841962422979522,0.2139414544677022,0.08167758679803637,0.0515115831500778,0.3385067281705486,0.2869951450204708,plausible
Muthuni,1,02,4,112,1.1100000000000003,0.45827182947985085,0.2664337157439344,0.1704213321004081,1.0634428609225457,0.8930215288221376,0.21498775395719147,0.08693056016565816,0.0273429390843695,0.3652892298435916,0.33794629075922206,0.23560433904513675,0.08393915157623838,0.0906347322305887,0.3827798776768626,0.2921451454462739,0.3311150125647127,0.1952354334886605,0.0231435781363629,0.6362097555548685,0.6130661774185056,0.13392168755534284,0.057703016809513875,0.0327218465991135,0.2275241599591336,0.1948023133600201,0.2454523648503387,0.08943482735555716,0.0478933549032241,0.4011449539089408,0.3532515990057167,0.045232114354044964,0.01592693611484576,0.0109384320640345,0.0774108895042094,0.0664724574401749,0.05006713243889639,0.019294890182703604,0.0213178488188816,0.0917383629412642,0.0704205141223826,0.052961389451730664,0.019620350114763433,0.0136153724694225,0.0905835528745257,0.0769681804051032,0.07346417318489785,0.0382968463333234,0.0061044614220744,0.1592278689852375,0.1531234075631631,0.06374328902873276,0.028066571183722487,0.0154885088572612,0.1278300891420434,0.11234158028478221,0.0674209365584888,0.028260110009193335,0.0139609829531319,0.1205139379486119,0.10655295499548,0.41858784719678244,0.2750611999709727,0.1676669967017801,1.0934692633130356,0.9258022666112555,0.17707223776315856,0.0657188465818505,0.0479421180869031,0.2779494508911163,0.23000733280421318,0.24996283536792743,0.07700652902195566,0.0832025905780382,0.3792400398799755,0.2960374493019373,0.3299311171187663,0.17780204211377879,0.0247132890561231,0.5901522258463867,0.5654389367902636,0.11798220201014631,0.04226161336896949,0.0198910514243764,0.1854262183446325,0.1655351669202561,0.22344072372924345,0.07202207279106952,0.0600713176571191,0.3347597434233468,0.2746884257662277,plausible
Muthuni,1,02,5,111,1.1000000000000005,0.45237310538700193,0.26402454580720386,0.167422803982755,1.0528546226068294,0.8854318186240744,0.2367342385946579,0.09836580869286796,0.0259833234918395,0.3662166459138808,0.3402333224220413,0.22128733700917544,0.08106419271590691,0.0792965396290399,0.3564326093427583,0.2771360697137184,0.3306959703805605,0.188508482011115,0.043642677504601,0.6255203089773056,0.5818776314727045,0.172185764716271,0.07727557399788015,0.0338120679528053,0.2750337832484711,0.2412217152956658,0.25336768176523417,0.09928655592370457,0.021014442798759,0.3843162298698381,0.3633017870710791,0.05191062512820085,0.011575255977431396,0.0233492057699328,0.0672093382031723,0.04386013243323951,0.06595007026856099,0.018168337704011762,0.0232662844039258,0.0888401504280554,0.0655738660241296,0.06352208911615605,0.013339526980782586,0.0337945336828026,0.0807850234749094,0.0469904897921068,0.06150681693819585,0.027293244340842668,0.0278606757381344,0.1229496561108368,0.0950889803727024,0.04685838949618917,0.02256350716818725,0.0107001503302087,0.0970706317090306,0.0863704813788219,0.054628523388348726,0.020209066512406143,0.009564006100191,0.0951837316290944,0.0856197255289034,0.3844487441712736,0.24539527059923838,0.1345468897706618,0.9635639072329322,0.8290170174622704,0.1624859170616074,0.0663399457728077,0.0303747465485055,0.2576827766473155,0.22730803009880998,0.23586136177542957,0.08021862366702848,0.0753038547731158,0.3677953238218262,0.29249146904871043,0.31845714427528093,0.18026323827642807,0.0273209580811902,0.5994804505906263,0.5721594925094361,0.13625653814197575,0.05373097347647138,0.0298207666852282,0.2072038392229781,0.1773830725377499,0.2034702585238037,0.07765294562581367,0.0386091098706475,0.316322397928179,0.2777132880575315,plausible
Muthuni,1,02,6,112,1.1100000000000003,0.43666648932728525,0.27245999546221517,0.1374167615851343,1.0654159556250349,0.9279991940399006,0.20542902269362692,0.09218972621630091,0.0481645014003401,0.3270850745619453,0.2789205731616052,0.22358171426381165,0.08779990651846413,0.0643588279652081,0.3653549164478701,0.300996088482662,0.32784278745393886,0.1870007324308301,0.0489504719069984,0.6179897318662008,0.5690392599592023,0.16597806967510767,0.07164698553422168,0.0099581983011932,0.2577789854047511,0.24782078710355787,0.23088891787607616,0.10024648623206149,0.0302310978046439,0.3584173536041143,0.3281862557994704,0.03604226004978155,0.011030048475245842,0.0162275511693434,0.0599098792917884,0.043682328122445,0.04484038741071043,0.011436205737564585,0.0219648374721182,0.0653584044173336,0.043393566945215394,0.045089179580560676,0.013631186698622304,0.0202744941846263,0.0739127817607156,0.053638287576089294,0.05686318645778426,0.021032202135817867,0.0181865444508303,0.101015859162286,0.0828293147114557,0.04284235777864004,0.015943476013467236,0.012120036681885,0.0771050861020554,0.06498504942017039,0.044719432283244855,0.021399451121342304,0.0029235445131631,0.0936862297584357,0.0907626852452726,0.3912611334131198,0.2661455549189706,0.116801674373757,1.0269257236771754,0.9101240493034184,0.14157688779541158,0.060809753003965246,0.0390121231755396,0.2603340472937495,0.2213219241182099,0.23707372682453917,0.08257965552118589,0.073376271443428,0.376678767372293,0.303302495928865,0.31213331046722204,0.1782634127583267,0.0272376006945057,0.5966070362121079,0.5693694355176022,0.12731660968364705,0.05458775802171317,0.0100462600020187,0.1955248758415267,0.185478615839508,0.184778294214441,0.07465697395867836,0.0490888022944703,0.3219748153600776,0.2728860130656073,plausible
Muthuni,1,02,7,112,1.1099999999999994,0.4340764191462404,0.25843769516045156,0.1634872977980268,1.0259185566292777,0.8624312588312508,0.20925639563945592,0.08555828683576383,0.0329044287618802,0.3545228470335876,0.3216184182717074,0.22767029054506116,0.0788227328652428,0.0880350205834648,0.3639597608916267,0.2759247403081619,0.3219880352460593,0.1893327179979058,0.0213270247587403,0.6144365253967514,0.5931095006380112,0.13758861186293772,0.06274212409255804,0.0228008906486582,0.2294405601245163,0.2066396694758581,0.22819276397030672,0.08745587860355263,0.0325727763367284,0.3773024030103084,0.34472962667358,0.041440895690431044,0.015205960100748912,0.0066012315154112,0.0702338735410401,0.0636326420256289,0.049986385296598726,0.01762850719692214,0.014870710285335,0.0824969106475999,0.0676262003622649,0.050148133931320275,0.02066680802623849,0.0132181542683677,0.0863185219655961,0.0731003676972284,0.07230099729883346,0.028488454345388867,0.0042741894540189,0.1310993707509417,0.1268251812969228,0.057559642379557345,0.02122725535666281,0.0175210604375973,0.1045885352133743,0.087067474775777,0.05707372014913644,0.02184719921155112,0.0190122214195932,0.1013655695192003,0.0823533480996071,0.3922808315477852,0.27320489960883015,0.0811766632559774,1.028880876415607,0.9477042131596296,0.14187485281183873,0.05847976095790213,0.0024409007759486,0.2264457676347634,0.2240048668588148,0.25280435789251515,0.08031593883502881,0.0823621464530651,0.3943506082896272,0.3119884618365621,0.31481807315884247,0.17296155670214763,0.0218443466263231,0.5927109854641708,0.5708666388378477,0.09780491335809807,0.04101816331528234,0.0224114281349077,0.1614641311948327,0.13905270305992498,0.1797555960336746,0.06753230259786357,0.0090758217932317,0.2793074616896738,0.2702316398964421,plausible
Muthuni,1,02,8,112,1.1100000000000012,0.4433012751919775,0.2614535618244341,0.1486310058852555,1.0419177290334831,0.8932867231482277,0.2298272164133825,0.10152941400084857,0.0268381314779872,0.380235843848668,0.3533977123706808,0.2208951960208234,0.07642928457181489,0.0899118103821811,0.3510986455728881,0.261186835190707,0.3144140561208969,0.19128409436855634,0.0193547371953804,0.6110923613414518,0.5917376241460715,0.17102743201339538,0.0781576502786494,0.0097902297567862,0.2788975587683595,0.2691073290115733,0.25552925536082155,0.10892852470977034,0.0204245878814803,0.4101883599094983,0.38976377202801804,0.03939922650584576,0.007333385538463797,0.0203137675186457,0.0508768560815984,0.0305630885629527,0.050785728482076596,0.013647133593169453,0.0189040950981462,0.0702079531501643,0.051303858052018106,0.05197298011384821,0.012910064288526792,0.0208027425585535,0.0759040527653204,0.0551013102067669,0.060193525268022054,0.0246954220951025,0.0075478121838734,0.120003602374231,0.11245579019035759,0.04835280727628454,0.01763744336677052,0.022823118167583,0.0899232853354413,0.0671001671678583,0.050590816310432205,0.0194554935657069,0.0193039380955552,0.0965428736798496,0.0772389355842944,0.38929919171179234,0.27771694679112774,0.1089923283921563,1.045338266403521,0.9363459380113646,0.14122844094123724,0.05229030142624297,0.0323529497900352,0.2298469766904835,0.19749402690044832,0.24503589439734835,0.07989784396904065,0.0834897093511223,0.3848690271429678,0.30137931779184546,0.31139667654522846,0.1732693631624131,0.0277939046790271,0.5840034552646297,0.5562095505856026,0.12404445222229309,0.04999487125734858,0.0210080141879343,0.1936605277874183,0.172652513599484,0.18081020330357722,0.06928748145345612,0.0358984865201431,0.2783124351686705,0.2424139486485274,plausible
Muthuni,1,02,9,117,1.1600000000000001,0.4183608193738558,0.2673463973333569,0.134654608415224,1.044971832645835,0.910317224230611,0.2220510309447185,0.08525722971230489,0.0443551559588645,0.3272646326898872,0.2829094767310227,0.20899579062105011,0.08478763683421184,0.0666907776804415,0.35438485304542,0.2876940753649785,0.31563896866958907,0.18608850825046652,0.0547099976583375,0.6114719526764704,0.5567619550181329,0.1822707913635507,0.08995646621917552,0.0162759277190917,0.3226221184853032,0.3063461907662115,0.24264283086844515,0.0914876887657708,0.0405950679117833,0.3574282617631318,0.3168331938513485,0.03974968831733957,0.012415596933508303,0.0141258268320344,0.064050751492229,0.049924924660194596,0.05081292255974203,0.015081093354708927,0.0161878912625085,0.0776544146377353,0.0614665233752268,0.05138833739260882,0.017577625374273466,0.012262021588782,0.0742427339279017,0.061980712339119705,0.05242474544425995,0.02255477752405584,0.0123314832654597,0.0928291442336984,0.0804976609682387,0.03763413242156749,0.016358932180312556,0.0070029889598051,0.0784356039885706,0.07143261502876551,0.03899954080818828,0.014066906635588468,0.0100212167229301,0.0709517907208601,0.06093057399792999,0.4020317183655013,0.2939127968275673,0.1417443167907978,1.1128842784992743,0.9711399617084765,0.1478386565111496,0.053906281246628704,0.045720931908349,0.236997628472357,0.191276696564008,0.23418783731712414,0.0866793328870995,0.073619779861599,0.3797266053309774,0.3061068254693784,0.3111555219114968,0.17875524614227647,0.0274318005553212,0.5878575258743698,0.5604257253190486,0.12047975681157848,0.04794240211477536,0.0102614688489122,0.1914937076141625,0.1812322387652503,0.18500966416679718,0.062310767365058826,0.0522064409314029,0.2817535939990983,0.22954715306769538,plausible
Muthuni,1,02,10,130,1.2899999999999991,0.3367820986198039,0.22813036058840658,0.1059347030564629,0.9186445884748448,0.8127098854183818,0.17642205052524199,0.07303151031075046,0.0210733852289465,0.2895259655909129,0.2684525803619664,0.2085328521938976,0.0838380111986794,0.0764497808036051,0.3615438542573673,0.2850940734537622,0.29951892870258,0.17923744078431908,0.0463433952228636,0.6213997313092815,0.5750563360864179,0.16786870395039802,0.07722820977585913,0.0328101010407911,0.2912741370356951,0.258464035994904,0.19977142322566024,0.0781564544836696,0.0192353899654251,0.3169681640677523,0.2977327741023272,0.041578174845010495,0.01029730842722908,0.0138503314998145,0.0585335679633201,0.044683236463505596,0.045836087321419805,0.012161080320092752,0.0175204285745716,0.0650644289190281,0.047544000344456494,0.04905103012521426,0.013791960334203601,0.01609860859071,0.0682287850199305,0.05213017642922051,0.06369651280343208,0.026956219111735832,0.0234322486916305,0.1202497503898131,0.0968175016981826,0.053256404515352414,0.020697826200696313,0.0226389830427891,0.0996407834186384,0.0770018003758493,0.05303482268143252,0.01994924347143111,0.0231825566121659,0.0986464505204421,0.07546389390827621,0.3561904887018553,0.29618306968560376,0.0645359594067238,1.1188897064554568,1.054353747048733,0.1279927988837806,0.050929970379862625,0.0497573128586883,0.2356658305413865,0.18590851768269823,0.23117961423835912,0.07592849199798658,0.0677465656840656,0.3370921921196916,0.269345626435626,0.32339628796072795,0.17236939379535424,0.0642127099007243,0.6311241164380683,0.5669114065373441,0.12055739165266625,0.04965959393443027,0.017008950256665,0.1967025927811216,0.1796936425244566,0.1651688131201801,0.0627320589610633,0.0640317046566902,0.2856932323182236,0.22166152766153338,plausible
Nadeera,4,01,1,155,1.5399999999999991,0.19557278148911597,0.09713324266763668,0.0152477352746195,0.3995956090447488,0.3843478737701293,0.11978677512041545,0.06878898888571772,0.0229222482061216,0.2392578548809426,0.216335606674821,0.19942577275112422,0.09043418386718129,0.0308223893604743,0.3646634532758254,0.33384106391535107,0.23396858492617723,0.12701654972221343,0.0247816510387982,0.4945713832491387,0.4697897322103405,0.08011002263257921,0.04286080974073987,0.0038796921609436,0.2212891786397722,0.2174094864788286,0.22443164314823297,0.07186555390484639,0.0634057807562208,0.351090118981344,0.2876843382251232,0.0883919196115608,0.03679896660727926,0.0383497088514068,0.146710152659402,0.10836044380799519,0.08147985097964697,0.04372941061283459,0.0163336416251826,0.1794523502359409,0.16311870861075828,0.09364078098308803,0.04211606625631017,0.0247456389477503,0.2012063500220929,0.17646071107434258,0.05346082499834043,0.031305954875597626,0.0220905713623738,0.1297935621109964,0.1077029907486226,0.06191151112022642,0.028530736378816788,0.0320267113671558,0.1212979552838063,0.0892712439166505,0.061845411661265726,0.026964900452459663,0.0278535605633595,0.1142681438893661,0.0864145833260066,0.3123246962611192,0.2307693285055707,0.0636201304892493,0.9012000976131304,0.837579967123881,0.10694586520651975,0.07226436068323189,0.0161454357783615,0.2455535966603776,0.2294081608820161,0.1471121024999167,0.11875559817493674,0.0163901189092522,0.4199127328862461,0.4035226139769939,0.2867867702700261,0.21139709789551425,0.0487839805550028,0.6674295219409536,0.6186455413859508,0.09022550237066378,0.05184790347479109,0.0379941996697726,0.228276827991166,0.1902826283213934,0.13004201054740014,0.06459775517411584,0.0437011283063752,0.249600412200633,0.2058992838942578,plausible
Nadeera,4,01,2,103,1.0199999999999996,0.3986412755258792,0.23022689697512147,0.0691644473426658,0.90944113293497,0.8402766855923042,0.2859769572079392,0.08722437293842802,0.1363183807459808,0.4300682801492241,0.2937498994032433,0.21713209465892072,0.07966043657506101,0.0407539028618052,0.3478678586580555,0.3071139557962503,0.3847801357650291,0.21502789479453419,0.0696767760266941,0.7586178467424493,0.6889410707157552,0.17188531752318115,0.08039218340723535,0.0310396658502004,0.2666642155302538,0.23562454968005342,0.27316345528902825,0.12235265008615291,0.079805870315476,0.476406986394392,0.396601116078916,0.08923392230476444,0.025497090407410113,0.0403138464403298,0.137323409448573,0.09700956300824319,0.09769869271582741,0.0303177543204046,0.0285208076330402,0.1477569011707082,0.119236093537668,0.11447742019045626,0.03532937968249779,0.0373603176975017,0.1992422330840636,0.1618819153865619,0.07635357843537202,0.029345452815016288,0.0091291420165335,0.1311281784545968,0.12199903643806329,0.07187673073402502,0.024309203721732044,0.0242209818254197,0.1054075108003597,0.08118652897494,0.07138875141198225,0.021145658176120567,0.0370255859748896,0.1037692947396759,0.0667437087647863,0.41925855607999096,0.2509114611254081,0.0403732184488232,0.9569366684534868,0.9165634500046635,0.25925433442991125,0.15559128042969922,0.0111834173553826,0.5061418384623443,0.4949584211069617,0.2374320084235339,0.10026814409561483,0.0336384204707495,0.4129136257301266,0.3792752052593771,0.369210181042258,0.20277764302308027,0.0442160458329614,0.6810842122360097,0.6368681664030483,0.16998571224769246,0.05178884170065501,0.0726376024806793,0.2590247063492286,0.1863871038685493,0.29088784019401037,0.16731216470158478,0.0512014938705558,0.5423822494424606,0.4911807555719048,plausible
Nadeera,4,01,3,104,1.0300000000000011,0.39706046040193865,0.23503503823832092,0.0503930798963295,0.8888885276226615,0.838495447726332,0.26954067934297216,0.07584831456652577,0.1411067721541025,0.3849864353764092,0.2438796632223067,0.22944481209240378,0.08918158840661121,0.0381753168894842,0.3743667323547248,0.33619141546524056,0.373584339093675,0.20302706619760516,0.0716458119651759,0.7044132596719436,0.6327674477067676,0.2152596106967128,0.1026236331418861,0.0181605608185841,0.3543020582710912,0.3361414974525071,0.2398466080624745,0.10561965440306678,0.0330169936854198,0.3900975811608252,0.3570805874754054,0.08599566857296695,0.038196158309861436,0.0228493157767115,0.152888699413154,0.1300393836364425,0.10121501646661865,0.04221520325406603,0.0276395912310112,0.1655926395390825,0.13795304830807129,0.10781229666769937,0.038896492722156555,0.025195818107654,0.170378771342617,0.145182953234963,0.0502094098479315,0.027439714725286436,0.0164919343680829,0.1166745866611561,0.1001826522930732,0.050884048562031436,0.022331870469286256,0.0173270933153999,0.0899406834514393,0.0726135901360394,0.05079250698821488,0.02480363031605167,0.0111877115075789,0.0901738967076312,0.0789861852000523,0.42795186000001506,0.23179411794165852,0.0589557079361652,0.9365604936986042,0.8776047857624389,0.32557087461661377,0.16169144947763772,0.0069282006944513,0.5353393316478166,0.5284111309533652,0.24174933069070453,0.09941059779788215,0.0237325393028874,0.3910950896666462,0.3673625503637588,0.3710883081857096,0.20967331992218022,0.0355687555616206,0.7094444202324839,0.6738756646708632,0.1603843740434278,0.06857735791136839,0.0135626205952235,0.2609031635222916,0.24734054292706809,0.3506966123532657,0.1804529260734628,0.0200998064510235,0.5965743061096084,0.5764744996585849,plausible
Nadeera,4,01,4,101,1.0,0.41132833648861666,0.2522777166577316,0.0546291639251188,0.9347868002027652,0.8801576362776463,0.29169496389734983,0.0959625777887544,0.1142370713510557,0.4315485210743263,0.3173114497232706,0.23022825832123564,0.08555478063953298,0.0390823719865065,0.3798333250383506,0.3407509530518441,0.37713185918740455,0.2073684412804503,0.0593594002102484,0.7103754819902612,0.6510160817800128,0.20249637482720959,0.08622833485917655,0.0355912058918618,0.3117482132207957,0.2761570073289339,0.2773442653765779,0.11879491378613384,0.0509770676599027,0.4499752025768735,0.3989981349169708,0.06851193461636196,0.031550179214571455,0.0156031502911666,0.1315391145379674,0.1159359642468008,0.08028909866842614,0.034429777033798625,0.0147926900377635,0.1366487534380559,0.12185606340029241,0.09684152110834744,0.03067692109762813,0.0356390275641484,0.1504421786476332,0.11480315108348481,0.04999363656457184,0.020566575133837337,0.0141254832314151,0.0909619136461393,0.0768364304147242,0.04547591841846088,0.022976445978086128,0.0101750278348737,0.0839687467606008,0.0737937189257271,0.04398216624503708,0.02222909274487108,0.0050019033592409,0.0852995013420574,0.0802975979828165,0.4373780949712899,0.2582974182852681,0.0928693859088707,1.0297497538677949,0.9368803679589242,0.35428851550996815,0.1666993660227067,0.0496364277047137,0.5771728976061417,0.527536469901428,0.24918366878014928,0.09581160009863536,0.0480720677157848,0.399869430305903,0.3517973625901182,0.3868484203276067,0.21646781531866244,0.0408718951971988,0.7425824017732783,0.7017105065760795,0.1514151462185836,0.05985271739248021,0.0238786410646938,0.2396653245959849,0.2157866835312911,0.41767825092866745,0.21389292626788897,0.0569055199211417,0.7708592974680049,0.7139537775468632,plausible
Nadeera,4,01,5,101,1.0,0.40448945166977884,0.24045127443973258,0.0857196026105768,0.9047083825091314,0.8189887798985547,0.29843399305021806,0.11857630540912799,0.0943363057379298,0.5090959385809334,0.4147596328430036,0.2223549380702501,0.08938428329061773,0.0344365132336255,0.3568496973924106,0.3224131841587851,0.3601792799252185,0.21499114739647732,0.0488879881201805,0.7120931607559173,0.6632051726357369,0.23662442527300698,0.0981603139520752,0.0312794448821799,0.393217979925345,0.3619385350431651,0.2868540526900306,0.12080818662432127,0.0813803855276689,0.4541355516724046,0.3727551661447357,0.06910296643286544,0.02411324898382497,0.0181680957216544,0.1113918613859562,0.09322376566430181,0.08311141076203807,0.028185125656359188,0.0291092707868999,0.13213434900799,0.10302507822109011,0.08945002350474332,0.02816663282502722,0.0383852165635914,0.1511875631066248,0.1128023465430334,0.05080204366183759,0.026582281221711575,0.0067296862531288,0.1072365176446321,0.1005068313915033,0.04653799759961842,0.02712636712611638,0.0134339330260949,0.0974227610937044,0.0839888280676095,0.04558018974494178,0.0250483408945332,0.0096604473619526,0.1008302542508822,0.0911698068889296,0.4065798264978845,0.25407263783919376,0.0580499150380946,0.9716164391286708,0.9135665240905761,0.38736928866275755,0.18252207100437506,0.0567061419015478,0.6260156611056007,0.5693095192040529,0.24622162913545176,0.09702014236550488,0.0135817686966484,0.3856014076202608,0.3720196389236124,0.3822019077005674,0.21368406754065597,0.0413758283535274,0.7381210042032625,0.6967451758497352,0.19149133852697708,0.07774499370672842,0.0313629121949171,0.3072662495178772,0.2759033373229601,0.4337105986576774,0.21831576453027027,0.0232259404552278,0.7679608248013933,0.7447348843461654,plausible
Nadeera,4,01,6,100,0.9899999999999984,0.40326726461973694,0.24623970279338273,0.0827126639546365,0.9265105354807456,0.8437978715261091,0.2795933782608456,0.11044336638361997,0.1105255058950424,0.4773649737978606,0.3668394679028182,0.23041373765200146,0.0849535753946174,0.04526025945979,0.3807144636162471,0.3354542041564571,0.39251437277811424,0.21469299074780807,0.0608014104293635,0.7527467286570069,0.6919453182276434,0.23879175759250526,0.09797515171346852,0.0497418095748635,0.3891665225223737,0.3394247129475102,0.2678200259066469,0.1267882696365941,0.030642503511407,0.4627702781876771,0.43212777467627006,0.07766865378949336,0.033954463584925584,0.0096877888149676,0.1481919808025524,0.1385041919875848,0.08623898920332772,0.03865179795635631,0.0115631940009538,0.1625766071907889,0.1510134131898351,0.10400739035188053,0.03681560703804592,0.0054062573560666,0.1752997881176107,0.16989353076154412,0.048476619018144,0.02342087927402601,0.0135235026941537,0.1039291745211983,0.0904056718270446,0.05231021071811679,0.026388698320594154,0.0154268171465048,0.0986172398597304,0.08319042271322559,0.048975548480075626,0.026934470408041186,0.0084734904800393,0.1019687649636264,0.0934952744835871,0.4329581578524317,0.2595401490543528,0.0518530495455514,1.0041672639687549,0.9523142144232035,0.40251805215416026,0.16785366870823692,0.0349860720715785,0.6461072720312656,0.6111211999596871,0.25331623780972734,0.1024115533985745,0.0458488993432098,0.4265259579481521,0.38067705860494233,0.3872425058531863,0.2121099534406782,0.0545710496065007,0.7153972083899806,0.6608261587834798,0.16945049895305325,0.06253377613312772,0.0185200150538395,0.2696748431096324,0.2511548280557929,0.4447514331569063,0.1976142487181638,0.0429115329670889,0.7817006021897548,0.7387890692226659,plausible
Nadeera,4,01,7,103,1.0199999999999996,0.43073904016297293,0.2389255390669288,0.0990717320188511,0.9330974802153534,0.8340257481965023,0.2689313195390378,0.0892740608282945,0.1267551036125299,0.4236947567961889,0.296939653183659,0.21864136979558008,0.07686239006124318,0.0672479977925026,0.348378935918079,0.28113093812557644,0.3912095774624743,0.2098781755208193,0.0643625531749335,0.7340590954732259,0.6696965422982923,0.1996361435153214,0.08308175480243632,0.042130079416755,0.3445036459906204,0.3023735665738654,0.26362047291286766,0.1177607823308323,0.0398089544867895,0.4622868588223618,0.4224779043355723,0.06929586631419048,0.02451646826516586,0.025047954686914,0.1071819264622164,0.0821339717753024,0.08071203964627835,0.028783718921165366,0.0194681874740976,0.1238553319420775,0.10438714446797989,0.09740272875885105,0.023301729217421897,0.0325312703840381,0.1355189593183479,0.10298768893430979,0.045381781305287534,0.023422781272805622,0.0143499583682401,0.0918032140865578,0.0774532557183177,0.04538613598251204,0.03247131173653547,0.0073440012848962,0.1097811679717565,0.10243716668686029,0.044405394746830223,0.030144979856173815,0.003384037519511,0.099558564693866,0.096174527174355,0.4268202042601976,0.25536929865714036,0.085563614530728,1.0119796340073657,0.9264160194766377,0.3717441051817419,0.183802582561985,0.0255599162479303,0.6047952325666172,0.5792353163186869,0.2562485367942933,0.09656873058521892,0.0526087060266923,0.4025630540881189,0.34995434806142656,0.38391579751110816,0.2101139071633556,0.0519728355676203,0.7351118532131082,0.6831390176454879,0.15952946164323226,0.0648498757833881,0.0145441548760792,0.2625025934702805,0.24795843859420127,0.42362630897379405,0.22385020189430452,0.0228888227145472,0.7758602475816295,0.7529714248670824,plausible
Nadeera,4,01,8,98,0.9700000000000024,0.40709612280189356,0.24838232080373915,0.0389982943122269,0.9362541494055476,0.8972558550933207,0.295189958107978,0.09984485887595183,0.125297591388535,0.4455894622345473,0.3202918708460123,0.23189805376668676,0.08304826566502026,0.0425100984117199,0.3576119204172491,0.3151018220055292,0.38861121258564996,0.20587012865717658,0.0848955213015696,0.7104579971513099,0.6255624758497402,0.2353831481290745,0.09743291051642917,0.0369485479580163,0.3750789634569308,0.33813041549891454,0.29003093860253276,0.14291429847214018,0.0167464540471275,0.509255071511725,0.4925086174645975,0.07845353316599107,0.03045728048120164,0.0186521882292387,0.1367715696094794,0.1181193813802407,0.09436447990439087,0.03713894024700576,0.0089369356939088,0.1594047678535845,0.1504678321596757,0.11130277074062765,0.03533452727717716,0.0236398719742114,0.1733894717438413,0.14974959976962993,0.04745290143777964,0.020711357078997943,0.0085266700104043,0.0918323879265401,0.0833057179161358,0.04315654179810252,0.024013521341553174,0.0097730229956231,0.0878946211631677,0.07812159816754459,0.0396543064887245,0.02265826360426715,0.0048164679903487,0.0859816245093596,0.0811651565190109,0.4178471316088226,0.25120858005013447,0.0652538603491264,0.9593681037515244,0.894114243402398,0.3882791259615691,0.17674712983851512,0.0484030314294441,0.6201808174799553,0.5717777860505112,0.2465757387434151,0.10035775845266884,0.024477226039268,0.3978392468116294,0.3733620207723614,0.3908263933728272,0.21338397276008803,0.0513808197216191,0.7244659095142876,0.6730850897926685,0.1816900767050996,0.0795646636505413,0.0148837972473939,0.2919270580330383,0.2770432607856444,0.44738252903381814,0.22279605904938685,0.0534580953485014,0.8085504248992281,0.7550923295507267,plausible
Nadeera,4,01,9,98,0.9699999999999989,0.42818767963830107,0.25477021496602414,0.09216802365506,0.979931102423791,0.887763078768731,0.278524354019592,0.1144508474520285,0.0637436862568209,0.4569331278310563,0.39318944157423535,0.230311491109788,0.08367636405827891,0.0567433886911096,0.3872007004198498,0.33045731172874016,0.38959829248174316,0.22037492900454747,0.0427909795788415,0.7315234999700208,0.6887325203911793,0.21902470440654812,0.08097905924306123,0.0765989445294598,0.3295852403988646,0.2529862958694048,0.29556952756165256,0.13575458711669125,0.0376801426191682,0.5033256800521322,0.465645537432964,0.06343801555177529,0.020230131712988448,0.0121234179798571,0.0951546678372022,0.0830312498573451,0.07472732621744885,0.029022878837644917,0.0135240194872357,0.11630601190975,0.1027819924225143,0.08267264994814295,0.028631026027964752,0.0209712503041937,0.1304656914922688,0.10949444118807511,0.04824344561999269,0.025654987833502403,0.0057956143715569,0.0947510068617477,0.0889553924901908,0.05128021994817101,0.028859441388953903,0.0111521860264051,0.1087703192548355,0.09761813322843041,0.05112007328123862,0.0269601390073399,0.0117879096660386,0.1057726418646588,0.0939847321986202,0.44898594821650456,0.2718081642838821,0.0822769379363327,1.0301699050445068,0.9478929671081741,0.3888622464654533,0.17141726694524712,0.0164873803900449,0.6257340018765682,0.6092466214865233,0.24796072280135684,0.09272722386788156,0.0565315871825978,0.3943086783841111,0.3377770912015133,0.3985387835529551,0.2139054313796435,0.0582643317385547,0.7194817926211763,0.6612174608826216,0.18279589438332938,0.07288692490691129,0.0092162616950393,0.2919203510813816,0.2827040893863423,0.45394348881793534,0.21613188784688622,0.0400953643486323,0.7981003832226939,0.7580050188740617,plausible
Nadeera,4,01,10,98,0.9699999999999989,0.43375003986206784,0.25063917465174235,0.0785407807059313,0.9485417726663528,0.8700009919604215,0.2816987897604764,0.11653422052966866,0.0635435641551874,0.4356504025087097,0.37210683835352226,0.22276635888556143,0.0886202192724876,0.0332978471774596,0.3721668103153158,0.3388689631378562,0.3875463117881188,0.21609193120697706,0.0695620765779842,0.7272542895784889,0.6576922130005047,0.22385868709578677,0.08977351067349579,0.0402101674459357,0.3382263451209351,0.2980161776749994,0.2919430232004309,0.13330850525103582,0.0261599955608415,0.4889218790959463,0.46276188353510483,0.06345268891359113,0.023626439373079337,0.0175827943622795,0.1154052754542428,0.0978224810919633,0.07637352284801856,0.03055460581876765,0.0144900557874605,0.1370044475799327,0.12251439179247219,0.07695672649595531,0.0387058201872214,0.0250474351666581,0.170473831865695,0.1454263966990369,0.04324220325784722,0.019193855002321653,0.0156727188766891,0.084507784132659,0.0688350652559699,0.03884288258241048,0.02765775312678433,0.0039740836410172,0.0908779796851717,0.0869038960441545,0.03981313892361753,0.026682907030987336,0.0048729108365827,0.0992635984289738,0.0943906875923911,0.41771405175409515,0.24941437560595084,0.0705476474157341,0.9682132762895506,0.8976656288738165,0.39870903004613284,0.18393178844041233,0.0766559109894897,0.6587554313074425,0.5820995203179529,0.2376866945944155,0.09576832551563617,0.0301789534740165,0.39091614956853,0.3607371960945135,0.3673029818054078,0.20414985345420367,0.0471841913068044,0.690894335617139,0.6437101443103346,0.16334237500399287,0.0682013936801682,0.0076236706077461,0.2780115255138529,0.2703878549061068,0.45669592993835834,0.22587523547747881,0.0743990911382633,0.82559557107549,0.7511964799372267,plausible
Nadeera,4,01,11,99,0.9800000000000004,0.42870941768579507,0.2581269910060053,0.0875845270306569,0.9772237592035145,0.8896392321728576,0.3102110047933479,0.1363639449740923,0.0547242874201852,0.4900613419314192,0.435337054511234,0.22732132613966224,0.08686389473133599,0.042486918695679,0.3851608203194839,0.3426739016238049,0.3821892374474369,0.21704608328421657,0.0440215130951669,0.7200525628356188,0.6760310497404519,0.20420379916422174,0.08518794673777745,0.057350010715741,0.347417722332496,0.29006771161675504,0.3279858229811632,0.1383062501051747,0.0279918008610517,0.5127648254740137,0.484773024612962,0.05666482114492973,0.019699803075229293,0.012426570021031,0.0918999535896896,0.0794733835686586,0.0692981557056448,0.025352180087879553,0.0204270132289297,0.1140745346708104,0.0936475214418807,0.0806557258968497,0.030862506132549452,0.0101547603418096,0.1439774740340537,0.1338227136922441,0.04955980320355374,0.024314951330586237,0.0024953460805048,0.0949599062084977,0.0924645601279929,0.05075974960001492,0.027400823736988975,0.0053794051266922,0.1015511238745483,0.0961717187478561,0.04890076926992156,0.02557523335533177,0.011684581460332,0.0976214936163787,0.08593691215604671,0.4413651102400985,0.26845511375641323,0.0532515251220619,1.0241835938649684,0.9709320687429065,0.3699985685341189,0.1706482393756624,0.034610202667961,0.5902193296528582,0.5556091269848972,0.23909610965987493,0.09900539841533476,0.0243134616984952,0.3911007490559851,0.3667872873574899,0.3864848163402395,0.21574056795771748,0.0551080737290397,0.7440104800460008,0.6889024063169611,0.17120517856693143,0.0702282178106877,0.0186617656482746,0.2678985303633275,0.2492367647150529,0.419853249955842,0.2037665919376693,0.0242375260047383,0.7076965256473607,0.6834589996426225,plausible
Nadeera,4,01,12,98,0.9700000000000024,0.4214310681799252,0.2571265670318639,0.0936457159667946,0.9357319658426532,0.8420862498758586,0.30407693371926364,0.13416399530294684,0.048540204006868,0.4672882453215563,0.4187480413146883,0.22647633824378002,0.08615329769556698,0.0543269904559454,0.3726965483484694,0.31836955789252397,0.3906771187492208,0.20776456856002368,0.0680979749876069,0.7172518570488619,0.6491538820612549,0.2008192131963356,0.07554073111539207,0.0557335148724283,0.2998096185045327,0.24407610363210439,0.3434245668574723,0.14126031092704897,0.0871265052943002,0.5593737735078786,0.47224726821357843,0.07741456576777389,0.022351218400991375,0.031865855391781,0.1143910935046172,0.08252523811283619,0.08549849421115549,0.029368065977799646,0.0152005220654179,0.1194386062963399,0.104238084230922,0.10408551277291533,0.043591864078811784,0.0283943786678565,0.195383885016158,0.1669895063483015,0.04146804985435782,0.023673035299470374,0.0110306928962506,0.092352303640878,0.0813216107446274,0.0486616488006183,0.03068590555974826,0.0048024505952378,0.1267445878682847,0.12194213727304691,0.04919890454163715,0.026627360472000334,0.0055886014106611,0.1117299783207538,0.1061413769100927,0.46687151081721817,0.2450714850200223,0.129873699942262,0.9983702559777968,0.8684965560355349,0.35052425602163717,0.16986355709951648,0.0337406191911411,0.5956755700406012,0.5619349508494601,0.2538423238605538,0.09506738131579846,0.0394252941733189,0.3941838754241217,0.3547585812508028,0.3916755319693081,0.21787363738303717,0.0266637239943916,0.7174315681177171,0.6907678441233255,0.1903339188111933,0.07467881016629044,0.0107079860551738,0.2909875677136717,0.28027958165849787,0.4059115221773341,0.21753299308351728,0.0347031046272461,0.7799547868229959,0.7452516821957498,plausible
Nadeera,4,01,13,98,0.9700000000000024,0.4387079667803791,0.23884489496907482,0.0806815736926953,0.91795467798251,0.8372731042898147,0.3235411321957952,0.16125367175238736,0.0265421478161851,0.5432639109632692,0.5167217631470841,0.23189052197942445,0.08852636335297157,0.0516186319958821,0.3840028582252916,0.33238422622940955,0.3686529963990046,0.20589777985778393,0.0769850363909832,0.7083098301259491,0.6313247937349659,0.19828776017670977,0.08287955140619302,0.0038334361754535,0.3358689081428885,0.332035471967435,0.4025729695106517,0.1912423144301649,0.0748826783699762,0.6691127846829705,0.5942301063129943,0.05690772286112182,0.029571177756200558,0.0127190930223748,0.1225080873174574,0.1097889942950826,0.07198204476986132,0.030326650318879694,0.0238754592371945,0.1373673599925896,0.11349190075539509,0.08949621865754971,0.05781019334683617,0.0165314351041504,0.2224255643905752,0.2058941292864248,0.058049357536034574,0.025468484281620518,0.014038942679516,0.1138230726275035,0.09978412994798751,0.05648198233474425,0.027267028691368322,0.0053627493649669,0.1060560556546772,0.1006933062897103,0.05891104401458591,0.027650568342589492,0.0084892324955757,0.1184918271107635,0.1100025946151878,0.4400298706404437,0.2638205129174823,0.0654573838267318,1.0353373416513547,0.9698799578246229,0.35639585832536114,0.1677543400902557,0.0743021086780309,0.5822353118333037,0.5079332031552728,0.25235805860657523,0.09884547684384165,0.022728309600622,0.4017566310239925,0.3790283214233705,0.366858578910478,0.20421590408349485,0.0551125666179245,0.691662372911423,0.6365498062934984,0.20316575047714577,0.08113271306707746,0.0445174327674705,0.3312016120904018,0.2866841793229313,0.40141935327968414,0.2038974675037985,0.0597260404217481,0.7017772729568794,0.6420512325351313,plausible
Nadeera,4,01,14,98,0.9699999999999989,0.4062954177713709,0.24377650132450895,0.079616783124688,0.906430353713981,0.826813570589293,0.33640264583798757,0.13819127752774807,0.0822952106482709,0.5168338277568401,0.43453861710856917,0.2289375523413502,0.08949127951911073,0.0380166178796979,0.3731065325848322,0.3350899147051343,0.39482282059777296,0.21840544296531694,0.0562746117431559,0.75365927528061,0.6973846635374541,0.19865925294593542,0.08209466016594169,0.0433241667705813,0.3048344986376339,0.2615103318670526,0.37211357463223627,0.10089960429865943,0.1852732721895229,0.5048361707485493,0.31956289855902636,0.06540405336496992,0.027736903808212685,0.0110271451644682,0.1148654739315462,0.10383832876707799,0.07667582585964172,0.033989925434510945,0.0085812838379708,0.1266941283968176,0.1181128445588468,0.09507763016419889,0.036453944875842414,0.0122829444542253,0.1661606822503686,0.15387773779614328,0.051584638135639,0.027994905865727192,0.0105776693201021,0.1116447130327839,0.1010670437126818,0.05716239579012433,0.028673967720661386,0.0062203119489484,0.101414807011252,0.0951944950623036,0.05460237790723905,0.02493474473676479,0.0097761133199095,0.0980371362270869,0.0882610229071774,0.4298702076177149,0.2549996218388958,0.0419699756057511,0.9907008684519134,0.9487308928461623,0.3748828929093966,0.1762178548077778,0.0487114711254382,0.5998664732553589,0.5511550021299207,0.24448361056315476,0.1014064208053835,0.044531362596519,0.4052952608964213,0.3607638982999023,0.39213172246856615,0.2206381140911176,0.0498638277096743,0.7498689373211544,0.7000051096114801,0.19715009153442273,0.07638799355487298,0.0176350089182947,0.3042408482662916,0.2866058393479969,0.4348474738248366,0.22702078876702972,0.0417887555841485,0.7973249767675648,0.7555362211834162,plausible
Nadeera,4,01,15,99,0.9800000000000004,0.40341966580778393,0.24483601238571098,0.1026898030257543,0.9283885715240052,0.825698768498251,0.32408507341637893,0.1500339149232464,0.0125888422955352,0.5083254301404438,0.49573658784490865,0.22388705224141378,0.08787580507949894,0.0480014642770882,0.3782877349452935,0.3302862706682053,0.3881001664099342,0.2049764973682734,0.0845094013873505,0.7120751018360258,0.6275657004486753,0.182228284831146,0.06754920065930632,0.040861470664706,0.2953437052677517,0.2544822346030457,0.3671663028484266,0.17810582205813758,0.0166710253258417,0.6309481910607739,0.6142771657349322,0.06293678930559705,0.020438554187172272,0.0178142713248033,0.0947983820017076,0.0769841106769043,0.0812727712600395,0.028332445778819056,0.0168057803893004,0.1160253134639382,0.0992195330746378,0.0832347340797323,0.036491064665436765,0.0132826590238857,0.1525262900821359,0.1392436310582502,0.048209734997793116,0.014893235334601641,0.0287662258449861,0.0760011625326946,0.04723493668770849,0.04400918553285172,0.029534026150012833,0.0072688813295905,0.1146741507453099,0.1074052694157194,0.048023538562107664,0.022759935845459885,0.0091113481868444,0.1019328711871247,0.09282152300028029,0.4328328224965537,0.26318040764714534,0.0624625330446446,0.9901714788829048,0.9277089458382602,0.3542821154875041,0.17305934055582572,0.0159217467847123,0.5682059346775825,0.5522841878928703,0.2516556011193617,0.09830805550269595,0.0260318723181921,0.4010855304636572,0.3750536581454651,0.38895417347594724,0.21819339279416636,0.0438282534992417,0.7271073619515024,0.6832791084522607,0.19211828483098947,0.07715909833368562,0.0393204225039197,0.3016884274718286,0.2623680049679089,0.40522295507259914,0.2201334447622561,0.0102109769752107,0.7367592172905204,0.7265482403153097,plausible
Nadeera,4,01,16,99,0.9800000000000004,0.4271912731475353,0.2578872997835263,0.0671507518716744,0.9693873021717554,0.902236550300081,0.3247951762903222,0.16530895950179075,0.0236804176459573,0.550979067287891,0.5272986496419337,0.22740140721914032,0.08263026195004686,0.0464776035131078,0.3700317543052875,0.3235541507921797,0.38876302568242305,0.21739986108499618,0.0760668157071366,0.7329901525942047,0.6569233368870682,0.21596987119453717,0.08873020718057861,0.0423796807720343,0.3320482885892436,0.2896686078172093,0.3468993796264504,0.17802907350976538,0.0411344716633191,0.584726523953368,0.5435920522900489,0.05095730128369368,0.026934170655485857,0.0101743023355991,0.103018120576269,0.0928438182406699,0.06699105208294752,0.02934447533247534,0.0172164307090821,0.116161253134388,0.0989448224253059,0.08135371484357873,0.0374225316716538,0.0098301236482004,0.1600556120118456,0.1502254883636452,0.04909959409786305,0.02169095463310868,0.0073437736978378,0.0907066035377811,0.0833628298399433,0.04629603250700743,0.02517318356766331,0.0071388664047321,0.0958086303337597,0.0886697639290276,0.04924914554139692,0.025414388189349775,0.0016860975125941,0.1049124447978106,0.1032263472852165,0.42333305207912586,0.2579081227474729,0.0482439074692782,0.9819400820484716,0.9336961745791934,0.37826943426205717,0.18700248696444458,0.0195923128140309,0.6354378883625622,0.6158455755485313,0.23888961952242319,0.09557748255155757,0.039872061898493,0.3903470105202189,0.3504749486217259,0.37842853576097485,0.20707582097772032,0.0475945818235318,0.7091601767824421,0.6615655949589103,0.20182899054258618,0.08518838165116596,0.0358730954206467,0.3404694562764448,0.3045963608557981,0.43878265778553044,0.23348949347718703,0.0179278459167394,0.8050262923273724,0.7870984464106331,plausible
Nadeera,4,01,17,99,0.980000000000004,0.4483347626884011,0.26392121011500774,0.0757461272120067,1.0103977405101074,0.9346516132981008,0.31402364415714273,0.15689132183288915,0.0322499573187567,0.5387686091449062,0.5065186518261495,0.2374062247409144,0.08369050508382432,0.0492773566655207,0.3809693494032611,0.3316919927377404,0.40359960836786923,0.21476617513874416,0.0768029401123976,0.7389952901860993,0.6621923500737017,0.20364480722554304,0.07495016798634577,0.0628036795005234,0.3032659996883421,0.2404623201878187,0.3459579807286679,0.18152557860115895,0.0173525948223598,0.6271508385512328,0.6097982437288729,0.06084103389728239,0.022807756593422376,0.0103138685543794,0.1016388114442508,0.09132494288987139,0.075631799158122,0.032370972660342924,0.0096329826447729,0.1371346205211535,0.12750163787638058,0.09161061993910445,0.03205539102458581,0.0281056198030271,0.1570765958202154,0.12897097601718832,0.05355343133526343,0.02692783737955187,0.0116654912686551,0.1001928605037964,0.0885273692351413,0.057316488823196926,0.03058225278966705,0.0083605871156701,0.1212638425351966,0.1129032554195265,0.05174218855990613,0.02993851489955921,0.0050707879430866,0.1112478542028137,0.1061770662597271,0.4311306917338147,0.2545845797425418,0.048010656549888,0.9880131861289329,0.9400025295790448,0.38106960941337,0.18875240513568037,0.0294074381901143,0.6367827885502643,0.60737535036015,0.249017916936018,0.0976384404404619,0.0484033935249956,0.4032536974298361,0.35485030390484046,0.3943494101686962,0.21515011758351607,0.0577906901661395,0.7417022149854097,0.6839115248192702,0.19801584463350094,0.0748730975771386,0.0473972686068537,0.2941950288042605,0.24679776019740682,0.44963617473206297,0.23355053226877218,0.0424581625263545,0.7711495418505626,0.7286913793242081,plausible
Nadeera,4,01,18,98,0.9699999999999989,0.4229510731122324,0.2613667291287093,0.0867489529961554,0.9609982175499214,0.8742492645537661,0.2919492185454648,0.13193959034433755,0.0303066547544787,0.4808883733834244,0.4505817186289457,0.23535892037179654,0.09082269112009916,0.044760168444524,0.3997154524370275,0.3549552839925035,0.38499802201322864,0.22169721800520165,0.0460888370234397,0.7217815338047731,0.6756926967813334,0.2301218987529514,0.09383641845450441,0.0335469747189285,0.341231031240035,0.30768405652110653,0.3335520550447568,0.14334096536429672,0.0938446348301623,0.5865462420155402,0.49270160718537787,0.07052063327414315,0.02088752202132232,0.0140640421468352,0.1128900701074005,0.0988260279605653,0.08421856040033279,0.029327350904411572,0.0148924655462495,0.1235998735416553,0.1087074079954058,0.12979566790095604,0.033866163836477114,0.0881054935518822,0.2139410697040158,0.1258355761521336,0.04671578186770132,0.020097054724247727,0.0172473616661011,0.0808629633065107,0.06361560164040961,0.042915871700298425,0.0279206588431298,0.0091257678804938,0.1054394367639454,0.09631366888345161,0.04254519898916736,0.022268797492978352,0.0121221484974498,0.0939811771963797,0.0818590286989299,0.43291146472167974,0.27207744852029103,0.0470864850117585,1.0224682310416229,0.9753817460298644,0.39261809739737047,0.20191833381554697,0.0152406631609178,0.665505595866695,0.6502649327057772,0.24663388322551408,0.094808387457495,0.0316398159101646,0.3874981499345271,0.3558583340243625,0.39119629622158075,0.217806668187425,0.054800159418641,0.7416387712367098,0.6868386118180688,0.18416956747996815,0.0711584721049839,0.0182672106866858,0.2914128123820618,0.273145601695376,0.45740759662143454,0.2577182275704197,0.0414792336628542,0.8800515913328917,0.8385723576700375,plausible
Nadeera,4,01,19,102,1.009999999999998,0.42433591636122114,0.24825043245722006,0.1039002020008108,0.9343086221764726,0.8304084201756617,0.36008159650768123,0.14651204925740854,0.0797551741559197,0.5853845508786464,0.5056293767227267,0.2305174097614215,0.08941313468791073,0.0369745141341091,0.3803887102302169,0.3434141960961078,0.38817481875552856,0.21635966275654914,0.0597314537264482,0.7290234634882831,0.6692920097618349,0.2313854539348108,0.0951434266588987,0.0445988522675706,0.3789200776964695,0.3343212254288989,0.35965981277934167,0.17610166457496942,0.0513221025789166,0.6275868224354821,0.5762647198565656,0.06510941134847488,0.023667845976856217,0.0108866940938814,0.1107108535779913,0.0998241594841099,0.08029551410897129,0.029474004696758278,0.0199754118283845,0.127771252909883,0.1077958410814985,0.11622208841149456,0.04763878367407505,0.045720845238805,0.218745686001637,0.17302484076283198,0.0508144533731778,0.02686052500002142,0.0092660536977511,0.0986427116250061,0.089376657927255,0.049971621283986974,0.03162809273061725,0.0097146694171835,0.107111695724817,0.0973970263076335,0.05229109631689915,0.02710091475348306,0.0110527883151077,0.112537907728227,0.1014851194131193,0.4159787404786212,0.2605412833194887,0.0814353238577541,0.9994124265415338,0.9179771026837797,0.40628428061490246,0.19544317159130656,0.0345130068224549,0.6500645915143691,0.6155515846919142,0.254539771699014,0.09727884185970188,0.0247148228804205,0.3930659138748421,0.3683510909944216,0.3766101604663552,0.21825983296860924,0.0420687002692854,0.7372451709470413,0.6951764706777559,0.20259726798404182,0.07884416599045968,0.0518269153775943,0.3223472403977284,0.27052032502013407,0.4858287720378813,0.24777476177431138,0.0271929283799353,0.8101449640981139,0.7829520357181786,plausible
Nadeera,4,01,20,106,1.0500000000000043,0.3922639347426525,0.25871349488068285,0.0760343556107901,0.9386046324937154,0.8625702768829253,0.3213190838429574,0.15835696742926172,0.0298828502400753,0.5938278150383474,0.563944964798272,0.20273780104929082,0.06673039648119804,0.0467727764089725,0.2869393547444773,0.2401665783355048,0.37802967860724446,0.20472337322823167,0.1008161274056058,0.7335265356003307,0.6327104081947248,0.22170580130253634,0.09694885924722726,0.0363596133210667,0.3767413850521496,0.3403817717310829,0.3286748134827165,0.16117115172015664,0.0436781263678485,0.5914180717513157,0.5477399453834672,0.05659176527816174,0.03164066589964154,0.0110077470982405,0.1169929115318703,0.1059851644336298,0.06901116770727744,0.0323395981989356,0.0175624574818086,0.1369954875724741,0.1194330300906655,0.0875797316083031,0.04711519304480115,0.0264668206213177,0.1996609044878964,0.1731940838665787,0.052088000964858015,0.022781816182451734,0.0134013370469451,0.0933092570134675,0.0799079199665224,0.05423090314989604,0.031033745489165494,0.0068284934794576,0.1155861824472066,0.108757688967749,0.05646968732016546,0.029079310899932004,0.0079338010069647,0.1140628459098173,0.1061290449028526,0.42617086918939445,0.2635566402843766,0.105997062569967,1.0088538267558491,0.9028567641858821,0.40214726748441293,0.17658384581131525,0.0305310998916171,0.6100106343005561,0.5794795344089391,0.24128733754030843,0.08976510342161041,0.0192045623542384,0.3667463032075536,0.3475417408533152,0.41478082587490106,0.21947579355869165,0.0529360460007659,0.7572392507559221,0.7043032047551563,0.18505265325762887,0.08368541375266692,0.0313514424169083,0.3431026223363354,0.31175117991942713,0.4688553342296838,0.21311427010007244,0.0588770726033036,0.7654872159657402,0.7066101433624367,plausible
Nadeera,4,02,1,169,1.6799999999999997,0.2072454514880281,0.1438177495257826,0.0263881604926671,0.5027156777224877,0.4763275172298206,0.1320306917355143,0.05398580681202525,0.0146449306011603,0.2182898400627934,0.2036449094616331,0.19391003385477862,0.0953057280828524,0.0557515086502121,0.370109816055917,0.31435830740570486,0.2545015714297455,0.15393261798048594,0.0199285119279737,0.5892080382539406,0.5692795263259669,0.08065342862186571,0.06143154063522992,0.0102606726384165,0.2476457909562159,0.23738511831779938,0.14964726047431656,0.0615553337988466,0.0254956147576552,0.2556324032549602,0.23013678849730504,0.0706050719063394,0.03753726703875221,0.020280499816585,0.1303094697086802,0.11002896989209521,0.06310477592698815,0.03809874675378958,0.0176513223412181,0.1424156804732128,0.12476435813199468,0.06419266148619038,0.04245552251717086,0.0108393789208664,0.172224897112298,0.1613855181914316,0.04520173379231382,0.02549461592033036,0.017241836642654,0.0907226796946977,0.0734808430520437,0.05171933760844287,0.0286808224054916,0.0261334303007677,0.1243298994935093,0.0981964691927416,0.04650183090605631,0.027741132304353856,0.011354107745155,0.1084669716365221,0.0971128638913671,0.3249723412583299,0.25169055419706077,0.0674741083839373,0.9963817980877858,0.9289076897038485,0.14348937344413815,0.1048840484404772,0.014318628857208,0.3654449773880589,0.3511263485308509,0.13217301667251363,0.10524798693517803,0.0199147507401764,0.3925325367241924,0.372617785984016,0.28551506258255377,0.20144750998189986,0.0503644254497794,0.6738750789846459,0.6235106535348666,0.07714008879744472,0.034194266554149054,0.0213505251090868,0.1654796327576976,0.14412910764861078,0.1613923464491381,0.11017262887517777,0.0093224681484503,0.3475133666669606,0.3381908985185103,plausible
Nadeera,4,02,2,107,1.0600000000000005,0.37746081842053714,0.22885841580090677,0.1158985928563836,0.8739901005312397,0.7580915076748561,0.19120921221226825,0.07886297678876654,0.0332362786863172,0.3228678428984386,0.28963156421212144,0.21196948206920463,0.08590310334883222,0.0249816288527562,0.3554182168479789,0.33043658799522274,0.38269582583474854,0.21420559773362075,0.0218650367553616,0.7364228675569832,0.7145578308016216,0.1733098339656131,0.07432135507368884,0.0123893306980122,0.2929109460247752,0.280521615326763,0.20578733208645286,0.08647979780828736,0.0295162966180737,0.3677527210974396,0.3382364244793659,0.07628152083068074,0.029637307062653974,0.0224945050860821,0.1384284442197883,0.11593393913370621,0.07814622598026356,0.03260968157528191,0.0115785029395715,0.1416764790779945,0.130097976138423,0.0921715577062054,0.038837767833518576,0.0264695650199599,0.178252057260579,0.1517824922406191,0.0734598544378727,0.040830779271455946,0.0035662303636272,0.1393226919717941,0.1357564616081669,0.07793190752058868,0.03347124418995431,0.0298301284738822,0.1266052778249737,0.0967751493510915,0.0731643470251977,0.02823595177787601,0.0300635547893518,0.1169643127410275,0.0869007579516757,0.4071454546473721,0.23927470232509443,0.0712201984047836,0.9666485618642876,0.895428363459504,0.2480499214775642,0.12133496958151849,0.0068961121965839,0.3973957243948072,0.39049961219822327,0.24135452053701065,0.09868620060284002,0.0089470176831556,0.3875436848952569,0.37859666721210133,0.3686186179001737,0.20274803710900224,0.0569263807841625,0.6968951575929618,0.6399687768087994,0.15670924623118765,0.06882540718456806,0.0263789741733481,0.285334116358231,0.2589551421848829,0.30239030737443917,0.1575093794719302,0.0728555812968756,0.5962479528736002,0.5233923715767246,plausible
Nadeera,4,02,3,103,1.0200000000000005,0.40858608962098636,0.23758243228973475,0.0723091167979971,0.9165960870430728,0.8442869702450757,0.22794297487360093,0.10376652459717911,0.0071880388298903,0.3756849412766475,0.3684969024467572,0.221787942054479,0.08436992913293855,0.0408908782327427,0.3537875659585692,0.3128966877258265,0.38366201942363365,0.22041277295857925,0.0416286815908322,0.7198479149621431,0.6782192333713108,0.20411840545393292,0.08238131086267618,0.0324532408798857,0.3103203704065252,0.2778671295266395,0.253086825218562,0.11679250997199496,0.0197552873299081,0.4237517844780782,0.4039964971481701,0.08503784087711652,0.02602885471555744,0.0302744896817379,0.1281590505853425,0.09788456090360459,0.08982966046947333,0.03708936346832223,0.0062081364498955,0.143028838689477,0.13682070223958148,0.10576909846221555,0.032873098489927324,0.0381993523889232,0.1663015760030267,0.1281022236141035,0.05618232608789037,0.014689612018094184,0.0256375031458617,0.0867552364293488,0.0611177332834871,0.055070063105085824,0.015148139737547306,0.0268137366580253,0.0815286525366283,0.054714915878603006,0.05511180227900709,0.015394080521923982,0.0183959343130835,0.0866889363811815,0.06829300206809799,0.43316981232370155,0.2576761396982024,0.0978521423256661,1.0131037505484777,0.9152516082228116,0.3185703204474033,0.1536398028769903,0.0307109753314712,0.5360440997406135,0.5053331244091424,0.24379852931025597,0.09751252972008694,0.0334291721217666,0.3795103126562819,0.3460811405345153,0.3836905653640537,0.20850310716562778,0.0529342147867392,0.7169316294665568,0.6639974146798175,0.15282367330541485,0.05955085227346143,0.0409794136420277,0.2443948842071915,0.2034154705651638,0.4099028087973013,0.19907639485795076,0.1092450235160832,0.7395885228225466,0.6303434993064634,plausible
Nadeera,4,02,4,103,1.0199999999999996,0.4123008144235155,0.23760042246023097,0.0706269393637493,0.8968420138014561,0.8262150744377068,0.2803855327013004,0.13099739410546254,0.0301631731196578,0.4570631702682495,0.4268999971485917,0.22078263034865048,0.07583684287577601,0.0442624080228829,0.3415554154367826,0.2972930074138997,0.40616769622012705,0.20468567088868436,0.1153340112732276,0.7227836786151616,0.607449667341934,0.22237055372353925,0.09195465297573585,0.0342589803443632,0.3647311533426927,0.3304721729983295,0.31447730702081944,0.14380629922363883,0.0620354605764777,0.5155217984581622,0.45348633788168446,0.08104964206990152,0.035967011742595444,0.023218478400891,0.151203285653811,0.12798480725292,0.10040702686749534,0.03825120847927521,0.0303309258859575,0.1642015720886063,0.1338706462026488,0.10310323767110771,0.040241008732793355,0.0404313440510384,0.1858695762313069,0.1454382321802685,0.05017720209633662,0.0220795743692271,0.0057543188187047,0.0922254813430612,0.0864711625243565,0.053561256929825295,0.016670829056454534,0.0346251552224316,0.0854841475687331,0.0508589923463015,0.053112670841265905,0.016589150213702396,0.0312962593827088,0.0932796489501475,0.06198338956743869,0.4300718141899062,0.2602064934136962,0.0924586561813833,1.031475134405901,0.9390164782245177,0.3557780192345113,0.15631134138612965,0.0632993787109304,0.5852513001007444,0.521951921389814,0.24106481962009113,0.10260274513711697,0.026416641340241,0.3901896388014467,0.36377299746120567,0.3800938932054888,0.20218056595849768,0.0672104187294687,0.7094547309539142,0.6422443122244454,0.19173899050911702,0.08260109330340872,0.0187298085483352,0.3134396003212963,0.2947097917729611,0.434195934423086,0.22919104031679988,0.0419156248040366,0.8642906551996056,0.822375030395569,plausible
Nadeera,4,02,5,100,0.9900000000000002,0.4202519823512233,0.24587138747444132,0.1242333112305014,0.9229424954463928,0.7987091842158914,0.2522849569442966,0.11242897770758031,0.0303702259826312,0.4064965219599064,0.3761262959772752,0.2319662326444037,0.07895347592169462,0.0770530878187585,0.3844840341707544,0.30743094635199586,0.39785925431490476,0.2236127601808198,0.0405937153151591,0.7321311155890746,0.6915374002739155,0.20282271843632851,0.0809005386114885,0.0425583683567983,0.3054230020753808,0.2628646337185825,0.275506262895473,0.13001388172946599,0.0189350469742772,0.4925085586493905,0.4735735116751133,0.06937090236544786,0.01702128606558754,0.0395189892810925,0.1073050031978045,0.067786013916712,0.0831050742205369,0.028432378627614413,0.0212530212613929,0.1353153072672091,0.11406228600581621,0.09189590500939111,0.031255640218963925,0.0281632009370772,0.149596198420285,0.1214329974832078,0.04811833843604447,0.017741614536615904,0.0187248637880946,0.082147712320699,0.06342284853260441,0.050448966709334284,0.03329901259314207,0.001465481114713,0.1206851621744442,0.1192196810597312,0.05014672117011948,0.028434259578712012,0.0203584041446251,0.1165057871224817,0.0961473829778566,0.44709735043924614,0.2763577205065997,0.071089754035189,1.0745653229536976,1.0034755689185086,0.3658223711903931,0.1653033058148161,0.0215530201402241,0.5848848410673776,0.5633318209271535,0.24697069003641603,0.09521084126418629,0.0409692204934706,0.3820438344595978,0.34107461396612715,0.3850506295166566,0.21130177067008807,0.0620928074020618,0.7330711958127261,0.6709783884106643,0.19204131511359887,0.07331177981275794,0.0160723890446308,0.3030056560511568,0.286933267006526,0.42862024403598914,0.2220158663077746,0.0335927571995239,0.8562232240842996,0.8226304668847757,plausible
Nadeera,4,02,6,99,0.9800000000000004,0.4384187422914593,0.2471334456864467,0.119632820628781,0.9603020625844584,0.8406692419556774,0.24264577837803503,0.11679299657070277,0.0150046028632633,0.3998030346106405,0.38479843174737716,0.24134791742581127,0.08728280959034039,0.0503024524935422,0.3945552911207859,0.3442528386272437,0.42996410058430695,0.2196488483055634,0.1055299887439335,0.7792490343346088,0.6737190455906753,0.2186156760896438,0.08365943802790927,0.052298292446829,0.3494657020537832,0.2971674096069542,0.28361088699299536,0.13988657395048462,0.0583138690438312,0.522676809999713,0.4643629409558818,0.063482944081188,0.02302546535430707,0.0190903487779171,0.1124322300584103,0.0933418812804932,0.07192627363898343,0.02488242410516128,0.0150258614455971,0.1072854693461979,0.0922596079006008,0.07741823813270758,0.0237005004896661,0.0161151078882542,0.1279968531254194,0.1118817452371652,0.0527217764303919,0.02179529500124594,0.0256328701870343,0.0939634255894247,0.06833055540239041,0.05318845606181127,0.029332358483094317,0.0087373021763028,0.1086466788899506,0.0999093767136478,0.051036818542634234,0.02481782322534956,0.0100523838252696,0.0949223805375823,0.0848699967123127,0.4195178896490642,0.2592113243588865,0.070741718961029,1.0062582749576028,0.9355165559965738,0.38514154410381723,0.1891625141432279,0.060662161936649,0.635672238187594,0.575010076250945,0.2489887205913245,0.09416734072560846,0.044437568405093,0.3836310010906456,0.3391934326855526,0.38846793342577257,0.21716936021042288,0.0501599210784622,0.7269531292096274,0.6767932081311652,0.15399143700543272,0.06451542622109878,0.0166501248190273,0.246967544117184,0.2303174192981567,0.4587290349930815,0.24144954817964853,0.0751397522420952,0.9069149670007784,0.8317752147586832,plausible
Nadeera,4,02,7,100,0.9900000000000002,0.42962882920596007,0.25205455851317665,0.0736431366325572,0.9393483419661918,0.8657052053336346,0.2633912842591933,0.12064802969694648,0.0252585881990926,0.419841237874257,0.3945826496751644,0.2347624534901921,0.08389171172983949,0.0368578255568489,0.3805638186575281,0.3437059931006792,0.4167083804080668,0.21479990006330946,0.1259288152694873,0.7491737625174895,0.6232449472480022,0.2354375523704697,0.09753827312598538,0.0333304170819259,0.3686421961500067,0.3353117790680808,0.29698048106820496,0.14285866387229987,0.0256924685642778,0.4881894122986699,0.4624969437343921,0.07330599512637465,0.0270717050508586,0.0153909096277187,0.1221418244730848,0.1067509148453661,0.0898295572687698,0.03539850259167471,0.0082466035746807,0.14591525523395,0.13766865165926928,0.09973389533475321,0.031114877739812606,0.0379853655061818,0.1517601867307397,0.11377482122455791,0.04340622270589449,0.025107127965574138,0.0062876166139536,0.0901176630188549,0.0838300464049013,0.04806541167331877,0.028643250220168098,0.0040049711408064,0.102084387994491,0.0980794168536846,0.05107468690551516,0.02519082065904758,0.0173221150193678,0.1100869184699175,0.0927648034505497,0.4465415949832237,0.276647111655704,0.0831257739783925,1.0590897756946025,0.97596400171621,0.40181909938510446,0.18972911784534216,0.0300739559017366,0.6503039597916747,0.6202300038899381,0.24584020553056896,0.10005372053246134,0.0354121471838709,0.403430757663667,0.36801861047979606,0.38834847681885926,0.21387038966836305,0.0541887442509954,0.7190884163313837,0.6648996720803882,0.16295862759402246,0.061286327905522166,0.0299355673939343,0.2550627567791541,0.22512718938521978,0.4782063982217873,0.2616492204279376,0.0412757866091449,0.964523286058647,0.9232474994495021,plausible
Nadeera,4,02,8,100,0.9900000000000002,0.4182936639168859,0.24254546134357993,0.0767801737977859,0.9251175596134424,0.8483373858156565,0.2737720200132744,0.12720013253113854,0.0503231917838139,0.4444334963185283,0.3941103045347144,0.23240180917446143,0.08356917080153915,0.036670670429854,0.3705929942294725,0.3339223237996185,0.4197211598986679,0.21460204819834217,0.0974284238566443,0.7390837918150931,0.6416553679584488,0.23036268432037407,0.08434510286571775,0.0647310638070538,0.3444104719974026,0.2796794081903488,0.3052399066602323,0.1413654458482134,0.0547078743266345,0.505802899925993,0.45109502559935855,0.06869594336087101,0.019858218428294938,0.0282381459381443,0.0994243038611791,0.0711861579230348,0.08512059395719737,0.029928024795224092,0.0115316268367701,0.1250895733779422,0.11355794654117209,0.09128973963831215,0.032567992031103575,0.0107972343232267,0.1473280393561853,0.13653080503295859,0.054979559962058354,0.02014218168775918,0.0117806086721554,0.0879559858615565,0.0761753771894011,0.054059135762208256,0.029126253467404734,0.01192877098334,0.1099507332814923,0.0980219622981523,0.048750181546712935,0.02415975130465073,0.0104623557454967,0.0891992386192047,0.078736882873708,0.4237704481819148,0.24659791635736086,0.0804089720264263,0.969671436085354,0.8892624640589277,0.3813971283579599,0.16928071601902256,0.0444272907970538,0.6389061670631638,0.5944788762661101,0.24542821827063346,0.09266286732494529,0.0570836486557294,0.3769824637142461,0.3198988150585167,0.37185589219830484,0.2051122352415403,0.0403969060249698,0.701541807195023,0.6611449011700532,0.17190876754328996,0.06983561139503609,0.0178548538305002,0.265895030771751,0.24804017694125077,0.4526799847843827,0.2532560801615736,0.0255494853087424,0.9419815430499096,0.9164320577411672,plausible
Nadeera,4,02,9,99,0.9799999999999986,0.4135549313326883,0.2456793933521972,0.1339498512066557,0.9541460084795776,0.8201961572729219,0.2840835624140144,0.13751023643968852,0.0233043025654238,0.4558930903976572,0.43258878783223337,0.23021877366004312,0.08181301010825955,0.0533920818561426,0.3726580751219446,0.319265993265802,0.4052932910730455,0.22169431431085693,0.0708583663804325,0.7492912435286823,0.6784328771482497,0.20812956987901027,0.08241545424116523,0.0386362537151542,0.3221526395555328,0.2835163858403786,0.3190853441488813,0.16072604498181361,0.044012232045206,0.5508339737795844,0.5068217417343784,0.06567852831022991,0.030287093064347605,0.0107815779609305,0.1166973321798429,0.1059157542189124,0.07867283907325039,0.03456667298034301,0.0137074844602346,0.136504613809719,0.12279712934948442,0.08535350536035985,0.03500898234603575,0.025978459092695,0.1624036316215396,0.1364251725288446,0.0504596556044483,0.023092931788661477,0.0176333257008555,0.0913663511605025,0.073733025459647,0.047516427687006126,0.029665696391690168,0.0055996434694914,0.099087414644484,0.0934877711749926,0.04924315989035423,0.021144429206013768,0.0147593096355301,0.0911999281280835,0.0764406184925534,0.4438218866691827,0.26528747032661215,0.098469913975997,1.00803450319321,0.9095645892172131,0.3804736702932159,0.1784587887223092,0.0506984791999306,0.6288950297678997,0.578196550567969,0.24773303246558215,0.0972636232117724,0.0386115538363592,0.3880446681715987,0.3494331143352395,0.3962663069267229,0.21628432785575744,0.0507729829882157,0.7473893715579529,0.6966163885697372,0.18907588740760978,0.07512453853553021,0.020709570016663,0.2830283503004347,0.2623187802837717,0.42627994562357446,0.24444265685684116,0.0277473723502603,0.8922642252051068,0.8645168528548466,plausible
Nadeera,4,02,10,102,1.0099999999999998,0.4488353387698133,0.24402398440907838,0.0371133963231595,0.9770142356517578,0.9399008393285984,0.2605325048827061,0.1166086930757255,0.0301646738869406,0.4169181565765429,0.3867534826896023,0.2320075930351243,0.08052685456377166,0.0443184823310933,0.3652200759983305,0.3209015936672372,0.4102015954705749,0.21273496398509242,0.1228239023695019,0.7446387067679516,0.6218148043984497,0.22928628162049028,0.09221283982442942,0.0468743598302673,0.348273439168162,0.3013990793378947,0.2984157625410974,0.13675425011433628,0.0619000706671201,0.5172300705973542,0.45532999993023404,0.07442315269700825,0.021208159864430497,0.0350093992695455,0.1150388373372616,0.08002943806771609,0.08966682549533858,0.03327824515394245,0.0066991969945968,0.1428539206061511,0.13615472361155428,0.09538138620870758,0.02408973995265329,0.0437134804610374,0.1373045851979144,0.09359110473687701,0.04850575294813323,0.023037965868909726,0.0153346624305836,0.0965896132045155,0.08125495077393191,0.04773314916680578,0.03122986391365286,0.004319961238766,0.1039129616099042,0.09959300037113819,0.04306453878706425,0.026816303903916077,0.005696920907708,0.1026007774895552,0.0969038565818472,0.4305247698811603,0.2551844330620445,0.0734324513389106,0.9874221838994102,0.9139897325604995,0.40212794593056495,0.186805889828151,0.0084025243126598,0.6444315324393192,0.6360290081266594,0.24687883045705813,0.09501276282603174,0.0376909835792505,0.3863268439699347,0.3486358603906842,0.3850194741883509,0.21322167254425717,0.0499312493649281,0.7147939538572508,0.6648627044923227,0.15748541994300091,0.05502610547105389,0.0048547524851532,0.2416054676811288,0.2367507151959756,0.46209440097842447,0.2498075929799688,0.0287216650704444,0.9091154399637776,0.8803937748933333,plausible
Nadeera,4,02,11,98,0.9699999999999989,0.4605457814222644,0.2647084665750359,0.081794640352068,0.9935540066147583,0.9117593662626904,0.2726580313645824,0.12428614891526353,0.013340312071118,0.464477454922921,0.45113714285180295,0.23563248876618856,0.08480341670068389,0.0491820221601825,0.3888999573382877,0.3397179351781052,0.4133315477758873,0.23324868268992258,0.0241877702198093,0.7610827086328534,0.7368949384130441,0.23172790938086021,0.08988350761954617,0.0385993736240007,0.3679254867404408,0.3293261131164401,0.30299010451765174,0.13838189838237452,0.0439953989648273,0.5031150624042596,0.45911966343943234,0.0658046562522154,0.024789115520899282,0.0293070861456304,0.1244388017616097,0.0951317156159793,0.07980335144441565,0.03264392464825572,0.0198379804880914,0.1395047051716035,0.11966672468351208,0.08913567944565257,0.03362561199486399,0.0235978987994687,0.1534200717177435,0.1298221729182748,0.050981707866739334,0.02428561789123044,0.0179062472041881,0.0945630933719338,0.0766568461677457,0.049015142264326766,0.03379114596546229,0.0049570489607264,0.1064731136637152,0.1015160647029888,0.03939737331694533,0.0283582064971615,0.0058813563546712,0.0906867196531052,0.084805363298434,0.4303379891853469,0.26327280488398386,0.0776720937925673,1.0090775975518,0.9314055037592327,0.39177061108971245,0.1783320291560158,0.0685413653346418,0.6505811184719419,0.5820397531373,0.24172113525247746,0.09201515494226627,0.0530210521122355,0.3908717757686664,0.3378507236564309,0.3750017069460091,0.21231914618849373,0.026494190840115,0.7174156824942239,0.690921491654109,0.16565117296217857,0.06984870681326608,0.0183420089223292,0.290927381820308,0.2725853728979788,0.4491215369533815,0.2433460923778161,0.0448064142849517,0.89135853820446,0.8465521239195083,plausible
Nadeera,4,02,12,102,1.0099999999999998,0.43220601559356,0.2519496726989192,0.0975423346535919,0.9583621627428252,0.8608198280892333,0.28823727606966854,0.13076003921336313,0.0248070195519804,0.4816135065032086,0.4568064869512282,0.23240918070980338,0.08478608282316169,0.057830107200084,0.3826162628715741,0.32478615567149005,0.3979889420342951,0.20497627825936543,0.0823469997744247,0.7212403692241556,0.6388933694497309,0.22353269761467623,0.08306557300856383,0.0698978514528709,0.3668032344424408,0.29690538298956987,0.3142356603835995,0.14297939487364275,0.0251654435759581,0.5567994142011511,0.531633970625193,0.05458857168015833,0.01719395259150365,0.022231425617051,0.0848800854736203,0.06264865985656931,0.06658201550383636,0.023375526668778894,0.0071176815957852,0.1088176110272747,0.1016999294314895,0.07455380761046332,0.028299929019114,0.0261184950761732,0.1318907441081326,0.10577224903195939,0.05386899830209991,0.02155181365008507,0.0213724354348943,0.0891049754111415,0.0677325399762472,0.0552492531302553,0.024146628047346803,0.0200520346009802,0.0998855136689342,0.07983347906795399,0.05225172242978407,0.022622682408569225,0.0112360745151601,0.0954605895812584,0.0842245150660983,0.42589216675796415,0.2639869398202394,0.0570594577296889,1.0158589410158554,0.9587994832861665,0.4047565336505583,0.18191764143854358,0.0278318433817141,0.6655489096239692,0.6377170662422551,0.25085150808991263,0.09776074232468357,0.0332360620299277,0.3990707368116559,0.3658346747817282,0.38567666260273226,0.2153513858040503,0.0525929782176678,0.739940851680885,0.6873478734632171,0.16693710342942025,0.06842750869696539,0.0385302578422241,0.2787234182744592,0.24019316043223507,0.4603162824373199,0.21186252423811935,0.0167843377665401,0.8246028735481334,0.8078185357815933,plausible
Nadeera,4,02,13,98,0.9699999999999989,0.41581295305157195,0.26884946270957777,0.0864353556329773,0.9752205383024616,0.8887851826694843,0.3286502225586872,0.14145188641117096,0.0419419201055249,0.5380345213718718,0.4960926012663469,0.2385844552401599,0.08749185578019077,0.0476120458002021,0.3863680374783417,0.3387559916781396,0.38453396904311926,0.20521626194935566,0.0816579693219477,0.708918745209278,0.6272607758873303,0.21001458108544174,0.08853796912614624,0.0374908442347297,0.3485103332106274,0.3110194889758977,0.3658459981051905,0.17169265374078493,0.0114735308228712,0.5933656119174074,0.5818920810945363,0.06393401990993805,0.026995340564485135,0.0065497197692582,0.1047264681517899,0.09817674838253171,0.0789512885466331,0.03192396077212888,0.0097329859233443,0.1342387273394964,0.1245057414161521,0.0785104432440315,0.027697743612131183,0.0211529076444032,0.130522240217808,0.10936933257340481,0.04786228197883186,0.020910130097280797,0.0153268232190886,0.0872632085353807,0.07193638531629211,0.051869954008971,0.029043765635052694,0.0046957644537193,0.1028719960930471,0.0981762316393278,0.05148527473025125,0.023331053598560754,0.0084730254961613,0.0927255845375076,0.08425255904134629,0.4402069059215479,0.2660640262814233,0.0709586266320629,1.017576593467031,0.9466179668349682,0.3597144079291996,0.17035221029640255,0.0456217985109905,0.6013065263749711,0.5556847278639806,0.24113192513100792,0.09344549607279096,0.0379731807070525,0.3777301365489817,0.33975695584192916,0.393679115866195,0.21905703707002924,0.0481613569664899,0.7451947569572064,0.6970333999907165,0.20643991471762943,0.0747049292175858,0.0448216837310666,0.313666393862739,0.2688447101316724,0.4086542480122796,0.2152162113194846,0.0300584371283167,0.7814233046502983,0.7513648675219816,plausible
Nadeera,4,02,14,99,0.9800000000000004,0.4148809794953161,0.24127797122294906,0.122719675512766,0.9169171806551262,0.7941975051423602,0.3492148865063659,0.16440462442420892,0.0500538191898517,0.5836249244341487,0.533571105244297,0.2358262411015322,0.08472887228070464,0.041209636206109,0.3874072215391833,0.34619758533307426,0.3604236235380096,0.2110885434906659,0.049281925005431,0.7130342071882426,0.6637522821828116,0.1922164929951683,0.06828772843837767,0.0511374143330546,0.3008899982908787,0.2497525839578241,0.38910469646966855,0.18846822615189285,0.0319414003473415,0.6627236151165834,0.6307822147692419,0.07064966111727705,0.033530353417008246,0.0052965756693057,0.1444590715147441,0.1391624958454384,0.09538433883747373,0.03986219051105627,0.0213981081132997,0.1740839025207494,0.1526857944074497,0.08806435113749511,0.039916771946516785,0.0207017931359956,0.1765391157844368,0.1558373226484412,0.05207431003663688,0.025665580019068754,0.0149483498224751,0.0970132596965466,0.0820649098740715,0.045315234649681235,0.02947320739077214,0.0089505775083181,0.1107357099039028,0.1017851323955847,0.045172712740380976,0.02753811562704145,0.0046442678357925,0.1045726819783685,0.099928414142576,0.4240057097420916,0.25588653799875505,0.0193782562961988,0.9640985091933912,0.9447202528971924,0.3314439148228963,0.15791196081375258,0.0748278329930235,0.5808381037613983,0.5060102707683748,0.2551531938133103,0.09641600372635284,0.0546953794528885,0.4194546697962882,0.3647592903433997,0.3886218212501764,0.21737774263189366,0.0277716910966786,0.7355535514847228,0.7077818603880441,0.23289259325511136,0.08733389058118318,0.0248831183778628,0.3590575540014495,0.33417443562358673,0.37777777902208953,0.22139641583866287,0.045883784564035,0.8065909665963411,0.7607071820323061,plausible
Nadeera,4,02,15,105,1.0399999999999991,0.4429413521101645,0.23482540230098853,0.0700464269538076,0.8878670831985336,0.817820656244726,0.35014641812908154,0.16167921692271978,0.0191887662285276,0.5552847934329139,0.5360960272043863,0.22925630348361917,0.08176505338539061,0.044715443511373,0.3686201607391963,0.32390471722782327,0.3989496936847026,0.21335899401115913,0.0642418075025695,0.735174302098129,0.6709324945955595,0.19725490045781413,0.08156822309150247,0.0410060008979386,0.3477444270975742,0.3067384261996356,0.3906780381127255,0.18592828853397644,0.0516439966957622,0.652852548592376,0.6012085518966137,0.06575706680515132,0.031262875648899874,0.0152396288055928,0.128734884146674,0.1134952553410812,0.08665114592255456,0.0351137739744749,0.012099062517028,0.1498436185841968,0.13774455606716882,0.08872435754606564,0.034502814612043825,0.0373107135598194,0.1546986850896768,0.11738797152985739,0.04882231643159935,0.021936156738263775,0.0164704168641213,0.0895482248568097,0.0730778079926884,0.04621906346770684,0.027685334930882568,0.0095837466648498,0.1036436471411965,0.0940599004763467,0.04337071534792898,0.02416438423942823,0.0037741465662079,0.0904593697457306,0.0866852231795227,0.41708761857670473,0.2570444022153757,0.0519937698396326,1.0073345794600048,0.9553408096203723,0.3716570074446585,0.16591674862751152,0.0556513052017055,0.5731305752159042,0.5174792700141987,0.2436500254703201,0.09853722697442314,0.0304779950586313,0.4038255930835436,0.3733475980249123,0.3868045996872858,0.2083959153319369,0.0680961725244135,0.7406034234406684,0.672507250916255,0.21118788626687077,0.07792637506621752,0.0276401955488551,0.30120710770526,0.2735669121564049,0.43172892048190686,0.2296972429949214,0.0340391526676178,0.8330128221652446,0.7989736694976268,plausible
Nadeera,4,02,16,99,0.9800000000000004,0.38890910505259874,0.26297679526848317,0.0682594667031889,0.9506289480574036,0.8823694813542147,0.3289638469393339,0.163900924234279,0.0084285857729465,0.5675954894256288,0.5591669036526823,0.2388239591703682,0.08274605658104352,0.0446295555571371,0.3712017109087443,0.3265721553516072,0.36715045328896917,0.21301720974039806,0.0425306549862712,0.6902119622054322,0.6476813072191611,0.2118885821144054,0.08728843116247328,0.049888995667097,0.3382314100539569,0.2883424143868599,0.3701121021601491,0.19583581261982866,0.0304379225405945,0.6869244600102079,0.6564865374696134,0.062008889007244154,0.020893913857652695,0.0232592590790938,0.1084107972012431,0.08515153812214929,0.0726398068957599,0.03008030499769958,0.0239164127097365,0.1334638300732337,0.1095474173634972,0.08231145743502828,0.030548115092041358,0.0281294272104105,0.1402678383914335,0.112138411181023,0.048845680054301184,0.020351416349676688,0.0127889257703625,0.0899053705884403,0.07711644481807779,0.05367444650306641,0.026892951216925146,0.00469527311336,0.1046765112663926,0.0999812381530326,0.053083134831995525,0.023989364692455325,0.0188472814269464,0.1028561535857387,0.0840088721587923,0.445010912593391,0.2761766394212035,0.0630464508123411,1.0293739094766636,0.9663274586643226,0.38873739355058173,0.1827661915610415,0.0400410158362496,0.6208267126303889,0.5807856967941393,0.2442053317591561,0.0915299400892967,0.0489279197886735,0.3855099132851348,0.3365819934964613,0.38875366999422556,0.21750692220502638,0.0414789844531619,0.7259243908661103,0.6844454064129484,0.21475097354866027,0.07940901199537735,0.0217056253030222,0.3203256427526717,0.2986200174496495,0.4453021803032724,0.22192460024628569,0.0346618445378945,0.805913119605363,0.7712512750674686,plausible
Nadeera,4,02,17,104,1.0300000000000011,0.44706033362882036,0.22848015635740354,0.1327867224522247,0.9379406951393184,0.8051539726870938,0.31073271875685093,0.1527191658725263,0.0173080013021526,0.5259758532122185,0.5086678519100659,0.23264566371445558,0.08406163385023609,0.0507145015859029,0.3827729141727485,0.3320584125868456,0.3962046741378917,0.21658343968273366,0.0444895658757225,0.7436032927240344,0.6991137268483119,0.23248694082479143,0.0937258274258513,0.0520121698286445,0.367917713743972,0.3159055439153275,0.3377488383562209,0.17394433438626697,0.0317251684806063,0.5758065361761714,0.5440813676955651,0.07971355897593849,0.031214463792536278,0.0038318590790004,0.125933099469511,0.12210124039051061,0.09449750593679854,0.03918264156177152,0.0077985821701458,0.1516644154990405,0.1438658333288947,0.0957998998227146,0.03692622407372736,0.0278405321211467,0.1536327272489861,0.1257921951278394,0.04988849258477204,0.02558208801503956,0.0142212489664821,0.0984685065497296,0.08424725758324751,0.05375944529181853,0.030510470363319248,0.0077696645245878,0.1056848860722739,0.0979152215476861,0.05509386239043755,0.028472700493749382,0.006293510147053,0.0979888549206418,0.0916953447735888,0.4202831096192329,0.24553579631583122,0.0642194149590644,0.9666588367952076,0.9024394218361432,0.3860869446460046,0.1863987025175165,0.0162136864576469,0.6232773852817524,0.6070636988241055,0.2523589515879416,0.09209120459593047,0.067679351289144,0.3980050558903452,0.3303257046012012,0.3809967794121528,0.21483886533584365,0.0124683906338871,0.7173780199665726,0.7049096293326855,0.20561350981300086,0.0830374436212368,0.0321406489792357,0.3275769825948125,0.2954363336155768,0.44633827380307606,0.23951799166226323,0.0105081493171801,0.8508399037649576,0.8403317544477774,plausible
Nadeera,4,02,18,103,1.0199999999999996,0.38879986809706163,0.23683651293445804,0.0122938376358969,0.8756910146047348,0.8633971769688379,0.28728607542191786,0.1398608860900012,0.0190563902265054,0.5057473579207988,0.48669096769429343,0.2252042932691232,0.08018772005935382,0.0584236878868319,0.366993486059581,0.3085697981727491,0.37829746813320575,0.2032602640951256,0.0812880364589885,0.7052173167811646,0.6239292803221761,0.21895383762894927,0.09362865533506388,0.0365604659561002,0.3848673273277812,0.348306861371681,0.30179986735005065,0.1409573941583998,0.044138431223469,0.524751278279219,0.48061284705574997,0.07584748679026747,0.03034657259932666,0.0220311295683854,0.1430105122556115,0.1209793826872261,0.08953606100836521,0.03459508425853371,0.0164595524881414,0.1596986391200086,0.14323908663186719,0.09494456505333644,0.03980119307088824,0.0336491056655643,0.1865948819942589,0.1529457763286946,0.04741718276827863,0.020108837593168272,0.0143200656625526,0.0800748008037457,0.0657547351411931,0.04718196211580615,0.023185523281909315,0.0131519517408101,0.0956818182262493,0.0825298664854392,0.05868916387679623,0.020158065888489222,0.0242544171972013,0.0974086912894851,0.0731542740922838,0.4317598766145616,0.26420896592344123,0.0666326037384702,1.0229977388175635,0.9563651350790933,0.3486548686260834,0.16416868411078034,0.0292173012554538,0.5823755502025134,0.5531582489470596,0.2520952198123555,0.09747794521581367,0.0212300088366012,0.3977672687166466,0.3765372598800454,0.3754235304242079,0.2075350753392375,0.0411489194541754,0.7137821791767661,0.6726332597225907,0.18176681419233598,0.07621640726124239,0.0216235036481754,0.2973944933007578,0.2757709896525824,0.3992130394773107,0.21068228717151702,0.0253087796037617,0.7608444760341764,0.7355356964304147,plausible
Nadeera,4,02,19,105,1.0400000000000027,0.4215656928813114,0.24414105905070288,0.0771726728299562,0.93154370704281,0.8543710342128538,0.29439889630729493,0.12877152364662242,0.0517891848112421,0.4786034427730094,0.4268142579617673,0.2245430227493808,0.08026898949910513,0.0515937989061616,0.3610970768653029,0.3095032779591413,0.39004357211160184,0.21503750464620233,0.0661940168160967,0.7303783669858583,0.6641843501697616,0.21331992659764773,0.07599176680997201,0.0478534257245854,0.3295440990075028,0.2816906732829174,0.3233568701123765,0.15033455965071935,0.0458937935638847,0.574177618262231,0.5282838246983463,0.07195251956244769,0.02264256250439337,0.0145669777173633,0.1124987010521662,0.09793172333480289,0.08653314099458112,0.03416308096877446,0.0133643108065335,0.1419937121737085,0.128629401367175,0.09092443798509395,0.03495275285557345,0.0260341308655873,0.1648718382150873,0.13883770734950002,0.05526836320265565,0.017937766913976562,0.013716114301526,0.1025788788106154,0.0888627645090894,0.05483270403793662,0.02707472850144416,0.0169585356298642,0.1098859790270431,0.0929274433971789,0.050765431498710274,0.025660439065410864,0.0144094976955944,0.1061904526678633,0.0917809549722689,0.41376022201039986,0.25128289520861097,0.0961611256130759,0.9827580013864884,0.8865968757734125,0.3764898076605854,0.17415572541477362,0.0552561975365304,0.617177919223342,0.5619217216868115,0.24209320178646318,0.09195350525325188,0.0547861061524619,0.3833963917625047,0.3286102856100428,0.38871571493789225,0.21501940494138685,0.058143764729587,0.7578163583320965,0.6996725936025094,0.19673603607904105,0.0755454063036389,0.0161050606069293,0.3066668672474654,0.2905618066405361,0.4261579005045723,0.2297216041578814,0.0217773180653342,0.8632816242787679,0.8415043062134336,plausible
Nadeera,4,02,20,109,1.0800000000000018,0.39091324849527026,0.25523881104621216,0.0639861179955251,0.9250649570562692,0.8610788390607441,0.30895590771203385,0.13822445062604796,0.0435671006034377,0.4958542121385817,0.452287111535144,0.20948972227982512,0.06719113941382891,0.0483944777130117,0.3091687377177556,0.2607742600047439,0.37694201227240043,0.21002969841655184,0.0734661631018957,0.720644894173192,0.6471787310712963,0.2412184136691656,0.10370758058562064,0.0461656365886425,0.3774485069297789,0.3312828703411364,0.33724343483723485,0.1526086532654941,0.0488582218868292,0.554504851851465,0.5056466299646358,0.06294063476446322,0.0314111617191676,0.0122148546439389,0.1265432518962748,0.1143283972523359,0.07602092264275376,0.029249880805155355,0.0168530938404356,0.1269023967080296,0.11004930286759401,0.08697726394652996,0.03215586050116576,0.0225301686887273,0.1404763710618611,0.11794620237313379,0.04688872281934939,0.025055585093701666,0.010523171045085,0.0943878636973004,0.0838646926522154,0.05075908779357258,0.02631041781567174,0.0155457345718107,0.0998694841767596,0.0843237496049489,0.04967281455504975,0.025737316227382716,0.0059955157096486,0.0953614897991686,0.08936597408952,0.3856416719313511,0.2348785876803398,0.1212166279843337,0.9279287853778714,0.8067121573935376,0.41350118189633556,0.18103317875554945,0.0558079657863419,0.6581841523286105,0.6023761865422685,0.22123062495717205,0.09004269633456108,0.0363178996943103,0.346872003640096,0.3105541039457857,0.39358957558482915,0.21050382714583996,0.053401806914394,0.7489918017806538,0.6955899948662598,0.18761414203022897,0.07512892702736046,0.0164516737340916,0.2877557949427571,0.2713041212086655,0.4838066268262165,0.22629184247341988,0.0289467544577939,0.8706111662888056,0.8416644118310117,plausible
Nadeera,4,02,21,164,1.629999999999999,0.27015233167875635,0.2211818030293173,0.0522509085097432,0.8246921686916593,0.7724412601819161,0.31497739082559345,0.0926223528610043,0.0301132041383413,0.4762324780306795,0.4461192738923382,0.11963280663739467,0.059815085443936176,0.0324537965927692,0.2310450889556826,0.1985912923629134,0.316187348322241,0.200248870452689,0.0603177498589809,0.7547954354600523,0.6944776856010715,0.2752959406840357,0.12570958394496742,0.010420684656822,0.5076303264634556,0.49720964180663363,0.3263462868216003,0.09631822916877013,0.0772835630444997,0.5242525592986896,0.44696899625418995,0.09976275256808845,0.04620374985267652,0.0315510994353047,0.1974790936512735,0.1659279942159688,0.10428925839476438,0.04524439673548168,0.0134774614751041,0.1784533934550806,0.1649759319799765,0.1202703844301414,0.05541881215558974,0.0245845367978279,0.2347553909615558,0.21017085416372788,0.07742462398419354,0.03346323193910348,0.018073852271372,0.1247679693124749,0.1066941170411029,0.08351176739958914,0.03783384423737878,0.0269959314233773,0.1378901401730729,0.1108942087496956,0.07543327256633789,0.03738851856779399,0.0167572562779432,0.1382321639100556,0.12147490763211241,0.21448018341752567,0.17224527651521557,0.041637921067235,0.7104012380775853,0.6687633170103503,0.3462131694321097,0.14524789599505533,0.0513515967691403,0.5570479062600923,0.505696309490952,0.17167219519369,0.06990226525483557,0.0439088020890278,0.3317249851439011,0.2878161830548733,0.22358384740876788,0.1724225642046329,0.0756819700532919,0.6882601633594039,0.612578193306112,0.22144478489980635,0.06329864295371716,0.0729101629931442,0.340231173283771,0.2673210102906268,0.39463957943669065,0.15480053625230528,0.0973814229593871,0.6738343447453282,0.5764529217859411,plausible
Nadeera,3,02,1,133,1.3199999999999998,0.1877627325560925,0.09377879321122516,0.0192572025731054,0.3571713816739203,0.3379141791008149,0.13554275696095736,0.05541594780246351,0.0241357569414174,0.2597527155780244,0.23561695863660698,0.17318665094630026,0.08062220797537366,0.0353061167583359,0.3125745722931688,0.2772684555348329,0.23886559207481567,0.13770718530734666,0.0455815945613356,0.529346032126078,0.4837644375647424,0.13232607501248178,0.07172078042935405,0.0158948782398704,0.2791131890758856,0.2632183108360152,0.18543192228022434,0.09117828485946364,0.0692697238457817,0.3952927980799686,0.32602307423418686,0.06632457474783227,0.024716044966010115,0.0272962481263035,0.1167289468844327,0.08943269875812919,0.06082859237130645,0.029457180460068365,0.0327932320105909,0.1219858716206222,0.0891926396100313,0.06835246286097277,0.030335686506312316,0.0283536592479466,0.1293272590669231,0.10097359981897651,0.06946485863228606,0.017403443537608157,0.0321480771093928,0.1021577573067651,0.0700096801973723,0.07265571082768056,0.018273859706193586,0.030431594347603,0.1054757926378604,0.07504419829025741,0.06431433783841427,0.017993123770117875,0.0280061455420307,0.0922009014792734,0.06419475593724269,0.35443103363511164,0.2414431697904961,0.0380264346591917,0.9289968752781268,0.8909704406189352,0.21280639305647614,0.09252460375726826,0.0400907140649522,0.3895772950697105,0.3494865810047583,0.187443657032081,0.10174484170043901,0.0292464367748818,0.3608266761724824,0.33158023939760056,0.3570573090926121,0.2002137579111855,0.0752564366147125,0.6881714297954457,0.6129149931807332,0.13979893872475932,0.08261362597531838,0.0410759921297158,0.2919862364100405,0.2509102442803247,0.23554914054470885,0.10373409523684467,0.049244243504187,0.4720819932684612,0.4228377497642742,plausible
Nadeera,3,02,2,102,1.0099999999999998,0.4113600723527144,0.24059094463783898,0.134259362618216,0.929120518372981,0.794861155754765,0.27569892566899706,0.1395358604138833,0.0347746584563164,0.5252276973724328,0.4904530389161164,0.2210438812638563,0.08180309797855295,0.0477703511692938,0.3599144746360212,0.31214412346672743,0.41067843585297426,0.20447379862360915,0.1013442223431014,0.7637807203500977,0.6624364980069963,0.16203220833132415,0.07398133315995976,0.0094989504379536,0.2696380281427161,0.26013907770476247,0.3340751098470819,0.1873057470310228,0.0394496000538197,0.6950819954183599,0.6556323953645402,0.07609208841111398,0.026046700357955758,0.0228190992557223,0.1107301095865586,0.0879110103308363,0.0830827092408624,0.027189362879054265,0.0245935628589165,0.1165731038650328,0.0919795410061163,0.09097288635129994,0.03162989987212868,0.0309496674800841,0.1343978099844091,0.10344814250432499,0.04915477513401233,0.02044302245240035,0.0183024621885019,0.0843062030013759,0.066003740812874,0.04614529585167144,0.025235402727893073,0.0126766211966548,0.0876635485059689,0.0749869273093141,0.041116597533017,0.023723342593599196,0.008031373264878,0.0881415097065488,0.0801101364416708,0.42191370343570156,0.23836344945051452,0.0650521722482385,0.9645239468396328,0.8994717745913943,0.2853114779593375,0.1254291646074935,0.0391619944103536,0.4596246688213874,0.4204626744110338,0.22498188470944547,0.09452181483678115,0.041808656758827,0.376981919064459,0.335173262305632,0.35843258145199414,0.19632700850126256,0.0618791252405846,0.6900602427772147,0.6281811175366301,0.17587787462855195,0.09608493312458218,0.0187546785696429,0.3271479216007096,0.3083932430310667,0.33034384858589744,0.15847226436088985,0.0540711745722909,0.5723013877276416,0.5182302131553507,plausible
Nadeera,3,02,3,106,1.0499999999999998,0.39726648395485376,0.23895563192109212,0.0835503156308984,0.9156077506474094,0.832057435016511,0.2864797090353792,0.1187332151388701,0.0644847161310685,0.5210376328688212,0.4565529167377527,0.2308234668008188,0.08065913940936223,0.0392157818941751,0.3485068371440785,0.3092910552499034,0.37501582601982547,0.21718821418320225,0.0307826183576774,0.7282178581372188,0.6974352397795415,0.16614637695665538,0.0737953110781374,0.0266362044346938,0.3003199808414675,0.2736837764067737,0.30856806946472526,0.13039516415414526,0.0565791460130899,0.5406368068542425,0.48405766084115265,0.06690142510743007,0.034329597936750125,0.0060818845891501,0.1398307651242213,0.1337488805350712,0.08489706245077756,0.04052229700900538,0.0183423121611946,0.175875669316061,0.15753335715486638,0.09405208964273684,0.039565420223299654,0.0299862116523338,0.1635124309422396,0.1335262192899058,0.047815256954306704,0.027162079524638755,0.0059219620210229,0.1036290820253045,0.09770712000428161,0.04618405820446905,0.028566861045378963,0.0072760427082071,0.0964547340734153,0.0891786913652082,0.0445003809704055,0.02519447984740055,0.0098493676813974,0.0906701382641742,0.0808207705827768,0.41090965659435313,0.23987234547442465,0.0676004536764206,0.9625327007047062,0.8949322470282856,0.2961477292333355,0.1370785975572168,0.0320745648285123,0.5056499422813081,0.4735753774527958,0.24586871380385705,0.10120413435793349,0.0170964334279404,0.3991076302043738,0.38201119677643336,0.3882034005653963,0.2151527627003233,0.0528452383492698,0.7333387899212894,0.6804935515720196,0.21012616541298307,0.09597664317467113,0.0274203140322545,0.3658771764106743,0.3384568623784198,0.33838733280132355,0.17041679929277767,0.0291095335117745,0.6094611889987083,0.5803516554869338,plausible
Nadeera,3,02,4,104,1.0300000000000011,0.43231218016437867,0.23444119411541597,0.1217019782692356,0.91038057756183,0.7886785992925944,0.29569747218611203,0.14908154939843182,0.0317254381025187,0.5455672545176675,0.5138418164151488,0.23629433100085664,0.07480394932144394,0.0937975266215895,0.3753664388970902,0.28156891227550074,0.3921287620868095,0.2108639350584168,0.0409084998528613,0.7408488045291274,0.6999403046762661,0.19555811032381612,0.09244497698536906,0.0162641655342071,0.3580646756373526,0.3418005101031455,0.32816010131530476,0.1584041829939039,0.0817314060462291,0.5774065099046587,0.4956751038584296,0.0740910028040491,0.022988277017925895,0.0184442427620026,0.1140993854477699,0.0956551426857673,0.08464570545828469,0.03385184718355252,0.0026741617597015,0.1379934806292044,0.1353193188695029,0.08893306569168116,0.031137120575628254,0.0134109159360229,0.1445700215099514,0.1311591055739285,0.0559561336560708,0.023174006585211637,0.0161468361955107,0.1012075070694406,0.08506067087392989,0.06007896514639948,0.02837180877361879,0.0267529641391,0.1221464800107783,0.0953935158716783,0.056275612102839295,0.02612411994828535,0.0111358469403607,0.1059843953649639,0.0948485484246032,0.43831706404741727,0.2707942398608728,0.0790799737203561,1.0549318239715455,0.9758518502511894,0.3411732683790372,0.1720650945345124,0.0330675755709802,0.5696896501238357,0.5366220745528555,0.2447602910574581,0.09328130109609264,0.027059229236495,0.3837420165757105,0.3566827873392155,0.3828926213151514,0.20945921831360165,0.0539038171525441,0.7222784004708289,0.6683745833182848,0.18203329793411085,0.06639074056491509,0.0406051643972809,0.2870170644306623,0.24641190003338143,0.38558714171834463,0.2052263876058842,0.0316886797429384,0.679700796034542,0.6480121162916036,plausible
Nadeera,3,02,5,100,0.9900000000000002,0.4239534420722272,0.22577637416613616,0.1584635120069896,0.8843619675740375,0.7258984555670479,0.2738249798921346,0.13822213978351572,0.0182664516915781,0.4669514836990828,0.4486850320075047,0.229288329036277,0.08385822580675419,0.0535832039040878,0.375083721525934,0.32150051762184617,0.3973900550361886,0.2028999331920147,0.1004255285991784,0.7230605026528356,0.6226349740536572,0.19186238150905838,0.07270926149271285,0.0521664541226631,0.281377066167223,0.22921061204455992,0.29908934092848705,0.15774301718630776,0.0113185179068074,0.5081066434895786,0.4967881255827712,0.07242379133141498,0.026545739508028417,0.0253192582623327,0.1194621980266343,0.0941429397643016,0.08739863850252994,0.03365169969635793,0.015790760449281,0.1420412037143392,0.12625044326505822,0.08504930059244888,0.030645207149076162,0.0294546260799327,0.1500774810162878,0.12062285493635509,0.04646527165587152,0.023284981905264315,0.0138612672204387,0.0889807756446501,0.07511950842421139,0.04590369737093716,0.03182610828902571,0.0037397819556165,0.1047549343790747,0.1010151524234582,0.03852118135025207,0.025777620076518064,0.0065504430591625,0.0938764160110575,0.08732597295189501,0.4345917953762107,0.24885140650641216,0.0589552722297062,0.9739503234815852,0.914995051251879,0.3545691438411918,0.17885227394126363,0.0189396478095517,0.5889933086556616,0.5700536608461099,0.24048757429278678,0.09625187430407757,0.0506786719941687,0.3921819700232297,0.341503298029061,0.3898556973278111,0.20140619218397376,0.0559863865151919,0.7056836000775002,0.6496972135623083,0.1839329558635367,0.09405704506608334,0.0250349475596918,0.3407664756840626,0.3157315281243708,0.4032867386476178,0.21805204354456748,0.0066435003634851,0.7350048529645237,0.7283613526010386,plausible
Nadeera,3,02,6,102,1.0099999999999998,0.3939512285113679,0.25514530174583333,0.0912640890703539,0.9525921356211016,0.8613280465507477,0.30586588776666485,0.13975260972470208,0.0311467731604263,0.5014249783411412,0.4702782051807149,0.22495149496186143,0.08171899100884546,0.0353845858021595,0.3550222110833414,0.3196376252811819,0.3875131528002885,0.21896667086550461,0.0753032203613552,0.7392669431507093,0.6639637227893541,0.188277880055593,0.08292310655524279,0.0195464053659896,0.3092292768642132,0.2896828714982236,0.33358707702021734,0.15961437642803383,0.0359535102014966,0.581881564993235,0.5459280547917383,0.07096786650219507,0.030658478942732898,0.0227756855450895,0.1349697523725841,0.1121940668274946,0.09069323644275316,0.04077783924604886,0.0211081752726828,0.178054945552103,0.1569467702794202,0.08659022960357862,0.03177535097393289,0.0175101732647628,0.1400107445480639,0.1225005712833011,0.04942696028026457,0.023640535476159838,0.0066111590557823,0.0962750343656911,0.0896638753099088,0.0487823409919805,0.030707345240703655,0.0083748932929066,0.1117455552465276,0.103370661953621,0.048487801697714925,0.025939901549668465,0.0048933184491027,0.0965406660946239,0.09164734764552121,0.42909548617015575,0.2663058867709287,0.0631027249289736,1.0485648816712092,0.9854621567422356,0.3739117143414685,0.18455437001386338,0.0202011786549951,0.6023862549369263,0.5821850762819312,0.24876352870758162,0.09482482261821003,0.0595022312634916,0.4014476283713548,0.3419453971078632,0.39609482080313535,0.21501842880328365,0.0545469323873807,0.7525420353935983,0.6979951030062176,0.20680200279157537,0.08973240400422197,0.0646871109249282,0.3461710404261301,0.28148392950120193,0.4213589687709397,0.21483737494641736,0.0308645206535175,0.7261492823249777,0.6952847616714601,plausible
Nadeera,3,02,7,103,1.0199999999999996,0.4131095748304986,0.24788706065651614,0.0937176939038432,0.9518836783202002,0.8581659844163569,0.2785031156295874,0.12736066128886311,0.0379706510978181,0.4544846631015476,0.4165140120037295,0.22847120720497688,0.07707854683339488,0.058860256119781,0.3688014791070387,0.3099412229872577,0.38360356565883014,0.21956325575702249,0.0721207669902619,0.7316112803769131,0.6594905133866512,0.20686089553593506,0.09129784313693919,0.0153620849927253,0.3222968654973369,0.3069347805046116,0.31020625282635955,0.14594384131218283,0.0320721185935896,0.5410010223551148,0.5089289037615252,0.05994791070379176,0.017902938666645687,0.0272380602390285,0.0967195621786877,0.0694815019396592,0.0766801724764535,0.024957362162215616,0.0231430090740369,0.1253101724888099,0.102167163414773,0.08466041763837992,0.024835407735286575,0.0330252122484279,0.1331479135921661,0.1001227013437382,0.0494043051879088,0.01591767092600827,0.0196265243996545,0.08328258066182,0.0636560562621655,0.05145727810496037,0.028170768697023486,0.0130010217956997,0.1079323346127527,0.094931312817053,0.047938981177719456,0.02620670985862386,0.0066425129293526,0.0930522103823186,0.086409697452966,0.4041744267217984,0.25970429016287216,0.0430758677032975,0.9937154945881164,0.9506396268848188,0.3890189490548147,0.17697683700408773,0.0522228042954942,0.61317999261259,0.5609571883170958,0.24739879041024485,0.0872810330388084,0.0597968628052414,0.3805507751492789,0.3207539123440375,0.37613381493100634,0.21018010430246115,0.0464884441196265,0.7215097415653864,0.6750212974457599,0.19731772817282248,0.10420021723108419,0.0406781045472125,0.3696497052207916,0.3289716006735791,0.4387369629523907,0.2187198036518849,0.0299127784239782,0.7656537394572391,0.7357409610332609,plausible
Nadeera,3,02,8,102,1.0099999999999998,0.4081671625289897,0.2336738471219168,0.0638973114726935,0.8837894427901075,0.819892131317414,0.2627992773520356,0.12152167101332573,0.0103299447532163,0.4205150494069805,0.4101851046537642,0.2350444005974096,0.08532668121956741,0.0504181362507949,0.3841215130687044,0.3337033768179095,0.37425424216988024,0.21163084014747155,0.0426797953877466,0.716820568112581,0.6741407727248344,0.20915020960687308,0.09192380306288948,0.0347444281963542,0.3601341652540703,0.3253897370577161,0.28610296299421156,0.1365828309622393,0.0309348343289328,0.4856411233393371,0.45470628901040433,0.07053861007737436,0.025269940994188066,0.0251432169750837,0.1166105811924935,0.0914673642174098,0.0870353158062597,0.03161632411208283,0.0265056898684046,0.1374163407716102,0.1109106509032056,0.09528188375168954,0.03133948650842222,0.0362216740506688,0.1624269593749432,0.12620528532427439,0.04659159213460387,0.023548728424492165,0.0095663896709537,0.0906258524301936,0.08105946275923989,0.05084430353382748,0.03131435549635666,0.0146099217512994,0.1246895226142475,0.1100796008629481,0.05284898694318615,0.0249202967324881,0.0194945168876889,0.1102851313956448,0.0907906145079559,0.43604809166720443,0.266014690528465,0.040300087292152,1.0109033862341714,0.9706032989420195,0.4185081134332182,0.2066352109389694,0.0259611160358787,0.6812912920105794,0.6553301759747007,0.24911238988977175,0.09439027608244367,0.0439679752146459,0.3930521672457012,0.3490841920310553,0.39235705360646167,0.21173399422526848,0.0410341767995222,0.7071759441646702,0.6661417673651481,0.22250607004072404,0.1252038837188521,0.0688109551297873,0.4159255183774889,0.3471145632477016,0.4653435846039029,0.2354458385318577,0.0157050567248215,0.7920315843378765,0.776326527613055,plausible
Nadeera,3,02,9,102,1.0099999999999998,0.4374835878089365,0.254093627460806,0.1253577135536762,0.9781518644290128,0.8527941508753366,0.2666665699668038,0.12701873136968359,0.0195971720493423,0.4448974294062453,0.425300257356903,0.2392916910255559,0.08251285837079461,0.04415809504192,0.3670209033977676,0.32286280835584763,0.37643618710097826,0.20960580761938602,0.0462609771563337,0.7113569365397802,0.6650959593834465,0.22572117982921536,0.09342501504037776,0.0494806452176903,0.334124425730443,0.2846437805127527,0.29837735536197996,0.1436957709262395,0.0447937672307652,0.5179057404625954,0.4731119732318302,0.07189253441744048,0.025023645214873654,0.0087143892718748,0.1131393185656827,0.1044249292938079,0.0877223887597274,0.03787700118477037,0.0053215495746661,0.1456924998073275,0.1403709502326614,0.08609760540486665,0.027740072047107052,0.0243445855888179,0.1238204423785908,0.0994758567897729,0.04949080435188441,0.0245493002586561,0.0109835867469713,0.0957983442514193,0.084814757504448,0.043588693170458916,0.030270647655828816,0.0067585083123078,0.1007998516744649,0.0940413433621571,0.04546689551183087,0.026124186221656794,0.003416471918193,0.0899121236192246,0.0864956517010316,0.43518186277156584,0.23363098805684393,0.0686866629152384,0.971312211900888,0.9026255489856496,0.378635664683615,0.1813729611458211,0.0175427792750841,0.6082132821704803,0.5906705028953962,0.23941210768311635,0.09091306842986581,0.0555940798616254,0.3750205794299195,0.3194264995682941,0.3565591284202428,0.2149892764966663,0.0349681237716887,0.6932089849732457,0.658240861201557,0.23216421716006877,0.1304824608325603,0.0804870796880228,0.4250529150457141,0.34456583535769125,0.436480573737894,0.22917461747000828,0.0120185919881246,0.7786052806744117,0.7665866886862871,plausible
Nadeera,3,02,10,100,0.9900000000000002,0.4244420902322681,0.26093337995318816,0.0806006784393095,0.9779644112361844,0.8973637327968749,0.28512221653068537,0.13337878316093815,0.0284259391142826,0.5209661960333777,0.4925402569190951,0.23478652044481763,0.08169263538159781,0.0567523159436741,0.3761782586160057,0.3194259426723316,0.3651246863705303,0.21451292664821764,0.0501986843204572,0.7177262871349632,0.6675276028145061,0.1991949604448758,0.0801067318114655,0.0289599826750035,0.3194541839167746,0.2904942012417711,0.32915800448963806,0.150301964501279,0.0772314809894363,0.5754922159223356,0.49826073493289924,0.07071286620776601,0.028869480730460317,0.0125374941114598,0.1186852398032047,0.1061477456917449,0.08688494559855614,0.037251597792931176,0.0175303670395423,0.1450405969425499,0.1275102299030076,0.08932285903082685,0.03551976742234984,0.0179430464953276,0.1534870060494209,0.1355439595540933,0.038384004013864145,0.022694519457007456,0.0062165192749362,0.076063873947777,0.0698473546728408,0.04750878841774259,0.025588996448179174,0.0069020165880058,0.0940756436843364,0.0871736270963306,0.05008300097919846,0.021508788392752047,0.0189271877060483,0.0952857923617124,0.0763586046556641,0.43096893690986177,0.25717495779394167,0.0186037266398328,1.0144380395765555,0.9958343129367228,0.37398617283047514,0.171982384652465,0.0359550239697603,0.6126899396896531,0.5767349157198929,0.2508237562087726,0.09456546194869525,0.045871631755387,0.405030771438651,0.359159139683264,0.3893270825745466,0.22286803144374087,0.0314673644456562,0.7626706228420328,0.7312032583963766,0.23855927851325248,0.14075184778368052,0.0570686552618752,0.4254803884135053,0.36841173315163006,0.43283247481760356,0.218349239069523,0.0353480304695646,0.7842112467934437,0.7488632163238791,plausible
Nadeera,3,02,11,98,0.9699999999999989,0.42729732669133724,0.24433061277505266,0.0776498285210277,0.9260631368551518,0.8484133083341241,0.31587465066281617,0.15046214013005457,0.0261220946269985,0.5226185834159756,0.49649648878897706,0.2369954816406959,0.09347888599754507,0.0487265539402964,0.405641098990797,0.3569145450505006,0.39623897128314295,0.21216200288999565,0.0475667572905485,0.7433974710973935,0.695830713806845,0.2102796829805925,0.08459312929666402,0.0466671741476379,0.3178812286289769,0.271214054481339,0.35414243528312667,0.17652810896202317,0.0325246114263478,0.6304577133069649,0.5979331018806171,0.06838451250839435,0.02674960459430465,0.0158455365221909,0.112956751616243,0.0971112150940521,0.08190009111191886,0.030590052026328585,0.012295428543353,0.1297970205655066,0.1175015920221536,0.09176897878991616,0.03754491888053283,0.0125704016284544,0.1572172332142816,0.1446468315858272,0.04321063372951339,0.02181663688476029,0.0104936687794628,0.0899881854641871,0.0794945166847243,0.05098322086928301,0.024439270186677693,0.0146281739689956,0.0950033865679773,0.0803752125989817,0.05086645147762284,0.02460572359906152,0.0025893463871067,0.0977825819115795,0.0951932355244728,0.4288823534482955,0.24780548930681306,0.0639380519236643,0.9697120529720408,0.9057740010483765,0.3755460520161383,0.16755311973939882,0.061813303866568,0.6084093008621257,0.5465959969955577,0.2515015650392059,0.10282014513192432,0.0162523890574247,0.4155398968111536,0.3992875077537289,0.39142037081812964,0.21074427218829253,0.0384771788256514,0.7173257324138932,0.6788485535882418,0.2543167812360225,0.12737492524672023,0.0669796164096432,0.4658067614889015,0.3988271450792583,0.45177071290928855,0.21211649180768746,0.0845284945738511,0.7772341237511335,0.6927056291772824,plausible
Nadeera,3,02,12,101,0.9999999999999982,0.42554333497940783,0.24043352222967637,0.109746101946195,0.937486314309607,0.8277402123634121,0.3242734801836548,0.1481317205022355,0.0453898844849298,0.5110274573818385,0.4656375728969087,0.24040058006614767,0.08844381404171532,0.0438890659849398,0.3878645620062356,0.3439754960212958,0.3848231273603325,0.21425645200235344,0.0637230749571726,0.7205838503739415,0.6568607754167689,0.21129909752186582,0.08584052986035488,0.0295462955268009,0.3417458924294584,0.31219959690265753,0.3677018359300558,0.17922196440269034,0.0395058247609637,0.6346891238241961,0.5951832990632324,0.05594716168411747,0.022553524509251827,0.0097929798053118,0.1028354088988144,0.0930424290935026,0.06917713585185822,0.026538596075491236,0.0180691097575495,0.1189433358083859,0.1008742260508364,0.07788287795636509,0.031356855373284455,0.0150077041517404,0.1393040114752754,0.12429630732353501,0.045114894469856476,0.02373734511288884,0.007434085493956,0.0966310562391555,0.0891969707451995,0.04631762129578505,0.0292695631505385,0.0054147471619699,0.1023926470200823,0.09697789985811239,0.04753458419474984,0.024925067629961876,0.013149429030036,0.0971698468415243,0.0840204178114883,0.42708993878094165,0.25688186221178944,0.0621135524761542,1.0053278859591102,0.9432143334829559,0.37204235085987664,0.17445174495082771,0.0520656558170557,0.596450924542435,0.5443852687253793,0.24935723361429185,0.09384481614099605,0.0440554712134323,0.3986860894672607,0.3546306182538284,0.37209748462314846,0.21938750913744315,0.0339749449528863,0.7232391364721045,0.6892641915192181,0.22503673184955675,0.10061983766210426,0.0711824723088635,0.3969813636439982,0.32579889133513473,0.43639973458797565,0.2056554555464976,0.0738135186610794,0.739498376730171,0.6656848580690916,plausible
Nadeera,3,02,13,99,0.9800000000000004,0.39736383933455593,0.2447496116307782,0.0788064936575816,0.9119839568942242,0.8331774632366425,0.3258953623037853,0.1485977007741937,0.0255360483639432,0.5511451849025604,0.5256091365386172,0.2332066861976869,0.08834020338881,0.0457070661023059,0.3905900508904352,0.3448829847881293,0.3810634458566681,0.21503604240982402,0.050616248179191,0.7266685588564659,0.6760523106772749,0.21398640978723896,0.08255125176220238,0.0280484696135262,0.3235436662976291,0.2954951966841029,0.3563928306610367,0.17261185108468718,0.01986481738094,0.5892229698196553,0.5693581524387152,0.06033575529916799,0.022076551337711057,0.0220013838306558,0.11125111900204,0.08924973517138421,0.07857212622311863,0.031687474166963756,0.0108539307516141,0.1390648634130193,0.1282109326614052,0.08690212402014832,0.029838572300747993,0.0289577579277024,0.1414018754763478,0.1124441175486454,0.0414108112236106,0.02141720657028508,0.006662163834774,0.0841614774341692,0.0774993135993952,0.049625969377691155,0.027891046487229114,0.0139223438315622,0.1091129319490875,0.0951905881175253,0.0524866162229749,0.024817620912497947,0.0113298153855483,0.1052086894248453,0.09387887403929701,0.42543743884314505,0.25583104161121645,0.0698233903210099,0.989116915989603,0.9192935256685931,0.35619420183592765,0.1613523822154727,0.061911509369746,0.5600775238042051,0.49816601443445907,0.2486403084593796,0.0966425775663458,0.0337213512384958,0.3964414884215676,0.36272013718307183,0.3897864992987654,0.21418741053529752,0.0440051022287614,0.7329204245917822,0.6889153223630208,0.23886239243769644,0.11497705654878776,0.0674632316242633,0.4217314388000837,0.35426820717582036,0.4112562978176544,0.20757362158260026,0.0457714537984837,0.7087333664984384,0.6629619126999547,plausible
Nadeera,3,02,14,98,0.9700000000000024,0.4377218161007701,0.25944729669069655,0.0700616632425889,0.9957001273959356,0.9256384641533467,0.31355173763226457,0.14607652746721309,0.046093641125112,0.556033651896215,0.509940010771103,0.23419389389768325,0.08876025284784582,0.0377688873611698,0.3853145615579102,0.34754567419674043,0.398618538503502,0.21319796576433797,0.0668802277735532,0.7414994279171352,0.674619200143582,0.19197174481584756,0.07735405180060372,0.0509952314070425,0.3188369192135878,0.2678416878065453,0.35544490958355185,0.16272721211419003,0.0421640827849076,0.5954707230303036,0.553306640245396,0.06557334572528283,0.02355437048266397,0.0195268111442603,0.1076405829796288,0.08811377183536849,0.07956638293354446,0.037850443512146885,0.004783390225418,0.1466659467318602,0.14188255650644221,0.07876487607623248,0.03243600806656773,0.0151284519946203,0.1350283208113196,0.1198998688166993,0.052503521421403514,0.02416167341361138,0.0149690779941131,0.1019877871504472,0.08701870915633411,0.044021209853941826,0.02822319769388895,0.004400342169856,0.0910014831766175,0.0866011410067615,0.04772048664912146,0.025069357244778517,0.0137718068683942,0.1038322924645773,0.0900604855961831,0.42994070322534794,0.2570877013485854,0.0416906576233076,1.004883242994525,0.9631925853712173,0.32309388386032317,0.16294998688268722,0.0248357693934261,0.5549290424540382,0.530093273060612,0.23930036953381592,0.09866657975828413,0.0408843371583995,0.3884893343434395,0.34760499718504,0.39293068798952835,0.20509619342095667,0.0522600152845798,0.7217700340498182,0.6695100187652384,0.2263468599346805,0.10470453381404099,0.0784528454784701,0.385065557954043,0.3066127124755729,0.360970481346498,0.19020359946433477,0.0101951779297838,0.6536450982713014,0.6434499203415176,plausible
Nadeera,3,02,15,102,1.0100000000000016,0.4173285228862137,0.24185091313131854,0.0753104558090298,0.910976500544272,0.8356660447352422,0.2910745884309899,0.1388370169016383,0.0320728282652497,0.4865547217053314,0.4544818934400817,0.22970821264328434,0.08161173481934944,0.0659406997147357,0.3727758508606573,0.3068351511459216,0.3811754768070488,0.21953626421122271,0.0591330907099861,0.7374317534981248,0.6782986627881388,0.1853487002861121,0.08006930358877237,0.0156447402265897,0.3163541643494241,0.3007094241228344,0.3243605664042533,0.16201260333435216,0.0369900281093487,0.5513878538206655,0.5143978257113168,0.06915972148434453,0.024826766305287042,0.0264369341707792,0.114242147003135,0.08780521283235579,0.07848373657348984,0.02955013109024396,0.0115504505593413,0.1179375840486348,0.1063871334892935,0.07851689393116089,0.03454700000525007,0.0165218016170252,0.1576787036077453,0.1411569019907201,0.04830138503597784,0.022852237835998934,0.016694276419626,0.0957751304974277,0.07908085407780169,0.048486085107754706,0.029470441808085564,0.0065145042799323,0.1059656483331804,0.09945114405324809,0.04580073006886538,0.026838624239191013,0.0059396216813435,0.0946705576114156,0.0887309359300721,0.4341331499519606,0.26367691979302027,0.0739604586465012,1.0335042083037165,0.9595437496572152,0.341591043192123,0.15970711399983473,0.0264372463597669,0.554055928809864,0.5276186824500971,0.2509813348633497,0.0971537216990672,0.0280030938292099,0.4012662794691862,0.3732631856399763,0.3865621544380393,0.21267170151665846,0.0359058588819284,0.7298092391925625,0.693903380310634,0.19589020966687098,0.09587625361325132,0.0171147839006145,0.3497962399683406,0.3326814560677261,0.3937889301464169,0.20604765156873597,0.0144509454130119,0.7287344950635196,0.7142835496505077,plausible
Nadeera,3,02,16,100,0.990000000000002,0.4297804933543232,0.2499901362962349,0.1134065262627025,0.9616653991755704,0.8482588729128678,0.2886062688970144,0.14322761654259578,0.0378543604035671,0.4899632831300609,0.4521089227264938,0.22766302645968065,0.0816951496377736,0.0411123264096532,0.3682725969253819,0.3271602705157287,0.390028404416205,0.2135342879192944,0.0578596961523577,0.7149809268260627,0.6571212306737051,0.19313552477135018,0.07834228115318298,0.0431217297613209,0.3292215338637123,0.2860998041023914,0.3320212246537269,0.15640941321367252,0.0718087655553996,0.5551485987957712,0.48333983324037155,0.06543269408485732,0.023134562663266883,0.0217925856673201,0.1012272877394302,0.07943470207211009,0.07590944153731276,0.028051675880767457,0.0171820562492832,0.1182228479740664,0.1010407917247832,0.08124767793837001,0.0256420934640982,0.0370650560509068,0.1280935446721092,0.09102848862120241,0.039933092799316415,0.018875944337544484,0.0112119945539675,0.0704239983400953,0.0592120037861278,0.040681240604286045,0.025739005064170525,0.0026909714997455,0.0962989128424127,0.0936079413426672,0.04424947849469056,0.01809829109669039,0.0198347059882976,0.0785465096566162,0.0587118036683186,0.41187718870109785,0.2581958231564544,0.0638867430321773,0.991411053414449,0.9275243103822717,0.37556412422020374,0.16931420168519112,0.0785735236483098,0.6210847177580343,0.5425111941097245,0.23704667939335042,0.09213968597031123,0.0451846565654404,0.3693343792563968,0.3241497226909564,0.3847464530157032,0.20880520225475926,0.0616422403599111,0.721840190765327,0.660197950405416,0.19925460278465315,0.09173327510432246,0.0519910050867014,0.3483353338286377,0.2963443287419363,0.4275520253117151,0.2203235354726237,0.0280809418307851,0.8055529260561823,0.7774719842253972,plausible
Nadeera,3,02,17,101,1.0,0.41572756634162283,0.2640785182881656,0.074540706454772,0.979761331454614,0.905220624999842,0.3048836741278227,0.14071247898026043,0.0349577288650099,0.494754640070855,0.4597969112058451,0.2291556640646839,0.0788528610729348,0.0562433943815252,0.3698708524862183,0.3136274581046931,0.3805535598642336,0.21346321969020654,0.0653106099890406,0.7131305233518186,0.647819913362778,0.20850696137565847,0.08782818635941163,0.0317199054784772,0.3367779076249101,0.3050580021464329,0.3196371287573685,0.1457004440744489,0.0376890471471599,0.5429056445014715,0.5052165973543116,0.0638433712851843,0.022400655605783377,0.0175798309539589,0.1005935361809602,0.0830137052270013,0.08017018547893451,0.029970978511236167,0.0125945682986365,0.1168973150618781,0.1043027467632416,0.08322115075609948,0.03273354427360788,0.0265343946391429,0.1496299964302747,0.1230956017911318,0.04640423124461558,0.026224564996358425,0.0034358566210065,0.0937452783483464,0.0903094217273399,0.04957855091296428,0.032646458794081006,0.0026508927328956,0.1145103175314673,0.11185942479857171,0.04935088054755285,0.028015630039749825,0.0136581402120804,0.1111458954633096,0.0974877552512292,0.4461620759515965,0.2675453961513276,0.0350379013831176,1.0342406989539112,0.9992027975707937,0.37829255088192487,0.18340313314974813,0.0115417954171352,0.6411186910271177,0.6295768956099825,0.24091623420037456,0.08999864805689484,0.0381743739544157,0.3715365229245215,0.3333621489701058,0.3810344170356374,0.21970376745107814,0.0363135196511747,0.7232507001650017,0.686937180513827,0.20220297167731843,0.08380982736526192,0.0466212871981778,0.3379611966486153,0.2913399094504375,0.4418382105734248,0.22916846106357566,0.0370186886564743,0.8004849283077179,0.7634662396512436,plausible
Nadeera,3,02,18,98,0.9699999999999989,0.42408480952279987,0.24833496865724347,0.0771752892224394,0.9257052152545324,0.848529926032093,0.30186619636096584,0.1446604191365261,0.0287163655211303,0.5091111634055128,0.48039479788438244,0.23061481035997616,0.08717123774546616,0.024427759304917,0.3863436640089929,0.36191590470407586,0.373653168077093,0.21232609733719154,0.0541460663094889,0.7212324658446585,0.6670863995351696,0.2155226711644313,0.088193430107644,0.0223701799276634,0.3240357816379797,0.3016656017103163,0.33959070638643274,0.16725238878844334,0.0341818810652182,0.6074928480090334,0.5733109669438151,0.07867147238972151,0.03772554760049226,0.013203341885585,0.1504913494219261,0.1372880075363411,0.09271203582755086,0.04352770841564647,0.014438392373814,0.1709677730525874,0.1565293806787734,0.10142930589259314,0.040406439722235954,0.0136970485934133,0.1633837739997122,0.1496867254062989,0.05024502195909925,0.026144861285189547,0.0075447821827868,0.1044624450593292,0.0969176628765424,0.049266684623665014,0.029394548448216474,0.011651672189275,0.0975961435014333,0.0859444713121583,0.04848166133605802,0.0252476646462208,0.0114683411351865,0.0984878374526108,0.08701949631742431,0.4418190838088777,0.24813462354078522,0.0662689843074607,0.979611100978646,0.9133421166711853,0.3589180466915788,0.16678379445280983,0.0243713479587715,0.5590621214999866,0.5346907735412151,0.24176624354572682,0.09912943573396066,0.0406101626041315,0.3978233487898517,0.3572131861857202,0.40472997932103183,0.20671513273039033,0.0383833308894622,0.7241221281470186,0.6857387972575564,0.22552017987462175,0.10883447964640873,0.0543299390839504,0.3905483187331929,0.3362183796492425,0.4100227544643474,0.21058630315716742,0.0307332589354971,0.7300891385230349,0.6993558795875379,plausible
Nadeera,3,02,19,103,1.0199999999999996,0.41030419707878274,0.24809817552575894,0.0796535034830915,0.9317333566835616,0.8520798532004701,0.29223884819928536,0.13270328621190816,0.0338129012364102,0.4719948985102759,0.43818199727386564,0.22984325218413731,0.08240433093416907,0.0539427097059281,0.3782226504278046,0.3242799407218765,0.394468610875447,0.22126826975940944,0.0635080304242541,0.7627987909233637,0.6992907604991095,0.20328484442789413,0.08028632475337559,0.032307763683321,0.3386090499721357,0.3063012862888147,0.3078090539650476,0.14691862839485909,0.0198553130593357,0.5055435779372,0.48568826487786426,0.059669166311592546,0.027061885323171976,0.0121518501747546,0.1051471778698778,0.0929953276951232,0.07353089002934764,0.029667775236722732,0.0173610800499977,0.1220066312661955,0.1046455512161978,0.08070267521715484,0.03547605087750154,0.0166148989837774,0.1564519608910186,0.13983706190724118,0.04573515234466711,0.022057798310592815,0.0074825880767384,0.0877923418275964,0.080309753750858,0.0510154100889906,0.03075121804682576,0.0026522945864794,0.1085656969200427,0.10591340233356329,0.0486420901944578,0.027360328359434003,0.010592201459932,0.0973811203583874,0.0867889188984554,0.4215069097061232,0.2669900261901521,0.0575864354885111,1.0485103774598596,0.9909239419713486,0.36655062587049425,0.17008522988439834,0.0447173310068493,0.5880081359394365,0.5432908049325872,0.24259202337426328,0.09458216357685681,0.0188895319365057,0.3956627970447405,0.3767732651082348,0.3630977454332696,0.21037723708569417,0.0470096271186246,0.7000874459010902,0.6530778187824656,0.19572344589956006,0.07803926153690252,0.034406365290096,0.3160860830049909,0.2816797177148949,0.42687132953363405,0.21457564026096537,0.0407111152152109,0.7617775455031396,0.7210664302879287,plausible
Nadeera,3,02,20,109,1.0800000000000018,0.376953692278005,0.24626631412408667,0.0736878477408115,0.9337363165976352,0.8600484688568237,0.29874767848815653,0.13634909876812393,0.0309722946062077,0.4738580804836961,0.4428857858774884,0.2231495655257006,0.07222282081103736,0.0592729361676816,0.3513833702294283,0.2921104340617467,0.37343243192111925,0.22219568409071255,0.0508837462295178,0.7428332194783295,0.6919494732488116,0.20528292612971277,0.08719999593556935,0.0303791574812306,0.3381224093333899,0.3077432518521593,0.3298684897541918,0.1453410914419777,0.0573152398041395,0.5612335489653475,0.503918309161208,0.0558821887251305,0.022220627713961206,0.0153025072749784,0.1042758958356304,0.08897338856065201,0.07115489384004749,0.029304455995088935,0.0060670237724414,0.1320475434119045,0.1259805196394631,0.08095539346735378,0.026364819336596932,0.0285334641891434,0.1278527378386348,0.09931927364949139,0.05149664757365045,0.02417380604938093,0.0170183657129529,0.0946192138326562,0.0776008481197033,0.05614378703419414,0.030700392428546868,0.0201673331892822,0.1186059968172665,0.0984386636279843,0.0528890198492292,0.023206476763480467,0.0205235148606625,0.0987011578318048,0.0781776429711423,0.40642982817135015,0.26592304327812133,0.0927859478866919,1.0392456395564924,0.9464596916698005,0.3771363212835004,0.16990649828547108,0.0145403832590132,0.5990756585722744,0.5845352753132612,0.23648806727718794,0.09240650958216012,0.0438253468330852,0.3989651961030002,0.355139849269915,0.3659703718256229,0.22519740341914046,0.0570248725953754,0.7550764039538316,0.6980515313584562,0.20196505145424876,0.0761376112182052,0.0315461784587556,0.3062016196999661,0.27465544124121055,0.42103124163286987,0.1930460610620069,0.0215723708183659,0.674014429909112,0.652442059090746,plausible
Nadeera,3,02,21,136,1.3500000000000014,0.34628008710207353,0.2474383819971265,0.0609403106414183,0.918030099382912,0.8570897887414938,0.25341994636734977,0.10390936967153751,0.0860210508568559,0.451389435422168,0.36536838456531207,0.21500828828512927,0.07814549876018555,0.0530796987065381,0.3527769629648756,0.2996972642583375,0.37702080332285287,0.18910736529642783,0.0693770909856539,0.7343402692087908,0.6649631782231369,0.23045412040030777,0.11776210075205686,0.0459992293514405,0.440971814500163,0.39497258514872247,0.2526349997692242,0.10400637647116938,0.0867254701176396,0.4720492281065276,0.385323757988888,0.08958446300570021,0.036264311700322696,0.0173682247789459,0.1382953248467381,0.1209271000677922,0.10597874917668064,0.04412771651125017,0.0221964119381261,0.176825520511753,0.15462910857362688,0.10998106127932973,0.04003209245144773,0.0228055436503836,0.1834905896530181,0.1606850460026345,0.08001616205789663,0.02872677803299466,0.0403642907969097,0.1530616675033236,0.11269737670641389,0.08110433084161196,0.023601966140232442,0.0334671089147229,0.1297550805713314,0.09628797165660849,0.07292797775072862,0.025696549760393334,0.0277665209959947,0.1154851039528493,0.08771858295685461,0.32060247947898757,0.234605080306169,0.1117740198306116,0.940629178230187,0.8288551583995754,0.3174179543244892,0.15538304736484343,0.0231585924262414,0.5970961511672926,0.5739375587410512,0.22039829304398798,0.102810696503504,0.025615217650914,0.3848423161705172,0.35922709851960316,0.34523261387071474,0.2101896425024442,0.0854305009508707,0.8175875563673484,0.7321570554164777,0.20020026409464023,0.0748696634289922,0.0147145971483166,0.3033355041600755,0.2886209070117589,0.3465679402721341,0.16636452511695388,0.0276706317169579,0.6447411359258565,0.6170705042088985,plausible
Nadeera,2,01,1,138,1.370000000000001,0.2969252343610659,0.22091341358441396,0.057511385340126,0.945696586357224,0.888185201017098,0.09019493985004742,0.04490056050304832,0.0212440911468277,0.1994191679397159,0.1781750767928882,0.15161104661595623,0.07819997300939066,0.0216515904827313,0.2576653295012527,0.2360137390185214,0.31968090156851975,0.18965150319651952,0.0553021815473497,0.7544913848651928,0.6991892033178432,0.10500805472823058,0.06651577399201665,0.0050126666641753,0.2448153857470257,0.2398027190828504,0.094753658376406,0.04748007311626435,0.0061183568268816,0.2122665456226336,0.206148188795752,0.07126302250534215,0.022720447798761527,0.029940904064248,0.12092660114145,0.090985697077202,0.07178061251994776,0.02231395172367823,0.0276882485325476,0.1165748234451851,0.0888865749126375,0.07464797900497738,0.026227790281089004,0.0289345941234569,0.1512937399589083,0.1223591458354514,0.05101872345434409,0.016786388342068026,0.0179535406507936,0.0798448188422529,0.0618912781914593,0.05570069714785872,0.01987819349769136,0.0221446370686929,0.0931818020196019,0.071037164950909,0.0529678226960988,0.01450413453893822,0.0239979105487907,0.0762132818425694,0.05221537129377869,0.2994752620652941,0.2523083028622381,0.0526722314779153,0.941492890352601,0.8888206588746856,0.18483524472460072,0.10848665934797187,0.0423937167515932,0.3849407775736216,0.3425470608220284,0.1466563059197613,0.11756547899098038,0.0067430338125392,0.4145962164928051,0.4078531826802659,0.22747760932012193,0.1929408452296703,0.0579079162286335,0.6391642027683111,0.5812562865396776,0.07671297837426919,0.028961993437945647,0.0195233724092575,0.1223668974017001,0.1028435249924426,0.19373471619994392,0.11360605986533259,0.0370778748237245,0.4023931060684175,0.365315231244693,plausible
Nadeera,2,01,2,102,1.0100000000000016,0.38365142557341114,0.23661718334197523,0.0792052882445803,0.9087205546345614,0.8295152663899811,0.19255125758686537,0.09177310860048658,0.0089972407013958,0.3341079791750367,0.3251107384736409,0.21876434944633794,0.08251302186238033,0.0318404330115993,0.3462291188105204,0.3143886857989211,0.36786451809419946,0.21181136988526544,0.0361972417589103,0.7200892792579222,0.683892037499012,0.17548117107394146,0.0761731612038747,0.027224196581489,0.2908082675591971,0.2635840709777081,0.20497495368461668,0.08417783579915289,0.0458768027170299,0.3413949144577917,0.2955181117407618,0.06629247972683434,0.02872647257405133,0.0185787141359515,0.1232893224877525,0.104710608351801,0.07266565279796307,0.029876493412752197,0.0075746085394796,0.123656216189699,0.11608160765021941,0.0822558594932354,0.027625736163600045,0.0451323050226094,0.1542193643598368,0.1090870593372274,0.044599393253487794,0.022960228517131365,0.0189356480002749,0.0958920639372862,0.0769564159370113,0.04545920310999312,0.023695009437269744,0.0138163043257868,0.085074244406211,0.0712579400804242,0.03829361604031859,0.020493662236684834,0.0087103547592378,0.0785339980157691,0.0698236432565313,0.36419180239383275,0.2598705046166302,0.0613732231867206,0.941097057757752,0.8797238345710314,0.26552973972620947,0.12980383286737157,0.0393426279163664,0.485280924929284,0.4459382970129176,0.2501179442994712,0.10419536395721764,0.0195105466591083,0.4065434853708145,0.3870329387117062,0.3542854617246168,0.20218416209329743,0.0258671442860101,0.7027075373954159,0.6768403931094058,0.1439835353439751,0.06268038006303052,0.0152207139141105,0.2474781151358484,0.23225740122173788,0.29626716655371016,0.14064902056095044,0.0544070204554191,0.541623462141313,0.48721644168589384,plausible
Nadeera,2,01,3,98,0.9700000000000024,0.42553959618026693,0.24700185637490849,0.0855958462519006,0.9355646618762564,0.8499688156243558,0.21560242637426655,0.09982613908168969,0.019218206773714,0.3469545819412198,0.3277363751675058,0.22223503259630611,0.08368942847198316,0.0412734569852925,0.3577466830048648,0.3164732260195723,0.38739588297012206,0.2175832844033465,0.0576937373122293,0.7289160662050754,0.6712223288928462,0.18958150487494538,0.08576291982918821,0.0141829893501223,0.3302697524409849,0.3160867630908626,0.2394805756566537,0.10711596248663548,0.0340553868866794,0.3892280054242127,0.3551726185375333,0.06419975626155526,0.026073675214166054,0.0201752889681621,0.1104557119667468,0.09028042299858471,0.07675859622812362,0.031538507583772434,0.0133036284620902,0.1258259528041487,0.11252232434205851,0.08369703870072161,0.03111636188074852,0.0345126462579769,0.1503081816391679,0.115795535381191,0.0482134457241006,0.021718270604369042,0.024348107396823,0.0949618800374201,0.0706137726405971,0.04280586802245398,0.024775334260493765,0.0054513255788551,0.0874401711696863,0.08198884559083121,0.041456984009275555,0.023411702775338022,0.0068898638603496,0.0853370357105925,0.07844717185024289,0.42949193398956986,0.2459257846228565,0.0658079273357472,0.9664026258647962,0.9005946985290489,0.30789957640171,0.15107715105967023,0.0263378104719961,0.5174377002088052,0.49109988973680907,0.24573590901568124,0.10068978735200519,0.017442394214896,0.3843533274081155,0.3669109331932195,0.3860935425334674,0.20782235465488177,0.0434495787429362,0.7166083345245761,0.6731587557816399,0.1580244477404681,0.059455594799728506,0.0172768336875127,0.2486642165288891,0.2313873828413764,0.37058133951638295,0.18733112601914811,0.0378775687785574,0.6627206918519449,0.6248431230733875,plausible
Nadeera,2,01,4,99,0.9800000000000004,0.42256096325378306,0.24589178070348508,0.0814713278125832,0.9248253956466748,0.8433540678340916,0.24079558641888144,0.1141422391519053,0.0166707052940621,0.3949386929801927,0.37826798768613057,0.2286158318238284,0.08159177414537487,0.0400964162420792,0.3721257696126592,0.33202935337058,0.39109355272075463,0.22198784355935386,0.0519569348820994,0.7359214154600938,0.6839644805779944,0.19558503982525044,0.08314289112560533,0.0331426215860656,0.3173288146055912,0.2841861930195256,0.2656466550392178,0.126062533579667,0.0286376013001308,0.4471763096824753,0.41853870838234447,0.07053478884538524,0.02839931931208358,0.0206356412188994,0.1241659757956008,0.10353033457670141,0.079671027413717,0.03440649588677711,0.007239979154532,0.1414074673277465,0.1341674881732145,0.08688600381087896,0.03252662289781828,0.014723566982152,0.1432760550923718,0.1285524881102198,0.0458951177387833,0.02533058548248347,0.0097798158619271,0.0971057011747695,0.0873258853128424,0.04797715867393227,0.029917100039609543,0.0112261855137032,0.0998257704109322,0.088599584897229,0.05019103580745927,0.022342181497983463,0.0181114166779373,0.0923578270778073,0.07424641039987001,0.4236904460643776,0.24629922056357403,0.0497986098013617,0.9719604605504142,0.9221618507490524,0.3301773372938288,0.16537734758746836,0.022942492606495,0.5691778207862724,0.5462353281797775,0.2517138205329693,0.10274788717649655,0.039982021014109,0.4073340785340163,0.3673520575199073,0.37477363198679425,0.21748581482424556,0.0366706260692882,0.7335122082948701,0.6968415822255819,0.16906378212203557,0.06722486365659039,0.0161352652727932,0.2712187106279096,0.2550834453551164,0.3879529314854307,0.20007948814315044,0.0406993477545016,0.7003616455210339,0.6596622977665323,plausible
Nadeera,2,01,5,99,0.9800000000000004,0.423437724669259,0.2686191469850733,0.104658913128721,1.0011050343109364,0.8964461211822154,0.24958809766881915,0.11973431027189595,0.018915936659403,0.4213607042384404,0.4024447675790374,0.23446926485548197,0.09216837449127252,0.0340753390133296,0.3854009548857519,0.3513256158724223,0.3946825817572345,0.22304102933642564,0.0552747956012232,0.7428875505264201,0.6876127549251969,0.19877557680637264,0.07573301895974958,0.0313268693262138,0.3099664701706225,0.2786396008444087,0.26886341591703283,0.12882302838953927,0.021004084182288,0.4587901904871813,0.4377861063048933,0.07263964321012761,0.029784835727060886,0.0094421835489996,0.1242234792111116,0.114781295662112,0.0838360041407315,0.03532280656131216,0.0091474759613449,0.1489185591954474,0.13977108323410248,0.0897111218835016,0.035090518883873344,0.0213827633539131,0.165696791115447,0.1443140277615339,0.05242047387585217,0.024043823122690204,0.0213636729529406,0.1012461072107836,0.079882434257843,0.04639911921224317,0.029213498350993974,0.0045473706321478,0.1004841636386671,0.0959367930065193,0.047297655633185574,0.02572667729617054,0.0105435081694922,0.0978001378663787,0.0872566296968865,0.4407694662055671,0.26830563888289016,0.0584015138079093,1.0199270920828714,0.9615255782749621,0.3351941836674934,0.15572584081440122,0.0487459654815228,0.5655393093004296,0.5167933438189068,0.2553381356322812,0.10082612901623858,0.0221055753055992,0.4054027882471622,0.383297212941563,0.3950197686740338,0.22017810192169066,0.0441531111390843,0.7473875503702401,0.7032344392311558,0.17692343199689498,0.074974924427902,0.0176315664751661,0.2801885954860609,0.2625570290108948,0.3755183950252333,0.18179740186326834,0.0426515092909058,0.6588553880766443,0.6162038787857386,plausible
Nadeera,2,01,6,99,0.9800000000000004,0.4340290457302544,0.255908305136805,0.097064741052479,0.9862128300648336,0.8891480890123546,0.2851120063367273,0.13658366840355793,0.0216222358845243,0.4823731771867999,0.4607509413022756,0.235066116034796,0.08640556720074342,0.050226966046723,0.3826481199909065,0.3324211539441835,0.390286119139048,0.21408998319483855,0.0799850961962629,0.72359879447782,0.6436136982815571,0.19645816523724433,0.07558605281782695,0.0206577459606456,0.3115430347103052,0.2908852887496596,0.30515354728460536,0.14386381059330455,0.0341685871855147,0.5387507577997864,0.5045821706142717,0.06525332774595871,0.018388438315661653,0.032340703399625,0.1009748841535374,0.06863418075391241,0.07449976578664701,0.02760761824435992,0.009774723179264,0.1174314610091921,0.1076567378299281,0.07954868484863666,0.030359394603839594,0.0200000561063529,0.1565999146752897,0.1365998585689368,0.048747581307176095,0.0190105614564128,0.0128116390834568,0.0836716305930884,0.0708599915096316,0.04923391918838066,0.027735224033883638,0.0040634698353567,0.0999335735004229,0.0958701036650662,0.04862304907949809,0.024631557341240815,0.009687376574334,0.1023941591401136,0.0927067825657796,0.4317912272803436,0.2445932232034927,0.0693735733147506,0.9475882203309832,0.8782146470162326,0.33158931642306905,0.16036021738123454,0.0253750788821202,0.5623587204865647,0.5369836416044445,0.25091730031899395,0.10088437821763345,0.0215838212240741,0.4106389538853383,0.3890551326612642,0.38202767402106974,0.21777822470054983,0.0433585167257295,0.7263727431128572,0.6830142263871276,0.1741454597901799,0.07323784306497574,0.016357163401513,0.2865217747602331,0.2701646113587201,0.37503882616913825,0.18873509997029642,0.014918436151506,0.6560117558523662,0.6410933197008601,plausible
Nadeera,2,01,7,100,0.9899999999999984,0.44114390590147595,0.26756390111077105,0.0596195816992542,0.9816549724014456,0.9220353907021914,0.2954002224687808,0.13780315447402158,0.020725280018261,0.4791478458919836,0.4584225658737226,0.2323868493398708,0.08266110799416602,0.0358730172643162,0.3706950429078007,0.3348220256434845,0.3878725233124063,0.22356006072063062,0.0674054602790861,0.7418907828481965,0.6744853225691104,0.20423630436033363,0.08766870244876784,0.0331628865825407,0.3304944490872898,0.2973315625047491,0.31112469805474674,0.1438852240107372,0.0269119822245786,0.5087804428563716,0.481868460631793,0.07441851044329478,0.026243304110547906,0.021756472440934,0.1204863016817628,0.0987298292408288,0.0870377547289258,0.034752813303242605,0.0218437093274181,0.1478649083351634,0.12602119900774528,0.09281186251304734,0.0347257740293802,0.0313900194554175,0.16417792863048,0.1327879091750625,0.050251555085093484,0.023740906827420003,0.0096289500377322,0.0944256352978254,0.0847966852600932,0.049318209410648094,0.02662986790985372,0.0126028521298114,0.1020847436141023,0.0894818914842909,0.04984743185512659,0.02187371176794018,0.0202532547237782,0.0955699907841748,0.0753167360603966,0.4290767504212865,0.26509034148306,0.0192362527124953,0.9958828406805852,0.9766465879680899,0.35739041444918507,0.16900312303933132,0.0329750926392766,0.5811122907078652,0.5481371980685886,0.24599437480040146,0.09927106919536334,0.0447343961554606,0.4103017661689909,0.3655673700135303,0.3869146809096694,0.21393816509994215,0.0676702633019123,0.7288873936114807,0.6612171303095684,0.18979089264678212,0.07455390237087735,0.0369778046901919,0.2998586280055562,0.2628808233153643,0.40600536552318367,0.21255270483866728,0.0141117470346081,0.739286094879994,0.7251743478453859,plausible
Nadeera,2,01,8,100,0.9899999999999984,0.439467765228882,0.2604096074973124,0.1200731990203903,0.9785977949129324,0.8585245958925422,0.3218694283802155,0.14471359354589697,0.0678410820432885,0.5401511875251356,0.4723101054818471,0.23720402315916883,0.08519932622078447,0.0724913665698878,0.3973948632648383,0.3249034966949505,0.3943631109849322,0.2162700982416766,0.0581208988045088,0.7403949338824676,0.6822740350779588,0.197082486613833,0.07879904549883698,0.0264871599358048,0.3266721230629191,0.3001849631271143,0.3414766724116936,0.15937864326860107,0.0519052504550834,0.5534414823994185,0.501536231944335,0.06759158795429364,0.024464448952378787,0.0281560433039969,0.1234405665350326,0.0952845232310357,0.07914037402005654,0.027299258734491502,0.0242668784850708,0.1388091849478761,0.1145423064628053,0.08618778559954571,0.030978357392487398,0.0300599594502988,0.1573740609591725,0.1273141015088737,0.054111718561066065,0.025607170586854463,0.0255600045065388,0.1041965470070501,0.0786365425005113,0.05231162872950892,0.02921349442088348,0.0157274518343128,0.1161794446184135,0.10045199278410069,0.04773656437778229,0.023612397175966877,0.0082331307160027,0.0918214511449467,0.08358832042894401,0.43562726158683207,0.2504190817542583,0.060118174554183,0.985898454057448,0.925780279503265,0.3396145906254669,0.15737380616115645,0.0205397813974392,0.5398407992318544,0.5193010178344152,0.253788994417583,0.09594995028122909,0.0219449807972496,0.4013289459764975,0.3793839651792479,0.38509771861651937,0.21666709794175834,0.0387333635868631,0.7184723283965595,0.6797389648096964,0.19854753566638883,0.07271726645898594,0.050511222960542,0.2957082035403355,0.2451969805797935,0.37924114452840013,0.1869733796319113,0.0292372394328448,0.6253291683316802,0.5960919288988353,plausible
Nadeera,2,01,9,100,0.9899999999999984,0.42793199686938266,0.2536507869253237,0.0752080175612173,0.9318815589541772,0.8566735413929599,0.303033196362085,0.1377221991351059,0.0437912128550666,0.5041214244206597,0.46033021156559306,0.23938554472389154,0.0859318954542351,0.0608741631919276,0.3899159591107657,0.3290417959188381,0.3955971582378908,0.21716807154288623,0.0659274103689188,0.7573285771755327,0.6914011668066139,0.18332307344730492,0.07663946523608875,0.0198496551700401,0.310005206768741,0.2901555515987009,0.32758968350378176,0.15975246327175768,0.0201914731038517,0.5958387145168493,0.5756472414129976,0.06841979516285368,0.02657030531382378,0.0184751698989695,0.1123944913621501,0.0939193214631806,0.07987664140237252,0.028723090736616393,0.0138839955177909,0.1262172794218723,0.1123332839040814,0.08817125431052115,0.03203282369393179,0.0180361243533071,0.1494604118385549,0.13142428748524781,0.04911374212151982,0.02343939963230988,0.0056173775503968,0.0967369497693955,0.09111957221899869,0.04529367861462538,0.02850291030373919,0.0045412377102888,0.100408541768902,0.0958673040586132,0.04630668294262285,0.02674734157203867,0.0111169706580266,0.1000905415401583,0.0889735708821317,0.43936072022567685,0.26516573780277974,0.0582028034570228,1.0209563770618608,0.962753573604838,0.3614383332924795,0.1718400710122418,0.0263541035068184,0.5687947338512733,0.5424406303444549,0.2556532188070035,0.10254895274248159,0.0294998260358576,0.4185425717556978,0.3890427457198402,0.38710302098373034,0.2151330817939657,0.0493953433319331,0.7356523312676994,0.6862569879357663,0.19984361005005585,0.07994974762047222,0.0064005041798432,0.3158809967148134,0.3094804925349702,0.4129394201192844,0.20968947230192103,0.03269457572297,0.6985350811571082,0.6658405054341382,plausible
Nadeera,2,01,10,98,0.9699999999999989,0.43892251984966957,0.23385181351990553,0.0848971591409696,0.9096048064575056,0.824707647316536,0.31607147743309505,0.147345624581359,0.0245970947010113,0.5116734465311165,0.48707635183010517,0.2416681355147864,0.08408501871464802,0.0540179608247006,0.3919823966076428,0.33796443578294216,0.3894461143911802,0.20998175835350266,0.0551509223109356,0.723133750976974,0.6679828286660383,0.20965825586012948,0.09076618619254982,0.0538396757730331,0.3370950525138727,0.28325537674083956,0.338261533280542,0.14520179597112057,0.0366633797020958,0.5383818346851478,0.501718454983052,0.07267058691822309,0.023870061578475495,0.0153957207380459,0.101474728693349,0.0860790079553031,0.085765234270416,0.02422720472863917,0.0269918842299492,0.1179287206987907,0.09093683646884151,0.08737090951529942,0.03163784823518596,0.0318785390848438,0.1558159907919448,0.12393745170710099,0.05285413193158375,0.02892403537692597,0.0125060955703959,0.0977048688779838,0.08519877330758789,0.05310895761571503,0.0302169208342352,0.0154326440862203,0.1090660047912689,0.0936333607050486,0.05243691017488929,0.02224378893880489,0.0207786569730724,0.090124377023226,0.0693457200501536,0.42677847782529976,0.2556742106628539,0.0687779375800193,0.9772037424580028,0.9084258048779835,0.34145546128738097,0.1777612240581506,0.0199782203501581,0.5961977200941454,0.5762194997439873,0.2666438864133759,0.10381744059865139,0.0555543221741869,0.4361131035724818,0.3805587813982949,0.38014719350284715,0.21483391080597347,0.0452857994898258,0.7279104441225496,0.6826246446327238,0.20487335434997844,0.08283217106409925,0.0422810247756272,0.3215428416442992,0.279261816868672,0.3941760383139164,0.21077854649362887,0.019759438440008,0.7167416438689093,0.6969822054289012,plausible
Nadeera,2,01,11,95,0.9399999999999977,0.4211010234961957,0.27690923186956934,0.0871708983028467,1.0187004477338777,0.931529549431031,0.3197895778102454,0.15546255190987904,0.0139706463831024,0.5194116411926994,0.505440994809597,0.23587645517023098,0.09136029315404454,0.0375982916276146,0.3782498460390941,0.34065155441147954,0.39299209404157714,0.22559511931560472,0.0547973998360677,0.7469862212115451,0.6921888213754774,0.1692469624260792,0.06763897035103236,0.0205142066796844,0.2837471776996573,0.2632329710199729,0.33738814804087613,0.1626969362734855,0.0274860210054811,0.5665970603543313,0.5391110393488502,0.06876238017481796,0.021930727117953377,0.0213640203347912,0.1114342807374736,0.0900702604026824,0.08557493930041962,0.03139383912123279,0.0168816412866452,0.1267611680815213,0.1098795267948761,0.08499691611092001,0.03590970893995963,0.0289026912964312,0.1741818579857331,0.1452791666893019,0.05245666677513452,0.01968799115745978,0.0275610671405602,0.0908927804521538,0.06333171331159361,0.048406985996897606,0.023114175414850113,0.009554404366333,0.0959928811220661,0.0864384767557331,0.04624911392114648,0.02403863748673096,0.0035547605436145,0.0937724755776403,0.0902177150340258,0.4303125037429075,0.2518753690409784,0.0835158093133401,0.9859585814739668,0.9024427721606266,0.3245118053278984,0.16689485423735453,0.0223981102621639,0.5555724245758757,0.5331743143137119,0.25900566234649136,0.10196240430829315,0.0237280149531461,0.3987066690520618,0.37497865409891573,0.37866737861449995,0.20963333594111797,0.0207852314360967,0.6927222185940779,0.6719369871579812,0.20905508898477138,0.08547665151778884,0.0106699011900339,0.3210512282800413,0.3103813270900074,0.3739595505517298,0.20681065588970995,0.0206667947246167,0.7007839693541594,0.6801171746295427,plausible
Nadeera,2,01,12,98,0.9699999999999989,0.4457269908121677,0.24931817805294892,0.0830963276824369,0.9575784144913614,0.8744820868089245,0.33311456857338795,0.16558462146155353,0.0189971530353961,0.5483281641326466,0.5293310110972506,0.24169743219858728,0.08401354785123395,0.0589306987941918,0.3814362995623371,0.3225056007681453,0.402471759748409,0.2113987320307571,0.0713609743263708,0.7237080045161327,0.6523470301897619,0.19104420141718417,0.07268973536077768,0.0541590085680476,0.3100765712665915,0.2559175626985439,0.3668835706983943,0.18421892353742833,0.0317667641777984,0.6534406611443688,0.6216738969665704,0.07005164038202785,0.025357670837148377,0.007906769563908,0.1137397724131282,0.1058330028492202,0.08615692973134859,0.026712435593139988,0.0185053461730816,0.1278270064852117,0.1093216603121301,0.09437547090173279,0.03143699007992842,0.0477757970824323,0.1569772756419656,0.1092014785595333,0.04906124399149094,0.02645249711127615,0.0090892376560605,0.098541719985787,0.0894524823297265,0.04911609252730284,0.0283275547156619,0.0104260093342356,0.095966388510338,0.0855403791761024,0.04530719862018131,0.026208918377131563,0.0044203410110966,0.0998113638031357,0.09539102279203909,0.43377971652433583,0.2672178122618026,0.0647274731085019,1.0037266454014553,0.9389991722929534,0.3495174939501688,0.17211290136971943,0.0410489642049963,0.5688286618385804,0.5277796976335841,0.25777158392293203,0.09999888729119659,0.0485788063344986,0.4129246396071682,0.36434583327266956,0.38757609519664477,0.21877258204263808,0.0406460845705144,0.7502338702826724,0.709587785712158,0.2159358974941357,0.08887265738669362,0.0397636460910311,0.3558365537355323,0.3160729076445012,0.40082263213296865,0.21561429836817697,0.0340011529840382,0.7084701934452285,0.6744690404611904,plausible
Nadeera,2,01,13,95,0.9399999999999977,0.4339435580355721,0.261561761430288,0.079049294026945,0.968994099741922,0.889944805714977,0.32363978082102296,0.1459370677146492,0.0286390025103043,0.5278984800245147,0.49925947751421035,0.23654616439345688,0.08632065780701616,0.051114904479165,0.3915418998048482,0.3404269953256832,0.38276134107428345,0.21448667630959573,0.0777394245321043,0.7215666689872868,0.6438272444551825,0.19284353288727027,0.08009864263952204,0.0226671837010766,0.3038208458023153,0.28115366210123865,0.3496232980868845,0.16440357706006567,0.0351521859784383,0.56373195732448,0.5285797713460417,0.0710100948202777,0.023582354606347847,0.0232581250428496,0.113357295976894,0.09009917093404439,0.09097522654178199,0.030556919763985866,0.0224841004946821,0.1346460851369849,0.11216198464230279,0.09355387450306774,0.037001070675308424,0.0224682785466068,0.1710263255838026,0.1485580470371958,0.05198271217979172,0.017446684389829586,0.0178126175593194,0.0835213446250169,0.0657087270656975,0.047836669571436376,0.023092563555470586,0.0052008849477718,0.0887330759402705,0.0835321909924987,0.04632060366291008,0.021029635772039888,0.0092239980543641,0.0932233023042501,0.083999304249886,0.4342416193666481,0.2602936053596768,0.0629454592741411,1.0008386500850104,0.9378931908108693,0.34085158607672295,0.17488316677957144,0.0172266726724567,0.5967989423805945,0.5795722697081378,0.26521874100647325,0.10533920662565888,0.040192030578784,0.4267871410957995,0.3865951105170155,0.38043862191813704,0.21052295757228526,0.0481814986647373,0.7099880497942974,0.6618065511295601,0.2120255829494013,0.08128106241006447,0.0277768803860093,0.3249232786550072,0.2971463982689979,0.3940801297448638,0.21885850901147785,0.0166317293198921,0.747957590581773,0.7313258612618809,plausible
Nadeera,2,01,14,96,0.9499999999999993,0.4399793100593283,0.256924704497236,0.0848574172754281,0.9686952997816994,0.8838378825062714,0.34213553500204547,0.16691231774064416,0.0447298688710252,0.5614923091429138,0.5167624402718887,0.24746460499842884,0.0967550438950482,0.029807352693481,0.4071977405023582,0.3773903878088772,0.3964968322120926,0.2196631450575612,0.0562944920677818,0.7369088649488553,0.6806143728810735,0.1691309184904254,0.06788048655179346,0.0415985992466934,0.2908454335301559,0.2492468342834625,0.37005787077744473,0.18787926188291762,0.0341560795886841,0.6248078107220019,0.5906517311333178,0.060323210077490495,0.02548188381087552,0.0118023489701938,0.1118516384673327,0.1000492894971389,0.0783451089355655,0.03067662396299377,0.0138177163703722,0.1311643994498709,0.1173466830794987,0.08390051026439271,0.03182174330052669,0.006345975563398,0.1468424906020971,0.1404965150386991,0.05586302579322714,0.019828899573181274,0.0265004709767812,0.0943530113521084,0.0678525403753272,0.04813612046537241,0.0306987932238321,0.0058116949896259,0.0971342651247849,0.091322570135159,0.04752287629809626,0.028758908954574315,0.0048290057085592,0.1070531490040255,0.10222414329546631,0.43884206713188606,0.26802579136883126,0.0808638456744726,1.03035613987816,0.9494922942036874,0.3531563912752185,0.17515894328634235,0.0288066405106352,0.602077201574911,0.5732705610642758,0.26678071681463605,0.10540583993510011,0.0337809619010161,0.4340601099042784,0.4002791480032623,0.3793271551436947,0.21275301208615555,0.0206958592027986,0.7047786810903068,0.6840828218875082,0.21546047817341132,0.08818755901314597,0.0258115301474467,0.3382761305337728,0.3124646003863261,0.4160714346104631,0.21870962818306303,0.0353998966373773,0.743705541290636,0.7083056446532587,plausible
Nadeera,2,01,15,97,0.9600000000000009,0.44209593709503836,0.2566782437822131,0.0493557629190181,0.9657333078126612,0.9163775448936431,0.3482418662994726,0.16165470359502696,0.04955708102134,0.5614351862175363,0.5118781051961963,0.23543478568990053,0.0897432894306702,0.0391828328508681,0.393422851542592,0.3542400186917239,0.3958477509589218,0.2141330314698053,0.0630244630385098,0.7231385561113405,0.6601140930728306,0.20820016956128845,0.08902451241706907,0.0304337858756656,0.3232829819108376,0.292849196035172,0.37211597156269166,0.17839245252389638,0.0294614542209154,0.6195814889264774,0.590120034705562,0.06308888875382852,0.020980284010466806,0.0258767234010626,0.1076719369578427,0.0817952135567801,0.07683946106020884,0.025870209235409995,0.0122439226245908,0.1188351282866039,0.1065912056620131,0.08562174359538985,0.03096998446183931,0.036467005242286,0.1616812974920176,0.1252142922497316,0.044324830403990184,0.023024981562671534,0.0090745117357151,0.0915985921449645,0.08252408040924941,0.046686807407217576,0.027322982720220525,0.0087905328650627,0.1012077178876087,0.09241718502254599,0.04666597581799293,0.021036712849705243,0.0192933782648487,0.0881466304172706,0.0688532521524219,0.4402489689695903,0.25244761767268586,0.0439484019594946,0.9806120683405072,0.9366636663810126,0.3798686996707858,0.18375285287328408,0.0550381747825749,0.6634185199781303,0.6083803451955554,0.26284274991585743,0.1060820680300637,0.0203412502915574,0.4281524540170067,0.40781120372544927,0.38058546733978604,0.22102187252214886,0.04017887010304,0.7503655710972365,0.7101867009941965,0.21717167714296803,0.08086412249923013,0.0610982520721487,0.3231741830975725,0.2620759310254238,0.43630573334903644,0.21355648527180354,0.0715031226306863,0.7816859892192005,0.7101828665885143,plausible
Nadeera,2,01,16,98,0.9699999999999989,0.4374926549164964,0.2555417878034652,0.0702976307656282,0.9744743071205018,0.9041766763548735,0.3331060310518405,0.16568366367749826,0.0281430144127321,0.5538344045611405,0.5256913901484084,0.24129254079610615,0.08561321161681062,0.0603015560908014,0.3853395124632203,0.3250379563724189,0.3976749115169589,0.21516569927889323,0.0908153495693451,0.7565817435377831,0.665766393968438,0.18086338861397544,0.06904752783896652,0.0416600711349631,0.2804113660973471,0.238751294962384,0.37009814764942184,0.18883428881039158,0.0215126507346323,0.6591921988348052,0.6376795481001729,0.05679625118133809,0.02014226188647157,0.020391393035162,0.0965023794188891,0.0761109863837271,0.0690241373166818,0.026743376781054224,0.0055263470053037,0.123366130357607,0.1178397833523033,0.07803445325167592,0.029147749627290085,0.0169726150203328,0.1396321886561758,0.122659573635843,0.04736033905771025,0.0232567857466221,0.0119598763839631,0.0912742988993261,0.079314422515363,0.04915182355295471,0.024706964196060784,0.0179277088154789,0.095856872790271,0.0779291639747921,0.0463894930551947,0.025203604354849165,0.0058056377017985,0.0982461063446307,0.0924404686428322,0.43096666185860105,0.26989136290453614,0.0624593203440689,1.0181636903552844,0.9557043700112156,0.3636015146947462,0.17897848781352496,0.0261183124237169,0.608696096520553,0.5825777840968361,0.25149296872972016,0.0989397555376403,0.0279694041216219,0.4002079863050665,0.3722385821834446,0.38410417602807523,0.21750700713697316,0.036149541010878,0.7246764228149201,0.6885268818040421,0.20227559136870377,0.08444269941927936,0.026042966846805,0.3336609943986498,0.3076180275518448,0.4310715096021738,0.23058817745397367,0.0187767892606645,0.7781733802821951,0.7593965910215306,plausible
Nadeera,2,01,17,99,0.980000000000004,0.42298882038896846,0.2720376656288714,0.0749750853403698,1.009143870509458,0.9341687851690882,0.31870921426778076,0.15160459272780474,0.0322885892382743,0.5341663664571192,0.501877777218845,0.23165983759906542,0.08160573457022259,0.0411367016191249,0.3621809375455756,0.3210442359264507,0.38930042760904376,0.22238883773085893,0.0481491936618523,0.7441770977199088,0.6960279040580565,0.21936093081037591,0.08834725713725243,0.0415074916502693,0.333668764422045,0.2921612727717757,0.3524041179925999,0.1729944276053249,0.050155399994219,0.5999571798727367,0.5498017798785176,0.07365631506998363,0.027467324392241487,0.0183702064833502,0.1236451552617802,0.10527494877843,0.08697377738777141,0.031461142144771935,0.0301438309271333,0.14207550337339,0.11193167244625671,0.09334614849643093,0.03369192683621853,0.0248172698285888,0.153704803841492,0.12888753401290318,0.04844435248973807,0.025270527596107515,0.0112973546487996,0.0976554079724709,0.0863580533236713,0.04675339084156261,0.031255178066187043,0.007030508852976,0.1074372068629039,0.1004066980099279,0.04369500747199319,0.02463981671312599,0.0126823393343877,0.0978012508793192,0.0851189115449315,0.4413112598257713,0.24298912294103925,0.0693308603057988,0.9570954358667686,0.8877645755609698,0.3948596127750182,0.20106960425350162,0.0161384162232915,0.6704943629992521,0.6543559467759607,0.25930543622469393,0.10223017830898634,0.0525060656712358,0.423938824278942,0.3714327586077062,0.38597657917973033,0.20928591144262923,0.0404747753986406,0.7104594931930007,0.6699847177943601,0.20108966453112667,0.08389409380370785,0.0126346628082808,0.3187966749502884,0.3061620121420076,0.4686522367502957,0.2492758197882203,0.0282525402106251,0.8368702673392824,0.8086177271286573,plausible
Nadeera,2,01,18,100,0.990000000000002,0.44050255225172646,0.24984414871701355,0.102889913534183,0.9762044154878042,0.8733145019536213,0.3283000977758779,0.15149534708538165,0.0390555919926021,0.5318244442063773,0.4927688522137752,0.23391411417276295,0.08044178651104313,0.0596373387543456,0.388095498609644,0.32845815985529836,0.39174876227866046,0.21446213396645272,0.0629076933286567,0.7213019154993147,0.658394222170658,0.2145202216773745,0.09017840952339272,0.0317480950109966,0.3569237204431518,0.32517562543215517,0.3606707942799423,0.17470806439334732,0.0269834527310123,0.6187227831277997,0.5917393303967874,0.06799614659682232,0.024457108582876134,0.0101073550451721,0.1106985828969679,0.1005912278517958,0.08369669631039683,0.032971549027534935,0.0045329767473183,0.1439466192320245,0.1394136424847062,0.08337535300496221,0.03194708554551473,0.0241502566443688,0.1481068907659348,0.123956634121566,0.05135046028591635,0.02359809305278665,0.0179911818798333,0.0912814072422708,0.0732902253624375,0.0458752189839055,0.030379870131173072,0.0085924319103693,0.1027182964995204,0.09412586458915109,0.047128182242921396,0.024780649725457717,0.0128905990230956,0.0978168409098115,0.08492624188671591,0.46492402237495367,0.2796457266327209,0.0745798437158788,1.0988394914037896,1.0242596476879107,0.4020738140081423,0.19653822333003,0.0307150537692469,0.6726124775446252,0.6418974237753783,0.25840079276742056,0.09924201248938266,0.0399693679083483,0.4168215555755871,0.37685218766723877,0.3826452387016222,0.2232831503412599,0.0212584208689399,0.7479424285210329,0.726684007652093,0.21314437812676448,0.07528400977983263,0.0359830015986498,0.3188491734002543,0.2828661718016045,0.47137859790641573,0.2480473292756933,0.0397759820044457,0.8456557614049062,0.8058797794004605,plausible
Nadeera,2,01,19,101,1.0,0.4226001326553955,0.2531263459514695,0.0727508091021203,0.952766095271786,0.8800152861696657,0.321540840164975,0.1540423998392663,0.0251379633262518,0.5436128590791146,0.5184748957528628,0.2317330260853949,0.08422440735421191,0.0630411795587467,0.3833429035395711,0.3203017239808244,0.3804514389301774,0.21976914142342974,0.056953276850144,0.7221253089475962,0.6651720320974522,0.2167387772497369,0.0964479767994755,0.0125907738756179,0.3699553849114919,0.35736461103587397,0.34388480377707253,0.17172532912427171,0.0219721937244752,0.6194152245682756,0.5974430308438003,0.07002973293562911,0.02655592745773583,0.0222282427002111,0.1261641355643255,0.10393589286411442,0.08162241367941218,0.03241793839389938,0.0047863431261603,0.1401533377982338,0.1353669946720735,0.08686906993479149,0.03571405005196058,0.0208806676182492,0.1692811697840928,0.1484005021658436,0.0525488286625696,0.027813130649110566,0.0107597326431618,0.1034470437145238,0.09268731107136201,0.049222053704194496,0.03227359973434488,0.0058939480250871,0.1149020846423441,0.109008136617257,0.050248453208474424,0.027190466148015235,0.0152595923310563,0.1020164623418395,0.08675687001078321,0.4165781255561306,0.2602939232449766,0.0749489880466706,1.0006714542565076,0.925722466209837,0.37799590730697624,0.18054196840253817,0.0556174820527928,0.6215706196319035,0.5659531375791107,0.2504365022223927,0.09173690520271204,0.0249372121509269,0.3926373722558898,0.36770016010496287,0.38888172715184144,0.22252347602435552,0.0376059556022731,0.7531746028173155,0.7155686472150424,0.22300473226380096,0.08652553524104142,0.0294572234238386,0.3440661138786492,0.3146088904548106,0.4456168101196844,0.2200255051169303,0.0670704001682883,0.8098760967347294,0.7428056965664411,plausible
Nadeera,2,01,20,108,1.0700000000000003,0.393085425808264,0.23372244818568064,0.0494061476644883,0.8131264745999719,0.7637203269354836,0.3486328795483913,0.15678397523794346,0.0713437181066997,0.5599277988177039,0.48858408071100423,0.23681388295903982,0.0778523812845295,0.0860883242461871,0.3805815546325586,0.2944932303863715,0.40288050207329745,0.2003624930708686,0.1176937813715894,0.7170542081764564,0.599360426804867,0.22348915236985756,0.0891751064740309,0.0410676894093142,0.3541680707313584,0.3131003813220442,0.3807790703622835,0.18234977106600483,0.0699033343637714,0.6636430005740023,0.5937396662102309,0.07385383717893397,0.02265079433350925,0.0214464916469416,0.1175454263454388,0.0960989346984972,0.088112307424501,0.03129581030006022,0.0046738745467991,0.1316774635839054,0.1270035890371063,0.08542162608782347,0.03086726248433381,0.019441311293941,0.1592650812754635,0.1398237699815225,0.08173470295267561,0.031078820441173806,0.0265806084388291,0.1234446787111326,0.0968640702723035,0.0798030886614379,0.036816135609863854,0.0149362097314794,0.1436159357841323,0.12867972605265288,0.07021297684389316,0.03486115465143385,0.006906281314838,0.1257872114675825,0.11888093015274451,0.4241656772245349,0.26074631409653476,0.1193196482284011,1.014617220809202,0.8952975725808008,0.4131772513418622,0.18245940856107676,0.0179898904594926,0.6318420630772599,0.6138521726177673,0.2512519299408786,0.08900413308505124,0.0879373148465351,0.392490554915377,0.3045532400688419,0.40400611666597785,0.23190775812325362,0.0515093995686142,0.830636237654909,0.7791268380862948,0.2167076839957656,0.08150550524531479,0.0539820513101057,0.3198009643118191,0.2658189130017134,0.46689438052861415,0.22176200993481207,0.020369584819972,0.781894711532117,0.761525126712145,plausible
Nadeera,2,01,21,98,0.9699999999999989,0.1690731772895384,0.10743598761804142,0.0963988293895732,0.6447160834094211,0.5483172540198479,0.37646502203556037,0.16586172544144606,0.1274641343006556,0.611419012678228,0.48395487837757234,0.15331857210941346,0.06501247279724762,0.0341571824083142,0.2315877510092743,0.19743056860096012,0.16130732350370036,0.11295360122685943,0.0695087552322697,0.5970487034897056,0.5275399482574359,0.18394749473841968,0.09129897070238774,0.0728164388962957,0.3716502509311979,0.2988338120349022,0.41488228970620117,0.17755916572257757,0.1076102323378729,0.6712596764294542,0.5636494440915812,0.050369575795685774,0.014434354561648665,0.0282584274015537,0.0835389835711665,0.055280556169612804,0.07919693182488877,0.023664495953634047,0.0217922313864858,0.1135119885117929,0.0917197571253071,0.052098286252464515,0.01297694521066407,0.0168937521442311,0.0799337645884864,0.0630400124442553,0.04770688429975663,0.038476579417435146,0.012505910202731,0.1329097119703585,0.1204038017676275,0.04973198787748906,0.043548736414169176,0.0033347065714712,0.1443409396693724,0.1410062330979012,0.048997517765826844,0.033303453121828815,0.0099582022205821,0.1243484323283943,0.11439023010781221,0.17788099027289553,0.12865003209445933,0.057425412763523,0.5833342916431384,0.5259088788796155,0.23792881518292808,0.133348422006634,0.0166259544989398,0.5799570557652803,0.5633311012663406,0.12670935702012215,0.08265148445773678,0.0391418803014969,0.3545494080055577,0.3154075277040608,0.1966930811599951,0.15081378579282198,0.0268821698949669,0.5572198494979033,0.5303376796029363,0.25620511500035853,0.09289068967278728,0.0445280110733322,0.3670829097081579,0.32255489863482567,0.26605354432130407,0.1509759794947278,0.0400604783566564,0.6569481403409035,0.6168876619842472,plausible
Nadeera,2,02,1,145,1.44,0.30709823008893977,0.20196440629347426,0.0562994338402054,0.9418150328798712,0.8855155990396658,0.07390446885052612,0.04751696657418877,0.0123402488684932,0.2298027789396301,0.21746253007113692,0.14671883938473973,0.07762650316521141,0.0412067618142459,0.2598172288020303,0.21861046698778439,0.3022493627181435,0.17321095079768062,0.0291631671513963,0.727069130273085,0.6979059631216886,0.07478918847819838,0.05631620693109246,0.015966687475812,0.2261253654997652,0.2101586780239532,0.08466450020467158,0.05369625977929439,0.0085793368089356,0.2676124976016406,0.259033160792705,0.03951226064580284,0.014024804692068729,0.017030002918623,0.0707250247077218,0.053695021789098796,0.03842249078344776,0.019952367026300582,0.0132266584592217,0.077166572240762,0.06393991378154029,0.04661035713665804,0.020956440454443948,0.0169898040574184,0.0863065232969293,0.0693167192395109,0.03259038970594369,0.018097182043000065,0.0033544797193656,0.0666954994679913,0.0633410197486257,0.03958808431757948,0.019854907540115124,0.0145932915085458,0.0814684423909877,0.0668751508824419,0.0323331910151525,0.01111038238809535,0.0157111424537523,0.0560281945263643,0.040317052072612006,0.27437675996705907,0.25145317306668186,0.0233714388092808,0.9377376837881468,0.914366244978866,0.14798623891986878,0.07837819714815747,0.0243824073479828,0.2777018185006352,0.2533194111526524,0.14960293384777404,0.10149476988529124,0.0189156179537544,0.3495134134489186,0.3305977954951642,0.2850027187272643,0.2452773328168382,0.0410048905496183,0.8175223390544931,0.7765174485048748,0.058376650050465065,0.04028833114555905,0.0130295440928967,0.1661269857166784,0.1530974416237817,0.1942835249500593,0.0860598532835683,0.0609169313281061,0.3655085102263515,0.3045915788982454,plausible
Nadeera,2,02,2,105,1.04,0.411066630516447,0.2556419314812278,0.0811437286732549,0.9685337796643392,0.8873900509910843,0.23517491342040606,0.12042534190752954,0.0292668594892825,0.4650373353566264,0.4357704758673439,0.21961917527845978,0.08116342352253911,0.0317526701694227,0.3418468708866869,0.31009420071726423,0.36933870495158244,0.2184474260566597,0.0081753295615566,0.7259833514964145,0.7178080219348578,0.14444362613653353,0.066006074022829,0.0249897103296022,0.2436126308305579,0.2186229205009557,0.2696108513659078,0.1351052243254752,0.0219889047985616,0.5700860783173222,0.5480971735187605,0.06682250994750068,0.021700886088141233,0.0231134454664454,0.0995292330869792,0.0764157876205338,0.07846949079461815,0.030282184542522916,0.0127050759949997,0.1246167087236749,0.1119116327286752,0.07789352804383044,0.027108261680954995,0.0160245359941635,0.1356643222667492,0.1196397862725857,0.039184282255984075,0.022580150298158973,0.0083642004468778,0.0917992035263602,0.0834350030794824,0.04660512254913338,0.02562504259922021,0.0087664006024721,0.0929071750938841,0.084140774491412,0.046718692575731406,0.02162034207580064,0.0082902443799723,0.0830389564255578,0.07474871204558549,0.399078845307867,0.24550130269286669,0.0894097517766836,0.9921886859774096,0.902778934200726,0.2246250275716848,0.11787198782670567,0.0287332283297535,0.4785229039726326,0.4497896756428791,0.2295558986157714,0.0889341027779696,0.0443358877322319,0.3633862358611221,0.3190503481288902,0.3738632325115721,0.23357928266136746,0.0582613614473041,0.8307257949512489,0.7724644335039448,0.15559302862435187,0.0678538274047903,0.0102386280748794,0.264813703681082,0.25457507560620257,0.28563383045287555,0.13872652522403647,0.0236453010016939,0.4791043800493452,0.4554590790476513,plausible
Nadeera,2,02,3,101,1.0,0.41951590821797125,0.23602918853368926,0.1192452598093436,0.92785721974929,0.8086119599399464,0.31650106164110403,0.1496979022266488,0.0614870309344614,0.5655044924113739,0.5040174614769125,0.22325332013859783,0.07852495324987281,0.0577599641750241,0.3652329182001853,0.30747295402516117,0.3818658561252534,0.20951553801668568,0.0529836170131999,0.7121295802165946,0.6591459632033947,0.19195265299577682,0.08450944457345888,0.0120102802970502,0.312139608101826,0.3001293278047758,0.3316655994850928,0.1645397739376368,0.0344371467038721,0.5824574398019479,0.5480202930980758,0.06527309072894509,0.0314652785052324,0.0227738975885243,0.1284716221370459,0.10569772454852161,0.07655884166107149,0.03373340590978535,0.0058772240555913,0.1378301121745053,0.131952888118914,0.0807425069542963,0.03905450893629721,0.0290000869682334,0.1695895641505027,0.1405894771822693,0.050469609970720884,0.024993279657411334,0.0021759827953479,0.0892183272162892,0.08704234442094129,0.04898679121616838,0.02536351280691676,0.0059026831491716,0.1039427942604952,0.0980401111113236,0.04219032959384518,0.022383899595402913,0.0117122143229649,0.089504203470013,0.0777919891470481,0.4180291832732926,0.2540959793002257,0.0600609313343803,0.9974474691848518,0.9373865378504715,0.3180044607227084,0.15975828954574248,0.0367837889817288,0.5445558113787252,0.5077720223969964,0.23809378466755476,0.09413240907450438,0.0274414965326018,0.3785663586382549,0.3511248621056531,0.37801135913135764,0.2246795502087823,0.0779404962244177,0.7961727326896618,0.7182322364652441,0.19000518243578993,0.08033809923397586,0.0334831697253165,0.2998071549992119,0.2663239852738954,0.35870991538631436,0.1987411382722265,0.0356523324948889,0.7138191344652279,0.6781668019703391,plausible
Nadeera,2,02,4,101,1.0,0.41966522212855434,0.2477925748887134,0.0825394535622319,0.9387573100591428,0.8562178564969108,0.2886948786802292,0.12408535941969863,0.0140675039890042,0.4400794724337287,0.4260119684447245,0.22261929473646136,0.07983250536207175,0.0300929334311111,0.344984183325954,0.3148912498948429,0.36907688553681334,0.2095031310630587,0.0511995483487115,0.7227476133621108,0.6715480650133993,0.21932500427478047,0.0908546923583415,0.0428933301468019,0.3539447102208069,0.311051380074005,0.30818030934623203,0.13182899865900535,0.0626997967697897,0.4683322903489391,0.4056324935791494,0.0674043922056045,0.029315639365425545,0.0181453896811437,0.1186834751960975,0.1005380855149538,0.08690043143363586,0.03049929323267032,0.0245037401031607,0.1340909337051861,0.1095871936020254,0.09550895781762507,0.0311630861441969,0.028451331067953,0.1523710627112547,0.1239197316433017,0.042986786777415166,0.027516168881583185,0.0035015258164176,0.0917323250953586,0.088230799278941,0.046680412264353856,0.026421108256447966,0.004949434116083,0.093907188320881,0.08895775420479801,0.045549280554068254,0.022424241920280426,0.0131643508958205,0.0905533470184685,0.07738899612264799,0.4152448322679765,0.2440031610884487,0.0766772241992969,0.9579518081657952,0.8812745839664983,0.34116107725734646,0.17290532818479293,0.0249591797446593,0.5909767771146297,0.5660175973699704,0.23518752058898645,0.09675487466561175,0.051499504054576,0.3921687480061055,0.34066924395152953,0.3686602565820102,0.22457572905610576,0.0468111084470506,0.7833879780795625,0.7365768696325119,0.19165149561836314,0.0787739863155178,0.0134824062537971,0.3127129293693908,0.2992305231155937,0.37543294854876763,0.20496096255235927,0.0408295840975054,0.7381348501219208,0.6973052660244154,plausible
Nadeera,2,02,5,101,1.0,0.4215685556827943,0.2526869340052139,0.1088061412714894,0.9372908634330158,0.8284847221615265,0.2888665247010252,0.12936860633543826,0.0443758587658544,0.4556769155984642,0.41130105683260976,0.22884904700175393,0.0841328694961688,0.0470569007675227,0.3672076915345392,0.32015079076701647,0.38480303561153495,0.21979270666941875,0.0554800950148833,0.7564607686502338,0.7009806736353505,0.18394758899537542,0.07574874411213668,0.0273563403833078,0.2981364505815521,0.2707801101982443,0.3196142914226653,0.14188193337613092,0.0651711164241989,0.5259586498619813,0.46078753343778234,0.05791524399062184,0.017287322331250764,0.0238293288557927,0.1032383297616024,0.0794090009058097,0.06632293127751962,0.026653802829042766,0.0090614386012233,0.1128229486185061,0.1037615100172828,0.07062856014689768,0.02430928807389424,0.0296798663171611,0.1211514552298365,0.0914715889126754,0.04830012000101778,0.018444430035688183,0.0187923555826172,0.081470232365488,0.0626778767828708,0.041404140721255776,0.0277581574952258,0.0020034568587385,0.0939270578501817,0.0919236009914432,0.04246218615169592,0.024400869490428256,0.0083824266762173,0.0918006786377448,0.0834182519615275,0.43022893421208414,0.25134963136128613,0.0856462242493039,1.0026429210316592,0.9169966967823553,0.3421845880863201,0.16970995091212404,0.0133118627574404,0.5667072918860607,0.5533954291286203,0.24863139352223654,0.10210262800343178,0.0288211750689636,0.4001095602081593,0.3712883851391957,0.3943353650394169,0.23906255536916782,0.0642309043734393,0.8531115745426187,0.7888806701691794,0.17715360739318128,0.06831464918306346,0.0133251250499729,0.2783278985697294,0.2650027735197565,0.3887157323382088,0.21271542672895014,0.0293740322241076,0.7619901103743477,0.7326160781502401,plausible
Nadeera,2,02,6,99,0.9800000000000004,0.4095524557861132,0.24567769655228938,0.0851505174617288,0.9263728989893716,0.8412223815276427,0.2990179520669543,0.14408258469906893,0.0208741943625522,0.5022953816819409,0.48142118731938865,0.22540765885766642,0.08554569549842796,0.0348437663002181,0.3801851283899928,0.34534136208977473,0.3880464043752474,0.21290020719982655,0.0627895268656218,0.7256159831701547,0.662826456304533,0.214805191461694,0.08728745083867022,0.0457400649694909,0.3219882577244632,0.2762481927549723,0.3346389100300816,0.16071455479508814,0.0148134919203463,0.5850731482145338,0.5702596562941875,0.07491278015405177,0.023702080524609797,0.0265749226369367,0.1223960703866757,0.095821147749739,0.08203728703155706,0.0296990896717388,0.0208087610903585,0.1218017975078834,0.10099303641752491,0.0931488716361656,0.029307786135682443,0.038419996197574,0.1346340575404273,0.09621406134285329,0.04393792928001185,0.01913226317939041,0.0139651236865687,0.0789231325315938,0.0649580088450251,0.04572311560674213,0.025305433864820506,0.009093459238359,0.0930624250612068,0.0839689658228478,0.0478895865914464,0.02029435656885033,0.0152682048414512,0.0896667300300067,0.07439852518855551,0.4199507051166395,0.26328229087395333,0.0492057359659975,1.0143935347393338,0.9651877987733363,0.3540619731261048,0.17477388412591283,0.0262146967812437,0.5904515028526528,0.5642368060714091,0.24415832813442073,0.09525035703021578,0.0512811490213067,0.3830093059194874,0.3317281568981807,0.38731621132029825,0.24519456272442075,0.0484670334110425,0.8533817065206448,0.8049146731096023,0.19180328983950665,0.08149808738356432,0.0178499114528745,0.3037846826953837,0.2859347712425092,0.4068478380459761,0.21136013370224072,0.0230620273931313,0.750191214976623,0.7271291875834917,plausible
Nadeera,2,02,7,99,0.9800000000000004,0.42390838275389164,0.24223194408011164,0.0533135217214675,0.928075716365732,0.8747621946442645,0.2942632962037373,0.13952120063362458,0.0200426380013246,0.4824314509268508,0.4623888129255262,0.22736008955221435,0.08260401082159835,0.0538085960593181,0.366372505183183,0.3125639091238649,0.3847808526128444,0.2101020126728384,0.0698634314171222,0.714378250181043,0.6445148187639207,0.20406759465652363,0.08015971822140815,0.0403984151475115,0.3336470583181499,0.29324864317063837,0.3284718752130029,0.1601957681019584,0.041208741082857,0.5632875077577612,0.5220787666749042,0.056456811748647584,0.017692585891595065,0.0150674887897392,0.0948283249546475,0.07976083616490831,0.0740201621964452,0.027921040217457043,0.0036989238308934,0.1120951296181409,0.1083962057872475,0.07151139474283039,0.03267663070541288,0.0086058302788349,0.1491770833946047,0.1405712531157698,0.04245320551399915,0.024301255441153476,0.008083824276617,0.0887673306816271,0.0806835064050101,0.04250599076932368,0.02644322051676723,0.0027785990156334,0.092197926749722,0.0894193277340886,0.044708459024736816,0.023990545203002717,0.0075664463032863,0.0917119621696919,0.08414551586640559,0.42946200325640715,0.2632968596904423,0.0480884723490634,1.014424938763812,0.9663364664147486,0.34820964091187245,0.17927419662729388,0.0196506281767927,0.5841760625757036,0.5645254343989109,0.25093950868147913,0.09351888013878094,0.0391491963717982,0.3852777044147095,0.3461285080429113,0.38391883708718266,0.2435011278198937,0.0495588803974664,0.8482202400787048,0.7986613596812384,0.16417572847915354,0.06544660528583926,0.0191275991467654,0.2519154633088607,0.23278786416209532,0.4565522274514239,0.23835581902942052,0.049930177224026,0.8633210147093215,0.8133908374852955,plausible
Nadeera,2,02,8,99,0.9800000000000004,0.39516232916136257,0.25017748428159625,0.0687624833712755,0.9472366728773794,0.8784741895061039,0.2805307853281265,0.12742891167948733,0.0090487466227797,0.4543125105389093,0.4452637639161296,0.22690413167946194,0.0828720750445348,0.0430608982077033,0.3563155243610193,0.313254626153316,0.37916877880953037,0.21628232739526582,0.0569243984751045,0.727575989195203,0.6706515907200985,0.1987080209712888,0.08624759321695052,0.0257640269532815,0.3092837272637118,0.2835197003104303,0.3043060100039144,0.14678106079316197,0.0129933473601264,0.5247755573766212,0.5117822100164948,0.06495038071367522,0.025926993852989334,0.0179473827702936,0.1103094406628904,0.0923620578925968,0.08838149194551237,0.03973786266323209,0.0215969191967892,0.1658934211087656,0.1442965019119764,0.08262416501274518,0.02693418243809454,0.0279905232141763,0.1310200014748218,0.10302947826064549,0.05570793265323704,0.019884119726911356,0.0203175772386651,0.0957941412015744,0.07547656396290929,0.04771042983909152,0.02253961538991861,0.0123014748934329,0.0912954794100896,0.0789940045166567,0.046502478841841666,0.021541777472695957,0.0228726775154559,0.0902858908391136,0.06741321332365771,0.4230805080131921,0.24821045466508096,0.0403052870949698,0.9596817257095188,0.919376438614549,0.37512508183780746,0.1871340817478253,0.0213036191002113,0.624479638570158,0.6031760194699467,0.24363579258204285,0.10285267907643249,0.0323087010533055,0.3960645389985294,0.36375583794522387,0.3824202806006597,0.24415524201079009,0.0348681012299893,0.8495949194127784,0.8147268181827891,0.17694494838300204,0.06737327805173979,0.0344921185849205,0.2562698088601072,0.22177769027518668,0.4169637823217186,0.21348651412876754,0.0172049329842396,0.7355650614831164,0.7183601284988768,plausible
Nadeera,2,02,9,99,0.9800000000000004,0.42457944152215604,0.24643792800078568,0.134544911496644,0.9641104654036756,0.8295655539070317,0.26460075082909656,0.13337883207450696,0.029452551531609,0.4654268241875869,0.4359742726559779,0.22943101326344223,0.08278714700920993,0.0762251429109165,0.3773258054393756,0.30110066252845913,0.385776013231262,0.21595408347883024,0.0605943738398058,0.730391239367654,0.6697968655278482,0.2026646043316105,0.08335664871834003,0.0430129029888228,0.3264927190470786,0.2834798160582558,0.278317153221258,0.14439399294295133,0.0053783161457305,0.5069976054467791,0.5016192893010486,0.05857932239229321,0.018255778241457396,0.0177129412208312,0.1012153056969613,0.0835023644761301,0.07063469607747587,0.024048581904350635,0.0228489679834503,0.1243302690315907,0.10148130104814039,0.07947000386469624,0.021750728491977327,0.0358949030644257,0.1360705277837209,0.1001756247192952,0.05446106540513963,0.012445858539289884,0.0338368358346031,0.0816341905028056,0.0477973546682025,0.05157445927264064,0.023142650644715712,0.0151967504612354,0.1072433561361414,0.092046605674906,0.042633073096266946,0.018893006932642377,0.0156869121762241,0.0810832563919551,0.065396344215731,0.4311094460959217,0.26783154276380094,0.0756853330804121,1.0202415780433,0.9445562449628879,0.3899204446508882,0.18369260094760792,0.0314382623543694,0.6169477897557585,0.5855095274013891,0.24771331226668547,0.09738584006623038,0.0288761359856846,0.3870927310894377,0.3582165951037531,0.39423639386998827,0.24697298147893298,0.0688064220657938,0.8647930261346569,0.7959866040688631,0.16295729146584384,0.06617568684220479,0.0244005250608449,0.2529143225628532,0.2285137975020083,0.44205201545888595,0.2096472410704306,0.0406988331818343,0.7331070445833248,0.6924082114014904,plausible
Nadeera,2,02,10,99,0.9799999999999986,0.4291641408539664,0.24823829049784674,0.0861752918172007,0.9386443280482706,0.8524690362310698,0.24184155571911725,0.10775177678579488,0.0485937116212284,0.3932422113714672,0.3446484997502388,0.2341005771488875,0.08545888831541572,0.0375870132131038,0.3745848459807857,0.33699783276768186,0.3912937883621031,0.21100292544032404,0.0745221071509503,0.7186528335030532,0.6441307263521029,0.21089658221261656,0.08301405916355192,0.0288127254327052,0.3324928217487791,0.3036800963160739,0.2680074068586557,0.12470085460665815,0.0572828959977213,0.4673701388227662,0.4100872428250449,0.07661653562506768,0.030136216323667586,0.0143945290606119,0.1206174081546486,0.10622287909403669,0.09161337038697019,0.03997052078293334,0.0105387750626765,0.1573013703855811,0.1467625953229046,0.09448087938685928,0.03306577035020479,0.0196740249270823,0.1511478073658965,0.1314737824388142,0.04817244269216156,0.02157868090629691,0.0117715312756364,0.0846920337897903,0.0729205025141539,0.05010773549448635,0.025148498183700192,0.0183253376999927,0.1008112763562543,0.0824859386562616,0.04886642030801088,0.022295829042132457,0.0210546872317671,0.1011988004348304,0.0801441132030633,0.4336485386138309,0.25021953003480946,0.0570232120879654,0.9600268789912376,0.9030036669032722,0.3963459478178524,0.19651112515377545,0.0141301433069498,0.6585968656738991,0.6444667223669492,0.2448684456021286,0.09892367311723001,0.0280965101347126,0.396263228351893,0.3681667182171804,0.3787925603788522,0.2373642597287523,0.0540955109834473,0.8228902168487636,0.7687947058653163,0.16328559837098847,0.06335766609974026,0.0353335054495222,0.2493253934993105,0.2139918880497883,0.46868852878842726,0.2432200240136706,0.0371426370665974,0.864303151667494,0.8271605146008967,plausible
Nadeera,2,02,11,99,0.9799999999999986,0.43531009957577205,0.25407989690486066,0.0956369271325059,0.9673966554888044,0.8717597283562984,0.2696633144543966,0.11689190696374976,0.0164225202123769,0.4189293532661667,0.4025068330537898,0.23725108191673042,0.08449616322273483,0.0549435693436733,0.3785693011913406,0.3236257318476673,0.38798649275049485,0.21779686765784317,0.0505735843906317,0.7321383228226432,0.6815647384320116,0.22549602216784548,0.09210795884295005,0.046624930888518,0.3540054555848291,0.3073805246963111,0.295739024581201,0.13159659650522842,0.0290240770183976,0.4958511109903016,0.466827033971904,0.07885464891149639,0.022825734322773978,0.0300410150275734,0.1123982507519702,0.0823572357243968,0.09037919599635735,0.03363888493190771,0.0174193529708982,0.1395721070750816,0.12215275410418341,0.09402440516003549,0.02708243505011821,0.0373005991588945,0.1439083445754031,0.10660774541650861,0.05457359206391602,0.022805865133769983,0.0187789640976543,0.0935286908486948,0.07474972675104051,0.05574522287452511,0.02512476605695654,0.020508149522206,0.10462298300754,0.084114833485334,0.053190558958474965,0.022846609351672837,0.0098184607733474,0.0951331704238821,0.0853147096505347,0.4530421180593403,0.26058165440838243,0.06984264368968,1.0342764180210091,0.9644337743313292,0.4184179427183945,0.20464757963508629,0.0445703611183494,0.6979742753417394,0.65340391422339,0.2479714347843284,0.09420991410930474,0.0499952945488021,0.3968004877786688,0.3468051932298667,0.3892691310711938,0.23831401566299126,0.0452922136459155,0.8268435410117425,0.781551327365827,0.17042237257355417,0.06650627197047279,0.0329941094457713,0.2698364941322399,0.23684238468646862,0.47627689439918863,0.2471528758271805,0.0350997519284646,0.8791778041893658,0.8440780522609012,plausible
Nadeera,2,02,12,99,0.9800000000000004,0.40507924609162704,0.24425695838970557,0.0948613835360651,0.931764694760138,0.8369033112240729,0.2656543582496326,0.11812733089843824,0.0403462552754148,0.447013652894695,0.4066673976192802,0.23009934308555496,0.08479177541542325,0.0455749770885121,0.3791563906491675,0.3335814135606554,0.3695419947509222,0.21211769413479056,0.0593335745343479,0.7095769863003606,0.6502434117660127,0.21200758632988595,0.09106066653584637,0.023431954038753,0.3568218674632645,0.3333899134245115,0.3004384011547425,0.14212580695683738,0.0268292228720132,0.5092481068029676,0.4824188839309544,0.06325041368040889,0.02405883643670754,0.020223422926257,0.1178662621169428,0.09764283919068581,0.08067054711286262,0.0306641532056716,0.0213581559591692,0.1305817828512884,0.1092236268921192,0.08440488650461109,0.03173754011889597,0.0331340422606522,0.151726636833831,0.1185925945731788,0.051193264408987034,0.021509520086299284,0.0144637212919289,0.0953861983300708,0.0809224770381419,0.04839684504894985,0.02767153424580688,0.0121077959576044,0.1047783844493029,0.0926705884916985,0.04251276179459208,0.026363737593091803,0.0012933725315659,0.0986320227796898,0.0973386502481239,0.4198670243464846,0.26282797692927257,0.0465007959058383,1.0058059236036478,0.9593051276978095,0.3945656078128606,0.187678079473695,0.0413725868033716,0.6429250807167275,0.6015524939133559,0.24046088578710664,0.09356717016886774,0.0387585777647275,0.3865975036494283,0.3478389258847008,0.38746323980520037,0.23273624901814838,0.0521868718830336,0.8181279627433389,0.7659410908603053,0.16938638334021872,0.06691462168658353,0.0075639931205215,0.2841599343872832,0.27659594126676174,0.4541143140803834,0.2316861490968468,0.055217716486223,0.8320400239745773,0.7768223074883543,plausible
Nadeera,2,02,13,99,0.9800000000000004,0.4251237869409331,0.24520872612777772,0.0833676440496146,0.929162683350578,0.8457950393009633,0.2801265760090189,0.12973628643853333,0.0334752809956277,0.4590697842650899,0.4255945032694622,0.2279067466248161,0.08855105692455412,0.045130443770878,0.3887374710113415,0.3436070272404635,0.375253744738665,0.21871024645606904,0.0519246480629248,0.7346158967134393,0.6826912486505144,0.20645463080539703,0.08142339677388245,0.0512809756325513,0.3377756775485625,0.28649470191601123,0.3062330156681279,0.14345207151342562,0.0375676121875196,0.5264374643735806,0.48886985218606105,0.057693284205411796,0.02576307931222128,0.0082079935742805,0.1040032370560946,0.0957952434818141,0.07479377461526268,0.030611378055434825,0.0051887573253587,0.1256786656278626,0.12048990830250389,0.08235641877094005,0.029650712699127158,0.008479368323414,0.1376691728313609,0.1291898045079469,0.046177765465247704,0.016007418868373226,0.0145889244888088,0.0745192370674439,0.0599303125786351,0.044011905075124695,0.022963798708882013,0.0047738118291294,0.0893965797359522,0.0846227679068228,0.041076239469860394,0.02249107066370445,0.0121625957260531,0.0894540879128663,0.0772914921868132,0.426067325778275,0.25125459397940836,0.0736029041085277,0.9948156034194512,0.9212126993109235,0.3745302682376597,0.1781092154922461,0.037343074910787,0.6148335530169969,0.5774904781062099,0.2374989414825386,0.0930552084158263,0.030856723488106,0.3833993639460943,0.35254264045798833,0.38015624163824013,0.2253499622922091,0.0573642042216318,0.7921255035311952,0.7347612993095634,0.1804745998953575,0.07210469229546104,0.0167313935744296,0.2763341778062504,0.2596027842318208,0.420035217903854,0.21351983375809036,0.0315582336309769,0.7316281744241327,0.7000699407931559,plausible
Nadeera,2,02,14,99,0.9799999999999969,0.42337094439471296,0.2542779588384713,0.0907037678162196,0.9529115626886838,0.8622077948724642,0.30335317193379174,0.13827814817482076,0.0178704714491977,0.5156547681360732,0.49778429668687557,0.2271757204198558,0.08559307918670057,0.0345730562209633,0.3736896325012019,0.3391165762802386,0.38764457365945243,0.22517923382567911,0.0401620429108678,0.7439100946772527,0.7037480517663849,0.20454946344572486,0.08122064632222106,0.0423035005280063,0.3253317593119778,0.2830282587839715,0.33089506564464016,0.16107216867100446,0.0172841323065783,0.5581391942224558,0.5408550619158775,0.06391032016586258,0.02037765500164269,0.0206044171916466,0.1034933389709351,0.0828889217792885,0.07803863468053451,0.02939994280476537,0.0187144639599703,0.1244609871181832,0.1057465231582129,0.07955065626461488,0.029805837022566294,0.0152403920049689,0.1320378262899985,0.11679743428502959,0.04932549428065147,0.01817704494700395,0.0128594159748868,0.0828864762369315,0.07002706026204471,0.0452527408640776,0.027706801315410375,0.0030066151547672,0.0969686550151771,0.0939620398604099,0.04822056132663284,0.023009315022319298,0.0142685810497358,0.0930427245768223,0.0787741435270865,0.43005783537541814,0.26111357076784336,0.0613272879409592,1.018564745588042,0.9572374576470828,0.36047808978399093,0.17660139919827494,0.0210815741638572,0.6103632132208454,0.5892816390569882,0.23438071107839017,0.09238708986257647,0.0274425939595112,0.3764505987682917,0.34900800480878047,0.38607155634803847,0.22116974130160938,0.0669856932526578,0.787078997044966,0.7200933037923082,0.19254829463982615,0.07337341050933839,0.0280507707273352,0.3017193386867738,0.2736685679594386,0.4167832213155232,0.2162258793697416,0.0572861531830852,0.7387745506451366,0.6814883974620515,plausible
Nadeera,2,02,15,100,0.9899999999999984,0.41269497595837323,0.25995715119693297,0.0975522727603574,0.96558356921951,0.8680312964591527,0.32177823046194354,0.14173749622701615,0.0422626530877113,0.5247996057837013,0.48253695269599,0.22267406916966084,0.07478473182076185,0.0668490513940188,0.3621808553753476,0.2953318039813288,0.3880098126613388,0.21862776634066036,0.0551267187885601,0.7320799508160685,0.6769532320275083,0.20874666751404602,0.07581505791454088,0.0552586131880892,0.3134920316147431,0.25823341842665387,0.34845293036738734,0.1654136175234898,0.0337436303100127,0.5895892915609238,0.5558456612509111,0.06392028086763692,0.023401690785460633,0.0207840704158074,0.1033539529684249,0.08256988255261749,0.07423873660764356,0.028129964238913594,0.0067174389999948,0.1128104597450189,0.1060930207450241,0.07720142427115957,0.028609848085682035,0.009424009039327,0.1344216760742893,0.12499766703496229,0.04851953178627696,0.023315167632876308,0.0113759284818087,0.0949896766410548,0.0836137481592461,0.04525056748691662,0.03066988855073541,0.0065936499620507,0.111709432205189,0.1051157822431383,0.04688129623321092,0.024835284750243408,0.0192410384466876,0.1017235703795402,0.0824825319328526,0.4289083439252392,0.26972094707077765,0.0626635885824769,1.0483463335410717,0.9856827449585948,0.3673921851745074,0.1648351639591638,0.0431142479672034,0.6212031346692828,0.5780888867020794,0.25005753018070664,0.09778981662716456,0.0407709511852133,0.4145251114117059,0.3737541602264926,0.38549844662646426,0.250171550559436,0.0386219336390754,0.8514345228887534,0.812812589249678,0.20647683818213042,0.07749191570517056,0.00993902434141,0.3105728693474764,0.30063384500606644,0.41661740373437584,0.20279959054420385,0.0423953614261097,0.7515519202355841,0.7091565588094745,plausible
Nadeera,2,02,16,101,1.0,0.41023602774789136,0.235632011630552,0.070961345463497,0.9125326166635516,0.8415712712000546,0.32428431756289405,0.15241536066073544,0.0274430966840376,0.5339412676261149,0.5064981709420774,0.22291160170608915,0.08681564233038977,0.044048519504851,0.3674555162356456,0.3234069967307946,0.3810432944090135,0.21644070416892564,0.0477771638060486,0.7164126794521777,0.6686355156461291,0.19736845396767133,0.08070452991765784,0.0265822400261243,0.3156974046008394,0.2891151645747151,0.35978089258845375,0.17254979759697767,0.0470222709082021,0.6265306837825024,0.5795084128743003,0.0670745972197942,0.026862899602958925,0.0146413969234309,0.1218591021032964,0.1072177051798655,0.07897269706563213,0.029520035798704554,0.0142575016507366,0.1203614948787395,0.1061039932280029,0.08566989571621553,0.030977437850542692,0.0140111975332037,0.1433783083084994,0.1293671107752957,0.04935817770478754,0.01973681312797323,0.0210102503474461,0.0867295833159701,0.065719332968524,0.0467739777949055,0.026524163241155793,0.0084228694129316,0.099172781233591,0.09074991182065939,0.042441536845203784,0.026430239096315436,0.0074796873691924,0.0982189246111881,0.0907392372419957,0.42951231654775013,0.2585940756983916,0.0576138606898229,1.01952662239286,0.9619127617030372,0.3390684828017715,0.1608137946063041,0.0263292258147019,0.5612157327474441,0.5348865069327422,0.24620419874781885,0.09398505617850773,0.0314484466438585,0.3842164371187136,0.35276799047485513,0.38489138304217774,0.24033247837965263,0.0523381045814906,0.8371965430121523,0.7848584384306617,0.19524891267642394,0.07254271837931643,0.0191488434360829,0.2935549011789121,0.27440605774282917,0.39962600104459334,0.20761872966078876,0.0075079815546987,0.7382472581534585,0.7307392765987598,plausible
Nadeera,2,02,17,100,0.9899999999999984,0.4157395149577427,0.2474530331597463,0.0884216333806031,0.938828138557349,0.850406505176746,0.28604783720636445,0.1373745792530151,0.019262486966732,0.4754870100053072,0.4562245230385752,0.20978853781264278,0.07508810994236469,0.0351945866036637,0.3261212908753736,0.2909267042717099,0.38407438536452815,0.2133783371817284,0.0608935853603051,0.7243313114134328,0.6634377260531277,0.22118908164553563,0.08355190330068468,0.0646970385097528,0.3592579507826855,0.29456091227293274,0.32036795342146507,0.1593366019808906,0.0349875512758009,0.592903936446229,0.5579163851704281,0.07117272918261329,0.023984321310556254,0.0114442208860831,0.1040073587844558,0.0925631378983727,0.08254255135038707,0.030923740932092193,0.0155568881293121,0.1321155778131132,0.11655868968380109,0.08908411522545884,0.03103730302332112,0.0268082801427688,0.141943500631383,0.1151352204886142,0.04037816415014093,0.023342591648088818,0.0035260251235807,0.0798127314400626,0.07628670631648189,0.046287285417280166,0.02465077136989335,0.0032220289375985,0.0960850873940229,0.0928630584564244,0.04665777819865652,0.01793595315687997,0.0203734135008913,0.0816442253961755,0.061270811895284195,0.4257397964834901,0.24585798601018619,0.0753960638719797,0.9940516729207322,0.9186556090487524,0.3842568261969418,0.17669570507510993,0.0631344895604687,0.640633334524929,0.5774988449644602,0.23584185945977615,0.09271559016614095,0.0562434737764699,0.3874112227127308,0.33116774893626094,0.37128068929874464,0.23327781346171117,0.0483903605864056,0.814183763544373,0.7657934029579675,0.17705718310719604,0.07303137660245483,0.0243031944494443,0.2905870494087136,0.2662838549592693,0.4451032722826674,0.2252334969601085,0.0622482930143555,0.8306563745817763,0.7684080815674208,plausible
Nadeera,2,02,18,100,0.9899999999999984,0.4155942006986131,0.25164308238846955,0.1063560263389645,0.9612043659534604,0.8548483396144959,0.3043494425189085,0.14730459313613425,0.0339807853232091,0.5285338636484183,0.49455307832520917,0.2179854425377993,0.08679556035207017,0.0291567439755108,0.3698680354037049,0.34071129142819406,0.3707381653250043,0.21545430443223626,0.0547728005279316,0.7157011742042826,0.6609283736763509,0.20596101986604523,0.09346017393736433,0.0395971955282896,0.3659536372995042,0.3263564417712146,0.33875679051826685,0.1677920954796956,0.0263743284844917,0.625307649428687,0.5989333209441953,0.05816761607444661,0.02331327379342927,0.0158063026119751,0.0969546604971799,0.0811483578852048,0.07241852046597132,0.0280352446442037,0.0137589051013655,0.1209675436935212,0.1072086385921557,0.08196833550252011,0.028418836773619904,0.0241139280348411,0.1442379306736377,0.12012400263879659,0.048722244811568505,0.020223165229468074,0.0223356320719342,0.0873658574784135,0.06503022540647929,0.03972629905475752,0.026437374583508366,0.002907428612041,0.0910131847526372,0.0881057561405962,0.03809636972752256,0.0227538243023354,0.0054321191289042,0.0844136047923571,0.0789814856634529,0.4176402182753709,0.25940733037076835,0.057993009866978,0.9953993353115276,0.9374063254445496,0.3833775435311346,0.17628214328365008,0.0627763755139124,0.6189462128841319,0.5561698373702195,0.24284113255565873,0.09182209722755799,0.0265330554441687,0.383912959089958,0.3573799036457893,0.38952148722651964,0.26708566987857013,0.0496725553334081,0.903013306222078,0.8533407508886699,0.18194159045303618,0.06856643875452391,0.0181481992729054,0.2812726492711886,0.2631244499982832,0.44459523279002494,0.21705827500164013,0.0779246397838786,0.7650315119472183,0.6871068721633397,plausible
Nadeera,2,02,19,102,1.009999999999998,0.40530350293591505,0.2504829972009358,0.0837484616226444,0.9345321390295056,0.8507836774068612,0.35550024740917036,0.16039760729589916,0.0471006288322925,0.577409404886719,0.5303087760544265,0.21887239189132401,0.08512003744484828,0.0532242759773384,0.3764275705226981,0.3232032945453597,0.3863087210490498,0.21806108775704341,0.0660767840351838,0.7281799569895397,0.662103172954356,0.2022308148970229,0.08087155488005705,0.0255149018776677,0.2940807568359131,0.2685658549582454,0.39480244036207446,0.18760198189931146,0.0623710529103958,0.6578583459311811,0.5954872930207853,0.054721103726853806,0.02153079096176226,0.0149145469827239,0.0846750497786476,0.06976050279592369,0.07145419932047575,0.025983849074173254,0.0139573538112334,0.1098370925462408,0.0958797387350074,0.07353032609694227,0.02962156281153245,0.0033611135258829,0.1302515086962582,0.12689039517037531,0.04645738250854835,0.018035053743768577,0.0069027580742751,0.0804482318809849,0.07354547380670981,0.04624482765549246,0.026607320381299242,0.0072252794115541,0.0962926074676231,0.089067328056069,0.04833707363086378,0.022090450314157066,0.0039800262437342,0.0885007471048381,0.0845207208611039,0.429130956788622,0.2517693277892075,0.0779247774935558,0.99616042179897,0.9182356443054143,0.35535177425193837,0.1740071107315414,0.0160719706024556,0.5961170164782256,0.58004504587577,0.23607053076819295,0.09254321429528006,0.0295159897324477,0.3793358797253996,0.34981988999295194,0.3906425851595488,0.25572815954347045,0.0666109514269212,0.8798727256389005,0.8132617742119793,0.2094659899280683,0.0735110079948262,0.0600981987961893,0.3164026918286003,0.256304493032411,0.4064336156288162,0.22141947095701187,0.0204653319686263,0.7709821726753973,0.7505168407067709,plausible
Nadeera,2,02,20,108,1.0700000000000003,0.39433126206194985,0.24230881374352148,0.0634171598246926,0.8717382403718076,0.8083210805471149,0.3796278649449957,0.17768550826482973,0.0233075703069168,0.6022444047439974,0.5789368344370807,0.20985338481855684,0.0814713199128108,0.0372067950906663,0.3617440724218165,0.3245372773311502,0.3691378920910381,0.2139709481269743,0.071065158936202,0.7067986539217355,0.6357334949855334,0.22766670925416255,0.09875253509574615,0.0280118933153052,0.3456492057039272,0.31763731238862203,0.42525602276870367,0.1977979427876494,0.0277702995409716,0.7022726304657099,0.6745023309247382,0.0716021069044611,0.034991347028077845,0.0088446380871697,0.1457302768229879,0.1368856387358182,0.08831571223428177,0.039077354626504246,0.016721447757625,0.1609614351309797,0.14423998737335472,0.09503953700569072,0.033727953294326686,0.0286287205696421,0.1461123678416133,0.11748364727197119,0.048357068812932724,0.022172862786193893,0.0091063126494523,0.0907100757301524,0.0816037630807001,0.04824856098850103,0.02591432370465006,0.0090533408657029,0.1057070383251295,0.09665369745942659,0.047941985214013896,0.024165129773801686,0.0147349104484238,0.0960937589586223,0.08135884851019849,0.42640363863104463,0.2559654516069056,0.1022050736612849,1.0152283728347995,0.9130232991735145,0.3872442480474813,0.1681226544122486,0.079858608607174,0.592865928916522,0.513007320309348,0.22924450023394927,0.08735557866284141,0.0594907636707247,0.3607992365093299,0.3013084728386052,0.3946380907534312,0.2519701020273461,0.0482212018010642,0.8753985678950598,0.8271773660939956,0.2299382118238286,0.09066846746251991,0.0270607725488899,0.3560130987620243,0.3289523262131344,0.4435163689731154,0.20180332541661475,0.0494923312187438,0.6919382578168852,0.6424459265981415,plausible
Nadeera,2,02,21,117,1.1600000000000001,0.336522630047542,0.19848820871599027,0.0748747461516637,0.7249853494453647,0.6501106032937011,0.343190314557164,0.15191559639640428,0.0110254005260921,0.563711957220011,0.5526865566939189,0.18820548399180534,0.06948941105570468,0.0709277491844637,0.3199508810359794,0.2490231318515157,0.36388492566606745,0.1798527112292748,0.0592952265942953,0.6400763234721609,0.5807810968778656,0.2324501820989077,0.08490168711969605,0.0552732015378058,0.3653658994419543,0.3100926979041485,0.37556404754989775,0.173968799392556,0.0406065333773653,0.6607320480489784,0.6201255146716131,0.07788667379227592,0.034776572245209185,0.0167763880331998,0.1523800247984798,0.13560363676528,0.08783192359744514,0.04518398478619204,0.0033071723368024,0.1587693822489437,0.15546220991214132,0.08996884530149107,0.04719429479965736,0.0061961121282623,0.1836568146494622,0.17746070252119991,0.07051098542223626,0.02438725356649633,0.0257626933918662,0.1156628445242895,0.0899001511324233,0.07611669363716068,0.03313681038760933,0.0211827253260465,0.1509175844986281,0.1297348591725816,0.07329658169737138,0.02818526609014994,0.0133702474702978,0.1328696460160087,0.1194993985457109,0.36892500732562333,0.23168707356267826,0.037150217964068,0.9050412434564048,0.8678910254923368,0.3958514462759329,0.1648385370211378,0.1504579815980639,0.6869784073279972,0.5365204257299333,0.22245919694138167,0.08639109463140345,0.0237389799387278,0.3385714181009081,0.31483243816218026,0.3645988919853228,0.2307081868820146,0.0647544592754929,0.8318732435865748,0.7671187843110818,0.21221574551838882,0.09900317048384934,0.0379379138764424,0.3733171957518753,0.33537928187543287,0.45676089975676365,0.1780209785136746,0.1335750952268364,0.7297678342078964,0.59619273898106,plausible
Nadeera,1,02,1,112,1.1099999999999994,0.3812872625500852,0.2338014830547989,0.0854061981805741,0.9211958313544087,0.8357896331738346,0.2038539257932229,0.09347276307258197,0.0201724126439366,0.3448155125286797,0.3246430998847431,0.2133277555837842,0.07987334380806874,0.0318913402798289,0.3256036854301021,0.2937123451502732,0.36355390271031374,0.21783310167940928,0.0353403078158395,0.7621312664936951,0.7267909586778556,0.13475122171003573,0.05866382747678451,0.0178572988181556,0.2146994343934509,0.1968421355752953,0.23032707127367827,0.10599196138461559,0.007059766862577,0.3892211998414304,0.3821614329788534,0.08342989499390499,0.02947777273555383,0.0229911519901803,0.1405030525900354,0.1175119005998551,0.08971289741200143,0.0347781788123401,0.018755963732065,0.1514170641641662,0.1326611004321012,0.09326944017511517,0.03246152213401257,0.0365515093232531,0.1586012241271016,0.12204971480384849,0.07338386611202662,0.012037903696827985,0.0432592234716992,0.0960590016057854,0.0527997781340862,0.07528116735062682,0.01402609167672002,0.0476784590545643,0.1009474794173532,0.0532690203627889,0.07010404909522479,0.014955477786368411,0.0471651621012167,0.0965415782430825,0.0493764161418658,0.38548629614127244,0.22816254399016975,0.0942731635315357,0.9412170519584246,0.846943888426889,0.22123780315055522,0.11758511657839543,0.0502238076536623,0.4444727842936402,0.3942489766399779,0.23043023524247,0.09192969471273071,0.0477970372909832,0.342503917413051,0.29470688012206775,0.3316944231121325,0.2083111703231052,0.0662420043919455,0.7414270171453428,0.6751850127533973,0.1471162701402675,0.057616508910945975,0.0077058609528695,0.2344445507192319,0.2267386897663624,0.24364422596244836,0.1252543112879809,0.0291453876737293,0.4730684762815064,0.44392308860777707,plausible
Nadeera,1,02,2,106,1.0500000000000007,0.3769815801148944,0.22293557878419096,0.0964593975074839,0.8577069327798802,0.7612475352723963,0.18124196673808196,0.09162109785409893,0.0041646815103586,0.3100513826048779,0.3058867010945193,0.20214655771625928,0.07436756323898286,0.048511364262345,0.3316077263586912,0.2830963620963462,0.3673193920997811,0.20877717017233666,0.0488988731865026,0.6946599881770253,0.6457611149905227,0.1754126662409649,0.06676862309146091,0.0331899826894441,0.2716610414060713,0.2384710587166272,0.20457309462192816,0.10671136890847484,0.0184093014251115,0.3627538079540616,0.3443445065289501,0.054344398578445946,0.027271788686187525,0.0184510967119938,0.1039126570872584,0.0854615603752646,0.05886912920485919,0.030455062069978833,0.0036354061662063,0.1140644224445752,0.11042901627836889,0.07319587137310453,0.03874564639040378,0.0247792264577695,0.1647463236662641,0.1399670972084946,0.04649624572710592,0.01833119762314724,0.0109518572958737,0.0786629486934599,0.0677110913975862,0.04081105131357472,0.021016133137506356,0.0050980920429934,0.0801395633824078,0.0750414713394144,0.03853371170152082,0.016777739494230486,0.0105515041785407,0.0749507394046424,0.0643992352261017,0.4172965907684488,0.2505892145158975,0.0554826906150502,0.991420663310781,0.9359379726957309,0.3050100971419834,0.14776413457166293,0.0153215546712834,0.5272603115666888,0.5119387568954055,0.22690088300029343,0.08829307383452688,0.028817651940587,0.3552111832740349,0.3263935313334479,0.33411277466195216,0.20922328540241597,0.0413548871228452,0.7135289263700406,0.6721740392471954,0.11971835053449512,0.05196041579600101,0.0211946794742089,0.1933587641491814,0.17216408467497252,0.3455136899202699,0.1796132936868919,0.0171559062694979,0.6483745697715411,0.6312186635020431,plausible
Nadeera,1,02,3,102,1.0099999999999998,0.40149533996789055,0.2408744994856741,0.0590436354029237,0.9125390877836076,0.8534954523806839,0.1886977505574242,0.08688225427827828,0.0326083254729485,0.3301524083947635,0.297544082921815,0.22444053645658144,0.082650523270228,0.0468447550991846,0.3497682713731614,0.3029235162739768,0.37614614955105935,0.21492729353286372,0.0447556911688583,0.7199357931472354,0.6751801019783772,0.17249322199371173,0.07877054958523617,0.0164887447943543,0.302279016684528,0.2857902718901737,0.20942331369596556,0.09270833912430029,0.0519652072095367,0.3561944138978613,0.3042292066883246,0.0738577911837914,0.03660290505910005,0.0155016156454843,0.1556198043586092,0.1401181887131249,0.07682526770305513,0.036525638909620545,0.0135066737214603,0.1469341254437159,0.1334274517222556,0.09705440720949919,0.029334029299126714,0.0397060616846201,0.1493822505408624,0.10967618885624231,0.062051432141850854,0.019133087735949114,0.0358515059248041,0.1063571265342936,0.0705056206094895,0.05650896645621134,0.024222951079974568,0.0081686335940721,0.0899748360524092,0.0818062024583371,0.051227783430045026,0.021427202774668964,0.0210028222942069,0.0850483877679388,0.0640455654737319,0.42253158125554063,0.2552411582647046,0.0469497109951334,0.9944877316711224,0.9475380206759889,0.375219046271486,0.18225323297604765,0.0326893309234454,0.6243878014734934,0.591698470550048,0.232047705801832,0.10554546367775186,0.0173186399387148,0.4103552098751404,0.3930365699364256,0.33851567699932544,0.20812269904477332,0.0471983708815478,0.7120014984013973,0.6648031275198495,0.12870717387528385,0.056111573490622256,0.0110130643083204,0.2335218392517221,0.2225087749434017,0.41921763764620984,0.20655666983921345,0.0643543728516635,0.7211801315944288,0.6568257587427654,plausible
Nadeera,1,02,4,103,1.0199999999999996,0.43003429063441584,0.24401862379311065,0.1047787468096786,0.9684072568124144,0.8636285100027358,0.18524913624915948,0.07472947086150611,0.0117117787112314,0.301148988647941,0.28943720993670957,0.2139210051248405,0.07340093889122747,0.0688485065524127,0.3380046827421127,0.2691561761897,0.37797557415881367,0.21585683043317874,0.0431074738828657,0.719143707391417,0.6760362335085512,0.19987094550991444,0.08106876915656125,0.0404873125297901,0.3315819230280319,0.2910946104982418,0.22826812409434577,0.06631561524776738,0.0816595894492424,0.3603812935116286,0.2787217040623862,0.059420249835972716,0.01630772281284253,0.0277792701337652,0.1050241753505573,0.0772449052167921,0.07240981053027686,0.019323696346143154,0.031321568936058,0.1105764021918997,0.07925483325584169,0.07967159491058445,0.023793109537075557,0.0414733852777884,0.135028375596186,0.09355499031839759,0.04680271562891902,0.018878577098023888,0.0149449681693816,0.0879675885405345,0.07302262037115291,0.048215386654035464,0.024009522678207024,0.0126486834188562,0.0966057581696614,0.08395707475080519,0.04798899193271925,0.01862620771080448,0.0190606238763992,0.0824390348209897,0.0633784109445905,0.414076292151886,0.2609352495594113,0.0563775413073509,0.9999686522736092,0.9435911109662583,0.3814330809232814,0.19022324479503233,0.0141953739679151,0.6277135019748016,0.6135181280068864,0.2438305179890345,0.09739473211615365,0.0418006625552436,0.3931650432999929,0.3513643807447493,0.31824398779153246,0.20704149787854742,0.071204063669274,0.7122088131834223,0.6410047495141483,0.11374162006893668,0.041908772051563126,0.0150586095935624,0.1851368639021851,0.1700782543086227,0.42468972500562185,0.22178417762108482,0.0192853777525902,0.7850747712153953,0.7657893934628051,plausible
Nadeera,1,02,5,102,1.0099999999999998,0.43577755276675684,0.23631929411255895,0.088041815263113,0.9158623842939866,0.8278205690308735,0.1903156842923557,0.08408069606489392,0.0274548663381804,0.3438864101156036,0.3164315437774232,0.21830984250415228,0.08139764518704672,0.0541442147106519,0.3643630669765578,0.3102188522659059,0.3884176427122557,0.20483991128305645,0.0698062975860024,0.7247091801760561,0.6549028825900537,0.23388668324955766,0.10160000936042571,0.0249582876959937,0.3899832258289644,0.3650249381329707,0.2232049601244507,0.08215442090539742,0.0732550867657018,0.363550129243494,0.2902950424777922,0.06792841034853703,0.032714230716330055,0.0232994534600127,0.1330016551364209,0.1097022016764082,0.07987307956031672,0.032761811098292834,0.0093798012542214,0.1414967056594729,0.1321169044052515,0.08604192588995996,0.03674690464392652,0.0221779756591892,0.162678987553626,0.1405010118944368,0.051303875809922614,0.017265776363432194,0.0233724475558265,0.0876336644164317,0.0642612168606052,0.045587301079975065,0.01937370969485501,0.0152791609372958,0.074800349205491,0.059521188268195205,0.04251009856891585,0.015912659367968037,0.0204877945401199,0.0735903259435622,0.0531025314034423,0.45489695853700685,0.26169777162959157,0.0635976095588413,1.029522709150028,0.9659250995911868,0.37842503970306696,0.17861851663267878,0.0208936397022652,0.6140323132532839,0.5931386735510187,0.2444964863269978,0.10668368926541018,0.0282580677325947,0.4032470404691813,0.3749889727365866,0.3401499668272045,0.2140631062054575,0.0418837371507771,0.7444460350808714,0.7025622979300943,0.1252987191470063,0.05130937070051765,0.0199055558242444,0.2133143122749921,0.19340875645074768,0.43510912561758747,0.22257294159063606,0.0157303017427798,0.7828446550820315,0.7671143533392517,plausible
Nadeera,1,02,6,99,0.9800000000000004,0.38499495224352676,0.26013783231457677,0.0912442168373293,0.9596108112781782,0.8683665944408488,0.20961083566133498,0.07928589287995208,0.0223268045127685,0.3340562257816954,0.3117294212689269,0.22857085695641913,0.08321204954879377,0.0422973225867053,0.3663177984212528,0.32402047583454746,0.3596155534858439,0.19842784480286843,0.0618361587391942,0.7276716980650677,0.6658355393258735,0.21625142215635335,0.09400978466501805,0.0265649914863559,0.3313768805708638,0.3048118890845079,0.24870729304465855,0.0899634876003369,0.0371963564497881,0.3840488889071111,0.346852532457323,0.06649849549784953,0.021613947277344937,0.0312186590753621,0.1144518892284917,0.0832332301531296,0.07336170385400026,0.02797947495490527,0.0073502478029472,0.1131371922349493,0.1057869444320021,0.09144409209250864,0.025604096665727837,0.0269489922514169,0.131658519007269,0.1047095267558521,0.047774171432805046,0.019818744964344527,0.0174816335565092,0.0822085540974347,0.0647269205409255,0.05210680060170036,0.024817687149098457,0.0199377351925131,0.1004707570615168,0.0805330218690037,0.04801968552465745,0.02383864206888448,0.0168913706579041,0.0933429295400122,0.07645155888210811,0.4437574157316634,0.24618983124012217,0.0370400004297818,0.9821164536962896,0.9450764532665078,0.38763154825245205,0.19598368889470294,0.021056749118032,0.6461718009978251,0.6251150518797931,0.24425234301533894,0.09835079109772639,0.0357286367186596,0.3957395860724247,0.3600109493537651,0.34149467383778037,0.2095826106232071,0.0575039140810633,0.7227400385301076,0.6652361244490443,0.1376449496057482,0.059324573235505995,0.0179888475780103,0.252962193799897,0.23497334622188668,0.4348700487342736,0.2324633897909714,0.0353209627844737,0.7939518601302727,0.758630897345799,plausible
Nadeera,1,02,7,99,0.9799999999999986,0.4186777891796116,0.23844706822206999,0.117614027843076,0.9674421327823072,0.8498281049392312,0.23158292398951816,0.10485346336241488,0.0151161576697357,0.3729116407868875,0.3577954831171518,0.22834167694928087,0.08811012300504058,0.0392536152693459,0.3805446018641048,0.3412909865947589,0.3799919127220759,0.2161377478531412,0.0564426566118341,0.738664189626308,0.6822215330144739,0.20934068257295144,0.0906245413002628,0.0255645860175627,0.3512923265657706,0.32572774054820786,0.25413797477817546,0.11804461694201102,0.0225142038305601,0.4260742715228557,0.40356006769229563,0.06449035330442779,0.026610728521939155,0.0258209933347863,0.1184540447192677,0.0926330513844814,0.07561835983723837,0.03624957804624825,0.0078355512645313,0.1449629346758014,0.1371273834112701,0.08201552428987591,0.03884182462531661,0.0285414700222007,0.1779806689729741,0.1494391989507734,0.04637845273552777,0.020140052093183064,0.0118454759539446,0.0824877263153441,0.0706422503613995,0.04169484984931246,0.02622977699127961,0.0003370940102262,0.0826047410918876,0.0822676470816614,0.04136604757388833,0.025310090808732217,0.0069511139445425,0.0904858936144808,0.0835347796699383,0.4260850272802162,0.2672285271178762,0.0653660108637443,1.0266409794553282,0.9612749685915839,0.3801169826841534,0.1869755319687489,0.0307923531290331,0.6829714244806918,0.6521790713516588,0.2449928295022148,0.0989232454454932,0.038469264312081,0.3957716408330046,0.35730237652092356,0.32748113860556755,0.20989462234587083,0.0317508764821871,0.7132555251496533,0.6815046486674662,0.14911660003450103,0.05572192300450646,0.0367843462325514,0.2345103825078559,0.19772603627530452,0.42461922448716055,0.21516090900527463,0.0362493763115353,0.7944188590294605,0.7581694827179253,plausible
Nadeera,1,02,8,100,0.9899999999999984,0.4396696632285967,0.2268866188610453,0.0597687578462396,0.9370571185503036,0.877288360704064,0.2409287626613489,0.10870490998351498,0.0432857024900272,0.388022334843805,0.34473663235377777,0.22776152604000988,0.08454901844648532,0.0424100970506917,0.3697954357519544,0.3273853387012627,0.393884252709093,0.22063323379851743,0.0639751426713795,0.7337983743301205,0.669823231658741,0.20461104154687537,0.08129654101845113,0.0356609232631844,0.3219616978931952,0.2863007746300108,0.2723260390656296,0.12378612209423599,0.0669902358768632,0.4465698808785284,0.3795796450016652,0.06034684308402063,0.02324429390259102,0.0051517604800493,0.0965007637953863,0.091349003315337,0.07441697007150166,0.031801722221513624,0.0097215541582294,0.1315110348925653,0.1217894807343359,0.09770292244102376,0.02729057398621477,0.0449063582304303,0.1631609443918876,0.11825458616145731,0.04495864098598424,0.01890115822531324,0.0180050257369421,0.0854166902723805,0.0674116645354384,0.04073681318440072,0.023031893390799404,0.0147655337126665,0.0853840140871968,0.0706184803745303,0.04543826505318321,0.016329391031038504,0.0136940002375789,0.0765884484911961,0.0628944482536172,0.4320698919408123,0.25795565336049503,0.0405108651908203,1.0113896026684444,0.9708787374776241,0.37227353314686806,0.18468551619990858,0.0472651339004569,0.6663135530026811,0.6190484191022242,0.238417919829809,0.10047327089645669,0.0337273825803495,0.3929379673610704,0.3592105847807209,0.3419799229608847,0.20996001565173908,0.0429456094536242,0.7360125953597085,0.6930669859060843,0.1533886605885413,0.06286388289500143,0.0254249134050475,0.2605460915314284,0.2351211781263809,0.42582851050337445,0.2176151113666443,0.042285781927075,0.7732883982502813,0.7310026163232063,plausible
Nadeera,1,02,9,99,0.9799999999999986,0.44407086357839437,0.24080679906353072,0.1029940139591173,0.9210680216524112,0.8180740076932939,0.26402967482030976,0.13227350623846929,0.0126795538305546,0.4487890939037239,0.4361095400731693,0.2283446336337861,0.08739379640541192,0.0327155104905565,0.3799050301830766,0.3471895196925201,0.3912957926815063,0.22547376062452879,0.0425180747690311,0.7476496887156598,0.7051316139466287,0.2091763548796369,0.08230973248993496,0.0375500239978591,0.3080977270977819,0.27054770309992277,0.2909800126043253,0.14288923994280503,0.0219238979093644,0.4931418684913219,0.4712179705819575,0.05984382718875665,0.02440553860844896,0.0171687251515492,0.1046174331284917,0.0874487079769425,0.06713083248294356,0.024988327955932144,0.0221711904048371,0.1080542817730548,0.0858830913682177,0.07498760749269778,0.020919186396707284,0.0394544818527955,0.1220423657380201,0.0825878838852246,0.04544877397205993,0.019772194143350144,0.0150981585024491,0.077200178000182,0.062102019497732905,0.0497427836327091,0.023452844740802958,0.0154416621618648,0.095508233611037,0.0800665714491722,0.05414880229935995,0.015910323918704658,0.0199594581698302,0.0831136872536163,0.0631542290837861,0.4203690777637575,0.2565084073991826,0.0689481636591886,0.9830232333971702,0.9140750697379816,0.36832495616570593,0.18721430657608515,0.0160682864557932,0.6421920102612094,0.6261237238054163,0.24324821708061628,0.09713839155910482,0.035484181046816,0.3902070710269989,0.3547228899801829,0.32572479633241164,0.22066550502303275,0.0412772614595729,0.7223967293226333,0.6811194678630604,0.15497770577791034,0.06499489680263151,0.0296894948297245,0.2450532068428951,0.21536371201317062,0.4185077556370869,0.2244314592266063,0.0245122119452459,0.7597232414293335,0.7352110294840876,plausible
Nadeera,1,02,10,98,0.9700000000000006,0.4055094611103072,0.2521602781280287,0.0865030193973738,0.943994645675774,0.8574916262784001,0.2789783175703224,0.136968205079077,0.025259563405845,0.4525216673131942,0.4272621039073492,0.21319456894412,0.08260884375507103,0.0545195737691112,0.3715361019326577,0.3170165281635465,0.3824570923939248,0.21813571766534673,0.0653964047875513,0.7333829834547585,0.6679865786672072,0.20741550856652013,0.0822765049543208,0.045155156803349,0.3270310934769555,0.28187593667360655,0.3106734517728571,0.1577068246608742,0.0219265026366623,0.5242201321253486,0.5022936294886863,0.06864856362123158,0.023595031001183604,0.0298643013923619,0.1156591450889195,0.0857948436965576,0.07888344131741411,0.030392274289439653,0.0083040676484572,0.1202928451042074,0.1119887774557502,0.0879229053791864,0.03665093673146637,0.0353624552017953,0.1761982891563694,0.1408358339545741,0.04927939529208496,0.021182853557889573,0.0140080554138058,0.0964367332899499,0.0824286778761441,0.04270787327972342,0.020926488066037797,0.0146738466612458,0.0836795460223822,0.0690056993611364,0.04276176893004724,0.025966452027055165,0.0082850918946152,0.0996057788349073,0.0913206869402921,0.4489147083506192,0.261430705442779,0.0493832794622594,1.032721233962452,0.9833379545001927,0.35566068851804045,0.17198913060625862,0.0319932466445987,0.5988579648185183,0.5668647181739196,0.248874666565456,0.09650847457285165,0.0307782668801849,0.4020132240039227,0.3712349571237378,0.3422449905265298,0.20119188536676186,0.0220870579764505,0.6995211128479252,0.6774340548714747,0.17034149881722876,0.07214179685289544,0.0147686425532992,0.2634620484493414,0.2486934058960422,0.40360500268418886,0.21056758857923352,0.0167854365428158,0.7338831069617348,0.7170976704189189,plausible
Nadeera,1,02,11,99,0.9800000000000004,0.40626929173186244,0.2552385739327177,0.0500389100386848,0.9595876176401236,0.9095487076014388,0.2951541255727788,0.1469742121275813,0.0126643055347691,0.5010877450459199,0.4884234395111508,0.23052867019316772,0.08805291252767046,0.0403740118245286,0.3808821353829778,0.3405081235584492,0.38660854797681377,0.22033748516853877,0.0743688815960499,0.750957914608245,0.6765890330121951,0.20497765838531684,0.08245494031248302,0.0303775914447279,0.3252459413900393,0.2948683499453114,0.3252907047410762,0.1665913741713608,0.0263063404355434,0.5576907372064577,0.5313843967709143,0.08378964171460515,0.02848140403935597,0.0413448736467564,0.1352004982438398,0.09385562459708341,0.09574632545160484,0.0440220323616293,0.0237578868059358,0.166229561762108,0.14247167495617222,0.09095501066315399,0.03970115021827224,0.0205391425410316,0.1504665170765349,0.12992737453550332,0.048606494109340134,0.018737750160177803,0.0188461316674383,0.0904586248398644,0.0716124931724261,0.04545669899808735,0.021191216383876586,0.0037054427469196,0.0868322454301314,0.0831268026832118,0.046843794998452794,0.021333803574867836,0.0106306496667174,0.0834996512980073,0.0728690016312899,0.4066170415483828,0.2623291625859429,0.0444361388665068,0.9996644192960472,0.9552282804295404,0.33146241115577535,0.16503824264857905,0.0073793792449513,0.5826201031854634,0.5752407239405122,0.23676867097938825,0.092608405767987,0.0491289681121307,0.3734222346015815,0.32429326648945084,0.3243474283128988,0.20912718244684644,0.0409911696867408,0.7076907281499457,0.6666995584632049,0.19788096389384863,0.08576427376529479,0.015284360262857,0.3090697106617616,0.2937853503989046,0.38695304627821936,0.2038209063792258,0.0309728003050452,0.7160891145640353,0.6851163142589901,plausible
Nadeera,1,02,12,98,0.9699999999999989,0.4267706620830434,0.2350067906809905,0.0545277044058962,0.8894825002349779,0.8349547958290817,0.26796238269889816,0.12788410603166062,0.0358651805831588,0.4478012927397486,0.4119361121565898,0.22051390192171497,0.08390633148524083,0.0360664446607985,0.3733042877017117,0.3372378430409132,0.3828648429927093,0.2169933158282941,0.0494354790259776,0.7300223345102613,0.6805868554842838,0.20302695976830357,0.08381387670056022,0.02653786168411,0.3120223122710992,0.28548445058698924,0.3019342518908254,0.15659369495049427,0.0254135909504956,0.542319207755412,0.5169056168049164,0.05751575278202405,0.022591113028577754,0.0082225211039295,0.0998386322837169,0.0916161111797874,0.08105265832954435,0.029732387572462635,0.0310940264335021,0.1312681372592647,0.10017411082576261,0.07681591439065104,0.033618493443397054,0.0304808311518812,0.1592711098263487,0.12879027867446752,0.05706838913079221,0.023213939966730737,0.0140826608722298,0.1116216728353969,0.0975390119631671,0.04984140236321577,0.02914153039636167,0.0045901690896042,0.0989994907648901,0.0944093216752859,0.058614138540468076,0.023301156941870457,0.0163107780483248,0.1020974293680507,0.0857866513197259,0.441899638129398,0.2518488675498796,0.0676390050220777,0.9996243231481408,0.9319853181260631,0.3355615678684363,0.16664396012363503,0.036289942407148,0.5993143909521722,0.5630244485450242,0.24376554619328167,0.09843281892195789,0.0324819866827399,0.3987100808832485,0.3662280942005086,0.3323666833434021,0.2063320245369551,0.0412569412193494,0.7025641056267385,0.6613071644073891,0.16120385834136275,0.06672144194506863,0.0170415035664148,0.2524085832560674,0.23536707968965262,0.38091308087148473,0.19339240242861716,0.0322394106242,0.6735258898084839,0.6412864791842839,plausible
Nadeera,1,02,13,98,0.9700000000000024,0.4101642014157482,0.24167956327905513,0.1289591391437864,0.9251851793183096,0.7962260401745231,0.28165868127990407,0.12697221340382936,0.0340618115045719,0.4563901952615275,0.42232838375695564,0.22531797217504418,0.07821290191503552,0.0477857549819857,0.3635275825697825,0.3157418275877968,0.36959029626776163,0.2084299547697391,0.0606981792538149,0.6896969381319964,0.6289987588781815,0.18224304343322145,0.07582013009479802,0.0230663809872119,0.296904438094194,0.27383805710698206,0.3122150801896798,0.14914254940424115,0.0346585621532328,0.5075411414236165,0.4728825792703837,0.06761573959930417,0.024917854037657835,0.0208536353753006,0.1193608403916796,0.098507205016379,0.08384325050045477,0.03496266913977341,0.0119247375575463,0.1524177258707507,0.1404929883132044,0.09289454777356126,0.02833583850549709,0.0141413552702861,0.1331689763406845,0.11902762107039841,0.05817903500605655,0.02644113039076614,0.0084992916758887,0.1108664033654577,0.102367111689569,0.059999288929843186,0.023255146297858267,0.0184307635126379,0.1068847100958209,0.08845394658318301,0.06005934818089807,0.019607420890762662,0.0255458421496501,0.090410016133328,0.0648641739836779,0.42329114192908524,0.25632906071823897,0.0986136959381503,0.9958394529537384,0.8972257570155882,0.33495422951869497,0.16856674896192367,0.0243916368645883,0.5897684213357655,0.5653767844711771,0.24947881493354335,0.09477529996801132,0.0591433545015807,0.4035298012850266,0.3443864467834459,0.33855904346116855,0.20837094390129002,0.0453276442657962,0.7034469847768188,0.6581193405110226,0.18257330419858314,0.0686338991266607,0.012403786508142,0.278387244209983,0.265983457701841,0.37572852715356103,0.2023954407619999,0.0283400537656573,0.7073647120703279,0.6790246583046706,plausible
Nadeera,1,02,14,100,0.990000000000002,0.4242595869430349,0.24639985059992084,0.0647193059076052,0.9431847580191204,0.8784654521115152,0.27672693315015123,0.125362999754811,0.0313131512573599,0.4460882551881036,0.4147751039307437,0.22600603329942875,0.0952557399416155,0.0409913426851094,0.401168614104593,0.3601772714194836,0.38443045093898204,0.2066490420506936,0.0824156217036067,0.7232306850408892,0.6408150633372824,0.19288181374399813,0.06922125166208491,0.0355043694827128,0.2823082381664309,0.24680386868371812,0.3066583911461917,0.1427072960383718,0.0463560440613723,0.4921511094183093,0.445795065356937,0.0626617882497076,0.028945887296656127,0.0155364336113153,0.1226659225116941,0.1071294889003788,0.07139287251062655,0.035576708798430515,0.0036534636665479,0.1325106890388093,0.1288572253722614,0.08853525583459508,0.05529117947145067,0.0150997616365693,0.2223360427655475,0.20723628112897818,0.05175901180302265,0.022752233271585556,0.0198292557897132,0.1076433580255949,0.0878141022358817,0.04657711903461033,0.026397040314602677,0.0081982443311601,0.0925119197129424,0.0843136753817823,0.05119221409351957,0.025170619168415512,0.0134316143366604,0.1093652498641338,0.0959336355274734,0.43979915551735993,0.25874613622542675,0.0399098344130473,1.0121827295978865,0.9722728951848392,0.36925701205078504,0.17830959711996697,0.0212105693975804,0.6046070608790042,0.5833964914814238,0.2457288925984131,0.09669243212250227,0.0280153471875365,0.387016277586895,0.3590009303993585,0.3136109967797228,0.19854575909863112,0.0450648459872111,0.6821301446448358,0.6370652986576247,0.1770734264940432,0.07850870177086716,0.0158078185515817,0.3198607540531791,0.3040529355015974,0.41763902652904505,0.21650450150599726,0.0474940793003907,0.7545262189043132,0.7070321396039224,plausible
Nadeera,1,02,15,98,0.9700000000000024,0.42900033008876587,0.2483706633116106,0.0879278599002498,0.9561769428737876,0.8682490829735379,0.29878779790486076,0.1420653465589584,0.0170079203568635,0.4986041710720088,0.4815962507151453,0.220926231138608,0.08396735170123718,0.0293768213263851,0.3588728771075518,0.3294960557811667,0.3782574900663491,0.22061052750483676,0.030103778684936,0.73618421030522,0.706080431620284,0.1961889531946838,0.0830593291241774,0.0104104335471009,0.3308462648777054,0.3204358313306045,0.32985296477802206,0.15705898058166715,0.0190623375397419,0.5886838409429406,0.5696215034031987,0.06292888430602743,0.02221514850980964,0.0186323683298946,0.1150527422402449,0.0964203739103503,0.07626161607625463,0.028616221163499756,0.012618669062346,0.1321850266949772,0.1195663576326312,0.08401670800454752,0.03072847869463018,0.0182364128744806,0.1434024985943587,0.12516608571987808,0.05110162264439735,0.02265771739855028,0.0110096730781954,0.0897847024515746,0.07877502937337921,0.04710270048741822,0.028724205240861583,0.009395713643076,0.1071361295193122,0.0977404158762362,0.04534733385866328,0.02417334783179436,0.01027994245149,0.0951858580041777,0.0849059155526877,0.4335939898636492,0.24738595708134825,0.074101659149573,0.9813140150595336,0.9072123559099606,0.3604567491983154,0.16231869655388423,0.0609193596545096,0.5838373297201563,0.5229179700656468,0.24379991831281275,0.0944193992034207,0.0415689899973156,0.4024305350927187,0.3608615450954031,0.3313771808475797,0.21345971638196196,0.0410678401141244,0.7252040306582719,0.6841361905441474,0.1872133292787427,0.0711437659020784,0.0339973941557299,0.2895192535469271,0.2555218593911972,0.4061043498478364,0.18881021751364188,0.0679077173250098,0.6688049458622632,0.6008972285372535,plausible
Nadeera,1,02,16,98,0.9699999999999989,0.4090508825291801,0.24058218863604197,0.0779792290896712,0.9180240657662144,0.8400448366765432,0.3177692514057943,0.14789947831467967,0.0234015236475645,0.5190682106101888,0.49566668696262434,0.2247179223112849,0.08680170800358744,0.0330069119694595,0.3735936378411109,0.3405867258716514,0.3912000783623326,0.21615950656618174,0.0573180202722816,0.7380977056082456,0.680779685335964,0.2080091140051202,0.08339010188923072,0.0408151858497541,0.3343619592117867,0.2935467733620326,0.3623733652625472,0.17957963338384125,0.028375061776985,0.6239566781122007,0.5955816163352157,0.06858830602464912,0.024511578937529702,0.0159836327734795,0.1054159715286723,0.0894323387551928,0.08558599512299296,0.03464715307961253,0.0075841584367199,0.1327640114205781,0.1251798529838582,0.08652846067084166,0.030850897535406815,0.0277266650764687,0.1458224821514442,0.11809581707497549,0.04609755986385491,0.021746270543870898,0.0121567447665455,0.0925455879100516,0.0803888431435061,0.04787641828330668,0.025840534902543795,0.0108749900391851,0.0935273290810423,0.0826523390418572,0.04654239135205508,0.022587891007199348,0.0135714775355677,0.0884334104439932,0.0748619329084255,0.41495347363088064,0.2643070443351401,0.0527091985189318,1.022390342553887,0.9696811440349551,0.34394180720338435,0.16327070161195237,0.0444570208838208,0.5970346973877957,0.5525776765039749,0.24036728230923254,0.09238636392598273,0.0463403395249866,0.3779347527363768,0.33159441321139016,0.32827201540431805,0.20737379877407267,0.0136060776791094,0.7029960549702801,0.6893899772911707,0.2162390655427503,0.08541838067483178,0.011422719033629,0.3220411546332516,0.3106184355996226,0.39644396461272957,0.19822007632839864,0.0370720747907582,0.734393715673972,0.6973216408832138,plausible
Nadeera,1,02,17,99,0.9800000000000004,0.41706331801319935,0.24805239195844803,0.0909308522817569,0.9494065737916506,0.8584757215098937,0.34564029301584165,0.1671123785529638,0.0184746761241833,0.5665571692456799,0.5480824931214966,0.22049113089050712,0.0791412535785821,0.053673344957611,0.3623577330613849,0.3086843881037739,0.3731807876504689,0.21894751231155662,0.0299177470598598,0.7257007589288936,0.6957830118690338,0.18978354634950337,0.07719210816861269,0.0359280205198962,0.30748317679993,0.2715551562800338,0.39282533715597173,0.19992206359528805,0.037558117018155,0.7020692926515996,0.6645111756334445,0.0730551127101226,0.024153273428418307,0.0272281397142715,0.1172780270296415,0.09004988731537,0.09231387937960699,0.035346661991585,0.020164742089173,0.1479585323142188,0.12779379022504578,0.09871676960074117,0.03882113327573566,0.0283107641586465,0.1676518224871842,0.1393410583285377,0.04905557818532497,0.020026926791554756,0.0024365110202895,0.0837571199786184,0.0813206089583289,0.05422462878734339,0.020027466582962977,0.0217446311460337,0.0936062539637457,0.071861622817712,0.05160951114407134,0.0181258155197059,0.0236357337326969,0.0868757546077276,0.06324002087503071,0.4242053426828806,0.2585860559888163,0.0776094840420463,1.017305926502586,0.9396964424605398,0.3452995754958319,0.1595513907640054,0.0780810388165529,0.6016588012088565,0.5235777623923036,0.24205845809992704,0.09545772197531072,0.0351139764516904,0.382351475258865,0.3472374988071746,0.3111338081493263,0.20147136423826803,0.0320525205731696,0.6927130746478154,0.6606605540746457,0.21578618125473525,0.08677440301884576,0.0307434473178421,0.3280745892065054,0.2973311418886633,0.39900151598889266,0.20342988212030175,0.0562452425560226,0.7232269765057718,0.6669817339497492,plausible
Nadeera,1,02,18,100,0.990000000000002,0.4322388059448592,0.24660666844040932,0.1099720459004388,0.9702887735983996,0.8603167276979609,0.3615150347727438,0.1728388630814286,0.017218331532614,0.5850975079693419,0.5678791764367279,0.22988221652336283,0.08747142387854355,0.0508953073312005,0.3898977911494329,0.3390024838182324,0.38735456546461855,0.20811644752211536,0.0831029945248948,0.7261873707196881,0.6430843761947933,0.20405436107553768,0.08036109187184684,0.0280114772098748,0.3225416781660277,0.2945302009561529,0.40748463792691203,0.20848230244300942,0.0249050701972247,0.7377153318389829,0.7128102616417582,0.06177430606640447,0.023912397219090012,0.0039171300039604,0.1035179822212571,0.0996008522172967,0.08317445976155526,0.03295765278740157,0.0256195927463352,0.1460071476328771,0.12038755488654189,0.0810460042251593,0.030331012293772244,0.007994764186803,0.1400794517053855,0.1320846875185825,0.042874973910308485,0.024041319038037252,0.0045153317284707,0.0838911928440672,0.0793758611155965,0.04510142122129793,0.02569956356754527,0.0022299035278977,0.0922440283405589,0.0900141248126612,0.05159040979988434,0.01904749998595659,0.0123589002131761,0.0939094332563596,0.08155053304318349,0.40955490628255,0.2598692074971128,0.0337461212664451,0.994954718759494,0.961208597493049,0.3592512982966973,0.18439499802896595,0.0274544122865026,0.6497992446551816,0.622344832368679,0.238814698536928,0.08998421414420121,0.0402313254594736,0.368757728172455,0.3285264027129814,0.3377543152617603,0.22072334173358168,0.0537975858428231,0.7511390260881523,0.6973414402453292,0.21971551470004294,0.08558583452565814,0.0143525256502046,0.3335450297590579,0.3191925041088533,0.40409934111863427,0.21872297700650012,0.0310293228820572,0.7473482909313327,0.7163189680492755,plausible
Nadeera,1,02,19,101,1.0,0.4043149458782418,0.24940744173877963,0.1040398499497756,0.9996258739651502,0.8955860240153747,0.3569744980366678,0.17212190174956438,0.0176238915600121,0.5877259288945633,0.5701020373345512,0.2223032145192577,0.0820140863639475,0.0348511308433368,0.3657233890545856,0.3308722582112488,0.3735321836747609,0.21625964049138457,0.0559538866364441,0.7435289294294033,0.6875750427929592,0.19388703235211957,0.08096996965730935,0.0274329012844471,0.3270766895609276,0.2996437882764805,0.39920481536173597,0.2031844908370818,0.0083993657953491,0.705317227064726,0.6969178612693769,0.06907795267691191,0.033222867262157764,0.0152827105015288,0.1345081939888215,0.1192254834872927,0.08708723170485773,0.042279058892654965,0.0035179711108708,0.1664766034966961,0.1629586323858253,0.09040435000032453,0.03599697313236196,0.0132292968795758,0.1436004428643454,0.1303711459847696,0.051157693452320484,0.02145576176993715,0.0157507275529824,0.0934450652718136,0.07769433771883119,0.048207285574794034,0.026283068784170572,0.0112556882920477,0.1004673938989942,0.0892117056069465,0.046379159188063374,0.023776700989848836,0.0084144853416202,0.0981177734346909,0.0897032880930707,0.41967358106693065,0.25845002967487873,0.0809297590101006,1.0085145753656644,0.9275848163555638,0.36147800867353014,0.16832705575693543,0.0494190180517137,0.6216741128708416,0.572255094819128,0.24169006364628265,0.0981189666886652,0.0427675011159365,0.4072046148442475,0.364437113728311,0.3527174376986791,0.22304345283192126,0.0324767034408684,0.7750340097225316,0.7425573062816632,0.23488590842714965,0.09235891074789838,0.0182835748035918,0.3592352305063972,0.3409516557028054,0.3922715593738227,0.1928104498503388,0.0369628311855746,0.6774255212543011,0.6404626900687265,plausible
Nadeera,1,02,20,117,1.1600000000000001,0.3720156425939003,0.241078708074817,0.0618902607550853,0.8985383170467235,0.8366480562916382,0.37013737058184065,0.1547211828783942,0.0633554750520518,0.5878359388075229,0.5244804637554712,0.21860156162698008,0.08378461264788115,0.0462197876938399,0.3746405943415012,0.3284208066476613,0.384925345574011,0.2052332282032718,0.0811605922677632,0.7114753508439193,0.6303147585761562,0.19170143688378824,0.09320867177662981,0.0244094283145314,0.3207913549297803,0.29638192661524887,0.4092922570365564,0.17487606073431441,0.0588551287943697,0.7115823666024208,0.6527272378080511,0.06300006162223774,0.029126980146546258,0.0132443035885026,0.1189552987528743,0.10571099516437171,0.08296428062434202,0.03710580750642876,0.0192267002782439,0.1455409702004129,0.126314269922169,0.08163940769983644,0.03920771918775068,0.0200156880651666,0.1656250106852028,0.1456093226200362,0.06884824689798814,0.020797054216038547,0.031056634981489,0.1058986673469269,0.0748420323654379,0.0628894112148382,0.026134414293311998,0.0190594753056337,0.1166941915947553,0.0976347162891216,0.059408967401905134,0.021269491958248322,0.0177747159749516,0.0976426472838595,0.0798679313089079,0.36206262599182076,0.26760414039005415,0.0918306687866504,0.990457132751232,0.8986264639645817,0.29754624968501264,0.14029228102801738,0.0509915863799784,0.5819419667314161,0.5309503803514377,0.2351644905287151,0.0851413900223217,0.0498144973587978,0.3649067165375099,0.3150922191787121,0.40475785781732676,0.20567265496447235,0.1062388198833651,0.8504476700286858,0.7442088501453207,0.2412784726264384,0.09825039021014499,0.0240982181928634,0.3832383937137827,0.3591401755209193,0.3276395183279679,0.15499206858177625,0.0513915219011538,0.6420594818848777,0.5906679599837239,plausible
Thenuri,4,01,1,137,1.3599999999999994,0.19322296153336518,0.22174320015667096,0.0477378535853906,0.8216699973063634,0.7739321437209727,0.13800820736750286,0.06100056797545722,0.0413564781257662,0.2445938998476447,0.2032374217218785,0.1801242293451753,0.04893207094720712,0.0982032623931339,0.2799666427123565,0.1817633803192226,0.1652293630650043,0.14520300365132344,0.0445567838733094,0.5744638704598453,0.5299070865865358,0.11178046822591807,0.07038144389850687,0.0075536711263272,0.2665600867793756,0.2590064156530484,0.14333893999491354,0.0625106228007456,0.036073849290466,0.2502028742470156,0.2141290249565496,0.05213223341787707,0.019108367739295366,0.0228840274841543,0.0835810406979159,0.0606970132137616,0.059838325079905545,0.02704024925048249,0.0075056914084639,0.092533178050783,0.0850274866423191,0.06023558263088688,0.03170188706337925,0.0061130486070853,0.1156571263565496,0.1095440777494643,0.024415860545713052,0.011426982205696873,0.0078290559958404,0.0575364107948626,0.049707354799022205,0.031393514819051505,0.01665302368494738,0.0108594103334837,0.0601218192620938,0.0492624089286101,0.035984861952814716,0.015270594773525801,0.0149047822803839,0.0655919341845459,0.050687151904161995,0.3508807680294853,0.20622278568861793,0.1679264699641176,0.8449568802011155,0.677030410236998,0.1961901314471553,0.08149593918120146,0.0860582364117395,0.3268156809969633,0.2407574445852238,0.16151827747487726,0.06014421961830235,0.0515360690374087,0.2820974998065322,0.2305614307691235,0.3141267929367634,0.19646202334900514,0.0656335756628008,0.7218592987640978,0.656225723101297,0.1290307761781833,0.07156897698218105,0.0125844242494779,0.2714831782917653,0.2588987540422874,0.1385081849494622,0.08658705303678685,0.011655223171658,0.3048228782571489,0.29316765508549086,plausible
Thenuri,4,01,2,126,1.25,0.3776794038193176,0.21003028756299386,0.1832851131824045,1.0338214071698852,0.8505362939874808,0.1685996457574539,0.06998952131584985,0.0471532039951035,0.2851060999334529,0.23795289593834937,0.18346535966783784,0.052825773421719256,0.0949181218978132,0.2760435069101035,0.18112538501229028,0.27468270652002835,0.14724195419834965,0.1064427473057721,0.59179242956561,0.4853496822598379,0.12243250118345667,0.05513328862411062,0.0282536609242764,0.22787172022157,0.19961805929729362,0.16623558414640333,0.07118547022425054,0.0554553282645469,0.2655041117744079,0.210048783509861,0.05773459399212184,0.01698627930661071,0.0053444168629133,0.0805193701422112,0.07517495327929789,0.07871826586453284,0.02390040298026266,0.0167229862037876,0.1166242360874966,0.09990124988370899,0.0697370719249659,0.021657092286723693,0.0063142849939394,0.0991754096087183,0.0928611246147789,0.06727513113478213,0.021522190318169643,0.0165463601000076,0.095943999613412,0.07939763951340441,0.05974243532190011,0.02089685986377962,0.0159686668228091,0.1015155728368843,0.08554690601407519,0.06950745848316539,0.030801591311381306,0.0367816745840361,0.1446082124264376,0.1078265378424015,0.412232492948661,0.20736057089091525,0.1561170579669013,0.963548225707033,0.8074311677401317,0.2152685761446234,0.07723199882462012,0.0382965674479929,0.319277975462799,0.2809814080148061,0.19446925695504055,0.07217331109302678,0.0721545779883054,0.311742221380954,0.2395876433926486,0.3132073795745787,0.18805774537279618,0.0553902737000759,0.672754904134015,0.6173646304339391,0.15825482997593704,0.06069269332736,0.0221972085686343,0.2530544236136059,0.23085721504497161,0.1942964290907022,0.07837297540720421,0.0334328060942484,0.3175661821448363,0.28413337605058786,plausible
Thenuri,4,01,3,119,1.1799999999999997,0.37402262455176855,0.22974725330882406,0.1112657791996702,1.0403151829771418,0.9290494037774716,0.20076768056364597,0.09163839266436294,0.0172011737865415,0.3245851325649277,0.3073839587783862,0.1871274452367407,0.0795035093062609,0.0325511513331665,0.326218790272061,0.2936676389388945,0.2550787614546913,0.17391983350999635,0.0371810794844338,0.604657278845691,0.5674761993612571,0.13708628975290668,0.05092717824399594,0.0084084484865187,0.2312118575000678,0.22280340901354911,0.19173721377650219,0.08450374489512888,0.0141243242473499,0.3085278246257238,0.29440350037837393,0.07915966491382818,0.018503513976700494,0.0313877621012788,0.1070111580038255,0.07562339590254671,0.10093787378921354,0.022842886725907258,0.0337280964595582,0.1303785612551723,0.0966504647956141,0.09868205188336272,0.023688299908224495,0.036960835712824,0.1386571362021786,0.1016963004893546,0.04164458346834646,0.023665684381776426,0.0079677794043885,0.0941977879821341,0.0862300085777456,0.03277112101574061,0.020315122683673643,0.0072721578650686,0.0761434739765877,0.0688713161115191,0.06087920836458682,0.025963077349726735,0.0167720227880208,0.1073200278996623,0.0905480051116415,0.37487210841201,0.19644532888247393,0.1827187428133646,0.885317268080829,0.7025985252674645,0.14701571226293073,0.07498758246022048,0.0207078656580236,0.2700500083497225,0.24934214269169888,0.19284496308550358,0.08126157174713869,0.059393798224863,0.3151336714723367,0.25573987324747366,0.3118597664020756,0.20005353138769924,0.0429922261333886,0.6936727869787408,0.6506805608453522,0.154632846274924,0.057480683172406295,0.0489866926562449,0.2512258593304665,0.2022391666742216,0.13048846655641563,0.062479684144581105,0.0329627003835535,0.2792621081298266,0.2462994077462731,plausible
Thenuri,4,01,4,113,1.1199999999999992,0.4111792428527265,0.23504999375036348,0.1107553890031387,1.0201865607484415,0.9094311717453027,0.16401006036523566,0.08433104084255173,0.0120427920765579,0.2975797514407884,0.2855369593642305,0.2126153723967966,0.05746344549867013,0.122376336105425,0.3233301511793893,0.2009538150739643,0.26728770708104643,0.18634237953078261,0.058338426795849,0.6302946645182076,0.5719562377223586,0.13785189150880472,0.05716090117151655,0.0381340730945571,0.2436375435686797,0.2055034704741226,0.1586856684610899,0.07297819843401428,0.0234419131467334,0.2550514651983148,0.23160955205158137,0.06005425750445492,0.019598363569031423,0.0296974132543764,0.089713807598342,0.06001639434396559,0.07523739988999649,0.024144128050534522,0.0337213438860742,0.1160618153488974,0.0823404714628232,0.073984596190744,0.025489771098982428,0.0305270710194406,0.1152182204721373,0.08469114945269669,0.04329071419003018,0.023274295360337264,0.0047751256954232,0.0866876564124232,0.081912530717,0.044217584739347934,0.015427346658690583,0.0175398834686617,0.0720111171745026,0.05447123370584091,0.057746745802155684,0.027835840568663686,0.0117865125764981,0.099346931133076,0.0875604185565779,0.41712933909170513,0.22108338807248293,0.1533355479285202,0.9327895186080952,0.779453970679575,0.15055395060746338,0.07548317599346362,0.0421789845821246,0.3045099801434571,0.2623309955613325,0.20530493733376337,0.07849915343417775,0.0623637579369189,0.338649288718497,0.2762855307815781,0.3319479062142317,0.20622988016214805,0.0697755134476194,0.7104736549696243,0.640698141522005,0.10989385611792453,0.040524963779401076,0.0280281277112,0.1929067579920894,0.1648786302808894,0.1513990526724323,0.08924387058511823,0.0396595614194128,0.3273544827823692,0.28769492136295644,plausible
Thenuri,4,01,5,113,1.120000000000001,0.4182614868500357,0.24367333546993983,0.0803372619069706,1.0619402043399897,0.981602942433019,0.13102841467475004,0.06401793218071959,0.035360715517898,0.2611821261446312,0.22582141062673322,0.17854887763405494,0.07864873917453559,0.0285576305243533,0.30910114918647,0.28054351866211674,0.2936281153078697,0.1795946604784456,0.0644311257247597,0.6347885012055873,0.5703573754808275,0.10132089864231184,0.05203147870410358,0.0249912100564879,0.20343019153309,0.1784389814766021,0.1355792547321235,0.06207883694905877,0.0310443736013653,0.2589873214462735,0.2279429478449082,0.05185553122423201,0.016610140195479958,0.018726615895389,0.0807954902150367,0.06206887431964769,0.06587758406008166,0.02605144172324005,0.0232173093686736,0.1141097976414179,0.0908924882727443,0.06293467605611822,0.027618283834864737,0.0211241956726546,0.1134024461201378,0.09227825044748321,0.05624071947283581,0.024949091502630378,0.0166804211242441,0.1109950368625488,0.0943146157383047,0.0558394284717478,0.029274118192372526,0.0207456919500936,0.1171226719134451,0.0963769799633515,0.06441866459244623,0.02920468583714692,0.0136750329427237,0.119540959450308,0.10586592650758431,0.42462717357424784,0.2193170940674233,0.1950190273482485,0.9717144644843788,0.7766954371361303,0.2123188773635985,0.0955808064009053,0.0234677339726552,0.3483294805662681,0.3248617465936129,0.18207613690665264,0.08149355142967095,0.0340405889532111,0.3300072367387375,0.2959666477855264,0.3385905444807776,0.19156036479220725,0.0785842241779119,0.692963274262506,0.6143790500845941,0.1486104396728305,0.06221875692297702,0.0356242961786747,0.2388247807066837,0.20320048452800898,0.20939601667670435,0.09978034836658599,0.0358493884671716,0.3614783198098654,0.3256289313426938,plausible
Thenuri,4,01,6,111,1.0999999999999996,0.43184477419031614,0.2583149471737146,0.1546537132652688,1.117189862328528,0.9625361490632591,0.1807249157483178,0.08607950426676414,0.0218469534230459,0.3097964312628415,0.28794947783979563,0.2132022260058427,0.05617203861368503,0.1256104627132445,0.3235008453547872,0.19789038264154268,0.29391047468661247,0.19212388703024058,0.0385124714808417,0.6336928040042258,0.5951803325233841,0.11296444177734048,0.0541261972106214,0.0235626291054581,0.2165870805310581,0.1930244514256,0.18076217439863013,0.0851632344454753,0.0271161422678122,0.3031672893097356,0.27605114704192335,0.05112743616066784,0.01631497011895003,0.0098003574759986,0.0728014978975358,0.0630011404215372,0.06666827095804734,0.024974648355207994,0.0085751315417405,0.0954697749417292,0.0868946433999887,0.06123176930278349,0.020129510092956642,0.0136077267665918,0.0882673018933862,0.0746595751267944,0.05889490239796072,0.017886703674171753,0.0125628499095349,0.0907960806228669,0.07823323071333199,0.04381311802311564,0.013522271000644145,0.0152805643359214,0.0738612000203693,0.05858063568444791,0.05034547198647348,0.019757192781589824,0.0070260926016441,0.092175853552265,0.0851497609506209,0.4227897634560871,0.2112762826756106,0.1875774056994821,0.9134505053899502,0.7258730996904681,0.211704951971526,0.09702567706759711,0.0193905846246605,0.3550870119874297,0.3356964273627692,0.20797254724638847,0.08381532141927484,0.0382781885583792,0.3481896719111526,0.30991148335277335,0.3327939884125236,0.20852256577705133,0.0386572442948046,0.72003682063218,0.6813795763373754,0.1484028032619165,0.05362558367797936,0.0301861295770945,0.2179071617676025,0.187721032190508,0.20602407535418968,0.102408873375883,0.0568451235571381,0.3742085645931553,0.3173634410360172,plausible
Thenuri,4,01,7,112,1.1100000000000012,0.44658686988558866,0.2769204962071233,0.1291797877647445,1.178762449030743,1.0495826612659984,0.23703871922486286,0.10232755644535751,0.0476091408943322,0.4046487559214982,0.35703961502716597,0.20786363313900916,0.06999137492009945,0.0709019511244966,0.330943134618438,0.2600411834939414,0.30110787679799217,0.18174717453591677,0.059368669720711,0.6379889519267408,0.5786202822060298,0.12940722667774907,0.057920252755194565,0.020297160827798,0.2270294807424038,0.2067323199146058,0.24008116560242213,0.09791283896178234,0.0474368899574883,0.4015947161735683,0.35415782621608,0.06350976068794471,0.024275723188815723,0.0111172184673717,0.1018755720769714,0.0907583536095997,0.08354423660856634,0.03464844444327368,0.0136984412516484,0.142353030594562,0.1286545893429136,0.07601211859871078,0.0315543743242712,0.0110161383087703,0.1184825613033996,0.1074664229946293,0.04684145455063547,0.02545044194475767,0.0061383418807107,0.0889663577422794,0.0828280158615687,0.04063503217806034,0.02342851779804316,0.0074987025636465,0.0856097279531752,0.0781110253895287,0.06558929394640468,0.0342767610251611,0.0110218883792156,0.1225906585011894,0.1115687701219738,0.4172578360820967,0.20861762020538946,0.1838591782124993,0.9079785191971812,0.7241193409846819,0.2252557302527942,0.10227069022553226,0.0515814073348766,0.3741474040367692,0.3225659967018926,0.20097902084426902,0.07685188107788783,0.0752348131851758,0.3332992609979635,0.2580644478127877,0.32748983444361546,0.19675526111255406,0.0541847169452932,0.6938806428774336,0.6396959259321404,0.16370290993544456,0.05976782562119185,0.0215154576199061,0.2375517707172639,0.21603631309735782,0.22991127703803163,0.10381602278194817,0.0379067205770121,0.3808456150584856,0.34293889448147347,plausible
Thenuri,4,01,8,113,1.120000000000001,0.45852213016193244,0.28104818662525577,0.1423109440417599,1.157836124514681,1.0155251804729213,0.2255506943673075,0.11344948460400128,0.0102372023508524,0.4220073119252692,0.4117701095744168,0.21260834534875064,0.0552098327309083,0.1156576870754143,0.3085316556213004,0.19287396854588612,0.29188475305336076,0.19526785511398478,0.0520311048515566,0.6418202301503998,0.5897891252988432,0.15185234936980482,0.07217841325376362,0.02668780383428,0.2754778541986525,0.24879005036437252,0.22678015751197148,0.1078261844540931,0.0052260643163294,0.4054153182117017,0.4001892538953723,0.05264332581396638,0.018171351257125642,0.0018616726685456,0.0827940500088563,0.0809323773403107,0.07186596981627105,0.02445701848992165,0.0205304679833762,0.1167560292079182,0.096225561224542,0.06720495870122803,0.024647237023230836,0.0146832569700953,0.1081150689867011,0.0934318120166058,0.05401031768150073,0.02457769055828621,0.0199923674992179,0.1177104601653727,0.0977180926661548,0.044303043848219543,0.01831818756494319,0.0151630319750553,0.0865599176375228,0.07139688566246749,0.05821979892590294,0.02898653559954659,0.0114456027156726,0.1157778005832977,0.1043321978676251,0.44683744468661213,0.24240458231531156,0.2173382070776579,0.9850029746563196,0.7676647675786616,0.2401872703885322,0.10411900649100728,0.0681869371284157,0.3928870519363719,0.32470011480795624,0.21366310822344442,0.08195123322113279,0.0581940303805094,0.3435500279815888,0.2853559976010794,0.3454496188662864,0.2191892125244732,0.0496711306156747,0.750255040145418,0.7005839095297433,0.16942378014037635,0.06769666763524625,0.0438115441801171,0.2706563066445237,0.22684476246440663,0.2361577858493266,0.10539899060506568,0.0196440797666076,0.3942921765059077,0.3746480967393001,plausible
Thenuri,4,01,9,114,1.129999999999999,0.4393042259090169,0.278983338323523,0.1528704076636493,1.1774127505702376,1.0245423429065883,0.26092445703999356,0.13070650469979844,0.0284995744983759,0.4432545336616266,0.41475495916325067,0.21918882672129933,0.07512551219225415,0.0909325130410276,0.3505042723018698,0.2595717592608422,0.29709075150406206,0.1863101143923359,0.0486598364324931,0.6400654582956178,0.5914056218631247,0.17606732301751765,0.08547501906304106,0.0289435566318462,0.3331430458921025,0.30419948926025625,0.2618515022397034,0.1288413632467573,0.0216876499695607,0.4569518127409416,0.4352641627713809,0.07269803233085119,0.03251382262350182,0.0076288798001958,0.1147830233696506,0.1071541435694548,0.09446559752823175,0.04530809517598191,0.0080202600659072,0.1554171033322629,0.14739684326635571,0.08874532961455728,0.041251807127983604,0.0118901632093304,0.155385920951597,0.1434957577422666,0.053371993880320524,0.020649380316018286,0.0184907972951026,0.0948450866767795,0.0763542893816769,0.044579879036796076,0.01747376224570069,0.007900576760466,0.0804423557064248,0.0725417789459588,0.07195832333132608,0.024338140962612772,0.0271867112415868,0.1170938553041687,0.0899071440625819,0.43105749671261623,0.20283806361171314,0.1817606331443713,0.9011524156939106,0.7193917825495393,0.28394048532708704,0.12296312167231309,0.0711534041750372,0.4649172033123588,0.3937637991373216,0.21413620768127073,0.07591242403130614,0.0863743650585573,0.3384304949876451,0.25205612992908777,0.34972178399120574,0.20580870507385832,0.0602148346903056,0.7280771702639268,0.6678623355736212,0.2073535352730537,0.08710402858944027,0.0467922355648599,0.3643685700829553,0.3175763345180954,0.2786237201108849,0.12994926908629983,0.0404501889095448,0.4772666645252421,0.43681647561569725,plausible
Thenuri,4,01,10,115,1.1400000000000006,0.4463813909961399,0.28863031047014537,0.1671046765201309,1.2229871511114037,1.0558824745912727,0.23058419937590804,0.10937681759275115,0.0350612393992784,0.4017187984443744,0.366657559045096,0.21611189289601662,0.06294113743605323,0.1212662993290802,0.3363916157481925,0.21512531641911228,0.2923438289284,0.18567207442140596,0.0612306364680134,0.6306928781470895,0.5694622416790761,0.16712269866570936,0.07380263200948838,0.0384850197079044,0.2926000137530427,0.25411499404513826,0.21433398543937987,0.09843038058950913,0.0295640555637557,0.3517148677053286,0.32215081214157293,0.05884207682520329,0.021772277481018832,0.0126105064601533,0.0982186938480054,0.0856081873878521,0.08469888705974976,0.032170209727130666,0.0247767019256878,0.1431315132154691,0.1183548112897813,0.07384837897460077,0.03105185411715224,0.0173832575138964,0.1315251764121739,0.1141419188982775,0.05484360152654116,0.028902149269295064,0.0015928631936382,0.1201307717775555,0.1185379085839173,0.04658887678058959,0.026805378150278742,0.0046091858849911,0.0941142789126321,0.08950509302764101,0.0641146559852712,0.03609307386852931,0.0096054727861321,0.1202928795786091,0.11068740679247699,0.43518678495455493,0.23422186641993423,0.1883328238033852,0.9813384057720272,0.793005581968642,0.2824603841783223,0.12092032492547472,0.0673778510391719,0.4657778005998658,0.3983999495606939,0.21668136079604505,0.08215589660946837,0.0762916735655094,0.3671886967478606,0.2908970231823512,0.35330114782971683,0.20277149722963497,0.0628693523231257,0.7226224106493494,0.6597530583262237,0.21466431688021104,0.08356399431428367,0.0515813217824526,0.3250602111548666,0.273478889372414,0.28687100918019537,0.12651479353631334,0.054841554561961,0.4742667719581997,0.4194252173962387,plausible
Thenuri,4,01,11,115,1.1400000000000006,0.45086354057149214,0.2868991548396043,0.1194917408428471,1.2062656785781096,1.0867739377352625,0.20736767421283187,0.09014680145671643,0.0395961853188902,0.3507257007102401,0.3111295153913499,0.2125290502651148,0.057718142652223844,0.1053164277196277,0.3139764303398452,0.2086600026202175,0.30242223622798664,0.18280330755995688,0.0524127864672315,0.6302710943261286,0.5778583078588971,0.14272602487800576,0.06200452346263618,0.0189174056667349,0.2588432954537807,0.23992588978704582,0.2098175156604506,0.09396195023561903,0.0404735945968732,0.3588974268768672,0.318423832279994,0.06301067495196767,0.02346231666788253,0.0250078502252576,0.1085252851774664,0.0835174349522088,0.08676793473821753,0.029778316270345516,0.0365600220173457,0.1392087774767315,0.10264875545938579,0.08201557442378467,0.03862955917088333,0.0246982589286793,0.1578718725865901,0.1331736136579108,0.05606851370516176,0.026978435242528756,0.0113946592148021,0.1097196030962917,0.0983249438814896,0.04772474986649415,0.02357224963571791,0.0149848772184484,0.0946085893851195,0.07962371216667109,0.07287124338088943,0.03203054850299831,0.0173488239858332,0.1323298396438872,0.11498101565805399,0.4305887572664784,0.23581777439462245,0.1806081584381108,0.9881826431094092,0.8075744846712984,0.2621785915610049,0.1236043836352487,0.0404979410624387,0.442529450456095,0.4020315093936563,0.20618387793400453,0.08062769982352933,0.0502203566232078,0.3478535183769694,0.2976331617537616,0.3389511028336387,0.20017277719073762,0.0643256227686252,0.6978082737432277,0.6334826509746025,0.19750683582219938,0.07985527219593401,0.0290051148113294,0.3015099810156827,0.2725048662043533,0.2681175490943369,0.12787417774419638,0.0376198465655019,0.4649392049331852,0.4273193583676833,plausible
Thenuri,4,01,12,114,1.129999999999999,0.4187225986769252,0.2716319472259335,0.1084566850971982,1.082253563905418,0.9737968788082199,0.2867919827848245,0.14632342685269625,0.0221349672631992,0.4907314285129541,0.4685964612497549,0.22843093920746854,0.054613302274114844,0.1525883662933331,0.3427058316350239,0.19011746534169077,0.2974137150035266,0.19068733789721362,0.0268189472469864,0.6408867492093857,0.6140678019623993,0.1557364142632748,0.06823707244614981,0.0440310531880423,0.2813623320726414,0.2373312788845991,0.29452553300536083,0.14453091849645053,0.0143089396954712,0.4850389578778747,0.4707300181824035,0.06274439146515463,0.0189981726847901,0.0155984933391855,0.0898237438300992,0.07422525049091369,0.0858720385714861,0.030951817625936375,0.0300934115132564,0.1322903822920102,0.10219697077875381,0.07417340772019633,0.03075661625852125,0.0078001542814184,0.125745785750264,0.11794563146884558,0.0525551117332481,0.019410673822150025,0.0248197432573771,0.0996969598599766,0.07487721660259951,0.04669689178058503,0.021587355929581133,0.0165817480899775,0.0848787544955963,0.0682970064056188,0.06517636982212623,0.027174968159392316,0.0276643540234966,0.1155019393038288,0.0878375852803322,0.4205395007635292,0.19629028774380025,0.2013856994504099,0.8599583193255652,0.6585726198751554,0.2706499744647144,0.12025058825317847,0.0293232419393902,0.4567960308348418,0.42747278889545165,0.2136166725903477,0.0742194467857975,0.0819935897847646,0.3333243723302941,0.2513307825455295,0.3277453853250785,0.19361978022331766,0.0348983179879231,0.694597113224864,0.6596987952369409,0.19353166246702014,0.0734374054113411,0.0345662227724059,0.303925419619353,0.2693591968469471,0.28322396687055257,0.12780075455130605,0.0553960610549638,0.4827965393863309,0.4274004783313671,plausible
Thenuri,4,01,13,114,1.129999999999999,0.43390574533082377,0.25643015386641904,0.1779734137185271,1.1384554697762586,0.9604820560577314,0.24489643993381618,0.11375390263820903,0.0054364310218982,0.394744716470063,0.38930828544816476,0.22161771174888645,0.06895426529483235,0.1019180582007559,0.330715915379155,0.22879785717839912,0.29889368914794495,0.17902769953362138,0.0620168021791205,0.6426126091155313,0.5805958069364108,0.15205661875260587,0.07524779433021958,0.0146047580654568,0.2641907682354739,0.24958601017001708,0.25469559783769474,0.11382454574342984,0.0113214655573143,0.396311145454356,0.3849896798970417,0.05706513993942107,0.02026909584264112,0.0079028443945174,0.082117852914164,0.0742150085196466,0.07921779640177898,0.027850901544945992,0.0116818825736123,0.1194106746508103,0.107728792077198,0.07742765966641041,0.031734868979839854,0.012882463524517,0.1286720777977556,0.11578961427323861,0.060678213031534124,0.03439682571319431,0.0081370693559114,0.131759000007402,0.12362193065149062,0.06167764609405333,0.02895368032016146,0.0136820822339716,0.1120287618972172,0.09834667966324559,0.08196688734070105,0.038390501515394554,0.0211584964467011,0.1446622145284959,0.1235037180817948,0.43137583236409915,0.20241620872069951,0.2150013272669271,0.9069873175186928,0.6919859902517657,0.23733441533530295,0.10968992811067116,0.0053714574818724,0.3981235395468637,0.3927520820649913,0.21829889637263802,0.07199715582055766,0.0902133926105898,0.3214667200071354,0.23125332739654558,0.3468932271424176,0.20071360667055857,0.0745788691645971,0.7266769030649034,0.6520980339003063,0.18055991084392176,0.0770219127326234,0.0294410302303883,0.2914420253927121,0.2620009951623238,0.23579927474697934,0.11093022205270228,0.0253878178172052,0.4166113286170066,0.39122351079980144,plausible
Thenuri,4,01,14,116,1.1500000000000021,0.4486594062831331,0.2810650480571486,0.1263800172663951,1.1566078067749523,1.0302277895085572,0.2402323838577645,0.10987851899568526,0.0248599341001138,0.4098937345183752,0.3850338004182614,0.21311200349894824,0.06404939845037327,0.114750383392227,0.3300691159730138,0.21531873258078682,0.29442681081182376,0.18009828580598475,0.0557284214841644,0.62409617179711,0.5683677503129456,0.16731691761358872,0.06629391251437951,0.041440109051479,0.2513102100728213,0.2098701010213423,0.24401468055485062,0.11337603744445178,0.0240568510678357,0.4283674560590444,0.40431060499120874,0.057433561108153626,0.022498826623609802,0.0146437865570334,0.09463354299305,0.0799897564360166,0.07535562791127573,0.031495965452530215,0.0142067735553184,0.1341716664568746,0.1199648929015562,0.07528626556426128,0.03319062723634741,0.0099517978808436,0.1392380649603572,0.1292862670795136,0.06031659970973294,0.03741954815601562,0.0094799122370682,0.1420998116440594,0.1326198994069912,0.05666464227704017,0.034386827815969974,0.0148131261602551,0.1225211038808778,0.1077079777206227,0.06126406965966265,0.03010479730968477,0.0143634270468011,0.1167919437684503,0.1024285167216492,0.39810471250345725,0.23783446791084614,0.1137264722095852,0.94741765700683,0.8336911847972448,0.2563899082176636,0.11593847595106332,0.0667567620439316,0.445140378476132,0.3783836164322004,0.21212998856384382,0.07726685157853959,0.0811499218711711,0.3663357648318656,0.2851858429606945,0.34123988645027725,0.19640211399615004,0.0717905647688646,0.7018384324440206,0.630047867675156,0.19808210275018273,0.07783511664846605,0.0427197805520264,0.3021469117735368,0.2594271312215104,0.26257804361518217,0.11975479082334506,0.0949852482144887,0.4709943268274876,0.3760090786129989,plausible
Thenuri,4,01,15,113,1.120000000000001,0.4595853795468388,0.2668818311201315,0.1302022649092076,1.1492249513657418,1.0190226864565342,0.2335306153109539,0.09196928698552749,0.0461603105120987,0.3651855636573285,0.31902525314522984,0.20733212653548425,0.06041124607277132,0.088616835895504,0.3105544909748688,0.2219376550793648,0.3103127218260575,0.16135612581526582,0.1003280695670463,0.5992886350770008,0.4989605655099545,0.15785069910769176,0.06970635692158231,0.0334789498397169,0.2682183101916334,0.2347393603519165,0.2414944828814386,0.09391704744979333,0.0460068603570154,0.376911001804889,0.3309041414478736,0.06650100704393105,0.020438612162196165,0.0173941571740596,0.0992821111607219,0.08188795398666229,0.08425634659194144,0.027713913424763984,0.0310271323998547,0.1308606108972251,0.09983347849737038,0.07249578535171083,0.028858487137250474,0.0194310371046856,0.1359850217061099,0.1165539846014243,0.05876783519502437,0.02289354808571182,0.0111992698848661,0.095124454688084,0.08392518480321791,0.05736423554015197,0.026136793183594156,0.0132918095542898,0.1052079580688847,0.0919161485145949,0.08090403165380992,0.035082006236295704,0.0298202581485566,0.1418023209698728,0.1119820628213162,0.4204270805432287,0.22291224551996375,0.143617971026827,0.9372666382346202,0.7936486672077931,0.2626650613943593,0.1334958462797358,0.0431932504059412,0.5310175202397391,0.48782426983379795,0.202692873551644,0.08051992554038047,0.0628868074599527,0.3496099034481645,0.2867230959882118,0.34437121827333206,0.19180952505252385,0.070279023269359,0.6844517308488041,0.6141727075794451,0.193932870207618,0.07372786562872392,0.0283672351774601,0.279335525470916,0.2509682902934559,0.2630649744078572,0.12674631944489045,0.0680973739024385,0.5251746812366194,0.45707730733418084,plausible
Thenuri,4,01,16,116,1.1499999999999986,0.43240425364937274,0.2883523856682126,0.1157536834936961,1.1752092681848707,1.0594555846911746,0.3020085482188989,0.11985774391873517,0.0364454323777024,0.4544661012398809,0.4180206688621785,0.23247464539285662,0.06774704750747865,0.1064803167140908,0.3570183386985353,0.25053802198444447,0.28807408265732104,0.1775377724163189,0.0497570119788301,0.6005060976743293,0.5507490856954992,0.18060823462348544,0.08243335418364209,0.0459959854911276,0.3215017421807652,0.2755057566896376,0.29811534182894095,0.11482641901011406,0.0558855651566038,0.4399559631878953,0.3840703980312915,0.07441469988842198,0.03041092563288733,0.0085410645871837,0.1228447110144447,0.114303646427261,0.09346717167969032,0.046631829924642265,0.0136885363759087,0.1573635316527856,0.1436749952768769,0.08974803930328004,0.04413454493496906,0.0025232296897727,0.1607527026450216,0.1582294729552489,0.04658480981073167,0.023266705780250706,0.0162772162650066,0.0959414464649161,0.07966423019990951,0.03880218778100304,0.01961086513019862,0.0022629308827936,0.0751071823405417,0.0728442514577481,0.05952006903676535,0.032186932528522914,0.0141672288464764,0.1293692150801996,0.11520198623372321,0.4489637229302573,0.22924106253919288,0.2057613171147168,0.988160892643538,0.7823995755288212,0.3427883923876808,0.13187233362277154,0.0502953084295567,0.5076502328249535,0.45735492439539677,0.20601561633224227,0.07335204239296829,0.0954055560065293,0.3452575302533412,0.24985197424681194,0.336899555770144,0.19970333475730068,0.0664915897701571,0.6726575843348472,0.6061659945646901,0.21639314593623057,0.09437048409622234,0.0741472080167863,0.3915144672662024,0.3173672592494161,0.33679904707856356,0.145874528929136,0.0521088094040858,0.5152907257967475,0.4631819163926617,plausible
Thenuri,4,01,17,118,1.1699999999999982,0.4353625226663395,0.28170223173066067,0.1575993325752626,1.1884796637506612,1.0308803311753985,0.24970254642153789,0.114215280993392,0.0269163002584176,0.4271713333089091,0.4002550330504915,0.20497092672811956,0.06531908839833936,0.1010386494813072,0.3221916476724156,0.2211529981911084,0.2842287290915158,0.17558870373312493,0.0587439155183288,0.5820249148203264,0.5232809993019976,0.18040141677616472,0.08919808846358589,0.0423673166000794,0.3422200043585799,0.2998526877585005,0.2557495922517909,0.1170332452467766,0.0240580103017924,0.4451076838222831,0.4210496735204907,0.057339896844940105,0.02360079733156378,0.0160323967297122,0.1098940744542745,0.0938616777245623,0.08435386227288719,0.03674480448117267,0.0186078197572064,0.157207202455948,0.13859938269874159,0.0775397621027217,0.032679189163370814,0.0230578172617939,0.161151514064837,0.1380936968030431,0.05539297377264182,0.0333703323795309,0.0067850047157839,0.1264131821608815,0.11962817744509759,0.05322261086339581,0.025301907249240876,0.0176785344223546,0.1071652317788057,0.0894866973564511,0.07298277371942025,0.03304614813240068,0.0099579304657819,0.1427602714091363,0.1328023409433544,0.40542321275239973,0.22801947773082928,0.1386090415027851,0.9500125706467204,0.8114035291439353,0.2680766076118568,0.10362165635218407,0.0882963815705921,0.4237723850194256,0.3354760034488335,0.21007432794379335,0.08084044108172657,0.0707605441477807,0.3501835203172878,0.27942297616950706,0.33538785563788925,0.18245801622312427,0.0714124173722087,0.6730331076748496,0.6016206903026409,0.20748324635022886,0.08915131101544838,0.0283543659012186,0.3214222327027224,0.2930678668015038,0.2843805363211997,0.11016771231898503,0.0856766341172967,0.4585984556342626,0.3729218215169659,plausible
Thenuri,4,01,18,117,1.1600000000000001,0.4400877181445783,0.28470153981403473,0.1285608650254934,1.1461211180489483,1.0175602530234549,0.2058935256197193,0.09323896167619442,0.0063758654802944,0.3291281045890595,0.3227522391087651,0.21591004858434903,0.05262228355987949,0.1396291173937784,0.3268166780219674,0.187187560628189,0.270454799216225,0.18571659076911898,0.0351110306379124,0.600310314104239,0.5651992834663265,0.15788545760387623,0.074116096239344,0.0381524068162731,0.2752749356867121,0.23712252887043897,0.20985243477432294,0.09410797949353326,0.0100670971427147,0.3350951914648039,0.3250280943220892,0.050790385710001336,0.014104023202706602,0.0149815244897641,0.0752626439383536,0.06028111944858949,0.06792981069404087,0.022593848774465398,0.0252199361292299,0.1148498067448154,0.0896298706155855,0.060733461755283366,0.02311232282837295,0.0186468790003559,0.1025557320471328,0.0839088530467769,0.04932430698634024,0.018647437512312206,0.0176754709114188,0.091082944825486,0.0734074739140672,0.04029996813869589,0.01687469892464586,0.0096708757212254,0.0729899451030597,0.0633190693818343,0.060044759952712794,0.02275493501283351,0.0102863975019701,0.1060597568368885,0.0957733593349184,0.4117818192519896,0.24488317917059135,0.1495468573061275,1.0023790090879354,0.8528321517818079,0.23984523507346606,0.10634825497292033,0.0645211355883744,0.4025664672901282,0.33804533170175377,0.20748724844235192,0.07259679176951131,0.060622442383028,0.3221446788011927,0.2615222364181647,0.3329112578629502,0.20763907150083175,0.0559560246726769,0.7029260918783358,0.6469700672056589,0.19281145600796146,0.08046642868619268,0.0457909884983288,0.3173303603950641,0.2715393718967353,0.24771912460424272,0.10454642287831122,0.0768217540576013,0.4192546523103065,0.3424328982527052,plausible
Thenuri,4,01,19,119,1.1799999999999997,0.4163306929806009,0.27638691215662253,0.1135143575221941,1.1969881279028012,1.083473770380607,0.24364547068548592,0.11616861255935736,0.0225034191261113,0.4151554889619378,0.3926520698358265,0.21612426354519848,0.06735861589431072,0.1229506486053704,0.3522724065932482,0.2293217579878778,0.27394299579331627,0.16425544240090728,0.0782049051778051,0.6201646434245979,0.5419597382467928,0.16778294121417478,0.07019674568268851,0.0277149379431389,0.277049714356244,0.24933477641310509,0.2511597809764196,0.12328603365496235,0.0326243134805872,0.4345026516475841,0.4018783381669969,0.07127380029926714,0.027332586112542624,0.0150167987874681,0.109962166250726,0.0949453674632579,0.09462768864738495,0.03919046135707813,0.0130965865589663,0.1496166078780911,0.1365200213191248,0.0899806315707201,0.04036816445930179,0.0039418231578593,0.1470990667040295,0.1431572435461702,0.05595513379795948,0.027252992757581723,0.006533561840516,0.0981392036862625,0.0916056418457465,0.06370908303774436,0.026544509980474158,0.0136854756848182,0.1054425206679713,0.0917570449831531,0.07962438288846721,0.03255153928677571,0.0201619971329507,0.1292924577792735,0.10913046064632281,0.4396546316042334,0.22034546049906478,0.2272697478229057,0.9376402336346444,0.7103704858117388,0.28692301808047693,0.13519296705475212,0.0634286878311293,0.4896836185687218,0.42625493073759246,0.2174147612671338,0.07207245713799151,0.0836374544534703,0.3415468547373307,0.2579094002838604,0.35712067207653836,0.20746278443824018,0.0546231527197668,0.7282677645733613,0.6736446118535945,0.23466555973549716,0.0978807850066119,0.0548360027553906,0.4009879386067313,0.34615193585134074,0.3009246914307252,0.14082455885056155,0.0504099260564534,0.5123557633354047,0.4619458372789513,plausible
Thenuri,4,01,20,123,1.2199999999999989,0.45824994976564565,0.3147149874337402,0.1230038968709522,1.1517702856383012,1.028766388767349,0.18232542204937066,0.14208382962876326,0.0177871069451848,0.4515576091805459,0.43377050223536107,0.22201396001274332,0.070425533115759,0.0843042872444732,0.3461516082192269,0.2618473209747537,0.3153878841505682,0.20252024738739932,0.0539302681084077,0.7043366996080325,0.6504064314996247,0.16913051154868797,0.0754981662228051,0.0472511815099153,0.299245319920249,0.2519941384103337,0.1595613176036914,0.12475901038780784,0.006637396701018,0.3912216342609387,0.3845842375599207,0.06167366355011527,0.01870459918328849,0.0250406072356631,0.0999626240829976,0.07492201684733449,0.0803665817275454,0.030965652571583867,0.0105723908823675,0.1400439518840199,0.1294715610016524,0.06686503679768684,0.023228559826860288,0.0207657046208592,0.1285561144686681,0.10779040984780891,0.066792198516525,0.026513326450566872,0.0319988813801645,0.120527998677757,0.0885291172975925,0.055519592053846586,0.024264099440748123,0.010365521013256,0.0940713689856342,0.0837058479723782,0.07960230216108002,0.03953383772349911,0.0170891132791166,0.1578313141367584,0.1407422008576418,0.3268025012492976,0.19238357010662002,0.1089957776879948,0.7781503858824821,0.6691546081944872,0.3220135611189064,0.14547682470069714,0.0134360913992844,0.4973600755300063,0.48392398413072185,0.19808033743914655,0.06941869445680919,0.0747411118432894,0.3231936937127513,0.2484525818694619,0.3309090401826344,0.20086600104191266,0.0698449828295901,0.7515453113096291,0.681700328480039,0.22952560746016792,0.11200409348726599,0.0592284137060511,0.4414105788423199,0.3821821651362688,0.3417189101490362,0.15318033065646872,0.0410725251845682,0.5219573550947121,0.48088482991014386,plausible
Thenuri,4,01,21,141,1.3999999999999986,0.24971745003751472,0.18532761419295307,0.0374648882359821,0.81946226792538,0.781997379689398,0.08681049303389601,0.05098496102596863,0.0186810787917533,0.1928980716161895,0.1742169928244362,0.07297076222796275,0.04208818700492793,0.0296330828095488,0.1605757544387894,0.13094267162924061,0.20994260283541094,0.15350654061010446,0.0538289459105294,0.6599071533292452,0.6060782074187158,0.054863839226878854,0.03234471173513011,0.0130180941932793,0.112444080789832,0.09942598659655269,0.08536768833555794,0.03361762983897965,0.0367156304446476,0.1646367941252135,0.1279211636805659,0.027768156761264963,0.012085315741029326,0.0138938072571241,0.0663741380851911,0.052480330828067,0.03362384640533142,0.01855301593339617,0.0167962108665714,0.0972373486715793,0.08044113780500789,0.03272571629585689,0.014282664176321163,0.01953952392705,0.0799509551680395,0.06041143124098951,0.06744555230465636,0.03185242739078513,0.0021869843900324,0.1351020333491941,0.1329150489591617,0.07960412946635714,0.03126547046097269,0.0069708608211291,0.1366897624919184,0.12971890167078928,0.09140548601822832,0.042495912676626495,0.0181107206864102,0.1676748215492263,0.1495641008628161,0.10591179772433705,0.07660181203535993,0.033555586106166,0.2714304006284025,0.23787481452223652,0.13714310950231087,0.0675193328081021,0.0793463067438063,0.3922246577512049,0.3128783510073986,0.08223511113524065,0.06123093527055383,0.0247626717661811,0.2063154091341857,0.1815527373680046,0.14967488967372278,0.09285036849932872,0.0623910831218136,0.3261321099383287,0.2637410268165151,0.10584434523149637,0.07278525128963599,0.0413281574404149,0.2752488213097198,0.23392066386930488,0.105117902398889,0.0864179791654191,0.0223798592590205,0.4119130047107122,0.3895331454516917,plausible
Thenuri,4,02,1,126,1.2500000000000004,0.20349350410903286,0.22524875347373535,0.0291582764105487,0.8991910641059814,0.8700327876954327,0.15074785735964882,0.07126562545421411,0.0246518205610267,0.2728583179274388,0.24820649736641212,0.16979302388040718,0.04860600213680867,0.0791930866127485,0.2531526494862128,0.1739595628734643,0.183371532316202,0.1754171406733503,0.0580654418260722,0.684267000224003,0.6262015583979308,0.1195209084278965,0.06363483738969951,0.0115858369875028,0.2345262126584156,0.22294037567091282,0.14941871257437214,0.07111935320389837,0.0159092660341229,0.2628461458609748,0.24693687982685192,0.04943903553998009,0.018489473517661385,0.0061437297086129,0.0736682285479391,0.0675244988393262,0.05766442644381817,0.025378760631328268,0.0087746077764405,0.1020746869787512,0.0933000792023107,0.061266713077402356,0.022119592702644124,0.0272350254804061,0.0949768414070089,0.0677418159266028,0.03321689393489254,0.018232768717232305,0.006408746579636,0.0691019287699824,0.0626931821903464,0.03665621473725565,0.019176970872920255,0.0116409429282964,0.0707693469672329,0.0591284040389365,0.045374375643335935,0.026444988445625577,0.0101185130630025,0.0849074077109446,0.0747888946479421,0.3463896779816928,0.21871942715828968,0.181298838904443,0.9177149906507162,0.7364161517462732,0.11742281701456495,0.06089028420698454,0.0203294825868847,0.2586059788137983,0.23827649622691363,0.1654072826443518,0.06876148068459009,0.0173886757144171,0.2930497811308608,0.2756611054164437,0.33609998162968924,0.2376382541201552,0.0348949978533394,0.8348630648397674,0.799968066986428,0.14433048646777938,0.045950518567759016,0.0672980042875113,0.2406689469103456,0.1733709426228343,0.1323750502988913,0.057056369287512565,0.0518291826322966,0.2857590515159116,0.23392986888361497,plausible
Thenuri,4,02,2,120,1.1899999999999995,0.35313367717531224,0.22269207854805176,0.1227779597998961,1.137459033916054,1.0146810741161578,0.21679519819823406,0.1145159090796135,0.0187126110204196,0.3926087054466897,0.3738960944262701,0.18891932524977756,0.06793965285794878,0.0515989621786466,0.2937803622084626,0.242181400029816,0.328058658225076,0.18901043820575836,0.0581444387533893,0.68211959477983,0.6239751560264407,0.1483345655145804,0.06318915617249904,0.0116731422638827,0.2490885547427505,0.2374154124788678,0.21527575928712211,0.11151639689179746,0.0113868912225983,0.379133681396547,0.36774679017394873,0.058025435851080095,0.017958687927112832,0.0107283267563393,0.0883592396746255,0.0776309129182862,0.07521008190707663,0.02987325922041532,0.0185549359779406,0.1313969634458457,0.1128420274679051,0.09895386500497594,0.03360880680429186,0.0188101960332255,0.157705043923976,0.1388948478907505,0.04921829669489862,0.015473840224649,0.0198115275881458,0.0703508497546903,0.050539322166544505,0.03954056172588781,0.010614968747707757,0.0201369209048572,0.066843529192212,0.046706608287354796,0.05196296914893434,0.023534632002200132,0.0172250001068856,0.1073799133884361,0.0901549132815505,0.42019240603172003,0.1995843395136005,0.2319367686343918,0.8954975081698746,0.6635607395354828,0.19158004106533777,0.0818708261044901,0.0443386531648042,0.304336717313555,0.2599980641487508,0.1933713531528047,0.07638212784448348,0.0457989030272297,0.3235144361796321,0.2777155331524024,0.3629024676334539,0.2245683889934253,0.0788441876260414,0.8472124850714974,0.768368297445456,0.18458268889759086,0.07587809957952299,0.0595723259029755,0.3369468421151605,0.277374516212185,0.2084005270273061,0.0905852543633038,0.0390176536587938,0.3424621939599466,0.3034445403011528,plausible
Thenuri,4,02,3,114,1.13,0.4255658550189577,0.2897725717299747,0.1324395641443988,1.166770574710983,1.0343310105665844,0.2104239244425689,0.08068950867597126,0.0388080822858216,0.3396557601885495,0.3008476779027279,0.21219435291751987,0.04770523986672394,0.1430290358924522,0.3026967048479973,0.15966766895554513,0.3341138737561334,0.20153935056563757,0.045405211432454,0.6800930979600791,0.6346878865276251,0.14925340135305953,0.06918832023081174,0.0281021881042167,0.2699281599742571,0.24182597187004043,0.2090794868985947,0.08325004392157971,0.0287367365363229,0.3287441891594042,0.30000745262308126,0.04318579738818678,0.018321868225039728,0.0114500393294351,0.073283445381223,0.0618334060517879,0.05882757407635101,0.028739242550276982,0.0163765526486762,0.1117555657459079,0.09537901309723171,0.09453863869271531,0.02131124280702289,0.0593248140511084,0.1284863089457963,0.0691614948946879,0.04686871019060552,0.028518474839048024,0.0160093141505928,0.106414581131577,0.0904052669809842,0.03618918752332586,0.02191372180261429,0.0023439524976199,0.0844790064312963,0.0821350539336764,0.053425142370114455,0.027950213502833783,0.0103244215223293,0.1045072030730239,0.0941827815506946,0.41750185853750676,0.23457074661113955,0.154845191800551,0.9824786563718076,0.8276334645712566,0.18396010811402086,0.0955615009173181,0.0327077722058083,0.3518338584208039,0.3191260862149956,0.20429059335272418,0.07983198768719653,0.0509344811980943,0.3394261255596643,0.28849164436157,0.37653440664718535,0.27355029232993405,0.0626564936870198,0.9209664131243608,0.858309919437341,0.17884508704455268,0.05357238785831547,0.100899428539881,0.2813954406555127,0.1804960121156317,0.19999484283472493,0.09992626143443753,0.0188543804819064,0.3476664303066185,0.32881204982471207,plausible
Thenuri,4,02,4,115,1.1399999999999997,0.4420796423348438,0.2635747272090833,0.1418982881152199,1.1527183498799878,1.0108200617647678,0.1687484437277255,0.07073022690414926,0.0291455174860153,0.2959690656247732,0.2668235481387579,0.20759538828608426,0.04819189264886254,0.1237179068112112,0.2958498432797029,0.17213193646849168,0.3463343967615512,0.19589263397204085,0.0598330461890441,0.6693843996636623,0.6095513534746182,0.14354492455159285,0.07291154761290314,0.0315584181460893,0.2886325749546163,0.257074156808527,0.1725128333302421,0.07235370337161628,0.0279002189085508,0.284539145417815,0.2566389265092642,0.05423521886199113,0.017169300086354342,0.0158402429737546,0.0789349351408272,0.0630946921670726,0.08112256056354597,0.02238710543265417,0.0315328377277651,0.114949617677516,0.08341677994975091,0.09705034500586461,0.036836701666204556,0.0176818091795824,0.1521509189210673,0.1344691097414849,0.04859466445697433,0.018019202000649576,0.0155195286528435,0.077653553890192,0.062134025237348504,0.0463246287791992,0.01875940661911671,0.0123545934831054,0.0831557551484061,0.0708011616653007,0.06026758873397805,0.028617664207541946,0.0128724786506074,0.1197048703838649,0.10683239173325751,0.42696457543929295,0.214911375027344,0.1850182993765888,0.9437266921252464,0.7587083927486575,0.2421093633720697,0.11735649254531512,0.0279115273513696,0.4404911782032365,0.41257965085186693,0.2080664239623913,0.0756874476678721,0.0628551924809402,0.3332655935761065,0.27041040109516634,0.36950124112296767,0.2602254296472946,0.0782586101968712,0.8932656827743929,0.8150070725775217,0.2002011522541821,0.0817406715477667,0.0827958725531773,0.3461570925885492,0.2633612200353719,0.2662163916832392,0.12641240631815306,0.0274974736496905,0.4423643368486432,0.41486686319895266,plausible
Thenuri,4,02,5,114,1.1300000000000008,0.42230285480249175,0.2680334698241286,0.1400433734822028,1.1048612683038002,0.9648178948215973,0.2343921443141961,0.09728484098812643,0.0785372432027107,0.3745517704147433,0.2960145272120326,0.22280955356749396,0.06238886668418793,0.1493717803458754,0.3539708579276029,0.20459907758172752,0.3293181677245508,0.20007665929759313,0.0434495810161829,0.6660594934384074,0.6226099124222245,0.14658857767750527,0.06914065394505857,0.0142504734113415,0.2450952743895464,0.2308448009782049,0.23306066596502206,0.10788358185598469,0.0373198977615755,0.4201073837023793,0.3827874859408038,0.05820471002770278,0.019480194266589982,0.0173228497216782,0.0867850692155556,0.06946221949387739,0.08171547393388662,0.03318278896387485,0.0094955123144955,0.1242071507795928,0.1147116384650973,0.07394548161338907,0.0312463223660091,0.0123164884508603,0.1342114848869219,0.1218949964360616,0.052685677700201584,0.020457485270618924,0.0202158588937386,0.0900202925729714,0.0698044336792328,0.04171659259610845,0.014413491911416665,0.0116281576407571,0.0676542085539324,0.05602605091317529,0.061863855638411104,0.02272425364343094,0.0225921688740766,0.1053332700941032,0.0827411012200266,0.42747360900204634,0.2297616086786004,0.2050809799279357,0.934724874653056,0.7296438947251203,0.27015756999710916,0.133326378683371,0.0309192033773069,0.4439972222518347,0.4130780188745278,0.21224099490641715,0.07102558016886848,0.0739754318864023,0.3366627109924893,0.26268727910608697,0.3665857844913282,0.2596735221366543,0.0506265244297916,0.8803016168755945,0.829675092445803,0.24246287690312995,0.09779097457180722,0.081136649845441,0.4132182057321968,0.3320815558867558,0.29289571706029816,0.14634322550774986,0.0414059848177108,0.4859077247702733,0.4445017399525625,plausible
Thenuri,4,02,6,114,1.1300000000000008,0.4298806841048724,0.27052846206327047,0.1383854511234202,1.174482561796877,1.036097110673457,0.24415305214685706,0.1067652756796511,0.040165892785415,0.4037388692930769,0.3635729765076619,0.2316915119228588,0.06586586295256583,0.1504495799342748,0.368032092144646,0.2175825122103712,0.3344845324978873,0.19481724985901586,0.0470372166127729,0.661989606682748,0.614952390069975,0.176548262710163,0.09270269006570965,0.0470039974720917,0.3630715010911598,0.3160675036190681,0.2415496390145015,0.1111501658602397,0.0254920549475484,0.4039155079806376,0.37842345303308916,0.047156328029887555,0.015980911789792773,0.0114131792066616,0.0702951492989287,0.0588819700922671,0.06565136761687562,0.02403285580467932,0.0166396711104662,0.1065474249002234,0.0899077537897572,0.07068735550506418,0.028039514001147507,0.0164133358877088,0.1217072553828058,0.105293919495097,0.0586022745066721,0.0263714424896804,0.019136280774672,0.1143742477570577,0.09523796698238571,0.054630829161866956,0.021001447666211287,0.0076378481493177,0.0906604532481897,0.08302260509887201,0.07320025399554582,0.03073471442900161,0.0257745642253125,0.1194542794324151,0.0936797152071026,0.44676156959521857,0.24209688039473942,0.1929846558990236,1.0328167111078843,0.8398320552088607,0.24267454913483327,0.10523780343363384,0.0603504048195036,0.3802214439353183,0.3198710391158147,0.21592107592098658,0.07163862663589905,0.0878313089351912,0.3524279375586147,0.2645966286234235,0.3689185680754496,0.23611140077748133,0.0845709050079499,0.8339842240665724,0.7494133190586224,0.21390245677358413,0.07610225197093654,0.0750322222534692,0.3515542464106642,0.27652202415719496,0.25847194793711065,0.1096083168789459,0.0705100008278333,0.4260504952518946,0.35554049442406127,plausible
Thenuri,4,02,7,113,1.1199999999999992,0.44725160823626076,0.28985831804953843,0.1479367767076283,1.2210820716945336,1.0731452949869054,0.26743198026363524,0.12988943084011031,0.0110672889008182,0.4583034190853284,0.4472361301845102,0.20836048655221998,0.06907631817380916,0.1006296037207453,0.3467748060122787,0.24614520229153342,0.33989846597307727,0.19220498667306418,0.0652172604582829,0.659270617957468,0.5940533574991851,0.1757734927131635,0.08135756538103257,0.0312029644594773,0.3252950993580269,0.29409213489854963,0.2705284635026279,0.12815910064363475,0.0184250279879909,0.4472348833314153,0.4288098553434244,0.05368842421903389,0.016824833185307225,0.0111112109257064,0.0729955014406496,0.06188429051494321,0.07436248483763377,0.02861358505377671,0.0095392113739886,0.1223894073324404,0.1128501959584518,0.09887199630285762,0.029670686737059335,0.0250106705186099,0.140014678042871,0.11500400752426108,0.06366153603013036,0.029886003656941162,0.0178828439016527,0.1286041947145005,0.11072135081284779,0.058503790610491525,0.01963500229307792,0.0125517230640514,0.089567104720966,0.0770153816569146,0.07888996483683465,0.03180934424931225,0.0153138594750189,0.1283952182020316,0.11308135872701269,0.4102038778627897,0.2122544785562239,0.1450915291497435,0.9080308037695948,0.7629392746198513,0.23767161131751394,0.11019972388589612,0.0458817435898974,0.3959390750767028,0.3500573314868054,0.20703405381707246,0.07393312983794834,0.0666790295656541,0.328413451692712,0.26173442212705794,0.34263869061932634,0.22793395786779908,0.0585760008621468,0.8049150782453206,0.7463390773831738,0.18883337744495868,0.05803882945679608,0.0976284408178647,0.305665699648344,0.2080372588304793,0.25158254047399675,0.11890843782308591,0.0612103564735258,0.4231041868798512,0.3618938304063254,plausible
Thenuri,4,02,8,114,1.1300000000000008,0.447166198443664,0.292035128316707,0.1069663430497701,1.2120498678865206,1.1050835248367505,0.22682459690496495,0.10425355401111774,0.0421754847682426,0.3717223832663074,0.3295468984980648,0.21839994173444477,0.06318570751957395,0.1105520224174056,0.3439058465830782,0.23335382416567263,0.3361638282440986,0.19675833472444848,0.0414894144777618,0.6423732463651322,0.6008838318873704,0.1927486961711421,0.09873310688134447,0.0622049626596443,0.3645047420899098,0.3022997794302655,0.2361825170926266,0.11135148533895955,0.0378636916363667,0.4166821046597762,0.37881841302340946,0.05718668520404909,0.012884971489596395,0.0364676056915971,0.0845463253907717,0.0480787196991746,0.08086293698388483,0.02382029007120396,0.0228700867472275,0.1237333100519991,0.1008632233047716,0.11539961907724908,0.029185821625647604,0.053837571925983,0.1555162215005098,0.10167864957452681,0.053805246913760006,0.021028028808616407,0.0172151172337208,0.0944284349552838,0.07721331772156301,0.0495296077243801,0.01644668556292848,0.0154134008033958,0.0751718064917595,0.0597584056883637,0.07023972166015854,0.02761907055329293,0.0276642289915172,0.1156789186048502,0.088014689613333,0.41878429685582974,0.2220569792706848,0.1645822889798306,0.9304687262531688,0.7658864372733382,0.26900703143221866,0.11907139268840099,0.0725128961217155,0.4912969167590432,0.41878402063732767,0.20573215439138554,0.07385637339619261,0.0834335167904113,0.3517358819349832,0.26830236514457184,0.3661438390562058,0.2459793684699616,0.06720802741405,0.8588652890593366,0.7916572616452866,0.2048149438512594,0.058359165029024336,0.0909000995584599,0.3002226356304336,0.2093225360719737,0.2784797461460669,0.11843053221224072,0.0817444733179119,0.4583288141782237,0.3765843408603118,plausible
Thenuri,4,02,9,111,1.0999999999999996,0.4462446134773332,0.2917003011388718,0.1091328734966956,1.2291853113940636,1.120052437897368,0.2617143478467341,0.1299971638376317,0.047767551064384,0.4925952236146975,0.44482767255031347,0.20950340065178036,0.06537473280429883,0.1199976451695435,0.344375326567108,0.2243776813975645,0.3365950813963893,0.19626794220524896,0.0552034959131651,0.6560923560694089,0.6008888601562438,0.18565877093224004,0.1096179362540109,0.0217071887481563,0.3817561005079798,0.3600489117598235,0.2556846585077852,0.11238013425707316,0.0385672479621019,0.4378105383071125,0.3992432903450106,0.05651366134316866,0.018190402520290104,0.0177068327522088,0.0913550247599141,0.0736481920077053,0.08413782220807232,0.03296400845359192,0.0243334346962521,0.1430382920090879,0.11870485731283581,0.07677788855331394,0.026872395810507405,0.0207736690211276,0.1177760728851644,0.0970024038640368,0.05345056094328641,0.022029954453149744,0.0185430026976321,0.0960507240654019,0.07750772136776979,0.049787607536435255,0.016275788454944113,0.011486902171224,0.0801658703289471,0.0686789681577231,0.06398014485401968,0.023499893090802193,0.0162807693380849,0.0987947643912301,0.08251399505314519,0.4226122789611431,0.24439130991936348,0.1268465393057388,0.9917120397133672,0.8648655004076284,0.30827656663776526,0.12479664571034049,0.0143194307070249,0.5055535037058786,0.4912340729988537,0.2069599535080293,0.07900704177612104,0.0582873452525683,0.3377986590013975,0.2795113137488292,0.36953982794105245,0.2344123923336415,0.0836079346085441,0.8276038182830948,0.7439958836745507,0.2258906379028684,0.08076820651957729,0.0833905952490183,0.3589424610070708,0.27555186575805246,0.3415784370955736,0.1616387319683999,0.0692400647334742,0.6314265437764138,0.5621864790429396,plausible
Thenuri,4,02,10,115,1.1400000000000006,0.4618041245741695,0.2894113671720077,0.1157522294768722,1.2129295589083269,1.0971773294314546,0.2299745633301009,0.11304372643293113,0.0339452054887864,0.4293761390368823,0.39543093354809594,0.21038156021643406,0.057216692117776316,0.125323150036851,0.3309828598345243,0.2056597097976733,0.35114650989890733,0.19295241569001123,0.0576268394588576,0.6671972621095763,0.6095704226507187,0.19086551799872628,0.10719619299049764,0.0376867835867465,0.3850222762287684,0.3473354926420219,0.2397941928952395,0.11050875174522568,0.0518875397756151,0.3799938276509546,0.32810628787533946,0.05037923927207348,0.014298110948637128,0.0246091952723478,0.0831139749548138,0.05850477968246601,0.0712371274740982,0.02256740429237141,0.0166029303494278,0.1048749669215217,0.0882720365720939,0.07662080867721247,0.030175748336712452,0.0132277280075882,0.125901595049442,0.11267386704185381,0.041881958324220016,0.016762406653972935,0.0145043078132702,0.0760676771379487,0.06156336932467849,0.03398805955917648,0.013558167759481632,0.0077566917989083,0.0638375446470276,0.0560808528481193,0.05609389985941097,0.020219439433147787,0.0079273737721233,0.098889286161176,0.0909619123890527,0.44607636635645137,0.2587805016899216,0.186113745772609,1.1015921880685715,0.9154784422959625,0.27971617199251314,0.12198535251895554,0.0793885535907274,0.4938576449114185,0.4144690913206911,0.21276227082004445,0.08078975247097503,0.0556965935180139,0.3428290278241324,0.28713243430611846,0.3546187690715792,0.23994536292803587,0.0561274397363975,0.8177970633513036,0.7616696236149061,0.20957116505790283,0.0862127856256963,0.0463934012079488,0.3514365434819456,0.30504314227399676,0.3171532406993485,0.15132311482403388,0.1038016174000707,0.5697241052801761,0.46592248788010543,plausible
Thenuri,4,02,11,114,1.129999999999999,0.4560554004587405,0.2787244849811615,0.0978321309244704,1.156702316271479,1.0588701853470086,0.29236783618097106,0.14701403995067278,0.0661928904137896,0.5639958059373901,0.49780291552360045,0.2270169254935651,0.0576963269478671,0.1395168300033687,0.346399597668813,0.2068827676654443,0.33930036073255165,0.2029473299930574,0.0218189016663537,0.6863061047684806,0.6644872031021269,0.20701010941734793,0.10208516786039325,0.0091864155199184,0.3883566015239976,0.3791701860040792,0.28333153075105466,0.12432755845642882,0.1040344923049201,0.4787032700483687,0.37466877774344864,0.06278921903610964,0.016500550342453776,0.0227691332345578,0.0853469143850926,0.0625777811505348,0.08829990748160113,0.02738658553661739,0.0245730471302437,0.1207763490400524,0.09620330190980869,0.08314941191216346,0.031119159261054328,0.0055735817929204,0.1263474256301775,0.1207738438372571,0.055601934838855706,0.02102632324608216,0.0182240132815168,0.0902318364046057,0.0720078231230889,0.047362791895757324,0.015825623351385265,0.0181360915756495,0.0751306839996584,0.0569945924240089,0.06546934946968473,0.021890626839692062,0.0172498554589483,0.1052793409144527,0.08802948545550439,0.42094107465165875,0.2170951644796701,0.1708236378694432,0.9427273974913868,0.7719037596219436,0.31449033163338475,0.13971294085070557,0.0895468481887699,0.5397625765194517,0.4502157283306818,0.21886802755608042,0.07343752256982006,0.0760196508338797,0.3468118377647368,0.2707921869308571,0.34485960058973486,0.23694387905848446,0.0203518608841455,0.7799444497648369,0.7595925888806914,0.21860050097183342,0.07681135498159024,0.0565822422792944,0.3124622940174414,0.255880051738147,0.3377374844451834,0.14972195993301732,0.0936069411711252,0.5552833828254324,0.4616764416543072,plausible
Thenuri,4,02,12,115,1.1400000000000006,0.4420708059158998,0.2900787291010724,0.1337748350767963,1.1865094497710311,1.052734614694235,0.3130235863482781,0.142707842691426,0.0569245101036946,0.5043771971426332,0.4474526870389386,0.20762791339350128,0.06758986113678911,0.1138891806820653,0.34636466065364,0.23247547997157472,0.34173647224409964,0.194327331975372,0.0301026592185352,0.6475686064195407,0.6174659472010056,0.216504255592557,0.10211073416754844,0.0596061290375667,0.3956478217260972,0.3360416926885305,0.3130941380816472,0.14681323485554068,0.0159350555850255,0.532916632337646,0.5169815767526205,0.05505800956582875,0.020393085410627208,0.0062827832327207,0.0904365732906739,0.08415379005795319,0.0808646831954635,0.03215887941024391,0.0156235225398248,0.1327972847623394,0.1171737622225146,0.08942554327549997,0.03666814412474471,0.0309284481790853,0.163364647165969,0.1324361989868837,0.05312682717040972,0.026384734985439515,0.0081585319510119,0.1024827768688491,0.0943242449178372,0.049888850325801995,0.019976300585774407,0.0084770725137212,0.0829083153699234,0.0744312428562022,0.07546401316978439,0.029910742177391623,0.0087031759032699,0.1288694617770558,0.1201662858737859,0.44715823105192437,0.23651482952489047,0.2275942075457043,1.0273364014784292,0.7997421939327249,0.3133721213186233,0.1358764257004848,0.0332981065796029,0.4963270912676595,0.4630289846880566,0.20547991937753118,0.07133642059386325,0.0686680208206125,0.3354955180932573,0.26682749727264476,0.36372897194472764,0.20118840400944987,0.088784470411407,0.763824058431498,0.675039588020091,0.225250148538478,0.10419450909354395,0.0492366423664286,0.3702324431040191,0.3209958007375905,0.3733914726462178,0.16449815555639122,0.0835810445210013,0.6333883799073315,0.5498073353863302,plausible
Thenuri,4,02,13,115,1.1400000000000006,0.43378035529061504,0.2991063931267445,0.0730280272309575,1.1366541365409966,1.063626109310039,0.2609355308239177,0.1447068953414056,0.0567634955743363,0.5288593481343388,0.47209585256000247,0.2199881387927026,0.05884374955932834,0.1368532111662386,0.3444701202184431,0.20761690905220448,0.3381326833020825,0.19600210848264502,0.0460105386830029,0.655949192223172,0.6099386535401692,0.19915452624883212,0.1252037269389535,0.0458161991179878,0.4193189090033727,0.3735027098853849,0.26605311984452085,0.13447750412971984,0.0256030972128828,0.4640429565751265,0.4384398593622437,0.056794910311891385,0.020825745276572206,0.0087601170995564,0.0863902052084778,0.0776300881089214,0.08339789841853401,0.027921453410257334,0.0134438399229126,0.117738457565795,0.10429461764288239,0.08972364553342227,0.02873591138231046,0.012434535240167,0.13106873098496,0.118634195744793,0.05137241592305336,0.022760731940507904,0.0264698125499494,0.0983241785426205,0.0718543659926711,0.04056912287789393,0.018980000314690527,0.004017647952831,0.0741181396438343,0.07010049169100331,0.05422946143962664,0.02614158489660784,0.0139784536840638,0.1000566918724947,0.08607823818843091,0.4347603857434053,0.22483682986530582,0.1988579489080001,0.9672901660562864,0.7684322171482862,0.2986210042334519,0.13960820670914723,0.0706314987754957,0.5306008584252698,0.45996935964977415,0.2077248989623744,0.07228412156132859,0.0581095267452001,0.3339480853182047,0.2758385585730046,0.3541909591100225,0.23145155614447244,0.0492845301478462,0.797434205639046,0.7481496754911998,0.22839956129259364,0.09862869692792953,0.0382900691714868,0.3502740389723143,0.3119839698008275,0.36574094051252737,0.17570279214825038,0.0673951334318116,0.6578885697586044,0.5904934363267929,plausible
Thenuri,4,02,14,118,1.1699999999999982,0.45462757678907884,0.2793458492307938,0.079746028986829,1.2583693730633894,1.1786233440765603,0.25379035217183105,0.13668562259481876,0.0442049066119508,0.5062824105454976,0.4620775039335468,0.21417902459374402,0.06483545154644041,0.1090472455360367,0.3389122382100848,0.2298649926740481,0.3464982511340481,0.19681493366855707,0.0445569817947015,0.6673967377444727,0.6228397559497713,0.18549302394040004,0.10079349867277859,0.028589316843405,0.3447683080530667,0.3161789912096617,0.24161247837008004,0.10523761462434947,0.0524229556412423,0.411248539954763,0.35882558431352074,0.05344878031005133,0.017656555929997857,0.012426025669552,0.0911355074128324,0.0787094817432804,0.07734887989392944,0.02343621513126749,0.0129079222525809,0.1110780044250932,0.0981700821725123,0.09073858331473095,0.02901100999190371,0.0123319307227878,0.1486515930108784,0.13631966228809062,0.0519164096098213,0.020245783473289057,0.0132304406417152,0.0919753024383662,0.078744861796651,0.048466223395346626,0.01583787834210425,0.0234130644510783,0.0811508368549953,0.057737772403917004,0.05979792616054714,0.024582820177607264,0.0253691187198757,0.1107554067287953,0.0853862880089196,0.42523440861444384,0.2395659098157293,0.1701737542793765,1.0121470280660232,0.8419732737866467,0.3128669452237404,0.12667640812633602,0.0642752410418859,0.5090314972862947,0.44475625624440884,0.20768492562565535,0.07024749907544062,0.0687248574250544,0.3281754775147595,0.2594506200897051,0.35619268242558594,0.216457781477854,0.0643081837548533,0.7467262002675706,0.6824180165127174,0.24386620734596617,0.09066043407386086,0.0614937659315908,0.3668577471138589,0.3053639811822681,0.40220643383350824,0.18343940622377122,0.0826291520819418,0.7056996783171013,0.6230705262351596,plausible
Thenuri,4,02,15,117,1.1600000000000001,0.45670461062441436,0.3051027696213281,0.1118456692493696,1.245351925222213,1.1335062559728433,0.2990426131811591,0.1253897647134478,0.0891007419402126,0.5238793126504415,0.4347785707102289,0.2390746618480026,0.049005845667901046,0.1752555594937407,0.3495494801590652,0.17429392066532448,0.33405553990125925,0.19911482995835433,0.0228043281367553,0.666553582445981,0.6437492543092257,0.21616517711636726,0.10002556035487596,0.0617349096781377,0.3863293563877264,0.3245944467095887,0.28982634546700325,0.09740418635302416,0.1387389555789035,0.4285728710330161,0.28983391545411263,0.06412540750516228,0.019262198854104993,0.0149936973058878,0.088706565950183,0.0737128686442952,0.08323482738588575,0.02453423325057421,0.0254809287980576,0.1192705326752646,0.093789603877207,0.08946861355738521,0.032216271261740176,0.0214563260990688,0.1379478800863587,0.11649155398728989,0.05619030328172743,0.019807192930229287,0.0161397065610616,0.0967490518397109,0.0806093452786493,0.04456600065522915,0.015034174726987677,0.0042097010103101,0.0693615559039531,0.065151854893643,0.06134181930002731,0.02314726660748782,0.021969677432902,0.1145006503850202,0.0925309729521182,0.4272820901909301,0.23475534754102292,0.1749457249290915,0.9865768383934468,0.8116311134643552,0.335781272380892,0.12873083097263233,0.1022622761280045,0.5511533630486943,0.44889108692068985,0.21953442249989286,0.07437077178135204,0.0754320028468105,0.3428237624467928,0.2673917595999823,0.354389719026733,0.2177678961909639,0.0311664477008999,0.7426912160188539,0.711524768317954,0.22744996762939942,0.0788012583827347,0.027608769452616,0.3194609455634785,0.2918521761108625,0.43857765501427703,0.2192972631678975,0.1269353364717401,0.7796401818704548,0.6527048453987148,plausible
Thenuri,4,02,16,114,1.1300000000000026,0.45483183673192434,0.27504876524855315,0.1617329699237955,1.192932697789694,1.0311997278658984,0.28032031699321647,0.12206757279878692,0.0208364678370023,0.4968146543498041,0.47597818651280177,0.2138178322722096,0.06691841564148664,0.1280272915586752,0.3588405146011355,0.23081322304246027,0.33858981778173297,0.18628908790472928,0.0560258752423741,0.6681357717915212,0.612109896549147,0.2108911961127267,0.11452831645976047,0.0137363478316527,0.4045521620779046,0.39081581424625195,0.28162495107245555,0.11028443421244626,0.0245986023256949,0.4048691597337151,0.38027055740802024,0.04116901709273046,0.01518503360623317,0.0166425246758746,0.0880601304519383,0.07141760577606371,0.068149383836798,0.024164721915411302,0.0105765300233165,0.1179937085592578,0.1074171785359413,0.06255070755509823,0.025419367295702266,0.0169822534150512,0.1376979143566396,0.1207156609415884,0.06477773946892657,0.029237407026601547,0.0160575174689023,0.1220070715694507,0.1059495541005484,0.0636963074873008,0.02758287744362808,0.0102670306089477,0.1148757181888027,0.104608687579855,0.08000865602121428,0.03310425977156111,0.0187694238007021,0.1330129344347143,0.1142435106340122,0.43699714165259773,0.23830725370371936,0.2034828088905742,0.998569892963116,0.7950870840725418,0.3190670142962432,0.16424204957621488,0.0295341927626043,0.5539392744495643,0.52440508168696,0.21185527084777891,0.07756720947642586,0.0612994671149015,0.3417292758713031,0.28042980875640156,0.35608254181854326,0.20745488969314524,0.0586923370419963,0.7013148561510296,0.6426225191090333,0.24400488007344126,0.09748324913408705,0.0278133128499872,0.372762170479883,0.3449488576298958,0.4659373681413231,0.24571756518113885,0.1366767754274168,0.8827528497845436,0.7460760743571269,plausible
Thenuri,4,02,17,114,1.129999999999999,0.4405978519192326,0.29041097539494026,0.0891764155737353,1.1895090177630478,1.1003326021893125,0.285165661013518,0.1971803477338627,0.0438004194781722,0.6513313396107218,0.6075309201325496,0.2253464931784688,0.0623494336494946,0.1250658354522083,0.332486987243983,0.2074211517917747,0.3416858773738885,0.19510471217702782,0.0188215238578965,0.6493734017615908,0.6305518779036943,0.19827239488968368,0.09531319747843783,0.0504416794529078,0.3563316364418762,0.3058899569889684,0.2932305712674717,0.15241185516150144,0.0105210483772397,0.5635303098572445,0.5530092614800048,0.06615708372847941,0.021800064415109878,0.0293632187413255,0.1076326306082199,0.0782694118668944,0.08828965952952102,0.03273867682370638,0.0273653723522744,0.1546287962410449,0.1272634238887705,0.08359195764484223,0.03226419044796494,0.0254783485110566,0.1461580665749041,0.1206797180638475,0.06411885318187649,0.01883901291353102,0.0190016318478519,0.0925098823396171,0.0735082504917652,0.05181880774822345,0.01901382369764996,0.0162928523987719,0.0910707271184956,0.0747778747197237,0.07677725535500517,0.023140503474303815,0.0233416314368545,0.111845256859523,0.0885036254226685,0.41284802739254534,0.205552845624118,0.1711625755988388,0.8818333194707899,0.7106707438719511,0.38371216040879647,0.18945217043217671,0.0324251228902379,0.6884310781753346,0.6560059552850966,0.219017920188831,0.06265726928030854,0.117408358661897,0.3250706209859416,0.20766226232404458,0.3551181513149613,0.19816474055778927,0.0510857429109253,0.6677847373961442,0.6166989944852189,0.26943717464123657,0.10339061923105351,0.0196438067342165,0.4030451236920267,0.3834013169578102,0.5513555767544783,0.2658195378272342,0.1248721069608432,0.9688987293687692,0.844026622407926,plausible
Thenuri,4,02,18,121,1.1999999999999993,0.4498662894736191,0.29298821947147524,0.1332656086135318,1.1606996530854796,1.0274340444719479,0.2821963571501848,0.15682133065607476,0.0505995099185515,0.5897973549477509,0.5391978450291994,0.2087358504169491,0.06006980051533099,0.1307851283871486,0.3333353898312834,0.20255026144413482,0.3376852627495826,0.1903070422415826,0.0276661066788304,0.6430772954946572,0.6154111888158268,0.21301583784361666,0.09338238024961891,0.0312720618762298,0.3483290298235931,0.31705696794736327,0.2722503006767837,0.13449746311278635,0.0680990740268369,0.4954862447544081,0.4273871707275712,0.057394681953321806,0.022792829778778414,0.0199544905940764,0.1057395450645302,0.0857850544704538,0.08490574554072089,0.035987482585470375,0.0307596527208929,0.1536655694869997,0.12290591676610679,0.08357823754314914,0.037989800425304775,0.0283196264032013,0.1444405806445973,0.11612095424139601,0.06982992397420833,0.04659270723959189,0.0089673160319034,0.1712443368072681,0.1622770207753647,0.06406312429333934,0.043619505803280285,0.0088338577622081,0.1499365447088063,0.1411026869465982,0.08156595213071643,0.04438594120278868,0.0077579714524036,0.1567601047715802,0.1490021333191766,0.41065118172409076,0.22773162528652205,0.1652582924882407,0.9733216047623808,0.8080633122741401,0.31178265293410784,0.11996799597887896,0.1154226160291454,0.5694857773622491,0.45406316133310376,0.20765477716266767,0.07220115370957324,0.0696029934390451,0.3360027515444139,0.2663997581053688,0.34399562250827115,0.18450535788774416,0.0480112958222338,0.6614538763862824,0.6134425805640485,0.26829559291156174,0.11313599482381351,0.0178069811355339,0.4138849597465519,0.39607797861101796,0.502578370397462,0.21006375291604282,0.1876212639189559,0.8336477098931465,0.6460264459741907,plausible
Thenuri,4,02,19,121,1.1999999999999993,0.43298006969054614,0.26120944967460613,0.1034069563135478,1.0862634275227725,0.9828564712092247,0.3254426789763313,0.14772938142546269,0.0645492618738841,0.553889924697152,0.48934066282326794,0.22418756858344885,0.05398657491269132,0.1518075508296258,0.3425365529154219,0.1907290020857961,0.33315039921901984,0.19097953269133278,0.041143206920014,0.6500824536850129,0.608939246764999,0.22382811274409842,0.07954267778642718,0.0719631396573004,0.3404111514169006,0.2684480117596002,0.3274421014152328,0.16519439506004882,0.0323087417630854,0.5765563323425682,0.5442475905794828,0.07437710704387587,0.0220304149542423,0.0296006584907379,0.1241347974144585,0.0945341389237206,0.10160372495419588,0.03336550541763607,0.034482118483642,0.166237380103602,0.13175526161996,0.1050157996932902,0.040538556144500526,0.0083874481163281,0.1971082124434749,0.1887207643271468,0.0508155686186302,0.018738699678311568,0.0191232128372007,0.0830836651967342,0.0639604523595335,0.04504282415584028,0.01723537738828521,0.012621246098424,0.0702372390839669,0.057615992985542895,0.06750075649526725,0.023006400035665613,0.0098790535301799,0.099553698688572,0.0896746451583921,0.43338813723468633,0.2573886665306227,0.1840187485505187,1.0007611566472332,0.8167424080967145,0.30465515693002554,0.13961771631081268,0.0834554220938298,0.527278893321825,0.44382347122799515,0.21468551406878159,0.06938527047352791,0.0844683022202028,0.336102806533963,0.2516345043137602,0.3624873160411916,0.2166677092825243,0.0662273496945185,0.7386507924599128,0.6724234427653943,0.2678087516648224,0.10155082797122957,0.0466994374015236,0.3980324561922289,0.3513330187907053,0.5298901326791389,0.23402148250846852,0.2052341788562395,0.9225634283238338,0.7173292494675942,plausible
Thenuri,4,02,20,125,1.240000000000002,0.44267822628360703,0.3117044979630362,0.1518708623787204,1.2186071823215836,1.0667363199428632,0.2632376713695257,0.19296935836928128,0.0772274111232595,0.6220418293298837,0.5448144182066242,0.23933728167601848,0.0592258331034556,0.1019807819591277,0.361760907340588,0.25978012538146034,0.3548214371241564,0.18231241876450893,0.0875876264276384,0.6427729102735711,0.5551852838459327,0.24757577061373018,0.12600420092760645,0.0418188486456444,0.4643397615813641,0.4225209129357197,0.21432530180526013,0.13765951921531117,0.0139182709708421,0.4770037448120451,0.463085473841203,0.06839682345820416,0.03756501916095558,0.0164504060864266,0.1446274227271307,0.1281770166407041,0.09279771312164962,0.04645577678677194,0.0170097921897912,0.1733398485121871,0.15633005632239588,0.1051745459230592,0.044136574729127645,0.0413990615872,0.2183729180676972,0.1769738564804972,0.06201653782254079,0.03027004789148322,0.0199582657478483,0.1277965218675779,0.1078382561197296,0.05714618974293468,0.027506639325860983,0.0183413730746212,0.1064033217146021,0.0880619486399809,0.0712108948119405,0.03977006959742429,0.0205244844211677,0.138073959307115,0.1175494748859473,0.3310848584160249,0.19090228573307963,0.1315066755578099,0.807444845230903,0.6759381696730931,0.29267606588543743,0.14149694413493372,0.0328376308083106,0.4974034943963487,0.4645658635880381,0.1795340225474445,0.05189171540587659,0.086864689111699,0.2906121443414423,0.20374745522974327,0.3000648642444592,0.18828996228745593,0.0803847589438785,0.7031623209186144,0.6227775619747359,0.3039385523426371,0.108695532142234,0.1046563128619419,0.4410941903752639,0.336437877513322,0.5059340684247772,0.22782720935949974,0.2169127487756767,0.8906152511574086,0.6737025023817319,plausible
Thenuri,4,02,21,51,0.5,0.4708209019488359,0.2102276756971391,0.1506647181533751,1.0001505040631735,0.8494857859097984,0.21378274373971298,0.050368262413861234,0.1359312956527337,0.284167690360844,0.1482363947081103,0.09167060015678612,0.018584065799806114,0.0562245710781033,0.1188156527163282,0.0625910816382249,0.4701272148294921,0.1912552400611877,0.0487080545389074,0.7112042519092331,0.6624961973703257,0.04640633041461926,0.029129154252777092,0.0100270873867657,0.1076082286423913,0.09758114125562559,0.09855891606178388,0.045591979683569865,0.0233100862935691,0.1554784328372092,0.1321683465436401,0.035496003398526293,0.011483135178555768,0.0152591947740528,0.0536966248705489,0.038437430096496104,0.04119876104277551,0.012810915863742093,0.0110177870522807,0.0518405732801447,0.040822786227864,0.0887515614941734,0.014932872048687517,0.0450174448127802,0.1019867247474847,0.0569692799347045,0.06523401705720806,0.02476733296413563,0.0321470930035152,0.1043599737681747,0.07221288076465951,0.04307867969969538,0.021848679474086377,0.0169005936411917,0.0790109494877934,0.0621103558466017,0.07754310534048393,0.04274435396835499,0.0267858745374036,0.1472822654291261,0.1204963908917225,0.11785098865650775,0.01958852233057508,0.0843456071530433,0.1454450335578486,0.0610994264048053,0.26514579375762426,0.07355750960356316,0.1775316797589512,0.4319736397083307,0.25444195994937946,0.11399215784507574,0.07034066622768251,0.0172306878445907,0.2375432197893764,0.2203125319447857,0.27873473297994283,0.017897640767939947,0.2240164589447517,0.2966662848624133,0.07264982591766161,0.33090488743387664,0.08244600059088206,0.1485944959106512,0.431665656792892,0.2830711608822408,0.3475298581797808,0.130157307406722,0.1523890343626511,0.5318171616307572,0.3794281272681061,suspicious_short
Thenuri,3,01,1,83,0.8200000000000003,0.06348104177146287,0.009455606644613937,0.0521009547675775,0.093935710842552,0.041834756074974506,0.07989566175204833,0.039289670293205785,0.014971124469193,0.1691990104842272,0.1542278860150342,0.05271307944418068,0.013998412470760528,0.0295024078072902,0.0958651725348087,0.0663627647275185,0.08310778512889816,0.03246778985529094,0.0503445056237205,0.1671949100673311,0.11685040444361058,0.15135999500899613,0.022983753001407727,0.1084601776352859,0.1872210244339293,0.0787608467986434,0.08038350903608363,0.03923064017046429,0.0172597720826232,0.1707300394761139,0.1534702673934907,0.04848075765004296,0.009302329874253933,0.0242194334590658,0.0631850110964399,0.0389655776373741,0.04896699245383511,0.007461087290389739,0.0324070677105877,0.0634080593653799,0.031000991654792198,0.04549409834248349,0.0045993406792306435,0.0350247618380299,0.0601200095708222,0.0250952477327923,0.05303947258890652,0.01805701081104119,0.0275610762471242,0.0733287440662465,0.045767667819122296,0.047506842867900946,0.014675833793356977,0.0275849888190563,0.0671567816605349,0.039571792841478604,0.04311271832507081,0.01029118926902111,0.0128292236840967,0.0560867400218114,0.0432575163377147,0.09685440959653775,0.044368866721872464,0.033143108973279,0.1920197026623057,0.1588765936890267,0.06086381858416659,0.01844315437240709,0.0306854783122855,0.114521398934233,0.0838359206219475,0.08637836264527893,0.050506691909854705,0.0237878369719082,0.1643408017210903,0.1405529647491821,0.09386348544756476,0.0633500203421303,0.009258278986537,0.1983580920101038,0.1890998130235668,0.1726711998507329,0.06701957136045072,0.0956573734953309,0.2772447076539266,0.1815873341585957,0.062327487877451834,0.018974486224427305,0.0330680570744981,0.1162750484770512,0.0832069914025531,plausible
Thenuri,3,01,2,82,0.8100000000000005,0.06878757285485507,0.012504484181566109,0.0529581897888537,0.103842929431994,0.050884739643140296,0.10347119108675125,0.040468558969356104,0.0591975412099091,0.1918517938691323,0.13265425265922318,0.05011185115259114,0.02515388897646044,0.0087765850229267,0.0877390911029619,0.07896250608003519,0.0830586064935115,0.024592825988358546,0.0103071895650592,0.1065963098954377,0.0962891203303785,0.2237274531185134,0.03893729309584528,0.1284996952695311,0.2795627371906166,0.1510630419210855,0.10389975967221433,0.04288905562208792,0.0586822110324416,0.1984910292157126,0.139808818183271,0.10046960900044333,0.04881984607200297,0.0171092236686631,0.1576599896833879,0.1405507660147248,0.11224370929711296,0.05379328982414883,0.0189460019208091,0.1748843874243383,0.15593838550352918,0.10177665462608511,0.04792607212077088,0.0083701503039662,0.1566989391653679,0.1483287888614017,0.056554750769546726,0.018503187991927225,0.0284038610413188,0.0957614755561929,0.0673576145148741,0.06295864162882156,0.013923328746838291,0.0311657658538871,0.0929771548199376,0.0618113889660505,0.065589397547857,0.02290796586728373,0.0131992086561679,0.1182982484953186,0.1050990398391507,0.052738614535721304,0.01986028383435298,0.0212813661530219,0.1007732821815287,0.0794919160285068,0.13478339803284747,0.03384817292277749,0.0679328553096355,0.1819078442369588,0.1139749889273233,0.045197627025410025,0.020808269601081765,0.0077996857070277,0.0875103595589686,0.0797106738519409,0.05123526031313469,0.00957143553584296,0.0323055866066294,0.0657318349527868,0.0334262483461574,0.30004564453475213,0.050160990894407446,0.2252307498407583,0.3537692781182894,0.1285385282775311,0.13638575329638356,0.03897447153165559,0.0505091477720602,0.1866735264993931,0.1361643787273329,plausible
Thenuri,3,01,3,313,3.119999999999999,0.0509930450907242,0.040523539392821606,0.001553994857751,0.153721743303999,0.15216774844624797,0.04905876330077571,0.04252688848073413,0.0025716071967892,0.191224860065959,0.1886532528691698,0.05541869751357598,0.047766983015668396,0.0152447078558578,0.2438208027182486,0.2285760948623908,0.05041500926259862,0.02360463340833769,0.0113685592895164,0.0935097937288559,0.0821412344393395,0.038612164049259656,0.015537874557195679,0.0046152496207323,0.1216076488810218,0.1169923992602895,0.0487940555998511,0.041552201036451124,0.0017314929862177,0.182234914597325,0.1805034216111073,0.03679373873417105,0.020541551670725425,0.0067927455756953,0.0907823344070858,0.0839895888313905,0.039969064330599664,0.02376636521538184,0.0084297036124655,0.108665246449493,0.1002355428370275,0.04186774541306263,0.023756611250926492,0.0024410747832918,0.1067162978593919,0.10427522307610011,0.0364545499664951,0.02054163806584874,0.0049076776760341,0.0929209068560971,0.08801322918006299,0.03291303417748254,0.019628309703069446,0.0065048816479266,0.0875441235774263,0.0810392419294997,0.03274915158979725,0.024123138652984415,0.0026887338006846,0.1141101831940534,0.1114214493933688,0.05192858740207636,0.06514670535449794,0.0081169872021365,0.2953848413363399,0.2872678541342034,0.06868278290947769,0.04013199076931273,0.0217605242352212,0.1477144146503225,0.1259538904151013,0.06110826791316087,0.04924072805784263,0.016179482283766,0.2202411708526643,0.20406168856889828,0.06922473952820243,0.09066492451396153,0.0083044512353448,0.365010167703715,0.35670571646837024,0.13520838468988183,0.04798708641750959,0.0595387902493976,0.3275553235332667,0.2680165332838691,0.07098152530958436,0.042109204307456835,0.0178199547946048,0.1576130655018353,0.1397931107072305,suspicious_long
Thenuri,3,01,4,151,1.5,0.3111738379309736,0.1892010003625297,0.0425000463544906,0.8310243009301097,0.7885242545756191,0.1743667428247409,0.06868524894179183,0.0166048607234303,0.2821172569247276,0.2655123962012973,0.2073604576274302,0.07221153440311376,0.0840384943544779,0.3246940477443923,0.2406555533899144,0.26934822071110304,0.15046996197521675,0.0769500037058244,0.5785615191119436,0.5016115154061193,0.11596326230473948,0.05541683503062019,0.0254919180005557,0.2217207635328376,0.1962288455322819,0.18080286240518786,0.06881313159264875,0.0129987476626751,0.2963186040393913,0.2833198563767162,0.05253198822708055,0.019542366329289015,0.0171614333176152,0.083063010814943,0.06590157749732779,0.05873161243540185,0.027496720485120647,0.014502512282352,0.0998117732562637,0.0853092609739117,0.06318883469473129,0.02798432363514655,0.0136803589718728,0.0983146858268089,0.0846343268549361,0.0610375162287632,0.018005638253148756,0.0356829860747776,0.0939918417852045,0.058308855710426905,0.06542366813921398,0.015887112819570046,0.0392825959861286,0.0984785685265082,0.0591959725403796,0.07471729977166573,0.03211248310876546,0.0268738708889396,0.1583422926793369,0.13146842179039728,0.327243125077506,0.20106737878394024,0.1531130030667273,0.8657285278174275,0.7126155247507002,0.15683036393717656,0.07224204401750352,0.0403081404766935,0.3178589780988356,0.2775508376221421,0.1908273115023879,0.07120527760796687,0.0377974028580984,0.3134909988599185,0.2756935960018201,0.3365328000471314,0.21867544950731332,0.0532761595359776,0.8237503336602772,0.7704741741242995,0.1605226340302029,0.07901004833379337,0.0599101703419664,0.3590787863304785,0.29916861598851213,0.1662613639787864,0.08052623348300701,0.0328147941773332,0.3433276562635436,0.31051286208621043,plausible
Thenuri,3,01,5,121,1.1999999999999993,0.40776116711859867,0.261816829530384,0.1118507002101006,1.0684005932249614,0.9565498930148608,0.16525842285422773,0.08132112689490972,0.0188605843293349,0.3324011053175885,0.3135405209882536,0.22631268127698953,0.08596498030919797,0.0494803776860637,0.3488376888082471,0.29935731112218344,0.32653610252783033,0.17794638506755975,0.05635068485007,0.6297301882710349,0.5733795034209649,0.1421480324991249,0.07373476558505149,0.033353079774882,0.2802663030657068,0.24691322329082482,0.16110051265454922,0.07785355392333071,0.020454080824666,0.3246385184198945,0.3041844375952285,0.051152373549759635,0.022394798090030477,0.0127369410363296,0.085445120463672,0.0727081794273424,0.06221623583961151,0.01770881900588489,0.0279265112122116,0.0955462798809676,0.067619768668756,0.06777901529519004,0.022638500156113836,0.0113488351073733,0.0982547491146392,0.08690591400726591,0.05504930744598446,0.019557533675768044,0.023127287201677,0.0900176564224892,0.06689036922081219,0.047222801338688475,0.013321435367188047,0.0247058226937258,0.0741671531592196,0.049461330465493794,0.08999436289154777,0.05839842833653662,0.0168438359199568,0.2288137181124871,0.2119698821925303,0.3927293385646839,0.20330345204090225,0.1695810650941569,0.8806871069062839,0.711106041812127,0.22598855475404858,0.12412703013405864,0.0341483886319726,0.4464047910767724,0.4122564024447998,0.18697948687049146,0.07647757652421508,0.0219667282533135,0.3143044050350081,0.29233767678169464,0.3653901168816952,0.2320346136227883,0.0491680137482551,0.8419586657797794,0.7927906520315243,0.19370366881473106,0.103007008285096,0.0340436479453467,0.3848105175560688,0.3507668696107221,0.24733650356349654,0.1430986012849913,0.0236058942774157,0.5004254700439896,0.4768195757665739,plausible
Thenuri,3,01,6,116,1.1500000000000004,0.4339854683281495,0.27825618202662855,0.1535292402536734,1.1554195017226654,1.001890261468992,0.23232175144954456,0.09815689124023415,0.017267786288844,0.3845222914101266,0.3672545051212826,0.2147694765025187,0.08368270272619426,0.0654941284534869,0.359192930984094,0.2936988025306071,0.317626624007956,0.19008463605256293,0.0360035194020528,0.6217381775518006,0.5857346581497478,0.16250970317191024,0.07805426059447619,0.0408059297866677,0.2976408645725247,0.256834934785857,0.20284907475986047,0.09238527446640142,0.0098539671901316,0.3557942849830434,0.3459403177929118,0.05534197376003307,0.023824229086302152,0.0248136967096095,0.1075305474869141,0.08271685077730459,0.06871456426188947,0.03248707962380158,0.0134361326834105,0.1249548697635747,0.1115187370801642,0.07440987328832788,0.03234693520712189,0.0239008336915772,0.1356193890365161,0.11171855534493891,0.05993821942596293,0.03034561404249532,0.0213593409660127,0.12988298162862,0.10852364066260729,0.06112063691218718,0.028868359496296698,0.0081635589701246,0.1108252927142126,0.10266173374408799,0.1039866408886935,0.06992867110932058,0.0053820490962977,0.3053801772535983,0.2999981281573006,0.42392217336188187,0.22077326939953373,0.2095514892824048,0.9481287517387972,0.7385772624563924,0.2285545855479291,0.0902811232808118,0.0512863533035086,0.3620288731380643,0.3107425198345557,0.19619326217341748,0.07504880523183524,0.0394444100162896,0.3134094975474157,0.2739650875311261,0.36978565088903276,0.22823248386682993,0.0676796132516622,0.8329348319046066,0.7652552186529444,0.22595141801710883,0.09260704161694867,0.0439615859991945,0.3504523037901547,0.30649071779096015,0.24894772380530178,0.10541188381003506,0.0354160283598881,0.4109613833104606,0.3755453549505725,plausible
Thenuri,3,01,7,115,1.1400000000000006,0.4451620969222145,0.2687874247008149,0.1337505657725042,1.1221915149006727,0.9884409491281685,0.24671754086864986,0.11131383172389263,0.0172285627669626,0.4299368087393659,0.4127082459724033,0.21409450406714978,0.07982223565990405,0.0634111380219664,0.3399262834061982,0.2765151453842318,0.324583485349933,0.1935633629075876,0.0491396544240844,0.6440722256144068,0.5949325711903224,0.18309910142619693,0.082660275093701,0.031060571937227,0.341510999019101,0.310450427081874,0.24509519284485076,0.11474155493394139,0.009549787402258,0.4412622674112018,0.4317124800089438,0.06394823617682688,0.02238489931610779,0.0090630668824056,0.1059389390665302,0.09687587218412459,0.07950582040043443,0.02448659304596769,0.0332057197098545,0.1275256329967137,0.09431991328685921,0.08387288787215713,0.033827095463490046,0.0209306247280099,0.1568663109700998,0.13593568624208988,0.04785906476989957,0.022479844838379667,0.0127917454460265,0.0962634476441664,0.0834717021981399,0.04448145704165125,0.01839663747619301,0.0081454607173911,0.0766694738807765,0.0685240131633854,0.09175091154145157,0.05498687433440659,0.014916781946798,0.239781459888825,0.224864677942027,0.4310335941147925,0.22502677706027824,0.1723169562379242,0.9787875499619229,0.8064705937239987,0.24874242168498592,0.11016678819677125,0.0694993319708199,0.4336120277692396,0.36411269579841976,0.20945474133655406,0.07721632791406975,0.044249133298605,0.3342123078527878,0.28996317455418286,0.3521516533290021,0.23118396299031563,0.0288329204170004,0.8006808166392794,0.771847896222279,0.20914529478049873,0.0901615014755269,0.0444009268638679,0.3465768090087016,0.3021758821448337,0.25731883455872223,0.11541319487759477,0.0602309565220191,0.4767739141847543,0.4165429576627352,plausible
Thenuri,3,01,8,113,1.1199999999999992,0.4324944453163702,0.27428698590434514,0.0853549593591825,1.1182153406181805,1.032860381258998,0.20592293296075417,0.10281684367742812,0.0119046001504423,0.3592708629406125,0.3473662627901702,0.2179863508714971,0.08080362503050835,0.0615038057542778,0.3499514329313644,0.2884476271770866,0.32707121974434683,0.19553835531073338,0.0443483031063891,0.6418341524135075,0.5974858493071185,0.20266827930735434,0.12196760679132182,0.0277745542391545,0.44470051509303,0.4169259608538755,0.2034282638882985,0.10355217501485468,0.0084594780686839,0.348693802462442,0.3402343243937581,0.047415745420361984,0.020586906797797705,0.0172069315836341,0.1046810093690626,0.08747407778542851,0.07096519730125266,0.031034544084518514,0.0152158052177417,0.1269426032956641,0.11172679807792239,0.06690900290268578,0.031406159853005,0.0119145381054857,0.1502651219477488,0.1383505838422631,0.05442259019083894,0.01969793039109624,0.026881745641652,0.1003529206843442,0.07347117504269221,0.046247618484233935,0.01838631359542271,0.0185960251237095,0.0879957420815429,0.0693997169578334,0.11590033668671357,0.08657363623788487,0.0182846061850846,0.3369645318963082,0.3186799257112236,0.44188259360637444,0.21762936546529912,0.2318369620328806,0.9669263643706704,0.7350894023377897,0.24069101338767362,0.09866780124270719,0.0840525425165687,0.4145695770561558,0.33051703453958714,0.19921657840818013,0.07670724862084863,0.0530949560314213,0.3260951689712312,0.2730002129398099,0.34689129688934645,0.2135405913831261,0.0812638773561819,0.7782506078074201,0.6969867304512382,0.22489281737836195,0.0941725087468768,0.0787993316880781,0.3822745420110831,0.30347521032300495,0.24775811282490304,0.10585306553004474,0.0464621063037335,0.4486446703033249,0.4021825639995914,plausible
Thenuri,3,01,9,113,1.1199999999999974,0.4697723632074389,0.26924481874052325,0.0996083487864575,1.1675521838305816,1.0679438350441242,0.3171948401286518,0.12843850120750672,0.0421725042330307,0.4977254345252888,0.4555529302922581,0.2330286507874255,0.0698051112233345,0.0930586222497406,0.3487444003671689,0.2556857781174283,0.3368355884872776,0.19824101817801137,0.0269074283868947,0.6737565563537898,0.6468491279668951,0.20804169066520692,0.1269157396657072,0.0131554333643114,0.4436296232994206,0.43047418993510916,0.30457568417321995,0.11348168448675792,0.0727868998252553,0.4557364113799295,0.38294951155467416,0.06739061844578614,0.028086424624517572,0.0277753145785983,0.1153018203607973,0.08752650578219899,0.08946332645455707,0.03437578386310836,0.0089329501817543,0.1376536265719472,0.1287206763901929,0.08471731135305864,0.043241740930861985,0.0052552165781246,0.1471132191872881,0.14185800260916348,0.06602088418954259,0.029283286763250455,0.0257354667178323,0.1301996503981681,0.1044641836803358,0.0654030925283796,0.02792958312046843,0.0052777270334804,0.104963175904662,0.09968544887118161,0.12073773274232709,0.08082889524113014,0.0103506993712424,0.3668121229485431,0.3564614235773007,0.43647252935795405,0.24074077540666303,0.1848004511198486,0.9774121562062348,0.7926117050863861,0.2603253330924466,0.135433898915644,0.0338401439256598,0.4424108682983781,0.4085707243727183,0.22782729314241085,0.07423056011486885,0.0918038301283019,0.3428853300424965,0.2510814999141946,0.3672900989281395,0.2493651085956636,0.0460819593644305,0.8662171028659289,0.8201351435014984,0.23200339362936293,0.08864703082652918,0.0391052629568678,0.3564926125950128,0.317387349638145,0.280814892724481,0.1511547499822175,0.036173742964659,0.4857255073523047,0.44955176438764566,plausible
Thenuri,3,01,10,115,1.1400000000000006,0.44554883162541564,0.2657961608425018,0.1430378155081004,1.097626905115025,0.9545890896069245,0.2756483205376195,0.12176632315878874,0.0159217344461445,0.4240846928531098,0.4081629584069653,0.223620383047123,0.0763279751437351,0.0704927952297339,0.3431729895839293,0.2726801943541954,0.33809808005649317,0.19242476010390905,0.0677239563763235,0.668273084044832,0.6005491276685084,0.22235788376535437,0.12858583741231946,0.020270279739817,0.4846789962696753,0.4644087165298583,0.28697333880922415,0.12089817909474344,0.0295420626010439,0.4372905216242874,0.40774845902324347,0.05432711344689421,0.02920735528048991,0.0053303229209709,0.1075310026603598,0.1022006797393889,0.07709882939179663,0.038699414589308714,0.0105839017447496,0.130858707789184,0.12027480604443438,0.07587401930750447,0.04183161998951949,0.0095822663635423,0.150695789539904,0.14111352317636172,0.07304046136771303,0.026645647842978418,0.0250744443780677,0.1350371925123274,0.1099627481342597,0.06557261511162701,0.027207852922519326,0.0140000307877403,0.1022426384016619,0.0882426076139216,0.1430433040057577,0.09127924799767775,0.0011747139278149,0.3677526217988869,0.36657790787107203,0.43518588774153244,0.20243498163130885,0.2361668156506452,0.95301784752464,0.7168510318739948,0.34365031534169466,0.14374663655516481,0.0962275866855809,0.5408890340314678,0.4446614473458869,0.21572380643416536,0.06847715310223357,0.0831233520142192,0.3316757412075015,0.24855238919328226,0.3782292126801578,0.20924264691371253,0.0592390898265666,0.8188912404694573,0.7596521506428907,0.2520182946604144,0.10719032636793167,0.0608010913587677,0.4129670868014634,0.35216599544269567,0.37211427402501146,0.1623842104112025,0.1073873076400205,0.6220980219971912,0.5147107143571708,plausible
Thenuri,3,01,11,113,1.120000000000001,0.44787541695572597,0.28517400068548465,0.066634819761048,1.1806979705813927,1.1140631508203447,0.25374473830723243,0.1202309834016796,0.0352879197707988,0.4474132606619923,0.41212534089119346,0.23434376822178318,0.07695615100254725,0.0919474200429723,0.3714755464325449,0.2795281263895726,0.34618794626176164,0.18589608330204793,0.066621469907195,0.6599685332621644,0.5933470633549695,0.1889680341378248,0.09218747251537418,0.0358861048977473,0.3529789228002436,0.3170928179024963,0.2510569142211537,0.10712186704308241,0.0838835967195713,0.4397546069790709,0.3558710102594996,0.03918026461540083,0.009562939962557856,0.010065334744381,0.0531575322151457,0.043092197470764704,0.06269254961626314,0.020327249564512997,0.0221412779288788,0.0887502502975766,0.06660897236869781,0.05698790091585747,0.015028626353981818,0.0142760677721592,0.0806550346018939,0.0663789668297347,0.06039818611948606,0.022973663358104586,0.0190123106749572,0.1001398963098242,0.081127585634867,0.05694744899542331,0.021110111050472887,0.0125207544200986,0.0895757322687689,0.0770549778486703,0.12425585619572224,0.09671454325869815,0.0249981632227142,0.429395380860551,0.4043972176378368,0.4357829863506281,0.24224440287235263,0.2025403922941075,1.011642096346904,0.8091017040527965,0.2917414839030874,0.1389929643750265,0.0507833906360182,0.5170691026882803,0.4662857120522621,0.21512897987638582,0.07581012169757334,0.0790974122243645,0.3473118618877043,0.2682144496633398,0.36264574381833853,0.21486986259379076,0.0899329045415373,0.7688958565322801,0.6789629519907427,0.19990813483120345,0.08485160294328012,0.0431361528804607,0.336492737626909,0.2933565847464483,0.31684118431246255,0.14978972053023998,0.0639739515486697,0.5664879310529031,0.5025139795042334,plausible
Thenuri,3,01,12,112,1.1099999999999994,0.4792387073838732,0.3035693530635478,0.1437454876709387,1.2606739406861138,1.116928453015175,0.29405906581264796,0.1345295252582154,0.0822678394096161,0.4960739881550601,0.41380614874544397,0.2185359610840927,0.08261997755849729,0.06283643556481,0.3554897157833208,0.2926532802185108,0.32712791055620855,0.196787285980523,0.0378869234866195,0.637124621410016,0.5992376979233965,0.1874700869191591,0.09783508806053323,0.0155092110722367,0.3854418249616638,0.3699326138894271,0.29630049327818864,0.13413512624546006,0.0852762770450195,0.4983378046791692,0.4130615276341497,0.05376318075486984,0.02120428786030644,0.0006085791123687,0.086411342326292,0.0858027632139233,0.07853321896156348,0.0328349717933389,0.0107508882929594,0.138818804057677,0.1280679157647176,0.07623064648852204,0.03175755490703809,0.0128583868394638,0.1191984820142381,0.1063400951747743,0.05702112335428763,0.024000224312139537,0.0133298289374553,0.1067062293314822,0.0933764003940269,0.05638973759568355,0.017611055477730182,0.0219197449098778,0.0907667443851529,0.0688469994752751,0.11835439458722753,0.08649393910859687,0.0264941702294439,0.3826993946957203,0.3562052244662764,0.4238729267886377,0.20872540472828618,0.1970813933873465,0.8935581106733328,0.6964767172859863,0.2859645022836982,0.13122203855822354,0.0885787552376288,0.4973558032697425,0.4087770480321137,0.21773251097961113,0.08018450602867264,0.0772368379437896,0.3640914898672171,0.2868546519234275,0.3418592826749175,0.22328877359203453,0.0273621251782537,0.7551580942639496,0.727795969085696,0.21115324148576967,0.07938881167260738,0.0374473689574795,0.3147754529827802,0.2773280840253007,0.29736990217810905,0.14898709827973083,0.0505937052476127,0.5546009134647657,0.504007208217153,plausible
Thenuri,3,01,13,112,1.110000000000003,0.4590349782402906,0.29068676961153705,0.1453836825328702,1.2122704333712817,1.0668867508384114,0.2913182186649014,0.13659677934822778,0.0128626533271749,0.4681190801915059,0.455256426864331,0.2376365585441171,0.07948709018367069,0.0831780323764809,0.3724232916312247,0.28924525925474376,0.3324078171520652,0.195664504219718,0.0433090644783032,0.6434145399286038,0.6001054754503006,0.20650272660468913,0.11989889550786315,0.0127990297517457,0.4025974933928261,0.3897984636410804,0.2969394575657824,0.135592044158476,0.0120970026274639,0.4614495590343415,0.4493525564068776,0.04034065917658601,0.008407286065454324,0.0213048496976575,0.0609195375574875,0.03961468785983001,0.07069777406129354,0.02232822195139526,0.0220370269410649,0.1080615991360061,0.0860245721949412,0.06169506078621718,0.021189800108801053,0.0237899689647669,0.0944640350975785,0.0706740661328116,0.05836513471489301,0.02443802499286436,0.01887161538911,0.0987650457215685,0.07989343033245849,0.06224162598487961,0.024174144136442567,0.003033414332363,0.1002342790080403,0.0972008646756773,0.15076537894807648,0.11552235646237918,0.0101052116167482,0.4519714372960125,0.4418662256792643,0.42289200409654015,0.24532879046883369,0.1542055026777949,0.9959409758333612,0.8417354731555663,0.3253801389065515,0.14679656436870855,0.0914898208115317,0.5630338331752442,0.4715440123637126,0.21331073479832205,0.0781516854507999,0.0653432813868533,0.3469034798456826,0.2815601984588293,0.3449233265046224,0.2049639338719628,0.060505784762542,0.7311418740643288,0.6706360893017869,0.22695506017299394,0.09821570801467315,0.0340719033943293,0.3504638561241404,0.3163919527298111,0.34356358200014464,0.15671037711507838,0.0902240955940227,0.6139886732626356,0.523764577668613,plausible
Thenuri,3,01,14,113,1.120000000000001,0.49192057823186286,0.29984571354450995,0.1808145611677804,1.260276061771821,1.0794615006040404,0.2960170286377557,0.14398434468952667,0.0315231715825887,0.5000566100263124,0.4685334384437237,0.22333690398512515,0.0757369879564036,0.0814911105334542,0.3351285796023759,0.2536374690689217,0.33856731854473504,0.1929268011693128,0.0485144888848561,0.6560468846177769,0.6075323957329208,0.21831264811824377,0.11788460424390851,0.0163934678897758,0.4305933822812419,0.4141999143914661,0.30449912201143825,0.14473180179295717,0.0520026736315538,0.5100319846602953,0.4580293110287415,0.057940223878027886,0.019203687448668055,0.0146622833387895,0.0802049872711874,0.0655427039323979,0.08530253213309485,0.031234176988453103,0.0255675992124384,0.1330385254649979,0.1074709262525595,0.07763478650669792,0.029425676411887956,0.0090820076869324,0.111408107151682,0.1023260994647496,0.06967320620294831,0.029158877124993265,0.0257424370570488,0.1466934592143303,0.1209510221572815,0.05776030021028852,0.02512844203512208,0.0131937129955726,0.1094350699965113,0.0962413570009387,0.13074634199100443,0.08979574739205747,0.0170225444480907,0.397114917405219,0.3800923729571283,0.45993201329355843,0.2399178266069972,0.2074008530045998,1.0443413338625975,0.8369404808579978,0.3319324147912215,0.15178098156102363,0.0578645039277139,0.5553363074342184,0.49747180350650444,0.2264729726188716,0.07311842115926065,0.0947206824033481,0.3489814895606492,0.25426080715730115,0.3505537143195022,0.22353031510426014,0.0471076760443666,0.7778138507755387,0.730706174731172,0.23388043136983167,0.08979796956995567,0.0456722416169644,0.3679126795732154,0.322240437956251,0.3623407610243433,0.16913903229408495,0.0775410024633429,0.6356550813236257,0.5581140788602827,plausible
Thenuri,3,01,15,108,1.0700000000000003,0.4533599925645872,0.29943092266250937,0.0980074787356555,1.2464601263789143,1.1484526476432588,0.2741144487627547,0.13018213828914937,0.0136844690247486,0.4566604262609536,0.442975957236205,0.23417845367680812,0.07082531889539437,0.0929824162573543,0.3521704813146377,0.25918806505728337,0.31881421007098193,0.18114269502966693,0.0466036438363127,0.613346157469629,0.5667425136333163,0.19787548716850173,0.10928783342223165,0.0067958872170034,0.4039652905893991,0.3971694033723957,0.27000468078401696,0.12784113319067433,0.0182380476354578,0.4620523048616111,0.4438142572261533,0.0407253917068748,0.011465089734679199,0.0093004296742862,0.0643723090138553,0.05507187933956909,0.06019891955521053,0.020993205684247698,0.0143760617635452,0.0926669585224948,0.07829089675894961,0.05843607877489002,0.022186168474396088,0.0116456197815055,0.1082543042106291,0.0966086844291236,0.05602466825467767,0.027361464201889483,0.0027929422564806,0.0931363626459759,0.0903434203894953,0.05668151623438611,0.027935727775870743,0.0106311871998488,0.096081545985706,0.08545035878585719,0.12451075647378691,0.09630355799400055,0.0160703166278062,0.3577423769052056,0.3416720602773994,0.4159636254356016,0.2207950203081895,0.1585555553908686,0.9284268768243414,0.7698713214334728,0.34898800203557784,0.17953293783965027,0.0309704942945361,0.6334257809954047,0.6024552867008686,0.2138689727004243,0.08368000898102139,0.0572071417478494,0.3455242904759237,0.2883171487280743,0.35626852258091124,0.21992711901342932,0.0797157750265345,0.7640232097997693,0.6843074347732349,0.22533577499602298,0.09537612308081178,0.029512596276983,0.3594897940248441,0.3299771977478611,0.38354466099163376,0.20260450304349348,0.0311733096691694,0.7337213346452982,0.7025480249761288,plausible
Thenuri,3,01,16,111,1.1000000000000014,0.4648191203435923,0.2961832904409068,0.131826229483167,1.2336894405217045,1.1018632110385376,0.3288940483057353,0.15893334271589235,0.0778012197857996,0.5840999584019817,0.5062987386161821,0.23066751867721141,0.08015810875489789,0.0829748451162607,0.3609782961752726,0.2780034510590119,0.33402703515760346,0.19177485741914135,0.0500274085059229,0.6486735107360233,0.5986461022301004,0.20075743175192703,0.11137974408108636,0.0099680014536715,0.4450259486475852,0.4350579471939137,0.33983004974419834,0.159279624815528,0.0876938682860884,0.5936377139279232,0.5059438456418348,0.05674217014753781,0.013683368572720686,0.0157982501216074,0.0754092675459014,0.05961101742429399,0.07877368561239662,0.027056951428995408,0.0147829892262954,0.109861516004992,0.0950785267786966,0.07720880219198036,0.0301924633105722,0.008414369352242,0.1117386465296475,0.1033242771774055,0.06848642426908055,0.031227784993738496,0.0140736565871188,0.1298889801477659,0.1158153235606471,0.06487824419002639,0.025239554269260406,0.0073973328005042,0.1053904069406912,0.097993074140187,0.10961675340092848,0.08308113111801474,0.0152799588952934,0.3503901196017644,0.33511016070647104,0.42240305104736287,0.21625108713434807,0.1743707066863322,0.9281330491348696,0.7537623424485373,0.3221056660393245,0.138984498017128,0.0582113923493014,0.5287735651180702,0.47056217276876877,0.2185943777837165,0.07279327809922266,0.077001840276117,0.3377319344803676,0.2607300942042506,0.3488930093715321,0.21907689996365906,0.0266142780982467,0.7362510787198486,0.709636800621602,0.25343478649334106,0.1002790096469267,0.023339696175321,0.4158867878494596,0.3925470916741386,0.3643430290958631,0.16964075938014647,0.0673677983498931,0.6343509794062998,0.5669831810564068,plausible
Thenuri,3,01,17,109,1.0800000000000018,0.4753109322029987,0.2734398398979021,0.2070835039252158,1.1941627655578635,0.9870792616326477,0.31162028419619653,0.14888423049944816,0.0231158151160959,0.5108689167377128,0.48775310162161695,0.229242031262982,0.0739701067275723,0.1000132796390322,0.354445895835071,0.25443261619603885,0.33715016971606737,0.18824000532704102,0.0515651975852472,0.6458580447714531,0.5942928471862059,0.22513857517037084,0.12442533811203273,0.0268497473848169,0.4543873010473912,0.42753755366257434,0.31382187890059593,0.14945874332863301,0.0313968600088396,0.5073039320470061,0.47590707203816646,0.0525808541606345,0.009665768606441218,0.0292850452005663,0.0664092255145164,0.03712418031395011,0.07760619155306661,0.02745190880554595,0.0206329587597285,0.128358899320186,0.10772594056045749,0.06742571780768934,0.02922423933572556,0.0089684019224464,0.1065564088169712,0.0975880068945248,0.056115708020110885,0.028490176962350185,0.0075306686296459,0.1209287417480011,0.1133980731183552,0.06510117395497755,0.0236934817501411,0.0164564614381402,0.110137610047337,0.09368114860919681,0.12341797833899051,0.09538979330928667,0.0222192479070008,0.3662758673331225,0.3440566194261217,0.44963976007737994,0.24777899592916983,0.2223821112508299,1.0146055754697068,0.7922234642188768,0.34672932253470945,0.15976998142544024,0.025023744457056,0.5797829768077621,0.5547592323507061,0.22367078863575893,0.07511427980741019,0.0798536813794602,0.3536623540493073,0.2738086726698471,0.3409248470527159,0.20166578493247123,0.0494447084257153,0.7000723329350056,0.6506276245092903,0.23998976854914764,0.12334018747511695,0.0194551718314371,0.4602084426885429,0.4407532708571058,0.38679863681264487,0.18051347538174262,0.058468011493299,0.653595084988163,0.5951270734948639,plausible
Thenuri,3,01,18,109,1.0800000000000018,0.4532693060647044,0.289392199758184,0.1382966530544052,1.1986952331624845,1.0603985801080793,0.3493134003709253,0.15462735127436328,0.071996094423122,0.558866238958824,0.48687014453570204,0.22774672969249987,0.08478301716258667,0.0701403575396411,0.3732623842943967,0.3031220267547556,0.33031461380693194,0.18998564221232606,0.0464988181218895,0.640538458792494,0.5940396406706046,0.22676780755961354,0.12670125355926304,0.0337615039389873,0.4625507433028161,0.4287892393638288,0.3657712952308741,0.1561637411168314,0.078490371141504,0.5896043062566643,0.5111139351151602,0.04569250738137081,0.01407591019192733,0.0154024694938986,0.0723024418242746,0.056899972330376004,0.06818116986136433,0.026906526131293473,0.0062195121655294,0.1188422782679809,0.11262276610245149,0.06606510785153402,0.02778008429843009,0.005278859945569,0.105668510052008,0.10038965010643901,0.049074077307501504,0.023534876863647816,0.0184964130986217,0.1009299986525012,0.0824335855538795,0.04796805224620991,0.01732614998993048,0.0182657706447617,0.0818721850506289,0.0636064144058672,0.11128678597479658,0.08406826773314298,0.017677433076489,0.3916605516369093,0.3739831185604203,0.4474243696714681,0.21924435610936757,0.1956004983160146,0.980733784364353,0.7851332860483384,0.28855236183962185,0.14786146554484025,0.0035601052968081,0.5391506411181415,0.5355905358213334,0.22055777630512477,0.07852333056601697,0.0682374005516757,0.3596415226438366,0.2914041220921609,0.3511802973920763,0.2124255649385748,0.0487170064380309,0.7299902717360516,0.6812732652980207,0.24690980772382493,0.11137253559039542,0.0273764860427276,0.4224441502510093,0.3950676642082817,0.31460466316413077,0.1646275715622446,0.0185883322175306,0.5899677128319506,0.57137938061442,plausible
Thenuri,3,01,19,113,1.120000000000001,0.4577693407003622,0.29328059406747126,0.1628741426319621,1.2012770431740336,1.0384029005420716,0.3546916826250998,0.17245543802479174,0.0307107245580453,0.5977402500607208,0.5670295255026756,0.23005493590358833,0.07090811394492143,0.0963094601400134,0.3481371977879833,0.2518277376479699,0.33356393196304235,0.19202189971235026,0.051019985915755,0.6417280356623092,0.5907080497465542,0.25290221959347,0.12126068472385526,0.047370835903704,0.4799868509044957,0.4326160150007917,0.35481222233351756,0.17152999334769672,0.0350814724127174,0.6066856201180971,0.5716041477053797,0.05991423432193975,0.01259394256870586,0.0415315944879172,0.0877186065092919,0.04618701202137471,0.08073230788093222,0.028400514669987265,0.0130798230843247,0.1165931019853636,0.1035132789010389,0.0818388275013437,0.024579771232071657,0.0299770334855765,0.1149088744036769,0.08493184091810041,0.06675627580158756,0.03106546428965166,0.0191149061652123,0.1315654925056076,0.11245058634039529,0.06599530682766572,0.02585756420508565,0.0266341227723575,0.1142111066716253,0.0875769838992678,0.12559968052444595,0.08831907219320538,0.0196702208658018,0.332924649776846,0.3132544289110442,0.4725225882860979,0.2595972776013333,0.2353117031890896,1.146408417855183,0.9110967146660934,0.35983647347641873,0.17679520124456705,0.0730212325766888,0.6307585243594774,0.5577372917827886,0.23230113264714647,0.0772215370430613,0.0927315173293382,0.3668699953238537,0.2741384779945155,0.3624100772786314,0.1964644310365362,0.0654491847213734,0.6856838057923723,0.6202346210709989,0.26459036710249234,0.12970780048461586,0.0105498330722037,0.5012273362306079,0.4906775031584042,0.38628776336524223,0.19679611453653265,0.0633922933134102,0.7127484426069707,0.6493561492935604,plausible
Thenuri,3,01,20,115,1.1400000000000006,0.450330626792534,0.2937380919104704,0.1416555486322742,1.2440869958878316,1.1024314472555574,0.3375915277584327,0.16315224215735416,0.0740636363161433,0.6346837315566004,0.5606200952404571,0.21748129941048328,0.07290189764368465,0.082827666652924,0.3269090188560682,0.2440813522031442,0.3263135517846927,0.19272475574525216,0.0521440758770972,0.6572685925634836,0.6051245166863863,0.2542354407883237,0.1297563369795656,0.050732359980924,0.48200210578765,0.431269745806726,0.3440237072031006,0.16557043583689304,0.083454312228912,0.648307711815678,0.5648533995867661,0.03698398632625956,0.015428171095695895,0.0074576668243831,0.06630548881846,0.058847821994076906,0.06419524224638641,0.025158974990347905,0.0158105272592168,0.1100775583464858,0.094267031087269,0.06055543283351486,0.026543630816365064,0.0136971106604164,0.1070037096663585,0.0933065990059421,0.06621318586446927,0.028228632926629266,0.0221705248205149,0.1268413218395842,0.10467079701906928,0.06830870982493453,0.024659110305364117,0.0103198316989485,0.1034632036761585,0.09314337197721,0.12277447827677111,0.07526727101354388,0.0170068225439468,0.3275199312144423,0.3105131086704955,0.4336187467449257,0.2270582465048404,0.1981089637604581,1.000260674701055,0.8021517109405969,0.35951223448706165,0.17364788773702808,0.0330102339582895,0.5997641796646612,0.5667539457063717,0.22333752864068193,0.07543961403728844,0.0934166554488517,0.3545143728539174,0.2610977174050657,0.35008724676334735,0.19148612508151958,0.0564607190754454,0.6576596385979198,0.6011989195224744,0.2609485374994099,0.13158260705116387,0.052183436365999,0.5069041104274744,0.4547206740614754,0.39178971587840455,0.18657232055678655,0.0442551703479206,0.664609080260752,0.6203539099128315,plausible
Thenuri,3,01,21,111,1.0999999999999979,0.4245339634377548,0.3084268134363755,0.0524919669912163,1.2439896437568876,1.1914976767656713,0.25705851889649056,0.13349848497651698,0.0208547634755528,0.496627795828318,0.4757730323527652,0.2356828443792535,0.0784841697820619,0.0911747240832036,0.374686726441217,0.2835120023580134,0.31478910520494663,0.18521453085719317,0.0555957331092261,0.6189570076906186,0.5633612745813925,0.2018098113333524,0.1264321192457991,0.0231392318178229,0.4542129004600062,0.43107366864218327,0.249232482202745,0.12767311113261884,0.0198584898044089,0.4847728137189199,0.464914323914511,0.03450145703219318,0.011323447230308415,0.0114644211509569,0.0619698079657911,0.0505053868148342,0.05438795444533625,0.019663395791797777,0.0047721858994792,0.0961095956176241,0.0913374097181449,0.047643515745734,0.020826232851157995,0.0106930899635468,0.1058161788024915,0.0951230888389447,0.061361743655256616,0.028065086173988032,0.004850206990517,0.1012732154814088,0.0964230084908918,0.06687749349041917,0.024491568118125053,0.0149934117635211,0.1067250781089241,0.091731666345403,0.13469543599418177,0.09496534013736174,0.0208439104682115,0.365414994643989,0.34457108417577753,0.438191367663794,0.23226727253221993,0.1817077563790553,0.9458336675836432,0.7641259112045878,0.26328945620004934,0.1137150809009684,0.0501441943918316,0.4387773374587921,0.3886331430669605,0.21991639790677994,0.08673623362040805,0.0530117786238502,0.3636480924958564,0.3106363138720062,0.35824821055859807,0.2109843657845131,0.0351274256257449,0.7314868166791102,0.6963593910533653,0.24063575979290114,0.11936213371813328,0.0474388593530352,0.4353225800326172,0.387883720679582,0.28108509625244144,0.12361466962555517,0.0398303679077931,0.4619693906179944,0.4221390227102013,plausible
Thenuri,3,01,22,118,1.1700000000000017,0.4284450236302204,0.29260228391818927,0.0974412972599026,1.1502010434065657,1.0527597461466631,0.29170631504090494,0.13327038289528564,0.0343640592759318,0.461434367212316,0.42707030793638423,0.22732338774597713,0.07651843818290234,0.1104656978755045,0.3826628400752916,0.2721971421997871,0.33138631506970034,0.1942937161162173,0.068696388849619,0.6543052692402267,0.5856088803906077,0.20439423794292852,0.1046772268447248,0.0363660630732043,0.4175486250102527,0.3811825619370484,0.2960831204120024,0.13671602494491852,0.0310773173889171,0.4762953277750137,0.4452180103860966,0.0648815064303429,0.02789244894693023,0.0051669007079533,0.1028088737090573,0.097641973001104,0.08965255619622126,0.03796099311672477,0.0209876020042243,0.1449033625424021,0.12391576053817781,0.0821235917323147,0.03943639173904272,0.0042955053110776,0.1399820509316742,0.1356865456205966,0.0670724786713092,0.03296161169979719,0.0198309700395175,0.1474278731597731,0.1275969031202556,0.07005597171384344,0.025449723621301257,0.0112115957355123,0.1176621991554388,0.1064506034199265,0.13121498004102913,0.09687159141520077,0.0110975243326289,0.4315469048148929,0.420449380482264,0.47062172536895386,0.2628989265652633,0.2094742548274544,1.076478334057753,0.8670040792302987,0.27980581940825644,0.11871563203729735,0.0780651294344382,0.4613720777677475,0.3833069483333093,0.2193443370311741,0.06710392445770522,0.1011353279639885,0.3372901184233433,0.23615479045935478,0.38195652394810337,0.19129096863488243,0.0884110976016949,0.7334809859810836,0.6450698883793887,0.28163244419127603,0.1660978736719045,0.0538523622825051,0.5791318788938915,0.5252795166113864,0.30472249263524126,0.13133871162406116,0.0770722976053079,0.5303947139146737,0.45332241630936587,plausible
Thenuri,3,01,23,146,1.4500000000000028,0.31272592798717036,0.273680540211129,0.0663755588399854,0.9630764890147664,0.896700930174781,0.15065054405293787,0.12139451268189272,0.0135970464339364,0.4344437900069886,0.4208467435730522,0.17378247550283896,0.07565019336773733,0.0965616482381653,0.3290764296490134,0.23251478141084808,0.3014208844544333,0.2298528456720365,0.0512060925533386,0.7916628144985002,0.7404567219451615,0.22076384213468003,0.11237654450535946,0.0136510302100362,0.4826643612931399,0.46901333108310367,0.14896063671459178,0.11727209545047722,0.0210900363171335,0.4288963293582036,0.4078062930410701,0.045727456747175134,0.023849109276886483,0.0152059250308985,0.1045262014356991,0.0893202764048006,0.0739222424410157,0.0314370808917085,0.0222420260989785,0.1302698388024316,0.10802781270345309,0.06671873423692037,0.03377916599151455,0.0172307344902881,0.1418348116173651,0.12460407712707701,0.05200068440626494,0.0284480180805476,0.0065982309585803,0.1184929357099159,0.1118947047513356,0.05726654752512468,0.029299520684968054,0.0026430580130164,0.1130132369629918,0.1103701789499754,0.11306067747508695,0.0742473222186066,0.0140498080158413,0.3239336561661429,0.30988384815030157,0.27743933835886,0.1959425627055312,0.0938917633460874,0.804454279857036,0.7105625165109486,0.268653259148309,0.13171170836912652,0.0236438176095785,0.4525550726057058,0.4289112549961273,0.16532838093258614,0.04647404122620546,0.0589393695996421,0.2454683111025483,0.1865289415029062,0.30415314407380856,0.15395605295310616,0.0631442025567192,0.6391443970555536,0.5760001944988344,0.28346675908823454,0.15408061978238527,0.0919227706758311,0.5811569530293926,0.48923418235356153,0.2984626648567574,0.14332351389424117,0.0427558030409322,0.4944788117856028,0.45172300874467064,plausible
Thenuri,3,01,24,50,0.490000000000002,0.04870802821478617,0.012847441992885572,0.0257808239485829,0.0649669942652372,0.03918617031665429,0.11985256041230398,0.05127354681827479,0.0225794002759639,0.1852990917749389,0.162719691498975,0.07526017067251387,0.011535120998860815,0.0643389629262165,0.1047481888197147,0.0404092258934982,0.037411142174663806,0.014388811012949681,0.0167706869615463,0.0568324150059372,0.0400617280443909,0.16441862277119212,0.020935460341134974,0.1338188924259285,0.2013857978877862,0.0675669054618577,0.13227824047454098,0.062463733487957786,0.021794656245279,0.2143237695425565,0.1925291132972775,0.0495222237166574,0.014232041199634834,0.027636832535905,0.0726325924802386,0.044995759944333594,0.03803446625811554,0.015142875291322083,0.0049639244602969,0.0566121163108238,0.0516481918505269,0.04381833810651786,0.015708721614380004,0.0200728243352619,0.072009160200771,0.051936335865509095,0.030960809015672743,0.014603620024357531,0.0145865701372842,0.072873737483636,0.0582871673463518,0.03437390537505743,0.009708708129831703,0.0194610549290212,0.0578442940832044,0.0383832391541832,0.05693628176309729,0.02096071500425187,0.0187567063113673,0.1222880111948434,0.10353130488347609,0.09756755010211808,0.008580780362882505,0.085353806895326,0.112646835356105,0.027293028460778995,0.23725828306169333,0.06822400418454425,0.1047737264472399,0.3217745594348897,0.2170008329876498,0.06461100032470442,0.01290654306406915,0.0456502783434662,0.0869211159268405,0.0412708375833743,0.3807900097240043,0.001952017959139499,0.3773419804739141,0.3843886807783697,0.007046700304455589,0.18810179801840934,0.04711873480388538,0.1354059115582759,0.2832051411150025,0.1477992295567266,0.25478837759881934,0.07749597880622779,0.1083125688628447,0.3463124656717292,0.2379998968088845,suspicious_short
Thenuri,3,02,1,143,1.42,0.32289229171813827,0.17564136440601638,0.0483431612911742,0.7666944812997389,0.7183513200085647,0.13168581841527574,0.06311964395235169,0.0241407666714804,0.2225504559737494,0.198409689302269,0.19495907101624688,0.07714332339953742,0.0586577163226964,0.3135868024098713,0.2549290860871749,0.301813555835167,0.16748418163840637,0.0636183486917029,0.6074611446522991,0.5438427959605961,0.165347224331752,0.05093640900442433,0.0703696308510291,0.256131174420693,0.1857615435696639,0.13572669239240523,0.06186094716610752,0.0268442546811197,0.2236051614439516,0.1967609067628319,0.05202359054671168,0.020415201284707498,0.011538163632044,0.0810377321723718,0.0694995685403278,0.06507882491607912,0.023596677449094834,0.0148700707432508,0.0943312392002199,0.0794611684569691,0.06798347200461236,0.02568292410839813,0.021365140380676,0.111095705804907,0.08973056542423101,0.04690097915110126,0.015015980748822348,0.0157367484257426,0.0714027800771836,0.055666031651441,0.04128873072687633,0.01033054392253687,0.0237235506458902,0.0630627462322816,0.0393391955863914,0.06732264739591187,0.029542456071479737,0.0136966585632947,0.1326217898159156,0.1189251312526209,0.3359180866723219,0.2195101426759052,0.1409525034551415,0.9251130402996328,0.7841605368444913,0.18348898554169857,0.09729248712520668,0.0472436799636156,0.3562882150704424,0.3090445351068268,0.18701567977568967,0.07481714504748871,0.0349170017597443,0.3063846081360376,0.2714676063762933,0.34891000173421194,0.23800297926126704,0.0733472341122619,0.8867937648736796,0.8134465307614176,0.1310039439768909,0.057381222842037054,0.0163605810363113,0.2510512753481091,0.23469069431179782,0.18834413050662677,0.10205361030705182,0.0577577846326468,0.3820873929713128,0.324329608338666,plausible
Thenuri,3,02,2,112,1.1100000000000003,0.44135280359547435,0.2967916882573899,0.1042586887062983,1.2102167198643166,1.1059580311580182,0.1814330152569754,0.09067383836303242,0.0049944682917366,0.3293853355008236,0.324390867209087,0.19655952842797778,0.07381436622431241,0.0633720595110407,0.3175151617904949,0.2541431022794542,0.31668905915124995,0.18120997921093646,0.0408060842632971,0.5886171124219395,0.5478110281586424,0.13666543055425684,0.04729880023281443,0.0404592213686122,0.2086739181272232,0.168214696758611,0.18600449068801378,0.0908210070840678,0.0085598645565685,0.3261548816685726,0.3175950171120041,0.043873331890793406,0.012980401475636984,0.016482741358553,0.0633554897182606,0.0468727483597076,0.05318618771974364,0.02000826467999994,0.0086705728791564,0.077684482553921,0.0690139096747646,0.054342748512981334,0.012675548422112609,0.0195202223616897,0.0755808859842114,0.0560606636225217,0.03766273938940627,0.019135733530266014,0.0109315067693903,0.0753460206787376,0.0644145139093473,0.03745093800094141,0.01571127540744018,0.0117551083606376,0.0704740475464302,0.0587189391857926,0.08580660928433088,0.04937107524716013,0.0130643064427222,0.2163394550176321,0.20327514857490991,0.4291147958550769,0.2619036242989256,0.1629246232135547,1.0571796569760548,0.8942550337625,0.23852883533671548,0.07386046667091402,0.0409558730444353,0.335170461686073,0.2942145886416377,0.19453162198370996,0.07898808242783834,0.0386088685963537,0.316743954049718,0.2781350854533643,0.3738317684759923,0.25706909595140465,0.0506212684760947,0.8625500828691072,0.8119288143930125,0.16422213928934085,0.06351461106192931,0.0538635959990636,0.2674695000707989,0.2136059040717353,0.2401744063819464,0.08181720971253904,0.0706013156650994,0.3646964882597328,0.29409517259463336,plausible
Thenuri,3,02,3,111,1.0999999999999996,0.45781746976808335,0.27248778321161277,0.1052756932973417,1.14895118348559,1.0436754901882483,0.20160291798961064,0.09987529453279063,0.0325620592188442,0.3659136712542839,0.3333516120354397,0.2217201188479265,0.08350843791398446,0.0443942697344649,0.3492771688791778,0.3048828991447129,0.3241709692052439,0.1907170135133392,0.0479448243989175,0.6313146847836573,0.5833698603847398,0.15396760797048994,0.055213207827586985,0.0111579707709273,0.2325521229106892,0.22139415213976188,0.1960432824553126,0.09818769739976783,0.0283021179383063,0.3542630930851053,0.325960975146799,0.05965009161828021,0.019243214170287633,0.0034250419847589,0.0773602637161266,0.0739352217313677,0.07382831872014681,0.02330973160749257,0.0214154711656136,0.1067740929008954,0.0853586217352818,0.0768454088748792,0.02784306893977839,0.0090775826899691,0.1182231315081193,0.10914554881815021,0.04612669001777494,0.024752839564836513,0.0085505629685815,0.0939731705530143,0.08542260758443279,0.045095586856907094,0.019456221436912783,0.0088877744716827,0.0765618463876722,0.06767407191598951,0.09581574163477607,0.05247396307675097,0.0140710003013145,0.2632279167423202,0.2491569164410057,0.4230477425502046,0.21724570769082502,0.1236125522232222,0.9521243522341724,0.8285118000109502,0.22700287589702545,0.11879371436929266,0.0433814900704661,0.441468071188105,0.3980865811176389,0.21111720914144397,0.08185578881837294,0.0623919583644929,0.3529510866194583,0.2905591282549654,0.3542628680731999,0.26108451828090146,0.0494018906815153,0.8745108406423868,0.8251089499608715,0.15595429938792155,0.06617970226939264,0.0165372523308486,0.2650100246795714,0.2484727723487228,0.24142540891165096,0.12144906702259427,0.053242145225168,0.4689397194049732,0.4156975741798052,plausible
Thenuri,3,02,4,112,1.1100000000000012,0.43599425877240533,0.2656186877631902,0.1141300250039198,1.1113928045573431,0.9972627795534234,0.18527045901756964,0.08901292087854897,0.0386775126001937,0.3298729595103142,0.2911954469101205,0.23483202047698307,0.08962745518281752,0.0685605785495301,0.3632909259728877,0.2947303474233576,0.3213793826067164,0.18098214145576938,0.0357602392751284,0.6111754195324695,0.5754151802573411,0.15974259017769146,0.0610031891191796,0.0491262544555508,0.2737319589582119,0.2246057045026611,0.19901538778100628,0.09024258907926187,0.0508944678582161,0.3379703022707038,0.2870758344124877,0.051257885990534616,0.0160355544228921,0.0195439260376399,0.0736855482650273,0.054141622227387394,0.06980270806018353,0.029360590174661808,0.0040567595509236,0.1163588609244809,0.1123021013735573,0.0631927980269642,0.0194876083384114,0.0280151135043881,0.0913155826384961,0.063300469134108,0.056196223253735335,0.02734458843257143,0.018127450293945,0.1167099265573722,0.0985824762634272,0.044281325533550235,0.027681299276922488,0.0003825308621779,0.0936231411412976,0.0932406102791197,0.10815070898894359,0.0755448261073616,0.0091731655704625,0.3159842244286612,0.3068110588581987,0.4509748887819106,0.2083455061920738,0.1929645402652028,0.9544199454168586,0.7614554051516558,0.27600935071682275,0.13536142080360627,0.0059393948733557,0.4558382074681331,0.4498988125947774,0.22132624564016476,0.08546123289311425,0.0810119470038962,0.3832728383611388,0.3022608913572426,0.3723045240006563,0.2605636318348798,0.1091567046469588,0.8986201957251766,0.7894634910782178,0.1977588174773944,0.08392866842562745,0.0373816955395049,0.3463605090090199,0.308978813469515,0.2794829160579383,0.14265927617364121,0.0432666474377453,0.4753795478785165,0.4321129004407712,plausible
Thenuri,3,02,5,113,1.1199999999999992,0.46259463117605437,0.32334636123803023,0.1252875766197155,1.3173857204084107,1.1920981437886953,0.22482990933670854,0.10253348194850766,0.039603443758397,0.3643292639916984,0.32472582023330143,0.23651584000766074,0.08140502787999421,0.0968831654745229,0.3707479747682286,0.2738648092937057,0.3289453167105046,0.1977275798194666,0.0441935251961844,0.6709146664541581,0.6267211412579737,0.16038268664762145,0.0692199486459002,0.008257078334901,0.2677017079706299,0.2594446296357289,0.23659576031175447,0.10035280079260976,0.0691846507853332,0.3726462845313493,0.3034616337460161,0.05354262640460195,0.01636645616891001,0.0118658967262958,0.0827001955109783,0.0708342987846825,0.07047041485583691,0.02368253225521227,0.0135526132131037,0.1003145599038786,0.08676194669077489,0.06912525251026394,0.017756357092995074,0.024715004902745,0.0910126296635275,0.06629762476078249,0.05629855067951195,0.030073824237018324,0.0140278585129124,0.1073006753519196,0.0932728168390072,0.05776580557074743,0.017714141968786803,0.0196472264468671,0.08735776683502,0.0677105403881529,0.12246513507152623,0.09374763942362006,0.0172402802788399,0.3746596362044481,0.3574193559256082,0.44147722106798837,0.24510139231827865,0.2127169029511453,1.0434930003578444,0.8307760974066991,0.29042981499627796,0.14966580566814247,0.0186475485152637,0.5390200789596858,0.5203725304444221,0.22225392717628142,0.08161874782586145,0.0677295304107295,0.364496898676227,0.2967673682654975,0.3732389913367634,0.2403890433875546,0.0660314433734021,0.8544488845365994,0.7884174411631973,0.20227015729053577,0.08745187978953409,0.0392093925891879,0.3399891756167566,0.3007797830275687,0.30166369896189116,0.16199279955056523,0.0407356572710049,0.5753085997489554,0.5345729424779505,plausible
Thenuri,3,02,6,113,1.120000000000001,0.4503930253830191,0.27637247419083893,0.1276632432167463,1.1509780535783056,1.0233148103615592,0.26465297371335916,0.11016791322839037,0.019809241719371,0.3959658579460539,0.3761566162266829,0.23158123912839268,0.07507581669377972,0.084882981544566,0.3579977984436885,0.27311481689912254,0.3404297361522286,0.19828348735916093,0.0457755527026372,0.6580543851913534,0.6122788324887162,0.1812998218421021,0.07880407805709057,0.0327429896182211,0.2795552423870628,0.24681225276884172,0.24892701974952375,0.10595634012016053,0.0202910594208319,0.3803090110509001,0.36001795163006817,0.051784616051051204,0.0147985487948353,0.0175443794409175,0.0760897684815595,0.05854538904064201,0.059397015544747564,0.02125972746917191,0.0210031345314535,0.098551214169297,0.0775480796378435,0.05866274304560935,0.022412458010206845,0.0033949789876539,0.0895774967355441,0.08618251774789021,0.0627803273766428,0.025848475218647037,0.0182030450586319,0.1114906858039692,0.0932876407453373,0.06457569431466312,0.025587206765973956,0.003431047304019,0.1036096323579927,0.1001785850539737,0.1479639798988478,0.09625197410561712,0.0253944885856234,0.3780531500247253,0.3526586614391019,0.44003191783193674,0.26158202014460397,0.1720857299027103,1.0794761708065246,0.9073904409038143,0.3243817266525018,0.14884557255933917,0.0753324306928294,0.5783863790174743,0.5030539483246449,0.23020855499819293,0.09140760246380525,0.0488965114539209,0.3876930988205229,0.338796587366602,0.34544166427618,0.22790131231996788,0.0769550568944254,0.7827907356292141,0.7058356787347887,0.21614319534081852,0.08448484509073803,0.0559768078146909,0.3243567701349431,0.2683799623202522,0.3437509313102193,0.1597113353340355,0.0976638275316115,0.6273091494722892,0.5296453219406777,plausible
Thenuri,3,02,7,114,1.129999999999999,0.46348239361808496,0.29384786117307243,0.1135743677827314,1.2420637461163202,1.1284893783335888,0.24532088891601114,0.1334491146194111,0.028008569243806,0.4572712155376956,0.4292626462938896,0.23722738592445122,0.07636346697198484,0.0907958159506033,0.3561859823264742,0.2653901663758709,0.3362033080907376,0.19705760480549525,0.053260283334455,0.6609763662965832,0.6077160829621282,0.18919162635903997,0.074205991100068,0.0340515327645886,0.2983343285895096,0.264282795824921,0.24716306599689655,0.1303783338048307,0.0267528756519108,0.4413365958166231,0.4145837201647123,0.05419451502945279,0.028143827444107927,0.0126336763100752,0.1029531693956011,0.0903194930855259,0.07216096292721563,0.03776688774468703,0.0133191871860543,0.1210620408124622,0.1077428536264079,0.07080390484064987,0.032943767394540135,0.0157673469153262,0.1272263114792582,0.111458964563932,0.057280231848851886,0.03050297665011022,0.0156758737002448,0.1271081583593067,0.1114322846590619,0.05746831643574357,0.026745657136984523,0.0083846146827474,0.0991626267597115,0.0907780120769641,0.13747608824640994,0.09013341072062858,0.0094578159672186,0.3503753240733173,0.34091750810609867,0.4390013430671502,0.24438498275084647,0.188278587265051,1.0317779227082626,0.8434993354432117,0.3176367025574173,0.1566745517435623,0.0369398086839172,0.5336009236501955,0.4966611149662783,0.22916369583420076,0.07522875070262061,0.0784233953456242,0.346526788526872,0.2681033931812478,0.34380056373534224,0.22682805134569656,0.066723054694841,0.7762885037087716,0.7095654490139306,0.2293341633258499,0.10403947571390917,0.035100671786486,0.3847231185601337,0.3496224467736477,0.338356153457465,0.1745163864388461,0.0329528838637632,0.5832175346240019,0.5502646507602388,plausible
Thenuri,3,02,8,113,1.1199999999999992,0.48964514647780893,0.2837513573770649,0.1450338747076983,1.1936077565960843,1.048573881888386,0.29103438919139,0.14347218677628334,0.0403351219067582,0.5103026075124891,0.46996748560573093,0.24179652845254612,0.07440718999633525,0.1229137947205029,0.3770048559937826,0.2540910612732797,0.3231277601205192,0.19725916494841167,0.0375354911831867,0.6447910994589986,0.6072556082758119,0.18175298129227788,0.07808748071344568,0.0156159940735981,0.3056207088137215,0.2900047147401234,0.3021832520177516,0.14302481075779544,0.0619285974230018,0.5297198082029928,0.467791210779991,0.05891642959842187,0.026188935012448247,0.0076707686570276,0.0992586856571161,0.0915879170000885,0.07112900762333726,0.028988097143258586,0.0123427688134814,0.1133603693248894,0.101017600511408,0.07584075512180444,0.04017955038252272,0.0058823028462789,0.1383326089041233,0.1324503060578444,0.07580164926677999,0.023455388656551248,0.0405750093476166,0.1343355864706812,0.0937605771230646,0.07542473911012407,0.021380539569183916,0.0285852163846462,0.1095245080790954,0.0809392916944492,0.14496321886327607,0.08592653320819514,0.0174472790212426,0.3847726714098815,0.36732539238863887,0.465327463858052,0.24230694621892393,0.1976926994277148,1.0737967781279072,0.8761040787001924,0.3132221310423364,0.1496636057337942,0.0655574834823317,0.5688373676143759,0.5032798841320442,0.22956357908935696,0.07637387635530389,0.0913995026070113,0.3661311245254368,0.2747316219184255,0.34931469751229366,0.23891165367955536,0.0262396081471401,0.7977880396373372,0.7715484314901971,0.2059993080862884,0.07338533205804988,0.052735652156624,0.3218391144280166,0.2691034622713926,0.33752763542936387,0.15715480143675253,0.1127842992496988,0.6203613519652891,0.5075770527155903,plausible
Thenuri,3,02,9,113,1.120000000000001,0.49108596381689895,0.289958472366074,0.1685891656721844,1.250692238222561,1.0821030725503764,0.2842518889198525,0.12231227167264834,0.0577688767498202,0.4474215797700834,0.3896527030202632,0.23157861232186921,0.08016227760843604,0.083103707165752,0.3765461547480925,0.2934424475823405,0.32897823265723364,0.1809922111473861,0.0628350409131274,0.6107268637173575,0.5478918228042301,0.2001920076883774,0.0780598580816361,0.0458199764141224,0.31302170022484,0.2672017238107176,0.2983626291614381,0.12506168980313645,0.0691397116217741,0.4572582335511625,0.38811852192938845,0.04899510180422883,0.024841134852162123,0.0122951729860068,0.0930495108116853,0.08075433782567851,0.07060843050617546,0.03292051750114973,0.0117303874045689,0.1291289018637906,0.11739851445922171,0.064973456415092,0.035503132643838954,0.0171945215369497,0.1274182139066428,0.1102236923696931,0.06504565489381665,0.03593862441953425,0.0206737873000271,0.1405461004466849,0.11987231314665779,0.054951300006543476,0.02463967983997845,0.0148937723912616,0.1049748762652993,0.0900811038740377,0.13914876069647644,0.09319023203147285,0.0063079315387834,0.3808584595599928,0.3745505280212094,0.45144076497018676,0.24257856607142317,0.1796003748624356,1.0513796834396838,0.8717793085772482,0.33029447460866207,0.1523379488578307,0.0486920963052652,0.5367699890769161,0.48807789277165087,0.2299460345311065,0.08643880117946068,0.0703039856351902,0.3768581102141785,0.3065541245789883,0.35412979721181526,0.22979978531997386,0.0626335384176606,0.8006889773596138,0.7380554389419531,0.2306560069540528,0.09399802274935683,0.0612515789027129,0.3623788666163804,0.30112728771366754,0.3537881074863008,0.16592931014338538,0.0497602184793243,0.5905890480839491,0.5408288296046248,plausible
Thenuri,3,02,10,114,1.1300000000000008,0.4761816110292974,0.3087035042345065,0.1355968531260575,1.2641557253655018,1.1285588722394444,0.27733219796428465,0.1238576196667302,0.0717516630526348,0.4882283952080399,0.4164767321554051,0.2467370080953024,0.06929518129667579,0.1269612521114266,0.3791734159051171,0.2522121637936905,0.3350106581285344,0.19703872092067404,0.0504972996171005,0.6562144352210566,0.6057171356039561,0.18472666740885282,0.0786886838976193,0.018573840519196,0.308387813508971,0.28981397298977496,0.2806279432900539,0.1197026977874969,0.0832977490946041,0.4937650580093516,0.4104673089147475,0.0585055494034472,0.018001793415209723,0.0150986518720849,0.0793274281312794,0.0642287762591945,0.06826034223874677,0.02713316528249231,0.0213320469017428,0.1125491968986708,0.091217149996928,0.06815422005428003,0.03038265254729551,0.0071249109094664,0.1068414007606837,0.0997164898512173,0.07347519972628387,0.027832804398628386,0.0201587106113327,0.1188452760747709,0.0986865654634382,0.0851516974156645,0.030546077598113723,0.0195871295009785,0.1313656700657441,0.11177854056476559,0.1489937236380455,0.07440361938367801,0.0429329348245891,0.3280949046995465,0.2851619698749574,0.46145690750218965,0.28264229476955094,0.1710297500087821,1.1414780178524548,0.9704482678436728,0.3360786195850827,0.1562225652288803,0.0735975183502502,0.5730312730386445,0.49943375468839435,0.2399673981851561,0.08486904545262225,0.0803759649790369,0.3868056652967428,0.3064297003177059,0.36173035925019276,0.22020780709752202,0.067955358777171,0.7671422463294395,0.6991868875522685,0.2202826688125911,0.07500232033436552,0.0601570394114906,0.3331080004753496,0.272950961063859,0.3202777193078369,0.16886459688003141,0.0412083467868964,0.5915686087248747,0.5503602619379783,plausible
Thenuri,3,02,11,113,1.120000000000001,0.4974394234672276,0.3245435806828582,0.1374036027728551,1.3222482517170748,1.1848446489442197,0.274209861494152,0.129424635580383,0.0225789860333305,0.4769084376269631,0.4543294515936326,0.24108518609183088,0.08478161430056015,0.0857056705204307,0.3905622802698135,0.3048566097493828,0.3397998318634226,0.2009851574531849,0.0448790111375329,0.6503569511935438,0.6054779400560109,0.20197083964564058,0.0810051357619159,0.0351338971105636,0.3237177676867935,0.2885838705762299,0.28047046106722123,0.13402399925131817,0.0239002566191906,0.4978891340836006,0.47398887746441,0.055282173825338524,0.01799957471566307,0.0113547968229221,0.0792193845158868,0.06786458769296469,0.08390580557353938,0.03357230300577963,0.0124299635109041,0.1377886866257157,0.12535872311481158,0.07368916985352504,0.027658871589514387,0.0153462975944484,0.1146884419774983,0.0993421443830499,0.05992818481292913,0.03628628635346228,0.0052105955989994,0.1488702234588224,0.143659627859823,0.060030730177134714,0.03142272187654558,0.0185169346367255,0.1210663145689859,0.10254937993226039,0.13869761771037975,0.09045753617696366,0.0077698106788654,0.3862400240150586,0.3784702133361932,0.46720677130090194,0.2379615956147013,0.184754872586206,1.0389442015320671,0.8541893289458611,0.34489333453409915,0.14752907890069988,0.067298344249047,0.5747220054285163,0.5074236611794692,0.2335407194204042,0.07724176604141987,0.1181862598199051,0.3736250103864905,0.2554387505665854,0.3460687743592754,0.2077465637959659,0.0644765055354698,0.7133792282487124,0.6489027227132426,0.2528428805220338,0.0959880106800107,0.0702143882741956,0.3747048453812031,0.3044904571070075,0.3523345770279624,0.17594991285923697,0.0285620084473784,0.615335244348507,0.5867732359011285,plausible
Thenuri,3,02,12,113,1.120000000000001,0.47664602524987854,0.30041583077440537,0.1467623003828149,1.2522968181297014,1.1055345177468865,0.2990433052263281,0.14306774065604835,0.039475475475339,0.4939740532580114,0.45449857778267244,0.23968074318260219,0.07825282045053407,0.0911004855360039,0.3767694337678711,0.28566894823186717,0.32987556152689396,0.19317166613179468,0.0491842711705246,0.6473099351538228,0.5981256639832983,0.2291446841802841,0.09471344911916635,0.0306494974178085,0.3974394737822896,0.36678997636448113,0.30123893824608017,0.14180627718506905,0.0534678428096974,0.4962091042588455,0.4427412614491481,0.06071690911626716,0.011469275767213499,0.026831900186668,0.0762554709510418,0.04942357076437381,0.08715824667155718,0.02811858775491521,0.0137748643249905,0.1302143989250378,0.1164395346000473,0.08115021375223407,0.028075934739250036,0.011270605834431,0.1124095916567555,0.1011389858223245,0.05587668819529169,0.025579182040542815,0.0160196216847395,0.1204200645012127,0.1044004428164732,0.05586598075082019,0.024166317679167895,0.0133386516308206,0.1037271646747052,0.09038851304388461,0.14464225473934084,0.09592286848982269,0.0076217868073671,0.4107284445481889,0.4031066577408218,0.46863884648843973,0.2330916377700759,0.2215008208417563,1.068833073460063,0.8473322526183068,0.33451588042554364,0.15393770287451977,0.0618284960587553,0.5746642982420311,0.5128358021832758,0.22377119579813537,0.0731392767983469,0.0933462627907815,0.3596558945659203,0.2663096317751388,0.3548408972522614,0.2131746813986142,0.0817330014350881,0.775457049444384,0.6937240480092959,0.23401050737474013,0.08640457994926878,0.0545578073706151,0.3637588703420075,0.3092010629713924,0.363248416701936,0.1746302674296134,0.1095840654204337,0.6330116250598593,0.5234275596394256,plausible
Thenuri,3,02,13,114,1.129999999999999,0.47405829137628647,0.2729484581624799,0.1580788464966355,1.1799983937438672,1.0219195472472316,0.3241683881580383,0.14441339367894668,0.0543398523428876,0.5522726954789805,0.4979328431360929,0.24649812543936753,0.07026064692789188,0.1164871012453918,0.3511075489833938,0.234620447738002,0.32893822308255194,0.19793502828461818,0.0335599794201981,0.661011363594019,0.627451384173821,0.2267842358941491,0.09063447720313401,0.038095686810064,0.3906921303213438,0.35259644351127983,0.32852152718269484,0.13662034643391974,0.0680538603559842,0.5470872718294266,0.4790334114734424,0.04482060400102158,0.015958738623689718,0.0093010541116807,0.0724686878975803,0.06316763378589961,0.06929309622130425,0.02474311818561156,0.0220963178580143,0.1087996730318673,0.086703355173853,0.0695197118390795,0.024643242953809846,0.0111318693722618,0.1118543231378118,0.10072245376555,0.06702241897596158,0.032297381025583806,0.0113023176905872,0.1318897609663152,0.12058744327572798,0.06628383312516241,0.029117438423328208,0.0201441023589323,0.1098472415935245,0.08970313923459221,0.14774643131358192,0.10790106200700096,0.0063864183155043,0.4075583344960107,0.4011719161805064,0.43215866152195104,0.2544883196750166,0.1581124912470221,1.0425207654508446,0.8844082742038225,0.3099227045449489,0.14888360384672095,0.0442898791042514,0.5435767624062076,0.49928688330195614,0.22985336888702423,0.08550881621799815,0.0829954496035664,0.3879308887593175,0.3049354391557511,0.34651267362915855,0.22081809412714054,0.0697119627184703,0.7630893037927207,0.6933773410742503,0.2349943558063333,0.09757353354253352,0.0422723847346845,0.3612900273217188,0.3190176425870343,0.34261716802642844,0.15535009884760134,0.0745328024205851,0.5899634864748164,0.5154306840542313,plausible
Thenuri,3,02,14,117,1.1600000000000001,0.46116507256128764,0.28614235043963626,0.0738379512774053,1.1864458963447555,1.1126079450673503,0.3181388076264069,0.14392065237751456,0.0367713318968273,0.5349223426806762,0.4981510107838489,0.23239292653999535,0.0679474759409853,0.1070253846286876,0.3549421028375777,0.2479167182088901,0.33948735972708416,0.19565592576730972,0.0252307115303922,0.6642594763361399,0.6390287648057477,0.22555955578057402,0.09331152044484224,0.0306981315774874,0.3777110584132497,0.3470129268357623,0.31963049564594403,0.14004895620425692,0.0493087547573081,0.5309407073082663,0.48163195255095814,0.05551786039974527,0.018562663360126817,0.016054700891718,0.0887809569534111,0.0727262560616931,0.0805223908009212,0.03179043226959617,0.004579546005512,0.1239259114611337,0.1193463654556217,0.08344403002628394,0.03182748749449144,0.0138648912403014,0.1246092806390583,0.1107443893987569,0.06357086113639941,0.03396153721073445,0.007668920884904,0.1310056774904154,0.12333675660551138,0.06835451479510905,0.033544447297874945,0.0183058449977963,0.1341019878013066,0.1157961428035103,0.14547231857408277,0.10089355271631259,0.0179102688147173,0.4157669724108208,0.3978567035961035,0.44518284392429514,0.2407633617541366,0.1752396882438646,1.0469216537632309,0.8716819655193663,0.34281703483997544,0.173627250057367,0.0473871171089162,0.6282478799820772,0.580860762873161,0.22363371361979612,0.08016583555578682,0.066889462363807,0.3517876702098186,0.2848982078460116,0.3528898184592194,0.21122948668696115,0.0771471389397564,0.7434923039467065,0.6663451650069501,0.24340608888901638,0.09495771461332549,0.0341402956112588,0.3790963271386993,0.3449560315274405,0.37438469220715614,0.18825923915906165,0.0668675919839306,0.6868878339500605,0.6200202419661299,plausible
Thenuri,3,02,15,116,1.1500000000000021,0.44824473307492657,0.3140177996464454,0.0987085401029774,1.27855166085766,1.1798431207546825,0.2887477503374502,0.15097181147143401,0.0271213990357031,0.523987629511252,0.4968662304755489,0.22106120707782018,0.07428458846517073,0.0863120365348198,0.3486170662069838,0.262305029672164,0.3286331231362448,0.19235697878669952,0.0351287053021665,0.647275764065518,0.6121470587633515,0.2237744618955049,0.08963219335091215,0.0406075130605418,0.391356268991924,0.3507487559313822,0.28280168103445585,0.14703275725291576,0.0318238876013456,0.5057634489643259,0.4739395613629803,0.05123037029973068,0.019000742509142146,0.0068840806354596,0.0798882632814973,0.0730041826460377,0.07787859856138551,0.03238033049077529,0.0125114676409,0.1312408124653211,0.1187293448244211,0.07362500006741604,0.02997745314314851,0.0203064538937277,0.1186969964976615,0.09839054260393379,0.06196316717870568,0.028927620776393596,0.0195996064705917,0.1289447775718272,0.10934517110123551,0.0645779407817024,0.026293946199925596,0.0088362276126317,0.1006018203895781,0.0917655927769464,0.13678530472227585,0.10143045591124002,0.0183928762744299,0.3895061230798358,0.37111324680540586,0.46387544871433506,0.24554416619084074,0.2318373324121156,1.0807439889465296,0.848906656534414,0.3371560044303006,0.15998280802945547,0.0419453518767088,0.5739633901216311,0.5320180382449223,0.2190709551875993,0.0784844586539657,0.0761634139677146,0.3479085605387988,0.27174514657108423,0.3412764648116302,0.2204519883351209,0.0396214918823451,0.7218925597335061,0.682271067851161,0.2546084914469127,0.1068658589185072,0.0339809499163904,0.402302394914959,0.3683214449985686,0.3658084615106556,0.16395818097378914,0.0787882427994625,0.6134665572117514,0.5346783144122889,plausible
Thenuri,3,02,16,116,1.1499999999999986,0.4547490402712006,0.27814738639004954,0.067276075805879,1.183446231890651,1.1161701560847719,0.29977824061558384,0.14599008993571586,0.0447180832893198,0.4870038633962165,0.4422857801068967,0.2375597591013346,0.07008304116796663,0.0949365291911297,0.3647390292106789,0.2698025000195492,0.33940281326342076,0.18937689927265475,0.0210554050817799,0.660577568837119,0.6395221637553391,0.2255480217300658,0.0909230468151478,0.04199069112172,0.3482082532761742,0.3062175621544542,0.30237440627329687,0.14335156402298246,0.0477405912427777,0.4836038448336637,0.435863253590886,0.06412104022919896,0.019360724483594296,0.0188572098625442,0.0925734654543685,0.07371625559182429,0.09196200116832633,0.030866307919406803,0.0277522279308959,0.139065908603537,0.11131368067264108,0.08848432191097576,0.0332608359080442,0.0169589758844093,0.1462678187655516,0.12930884288114228,0.06371295584992691,0.030804286321048643,0.0137327461546951,0.128608515990182,0.1148757698354869,0.06232306283337678,0.026935216803416075,0.0053986757168631,0.1155636927493706,0.1101650170325075,0.13623318322466205,0.09911670122944183,0.016679538536915,0.4185380117731671,0.40185847323625207,0.4298290190742786,0.2640154277308252,0.1569895920486187,1.0469185942774366,0.8899290022288179,0.31256592579842135,0.15363866184108538,0.0163791870902455,0.5461762931189724,0.5297971060287269,0.2404173564175186,0.08340699717503436,0.080159716116677,0.381253251837532,0.301093535720855,0.35566744940408984,0.20164598690787958,0.0834728632104534,0.6988371655521927,0.6153643023417392,0.2213019716814015,0.08958394141187764,0.041744138785751,0.3381461803176147,0.29640204153186367,0.33698901155820454,0.16373456882477233,0.0166917106710902,0.5731942457739013,0.5565025351028111,plausible
Thenuri,3,02,17,118,1.1700000000000017,0.46003789093632,0.28248084922656536,0.1377011099446664,1.1992664980234051,1.0615653880787388,0.2916673265666364,0.1523365606547556,0.0606654618928942,0.5125037218902763,0.4518382599973821,0.22106960577724222,0.07669069473102108,0.0899936950198149,0.3446556259580725,0.25466193093825756,0.321610578804427,0.18958845633218227,0.0467724461453874,0.6512145542214305,0.604442108076043,0.22505217012454862,0.09150781461746872,0.0190426979679183,0.3424533551655487,0.3234106571976304,0.29030925927269147,0.14922520116784874,0.0702720903983683,0.506201865698092,0.4359297752997237,0.047169999399167314,0.01972062649840183,0.0050710430636628,0.0857007417179566,0.0806296986542938,0.07142342525699548,0.0299179518303817,0.0133988953039464,0.1235156060833982,0.1101167107794518,0.07032633390606934,0.02797828729177286,0.004865886356626,0.1042022032358614,0.09933631687923539,0.05802406675829104,0.02904079925390079,0.0211754013917317,0.1223349135206722,0.1011595121289405,0.054012994336045,0.02632918713749102,0.0078754450011394,0.1068836954804816,0.0990082504793422,0.13201463860388574,0.08807223090010509,0.0191594926108377,0.3606367523688354,0.3414772597579977,0.44078551402789384,0.21127736442049108,0.1997116302184931,0.9742528299205444,0.7745411997020513,0.33397716505482844,0.15417556258122325,0.0705851949772013,0.5586299914398299,0.48804479646262866,0.21670478790607747,0.07585299252053163,0.0796023999064267,0.3522787261482353,0.2726763262418086,0.34813309875249987,0.20043163208516007,0.0362547921571915,0.6590961963899407,0.6228414042327491,0.2596666943911605,0.11036100796095655,0.0380540770277435,0.4022767575453453,0.3642226805176018,0.3478324231252394,0.15808007917075753,0.0626330000447816,0.5919844701302966,0.5293514700855151,plausible
Thenuri,3,02,18,114,1.129999999999999,0.4121010511654538,0.2845641265149635,0.1307597724574409,1.2041515248076264,1.0733917523501855,0.31688947877623985,0.1561288028745376,0.0532970866917863,0.5438967966791529,0.49059970998736663,0.22575115368637777,0.07875384167120934,0.0978460859612706,0.3643375597324325,0.2664914737711619,0.3057251419408199,0.18434708803869054,0.0383334639765399,0.6274327204189439,0.589099256442404,0.22124183475589915,0.08486019611118378,0.0367683974278283,0.3364312608932814,0.2996628634654531,0.3099291864829621,0.1534821771654431,0.0604931937939901,0.5410995584307579,0.48060636463676776,0.05064298440621953,0.021996329994156422,0.009620972331701,0.0908778393546862,0.0812568670229852,0.07788349732897211,0.03420757240434728,0.0072890843110748,0.1347246052417859,0.1274355209307111,0.07694095269205017,0.031592528376246404,0.013946636040894,0.1289041391918458,0.1149575031509518,0.06367744909264711,0.023117695835635815,0.0285473100644843,0.1156107241123165,0.0870634140478322,0.06194629885463932,0.021569465380514366,0.0142273861944407,0.0953973282497703,0.08116994205532961,0.112935369526346,0.07030221010055962,0.0156698076708049,0.2972495158013359,0.281579708130531,0.4564080838716252,0.23951535113587882,0.1807924260140332,1.0557641167876646,0.8749716907736313,0.3224466037737282,0.14724172876728742,0.0727176326319096,0.5484944718406469,0.4757768392087373,0.21237082280684003,0.07349685354438175,0.0809326791302267,0.3223634390643833,0.2414307599341566,0.34590838240990235,0.17968723236177303,0.0499404588143286,0.6315122313016823,0.5815717724873537,0.2343597793118483,0.10096990536092049,0.024515194256444,0.3738114346451146,0.34929624038867063,0.3291238161329402,0.15115604534899774,0.0846088864884703,0.5690408039287167,0.4844319174402464,plausible
Thenuri,3,02,19,118,1.1699999999999982,0.4145307712756014,0.2784309023658555,0.1197199002202058,1.1108186708964187,0.9910987706762129,0.3186954601421925,0.14302551276471875,0.0602693312898366,0.5490587639031353,0.48878943261329877,0.21576392800879965,0.07378196958504463,0.0852989690546568,0.3259046482042652,0.2406056791496084,0.3182568404636473,0.20002751749138245,0.0290611586536285,0.6531766118685769,0.6241154532149484,0.22764647901251742,0.09625831925284263,0.0263188225100029,0.3543539275130801,0.3280351050030772,0.32340337081631554,0.1411473868397519,0.0631538266054587,0.5437117425945978,0.48055791598913905,0.056035492119683054,0.019949582895880568,0.0024241348303482,0.0829757439801436,0.0805516091497954,0.08659461666502243,0.03245694061023341,0.0095466294885022,0.1343555696717972,0.12480894018329501,0.07948709883075462,0.032057093581246386,0.0077863756848487,0.1260826469442895,0.1182962712594408,0.05982312189663982,0.02889439418979909,0.0157642770503096,0.1193247214459624,0.1035604443956528,0.058997187482606746,0.021555405383986915,0.0083828457382819,0.0942536593696076,0.0858708136313257,0.12541670078684258,0.07801209847444325,0.0134706623291234,0.3235585193225221,0.3100878569933987,0.42590265517749715,0.2400932375623904,0.1917837090893111,0.9967876586108668,0.8050039495215557,0.33764241013592533,0.16864012683905902,0.0581499518822818,0.5810623564751229,0.5229124045928412,0.21435209254883675,0.0796326322716285,0.0732731328519828,0.3384706931007871,0.2651975602488043,0.3586598495946529,0.20884885309843912,0.0521006247366027,0.6990536274937376,0.6469530027571349,0.2591896806410588,0.10504278723199324,0.0193084296015202,0.3901237248525216,0.37081529525100143,0.3579586003114179,0.17437372817997043,0.0910740753425279,0.6081478081468347,0.5170737328043068,plausible
Thenuri,3,02,20,135,1.3399999999999999,0.3268929025843857,0.2964370991913864,0.065237994999992,1.056417081077842,0.99117908607785,0.19224196514721242,0.1454070262650093,0.026433299621747,0.5056696388536511,0.4792363392319041,0.1678646837462954,0.08552108964556267,0.0678550059387813,0.336291535716627,0.2684365297778457,0.2886208989942068,0.22112800228062532,0.0343693143954441,0.7463028890913519,0.7119335746959078,0.20568210860164182,0.09731294790453383,0.0488816062714185,0.3583832584715372,0.30950165220011866,0.1924181846322782,0.14059058020075407,0.0301818691225303,0.4964706913790853,0.466288822256555,0.07020194775772189,0.02904176942978684,0.0162456858078103,0.1187605971332099,0.1025149113253996,0.09663439053440391,0.047861789490023794,0.0072480768426748,0.1750889535685446,0.16784087672586978,0.09063994518750705,0.039951952361061124,0.0187704552435878,0.1581454869754919,0.1393750317319041,0.052074604229423935,0.03258126996277966,0.0112596583759261,0.1398927938233356,0.1286331354474095,0.06005741465875916,0.040220604264156884,0.0109010155186448,0.1456335217618576,0.13473250624321279,0.10587742908217916,0.06850041206037259,0.0205817485158558,0.3368482193269098,0.31626647081105397,0.30119309590943233,0.1771512053154888,0.1329970171381815,0.7491108407057714,0.6161138235675899,0.30503779981819173,0.12073360743029861,0.0417143859738158,0.5083539908941831,0.46663960492036727,0.1742007729396729,0.04594261341471902,0.0871777250255045,0.2588824517876659,0.1717047267621614,0.26972433985552324,0.15778828805548936,0.0683431803567618,0.6215704889262882,0.5532273085695264,0.27773343982192683,0.10735245606363039,0.0571216493051734,0.452783394108788,0.3956617448036146,0.3281271807053177,0.1460258891322272,0.0720890073554253,0.5668157010808352,0.49472669372540995,plausible
Thenuri,2,01,1,172,1.7100000000000009,0.2965499484413625,0.18160991858732506,0.0361281866691,0.8892842018363364,0.8531560151672364,0.1337838118217116,0.05664420051675815,0.0282050169026242,0.2512390825405658,0.22303406563794162,0.2071893173188977,0.0675833851328573,0.0965415503693274,0.3207135569823568,0.2241720066130294,0.28781385074790294,0.1580984213306649,0.0338635037169419,0.5709853739248726,0.5371218702079307,0.08081108555415799,0.044906665968770465,0.0127145337993641,0.1590452950427055,0.1463307612433414,0.1338017288868693,0.05246970870201532,0.0323511563620955,0.2485818192455591,0.2162306628834636,0.03931071837874815,0.012841878989269173,0.0139286813298368,0.0595796844372079,0.0456510031073711,0.04216617434182025,0.017313324091942462,0.0062800203723072,0.0776604861872473,0.0713804658149401,0.05767557785995515,0.016193272764043906,0.0220373038392542,0.0917369011047342,0.06969959726548,0.06358463706423995,0.020374591163121965,0.0167840750573586,0.1073440583045632,0.0905599832472046,0.06656010125062495,0.026526320461307776,0.013553624144869,0.1220504628093153,0.10849683866444629,0.08487262514316796,0.03735328273989014,0.0160669919783403,0.1942299977355489,0.1781630057572086,0.293373085765961,0.1928294129937224,0.1056038942179157,0.8381950683677569,0.7325911741498412,0.123590979853932,0.08324842319714622,0.015044035796142,0.286968830301639,0.271924794505497,0.19293917441906738,0.06648122502756876,0.0272957574134427,0.2939392467596882,0.2666434893462455,0.3091469018849563,0.2069908295496151,0.0834017362211871,0.7978134274212397,0.7144116912000527,0.1105756762142086,0.05171569026224184,0.0514639907151887,0.2553841499842084,0.20392015926901969,0.13210897039918973,0.08618690375043028,0.0223436274608743,0.3045704784334118,0.28222685097253747,plausible
Thenuri,2,01,2,126,1.25,0.3755336443047056,0.24851074904875944,0.1082115825464377,1.0362185809192856,0.928006998372848,0.1758896141324997,0.07846315939869294,0.065303090912928,0.3218401235316243,0.25653703261869626,0.20844635703101666,0.07726170604946093,0.0513785538903277,0.3383592539288148,0.2869807000384871,0.2815668491943192,0.17449208103189953,0.0408011491294873,0.5883166044534928,0.5475154553240055,0.17702184073187152,0.11767879691458817,0.0371431817204069,0.3636880148415323,0.32654483312112537,0.16228654872129414,0.0733863020646594,0.0358812980806136,0.292845956047614,0.2569646579670004,0.07680099007862148,0.024135132727115014,0.011532244617377,0.1185009842653173,0.10696873964794029,0.08975297065248153,0.020550715772750812,0.0239367627889809,0.1248976391443381,0.10096087635535721,0.07419892530207065,0.02453231343653887,0.0415262950931008,0.1289419720330765,0.0874156769399757,0.05187098643350591,0.023366977195609078,0.0217976303118018,0.1029879843457128,0.08119035403391099,0.03642739471114995,0.020709320737737968,0.0054387522847294,0.0824628848895814,0.077024132604852,0.06297409565119752,0.030418772761078815,0.0166882593835044,0.1551492597608857,0.1384610003773813,0.3867677732402827,0.1857376209735457,0.2004339425690405,0.8160755119214217,0.6156415693523811,0.1666360119008244,0.05815219812714266,0.0569274374098086,0.2673978567882908,0.2104704193784822,0.17320424561456013,0.06461953031392005,0.0542415232421053,0.286380292282278,0.23213876904017272,0.3446161765880623,0.22954512582903996,0.0177745498673784,0.8167079503299939,0.7989334004626155,0.1425624001962451,0.06561392354599956,0.0264836480410235,0.277395161228725,0.2509115131877015,0.1780219329814882,0.061800728376174806,0.062440003011248,0.2808303635389022,0.21839036052765418,plausible
Thenuri,2,01,3,123,1.2200000000000006,0.40355055898937914,0.2258761512947822,0.1667296999153368,0.955268081986393,0.7885383820710562,0.1971638064690045,0.09770868966973141,0.0261412198250387,0.3373833820826361,0.3112421622575974,0.2219857993302475,0.08724909423621431,0.0433546454533876,0.3633129855763873,0.31995834012299973,0.3064465500027946,0.1767964665362481,0.0796680526922448,0.6106884568448689,0.5310204041526241,0.1768403459836834,0.11525676231902647,0.0276922585638913,0.3615075945919928,0.3338153360281015,0.20810005382773722,0.09922243014411357,0.0262653478483241,0.3461953034226512,0.31992995557432713,0.060595701367080215,0.02071262393222357,0.0068842219670495,0.0926964701412051,0.0858122481741556,0.06546652967178956,0.018854673608008788,0.0183860158171502,0.0912577748430227,0.07287175902587249,0.0882863678531109,0.025188221557300376,0.0201613231367534,0.1193806281691317,0.0992193050323783,0.049474983889244845,0.018971316822459217,0.0182069890690136,0.0937620832171781,0.0755550941481645,0.044386855226804044,0.026114210706190175,0.0048062418250997,0.0837913044212781,0.07898506259617841,0.07880681435815512,0.06046973591911053,0.0190938756606445,0.2626753643736007,0.24358148871295618,0.38421255896345946,0.20150318644897147,0.1929045225121325,0.8749048973892704,0.6820003748771378,0.2339262296824867,0.12535267514914716,0.0236290420395146,0.4658304066349101,0.4422013645953955,0.1904815045909212,0.07370336696567273,0.062956756863254,0.3097957347166327,0.2468389778533787,0.35262466206450216,0.21693606952680575,0.0607728253190621,0.7744572489500579,0.7136844236309957,0.15323066226446172,0.06004325856073686,0.0434464882777875,0.2790958416810455,0.23564935340325802,0.23899678460518112,0.12950260200544259,0.0450093419892736,0.4790264359527976,0.434017093963524,plausible
Thenuri,2,01,4,118,1.17,0.43874174788465437,0.2718390571663391,0.1402454719701135,1.134518109061627,0.9942726370915135,0.23165810960134825,0.09744058750989931,0.0321361671651181,0.3769272531049958,0.34479108593987773,0.23870980428769928,0.08235127717275842,0.0813752346862062,0.3730688395673626,0.29169360488115637,0.3130075717184527,0.18351492005022046,0.0369587052789394,0.6058966970632712,0.5689379917843318,0.14545788875306512,0.06270086126192377,0.0465614361471694,0.266968804771744,0.2204073686245746,0.24344001633883947,0.11428382780083503,0.0215138265787713,0.4314921567234101,0.4099783301446388,0.05945801365877,0.027671637540951356,0.0139017312960865,0.1059178876367473,0.09201615634066079,0.08207178234989948,0.031069950576092863,0.0146479931004755,0.1255362629277538,0.1108882698272783,0.08550596501864192,0.04230085430948767,0.0277550058510341,0.1673504566890585,0.1395954508380244,0.04588643087679159,0.02653232636743852,0.0151752808442944,0.1051373326014472,0.0899620517571528,0.044259515210299194,0.02192768959863291,0.0137475743412021,0.0866736530467668,0.0729260787055647,0.0902666227496138,0.05615186946390817,0.0121018938398383,0.2437110434892776,0.2316091496494393,0.4009528305077278,0.20972905558540675,0.1754563711882528,0.9058375551510016,0.7303811839627488,0.23404325324467343,0.07341429522444769,0.0270464919531565,0.3262251670879811,0.2991786751348246,0.1916064691318043,0.07953286146263529,0.0303626484980962,0.315012829929578,0.2846501814314818,0.3517712654862821,0.22962462702712425,0.0578733568977927,0.815767768142175,0.7578944112443823,0.18522506295040567,0.07328689683173227,0.0493231279515581,0.3202106540495286,0.2708875260979705,0.2442016392872425,0.07173556603654847,0.0697397139310122,0.3390275400946603,0.2692878261636481,plausible
Thenuri,2,01,5,114,1.129999999999999,0.4582198697352169,0.258567551276534,0.1780036010305256,1.1285703992672065,0.9505667982366809,0.22678990504776464,0.12445992583189862,0.013269987199181,0.4198800512193242,0.4066100640201432,0.2590986132730254,0.09034100410865052,0.0740480279557693,0.4007064981643374,0.3266584702085681,0.31879194187676996,0.18555421313771636,0.0455464649941724,0.6468566312536123,0.6013101662594399,0.1544065525139347,0.07328263473727824,0.0370720287632183,0.2852628251999433,0.24819079643672498,0.2566021694532223,0.1437345211600804,0.028386067805528,0.4999436769867785,0.4715576091812505,0.04888146085702388,0.014087659088768528,0.0137029872672285,0.0668645955740105,0.053161608306782,0.0593692988446986,0.018624502899217136,0.0182624703148772,0.0881110198745191,0.0698485495596419,0.05174222800364117,0.023952711566508415,0.0150203132852541,0.117136244944735,0.1021159316594809,0.05202384515759473,0.034315178130202614,0.0116291040003499,0.1274074694930117,0.11577836549266181,0.045306660826488536,0.03054878984771574,0.0033397666991506,0.1065609836598021,0.1032212169606515,0.09943654402209932,0.06257862988092727,0.0131503471847718,0.2521157961063439,0.2389654489215721,0.41281710568186236,0.20333106546425853,0.1876000163019349,0.9009608384170164,0.7133608221150814,0.2313275430355998,0.08938152054299803,0.0749219952267546,0.3904123666603195,0.31549037143356484,0.207077849947543,0.07928919923689136,0.0565186010050531,0.3251708521547722,0.26865225114971913,0.3243904333002471,0.2434438619632565,0.0380381001417023,0.8150092136945263,0.776971113552824,0.18437410215221842,0.07151238719586366,0.0615619480739017,0.3221101005415394,0.2605481524676377,0.24960655110533503,0.10128935833413917,0.0815644791984063,0.4434266971771819,0.3618622179787756,plausible
Thenuri,2,01,6,116,1.1499999999999986,0.45487408882322594,0.2712354836199428,0.1303842626848599,1.1080457364478478,0.9776614737629878,0.21915337974426888,0.10128670154936197,0.0247012049693574,0.3591092859400554,0.334408080970698,0.24555805614599793,0.10310521043383097,0.0498774466057481,0.4128896754930116,0.3630122288872635,0.31616334370711985,0.19940560892322656,0.0342241990421061,0.6557255936389254,0.6215013945968193,0.14521046510352695,0.06377662530682811,0.0148508153147056,0.2489393367401612,0.23408852142545558,0.22196618374596144,0.09683094224176113,0.0280549861144062,0.3468322899195219,0.3187773038051157,0.047597423016888754,0.018448964001387548,0.0063743749088009,0.0691330447980193,0.0627586698892184,0.06692862825060227,0.028215492836294428,0.0115183280423765,0.1137495065959512,0.1022311785535747,0.07638030851694258,0.03796362321017144,0.0080706670166421,0.1756615773616655,0.16759091034502338,0.05155686247487497,0.02643881368207662,0.0074375370426207,0.103561299892069,0.09612376284944829,0.043888413641375225,0.019765376762674997,0.0125601864393818,0.0826519181471578,0.07009173170777601,0.08362849715945571,0.0483250686094399,0.0243319952260635,0.2230297446014882,0.1986977493754247,0.41194710693421305,0.2238799459377371,0.161456419966066,0.9165618675607232,0.7551054475946573,0.26870672682314317,0.12158828739837127,0.0630762975393037,0.4405051539084597,0.37742885636915596,0.21347656994380945,0.08512034223743808,0.0648397844172452,0.3681680154351366,0.3033282310178914,0.3680592263181209,0.2535608527876727,0.0691511473625271,0.872494864948898,0.8033437175863709,0.19960691163548303,0.08776946321372006,0.0599945252292072,0.3620796307783975,0.3020851055491903,0.28375974476997984,0.1303308728260215,0.0745038813692967,0.4715678593981599,0.39706397802886323,plausible
Thenuri,2,01,7,112,1.1099999999999994,0.43410488543050885,0.28516841773788115,0.1757220993439464,1.1769183557405527,1.0011962563966064,0.24113424659440197,0.1204844424786005,0.0155937700646035,0.4145450343593069,0.3989512642947034,0.2587084995707736,0.08425465307876405,0.1047079019840547,0.4154476016747384,0.31073969969068366,0.3227082603741741,0.19156473707577057,0.0359097726422994,0.6532559328502906,0.6173461602079912,0.1668901667372287,0.05920187571695477,0.0468447582273359,0.2585158789001483,0.2116711206728124,0.24083258390104192,0.11741074902867321,0.0332255828329627,0.4299243984617765,0.3966988156288138,0.057574415622547614,0.020060548840314014,0.0193625241196203,0.0982495627090232,0.07888703858940291,0.07350252163951833,0.0319149429265537,0.0063117859840964,0.1215404810019021,0.1152286950178057,0.07733285369804957,0.03134429598097877,0.0133738595054701,0.1380810287714285,0.1247071692659584,0.05967466094948782,0.029438757375569502,0.0095641556235796,0.1178980649183388,0.10833390929475921,0.056548865702390025,0.02779200066638689,0.0083976323017509,0.1034010603879165,0.09500342808616559,0.10050990114178623,0.07466085566260189,0.0146845631859095,0.3079897060634238,0.2933051428775143,0.42480412145376134,0.23544083499648213,0.1507565163959387,1.0113577743425173,0.8606012579465786,0.3029016951462192,0.10331874330621471,0.1352116781997646,0.4869970017649544,0.3517853235651898,0.22177408487510272,0.081796248284575,0.077807026178329,0.3507201475965488,0.2729131214182198,0.3676641777544936,0.2426134550268205,0.0811057756552903,0.8542916813493819,0.7731859056940916,0.22039273646935273,0.08594158110372978,0.0404588065951219,0.3676626485530819,0.32720384195796,0.3297832144448662,0.11768545101240561,0.1451746044141208,0.5406052698843047,0.3954306654701839,plausible
Thenuri,2,01,8,115,1.1400000000000006,0.42280546691285026,0.24499045774459993,0.126751943641493,1.0593266739771805,0.9325747303356875,0.262024059514779,0.1003994461852328,0.0967216857265576,0.4414280264633442,0.34470634073678663,0.24005677265307904,0.10141518523130047,0.0479379324856996,0.4058750446462211,0.3579371121605215,0.33219734223339964,0.18910318274387558,0.0314142614747926,0.6363763621090971,0.6049621006343044,0.16044960519517762,0.0768760138674928,0.0116299091760097,0.3002568074189273,0.2886268982429176,0.25837790565005836,0.10085969906647758,0.0963233372764885,0.4443676838378114,0.3480443465613229,0.04835167490989367,0.019152295497440477,0.0180743474581855,0.0867851903272121,0.0687108428690266,0.07289318017466846,0.027414614298857356,0.0238745499741643,0.1328941493097535,0.10901959933558919,0.06552117338688006,0.03208952770968877,0.0231809773007472,0.1450022087792468,0.1218212314784996,0.049954684850280505,0.023274187752533256,0.0128915675324726,0.0963717115921626,0.08348014405969,0.043886459025460255,0.019261681507273747,0.0064779507879338,0.0792272485292005,0.0727492977412667,0.09289074479209673,0.07039052413626419,0.0101824045871194,0.2475454012111251,0.23736299662400567,0.4352345767314346,0.23382487055535325,0.1950968998287578,1.0363880601749484,0.8412911603461907,0.3274908461046545,0.14704874087173675,0.0724934846118059,0.5281164624665883,0.4556229778547824,0.21580379202505093,0.08356977518949554,0.0479765276716302,0.3365558322761304,0.2885793046045002,0.3443571286464131,0.23342082001385453,0.0294775481508778,0.8109906374840714,0.7815130893331936,0.2426666146677334,0.11604137413167244,0.0233484905306875,0.4346841258518417,0.4113356353211542,0.3522738551679155,0.15821456386441443,0.070226403831563,0.562382363839148,0.492155960007585,plausible
Thenuri,2,01,9,113,1.120000000000001,0.46917863008103383,0.26482042509357945,0.1670075029211245,1.1235201997510906,0.9565126968299661,0.250339838412694,0.1052477502865326,0.037174966098826,0.4053928399747368,0.3682178738759108,0.25262687472318074,0.08628939546801977,0.1026336150641453,0.4304117129558938,0.3277780978917485,0.3344161798973354,0.19400392806590558,0.041882117951019,0.6441236676951915,0.6022415497441724,0.15719941745616609,0.07091532027470251,0.0288164533332673,0.2651019144756831,0.2362854611424158,0.23092811055056375,0.09892305776227875,0.0331742043524378,0.3730620556157333,0.3398878512632955,0.045683452394894276,0.020594345646813554,0.0022921447072084,0.084349247907641,0.08205710320043261,0.07210650442493126,0.02185620583449548,0.0288238240513461,0.1003352646941525,0.0715114406428064,0.08155283433122183,0.04087981378786096,0.0045770823872193,0.1569877365917326,0.1524106542045133,0.0714016532511586,0.024341385063032534,0.0241160141608395,0.1176541728636276,0.0935381587027881,0.06891407535299035,0.027294227244700264,0.0039392057371593,0.102371249886781,0.0984320441496217,0.13912857487520572,0.07319654615617843,0.0332252299293489,0.3291495051516237,0.2959242752222748,0.44354741648196394,0.22325944544130902,0.1282066453766691,0.9674782006919308,0.8392715553152617,0.2678576866820832,0.10882979835257636,0.1168347571536674,0.4314571035306443,0.31462234637697695,0.22522190943585307,0.07749256543797253,0.065107918588157,0.3509305452638405,0.2858226266756835,0.34988509105574217,0.22058739172743913,0.0713445669699617,0.7935616302566685,0.7222170632867068,0.21243328951170182,0.09066057027343605,0.0625673586447702,0.3570893165157208,0.2945219578709506,0.28798280256317565,0.12784775569508763,0.1271569619143266,0.5036396303089828,0.3764826683946563,plausible
Thenuri,2,01,10,111,1.1000000000000014,0.45182375971039795,0.2861307533092946,0.1442735041465433,1.1778633905314169,1.0335898863848736,0.23580885478904243,0.10541234240598626,0.0371332013275339,0.3862334060297362,0.3491002047022023,0.2527069590168772,0.09128418629728337,0.0676985462674647,0.4026038152788447,0.33490526901138,0.3343414367211502,0.19558637475891735,0.0456199910101484,0.6714740330397394,0.625854042029591,0.172987944621404,0.07506036393845904,0.0480676617338345,0.2793399778562713,0.2312723161224368,0.23899340019357973,0.10720646048717704,0.0340018508292752,0.3815096449850234,0.3475077941557482,0.054837429290875976,0.013619960038027353,0.0310261541981782,0.086893133654606,0.05586697945642781,0.07359932460380937,0.024926078359652687,0.0185807986568794,0.1132068972451549,0.0946260985882755,0.0688359157943419,0.027642025366105914,0.0148142295033696,0.1148044996673537,0.09999027016398411,0.07408607341496284,0.0413554202811104,0.0118083338553931,0.1635076439097015,0.1516993100543084,0.06430992141054923,0.03204124282184618,0.0199941694330414,0.1241181699312254,0.104124000498184,0.12479412255245399,0.09353094864157735,0.0107057633038798,0.3590950890878445,0.3483893257839647,0.43653756104258984,0.21286667783178004,0.1716541900879953,0.9818329944993712,0.8101788044113759,0.3310800252482375,0.17594512844417734,0.0377115868765318,0.6107853456839587,0.573073758807427,0.21907003901490085,0.07339862924984593,0.0753391152845186,0.3354352246545736,0.260096109370055,0.341635337061754,0.2408945265550844,0.0635691392533523,0.8376289347199622,0.77405979546661,0.24274430321868115,0.10455436316355653,0.0267043029692555,0.4049545073058285,0.37825020433657297,0.35441851032622135,0.19369128299462185,0.0565333213578708,0.6945670898297909,0.6380337684719201,plausible
Thenuri,2,01,11,116,1.1500000000000021,0.48016345377293784,0.2855437487373807,0.0820321221808396,1.1793565469923863,1.0973244248115468,0.23002592294329605,0.11051642379191023,0.0449530485874727,0.4166397029077621,0.3716866543202894,0.2672372216537278,0.08831086431369688,0.1010122788166872,0.4146905691957686,0.31367829037908135,0.345305780022998,0.19811236438955854,0.0453882947406815,0.6708086929267938,0.6254203981861123,0.1592061114399363,0.06924954497699928,0.0261996679568083,0.2661689329127852,0.2399692649559769,0.22861482709829528,0.11566314372716709,0.0610682311638299,0.439171125616817,0.37810289445298706,0.039028758694802705,0.014074908662632533,0.0099973453989245,0.0594080405302956,0.0494106951313711,0.0657035280380346,0.023442315641361774,0.0185441510325583,0.0962950640615254,0.0777509130289671,0.049613361088788756,0.015491629507083446,0.0192477526880928,0.0931729498960474,0.0739251972079546,0.06403319845091617,0.028076790827943458,0.021370443253739,0.1206506044269591,0.0992801611732201,0.06676235763020824,0.027647309748611827,0.0037800048548515,0.0999950844733038,0.0962150796184523,0.11085035613093083,0.06825360667015953,0.0326934446017664,0.2952139117483762,0.2625204671466098,0.4337676943469595,0.25914632370163004,0.167999345812678,1.0583786405562807,0.8903792947436027,0.34688188836469214,0.16676242270013955,0.0715434140402246,0.5809548189320756,0.509411404891851,0.2385479848348288,0.08279307135175759,0.0848473014539752,0.3838154944343396,0.29896819298036437,0.373594812117112,0.24323343774633926,0.0926356775033946,0.8644976196990183,0.7718619421956237,0.261104207333029,0.12709671288479288,0.0144411598262546,0.4838475990888952,0.4694064392626406,0.38846804936733453,0.180444621860786,0.1224411436153167,0.6454592212159386,0.5230180776006219,plausible
Thenuri,2,01,12,111,1.1000000000000014,0.42721000534282594,0.2950287750300718,0.1105246140180217,1.186686545730409,1.0761619317123874,0.2630583556825817,0.11567573038148385,0.0508296307852118,0.4250005175022281,0.3741708867170163,0.2612320185313008,0.09958776482180932,0.0533230506285437,0.4305585037846536,0.3772354531561099,0.31196801027496773,0.18318265985873503,0.0481252912339075,0.6221956273360519,0.5740703361021444,0.1678436372244706,0.07575181831929186,0.0291531939993942,0.2652946701568963,0.23614147615750208,0.2639508046388208,0.11602457522070062,0.055663193391144,0.4396833822209308,0.3840201888297868,0.04021779099159699,0.010653261234551216,0.0155498818133325,0.0570772366668848,0.0415273548535523,0.06800253804807947,0.024454620091315406,0.0085051610417765,0.09626488265597,0.0877597216141935,0.06283412164135278,0.02550423185573828,0.0211545979476404,0.129298967125365,0.1081443691777246,0.06132337262772331,0.030882008928685076,0.0199994347655885,0.1373269605371421,0.11732752577155361,0.06754107384110633,0.027548951821391172,0.0090459121777961,0.1158597830592103,0.1068138708814142,0.12071324021300704,0.07987331545883951,0.0112455040397568,0.3323052787009369,0.3210597746611801,0.4522715710142913,0.22412746675712447,0.2246230599140207,1.0021931944962077,0.777570134582187,0.38492780890456113,0.18663208119059194,0.0311061241843909,0.646291861694765,0.6151857375103742,0.2308187242864316,0.07471700074232429,0.0849038147108898,0.3501708154237093,0.2652670007128195,0.35652180589521376,0.23838796340548582,0.0565917248101279,0.8219299516098749,0.7653382267997471,0.2947999228508592,0.1384060863025751,0.0612437388919763,0.5338821919781238,0.4726384530861475,0.4193243893752158,0.20084528024271595,0.0802754345666681,0.7122205761472313,0.6319451415805633,plausible
Thenuri,2,01,13,114,1.1300000000000026,0.46810151257379906,0.2795558268051496,0.1768091717456157,1.19292439593086,1.0161152241852442,0.27574634732686487,0.10347600121010658,0.0622345849778619,0.4383616368573682,0.3761270518795063,0.27269939916403435,0.09331948418550365,0.1012691990258689,0.4301504939473953,0.3288812949215264,0.33395429995831716,0.18234514867756307,0.0563537516171094,0.6156235209632724,0.559269769346163,0.1731794277520689,0.06838435000659678,0.043938679278008,0.2768224828427814,0.2328838035647734,0.26929674374137924,0.10230890354922514,0.0894918742934841,0.4190530185989122,0.3295611443054281,0.031331670793170466,0.00943779764026037,0.0105117489908642,0.0535689756925869,0.043057226701722705,0.05562221067915063,0.020036871363303507,0.0093951711773654,0.0862819877029321,0.07688681652556671,0.05071152868102255,0.02791673396982852,0.0094517941566275,0.1040818203426049,0.09463002618597739,0.0778144968807709,0.02727085607798427,0.0247050382230422,0.122813306667594,0.09810826844455181,0.08160674690134277,0.031335600091044996,0.0139844929588358,0.1207977737603865,0.1068132808015507,0.12479258022051265,0.07508056522458345,0.0233963194558438,0.2890350805148929,0.2656387610590491,0.4583748575288997,0.24758895850138013,0.1747266259451745,1.0405855992157336,0.865858973270559,0.33734615002742696,0.11581448312857034,0.1102501782314272,0.5056054705198303,0.3953552922884031,0.23052716911366214,0.07631330343244504,0.0786538436225579,0.3387745127084314,0.2601206690858735,0.3577768036960074,0.22603596556352465,0.0596779353912115,0.7882778116986481,0.7285998763074366,0.2692660071113413,0.1256525565100019,0.0637179957772051,0.499234544827673,0.4355165490504679,0.370650143855406,0.12540917512713629,0.1387809787672606,0.548670181176732,0.40988920240947146,plausible
Thenuri,2,01,14,114,1.1300000000000026,0.4837927659686321,0.2711109817558129,0.145745387989763,1.1576689053424971,1.0119235173527341,0.31699483428912434,0.1607474967298683,0.041425327058596,0.5451150343087887,0.5036897072501927,0.27057288633688237,0.09754297236976507,0.0815736542354713,0.4448191635850161,0.3632455093495448,0.32059713427343556,0.19518928613613348,0.0269832663866069,0.6439890082292087,0.6170057418426018,0.21484910484611372,0.08289917548839501,0.0576992407088322,0.3698137652110468,0.3121145245022146,0.3181689534564593,0.16160135432069075,0.0210746123846692,0.5540745292009005,0.5329999168162313,0.06683800162347288,0.01916739857011074,0.0236192207470466,0.097390094703426,0.07377087395637939,0.09188911699477195,0.030711818045851,0.0193590148136445,0.1332331971556728,0.11387418234202831,0.094839850129194,0.04090294903771511,0.0208544532341309,0.1763913331658793,0.1555368799317484,0.07686635921607002,0.03382236126472838,0.0232057399643153,0.1642516897481799,0.14104594978386462,0.07582924820768472,0.033357452758281475,0.007609427648359,0.1359358863748582,0.1283264587264992,0.13340755592511158,0.09290261250419556,0.0153202714631978,0.4517572831295556,0.4364370116663578,0.4425467843410147,0.23814435644221765,0.182617217882499,1.0419724365493537,0.8593552186668547,0.3480586182483223,0.15274825098542716,0.080277488644182,0.5764790176917967,0.49620152904761466,0.23593491968493213,0.07180926819185163,0.0943757120404163,0.3655349712235609,0.2711592591831446,0.3539327201570084,0.2115529652070635,0.0874528663121052,0.7706171434769528,0.6831642771648475,0.2845566540246866,0.14669687199847486,0.0252759153989011,0.5408334774498091,0.5155575620509081,0.36981782037682015,0.16468035868031816,0.0631962500565682,0.6172314819633338,0.5540352319067656,plausible
Thenuri,2,01,15,115,1.1400000000000006,0.42991384754629575,0.2758200274562802,0.1260455483089352,1.1731366961384158,1.0470911478294807,0.30238263323194414,0.13708407956181587,0.0844795615380738,0.4929854203881708,0.408505858850097,0.25836176584764,0.09561008725511651,0.0813611332508573,0.4248798298812326,0.34351869663037526,0.3193494357003695,0.18196891170269633,0.0528944149237033,0.6298545952825793,0.576960180358876,0.21442359045684592,0.10946200451778015,0.0157097511796072,0.3961533623997547,0.38044361122014747,0.3076765829960935,0.14192907921559902,0.0834273306102907,0.5328468320572799,0.44941950144698917,0.04385217784317318,0.010606023583183369,0.0201544274733905,0.0694449919141221,0.0492905644407316,0.07157578236839618,0.02109222556415191,0.0235529798095641,0.0979761054348315,0.0744231256252674,0.06794320906778534,0.030147413169311712,0.0078392500990201,0.1350548769297446,0.12721562683072452,0.05510318718108427,0.022978908954451076,0.0111100132376508,0.0898795889260131,0.07876957568836229,0.05656925668376528,0.02164369921639995,0.0068565198846153,0.0908357474950944,0.0839792276104791,0.14796008196626315,0.10328922106919035,0.0246640433362057,0.3927945505622717,0.368130507226066,0.4466759286521189,0.2310258126348464,0.208134852302722,0.9940029742547752,0.7858681219520532,0.31251603378609616,0.15671003816672072,0.0752763570930289,0.5377183124007057,0.46244195530767673,0.2246157303896501,0.08501453530780784,0.073720329317905,0.3609341159648441,0.2872137866469391,0.3626806838016799,0.2126032263734712,0.0828084016984365,0.743084777815825,0.6602763761173885,0.2887337214284442,0.13284934872284937,0.0872462868399409,0.5227819868866238,0.4355357000466829,0.3396639692005336,0.1686339415883402,0.0778178577376086,0.5827969495199109,0.5049790917823023,plausible
Thenuri,2,01,16,116,1.1499999999999986,0.46252866658225583,0.30226051782900565,0.1122691314831705,1.243561669878168,1.1312925383949974,0.30653662254153735,0.15290391395834949,0.0378655779158529,0.545409650971919,0.5075440730560661,0.2660898344645504,0.1065562983468348,0.0658931640048766,0.4532266669658834,0.38733350296100677,0.32789310880079914,0.18746173135128294,0.0395227747910979,0.6257337214524816,0.5862109466613837,0.22001909399583858,0.09287923796316751,0.0344675475019641,0.3712953194259422,0.33682777192397806,0.3133035926659647,0.15049426472229668,0.0443228470590357,0.5507835080830717,0.5064606610240361,0.04437724604661376,0.018205474870732364,0.0154025827151574,0.0737481693385404,0.058345586623383,0.06628842029310368,0.02719053182232863,0.0076092211189679,0.11057896158157,0.1029697404626021,0.06898838134604349,0.025614758823170717,0.0230572608953702,0.1323401892647732,0.109282928369403,0.06081382795293261,0.02679242771280222,0.0188639155151149,0.1336833767777656,0.11481946126265069,0.06080868101544403,0.02091060094337587,0.0184116825289054,0.101326009284547,0.0829143267556416,0.13067623932170333,0.0709723543591584,0.0193635020195418,0.3060926234945597,0.2867291214750179,0.44159340799962565,0.2128317790907154,0.205813347010617,0.9529416620048916,0.7471283149942747,0.33674300858417927,0.15520389901566387,0.0647080049745101,0.5890714413303365,0.5243634363558264,0.21896664468338253,0.07146267338644374,0.0764059772822282,0.3422688211949203,0.2658628439126921,0.35627527280746163,0.20744357494945864,0.0492144317536383,0.7230534335102545,0.6738390017566163,0.31196450450091123,0.15936771031271474,0.1202312475485554,0.5844226435285076,0.4641913959799522,0.3626880992048249,0.16828651713239726,0.0558401974086695,0.64396769261695,0.5881274952082804,plausible
Thenuri,2,01,17,114,1.1300000000000026,0.42517166033749837,0.2740674708609403,0.1475883488176113,1.178243279898488,1.0306549310808768,0.28561407723592386,0.12833179985152385,0.0690391624480314,0.5116085628281383,0.44256940038010684,0.2624964130754079,0.09806219969178587,0.076780393873472,0.4438375753157168,0.3670571814422448,0.3104552596173822,0.18620975609871862,0.0175336662202333,0.6191367390236403,0.601603072803407,0.18706493425976894,0.09695345897482395,0.0249372585065619,0.3564380821113247,0.3315008236047628,0.28656349236930106,0.12537802000089185,0.0773482187730371,0.5111496603175785,0.43380144154454137,0.04012048702328165,0.02016644077932527,0.0099201099484923,0.0743705633838792,0.06445045343538691,0.06369521857062352,0.026367868508552574,0.0093124472810971,0.1112381985468945,0.10192575126579739,0.06655447258838691,0.036576312697810094,0.0095367612597371,0.1252319690941624,0.1156952078344253,0.06851632376215806,0.021888446280641505,0.0287460806914776,0.1247745936747023,0.09602851298322469,0.07717454971028523,0.027222248733985432,0.0065433873223994,0.1129007365413133,0.1063573492189139,0.12743485540223573,0.07943868149715182,0.0063687566171709,0.3901907417763426,0.3838219851591717,0.4349781450657202,0.2251721765479454,0.1718452377227478,0.9813331704275424,0.8094879327047946,0.34103177943960544,0.14476480336200023,0.1191812427887895,0.5620624955476425,0.44288125275885304,0.2230799522439744,0.07089174279034581,0.0991085440894916,0.3393984701692576,0.24028992607976601,0.3588198328708138,0.2062509072322899,0.0424130558586997,0.6938110834164428,0.6513980275577431,0.2806677278601554,0.15237498830315965,0.037459383571936,0.5323277103344765,0.49486832676254044,0.33434194799363526,0.153248500919966,0.080057069721841,0.5828938532081278,0.5028367834862868,plausible
Thenuri,2,01,18,117,1.1600000000000001,0.4445362967378689,0.27140032564631295,0.1351987272554078,1.1143610101651102,0.9791622829097024,0.3010731153409126,0.12595706022220268,0.0654569176955872,0.4787645003089705,0.4133075826133833,0.25767862032642297,0.0859253712975578,0.0904055063455051,0.4039179508566463,0.3135124445111412,0.3294519116673744,0.18615406210738294,0.0471466678175665,0.6437267242072043,0.5965800563896378,0.19634081982973164,0.09021867442614386,0.0386361961620947,0.3696289450993306,0.3309927489372359,0.29744928235933327,0.12592489783481065,0.0605530940178137,0.4753049671712805,0.41475187315346684,0.05317751234218782,0.019110744178490954,0.0172079360244494,0.083166496493728,0.06595856046927859,0.08127386220660075,0.0321497083190126,0.0227945061079392,0.1285996193992692,0.10580511329133,0.07232965627069164,0.023644170022924748,0.0339033139352729,0.1337334737220019,0.09983015978672899,0.05836164193579679,0.032205431782142684,0.0186770137604199,0.1267408437524547,0.1080638299920348,0.05325444361329363,0.029340796799777125,0.0068540900729263,0.1056693690190695,0.0988152789461432,0.12728357139383845,0.09042768738452359,0.0065489966368632,0.3520621443116265,0.3455131476747633,0.4348864250989567,0.24979990545085215,0.1892399157844292,1.048573821690422,0.8593339059059927,0.34785673476991374,0.16673384266798535,0.0633927107250538,0.6038050704329949,0.5404123597079411,0.2089581493648257,0.08155523423601116,0.0516443221972022,0.3557790499689589,0.3041347277717567,0.360593366690384,0.2049021696144095,0.0619209961515173,0.6923873937451591,0.6304663975936419,0.30178487823499317,0.15953884610109348,0.1078517731060652,0.5821448903531434,0.47429311724707823,0.3734583399726147,0.17766385231326726,0.0868294160339796,0.6473344748926745,0.5605050588586948,plausible
Thenuri,2,01,19,120,1.1899999999999977,0.43064531212631524,0.2919143676000981,0.0900116350194434,1.206095818863539,1.1160841838440956,0.3193669916478562,0.16314544562493755,0.0358198288650048,0.5449748736050337,0.5091550447400289,0.26585231727268394,0.09481968229504358,0.0845245532954498,0.4271709392469137,0.3426463859514639,0.32616624297079433,0.1925651027096422,0.0494560037467841,0.6695982172795534,0.6201422135327693,0.23972140012546334,0.11545807187733398,0.0638542141122675,0.4388693536335694,0.3750151395213019,0.3223192760347123,0.1580780200080636,0.0471583624370179,0.5326326486250461,0.48547428618802824,0.0576046077329255,0.015892469969445586,0.0184987722558707,0.0764158274866028,0.05791705523073211,0.07987479884798582,0.026146867495138264,0.007884238866676,0.1133616171387835,0.1054773782721075,0.07341297640460151,0.027273270297128543,0.0185094022550643,0.1337997812282007,0.11529037897313639,0.06960929921185385,0.03364591455031453,0.013183515015508,0.1394678524642167,0.1262843374487087,0.06936249918624206,0.02746050393262299,0.0137547408845934,0.1218068694858381,0.1080521286012447,0.11445271806151748,0.08180410702944531,0.0155482156714898,0.3798216351304035,0.3642734194589137,0.44245966551665206,0.24199674244560837,0.1826685825759564,1.019097873922164,0.8364292913462077,0.3414725043161899,0.14122962404019684,0.1072415726009347,0.5670391718666938,0.45979759926575914,0.22210232983189032,0.07109853622482293,0.1028153869459773,0.3364432685741024,0.2336278816281251,0.3518436771174767,0.1831605486196933,0.0594361601010315,0.6611431510431319,0.6017069909421005,0.3202264702407034,0.16803278057810817,0.0861130681146115,0.5988358704497561,0.5127228023351446,0.36621975649495797,0.15275494912428866,0.1271264381992631,0.6208089924359569,0.4936825542366938,plausible
Thenuri,2,01,20,211,2.099999999999998,0.18055141187347956,0.24063096168904427,0.0168703702281504,1.04097683544267,1.0241064652145198,0.1606156859608377,0.13371364539823655,0.0088157259604154,0.5202748603906979,0.5114591344302826,0.1778459253076416,0.10127182143970892,0.0384440223395957,0.4201400476566036,0.3816960253170079,0.15815590951429856,0.19769389145112407,0.0173570970389586,0.7218723491262963,0.7045152520873377,0.17457582361858845,0.09184145460716098,0.0162692514278412,0.4463296109070317,0.4300603594791905,0.1607989893730791,0.12796409037029896,0.0179036414564802,0.4946300563713438,0.47672641491486356,0.039881011282868715,0.016418161173038216,0.0082216477973894,0.0713755225867714,0.063153874789382,0.060550075510559104,0.026820817880831193,0.0056936923379897,0.0986290003457429,0.0929353080077532,0.057689424600736325,0.026021672988698317,0.0149549674278623,0.1122330997508894,0.0972781323230271,0.04553459334418468,0.028037387097890665,0.0034018147726499,0.1232363233981519,0.11983450862550199,0.05312023565711888,0.030934032254543605,0.0077439259126379,0.1269860172247412,0.11924209131210331,0.09892037733656446,0.06458186533433359,0.006580851729476,0.2651025147385699,0.2585216630090939,0.2017968282011013,0.19882137059316918,0.0400867675246094,0.8138685760295901,0.7737818085049807,0.2959255061405814,0.13406288381947082,0.0101082260020879,0.52589479661249,0.515786570610402,0.1428764722400066,0.06565152791459118,0.0446625073900029,0.252850383156709,0.20818787576670608,0.2701852228424238,0.14203252354872253,0.0361773103943469,0.6709878334371023,0.6348105230427554,0.29469812120722394,0.14186711649408892,0.0945641481446643,0.5917292407063676,0.49716509256170327,0.32024217145277106,0.1416757218513369,0.0212953159762837,0.5765517423252458,0.5552564263489621,suspicious_long
Thenuri,1,01,1,124,1.2300000000000004,0.3293284748355666,0.18043367468035798,0.1636008362384328,0.9798548176324432,0.8162539813940104,0.10484041103119802,0.04762608211808263,0.0352277927332433,0.1923330281635326,0.1571052354302893,0.1914960638662279,0.07160573806287923,0.0788599518250716,0.3073616066444872,0.2285016548194156,0.2963095164602885,0.1723022200697776,0.0616570953508673,0.6437201859910281,0.5820630906401608,0.08301236330815959,0.045474710001575595,0.0100222999287696,0.1666654919942344,0.1566431920654648,0.127160900810493,0.05281039063866182,0.04124160793959,0.2307071365864807,0.1894655286468907,0.06606650623105476,0.0183602819037797,0.0319167007309551,0.1067476887379982,0.0748309880070431,0.08524283335332422,0.023818579148976886,0.0420090512952619,0.1316316441187612,0.0896225928234993,0.06859556964316,0.023362504179612772,0.0246670541867386,0.1147685904085033,0.0901015362217647,0.07612774015948899,0.016351411262508372,0.0243347308227468,0.0954622182403828,0.071127487417636,0.05857864755282869,0.01646713106759329,0.0153403299340774,0.0858342798333714,0.070493949899294,0.06532461085177484,0.027698354270742284,0.0074058788630867,0.1169982518602383,0.10959237299715159,0.40076468807975396,0.19536346954465936,0.1614569665924051,0.880854204208646,0.719397237616241,0.241004433193886,0.0982260298399648,0.0730318708987587,0.4626951155690525,0.3896632446702938,0.16205135361070536,0.06137099997574518,0.0450342614861526,0.2508729115285082,0.2058386500423556,0.3482431729971658,0.18751288232029517,0.0765078709346288,0.7157840938686443,0.6392762229340154,0.16804306905747937,0.09598109370526157,0.0074827358443704,0.3008753426004238,0.2933926067560534,0.2614524560348953,0.1677833166315977,0.0816420923428846,0.6123665508888011,0.5307244585459165,plausible
Thenuri,1,01,2,119,1.1799999999999997,0.4280079884846645,0.22695505182047826,0.1688605607047184,1.032586418000207,0.8637258572954885,0.1787706735317865,0.06344909228177807,0.0374363494594869,0.2786948376786123,0.2412584882191254,0.20276970791112175,0.06588858012538662,0.0790062570976434,0.3243774980694621,0.24537124097181867,0.3240192770857906,0.18986813360935556,0.0412421500115607,0.683507055968267,0.6422649059567063,0.13783087861458265,0.0678982824327293,0.0087249313032528,0.2648608409123312,0.2561359096090784,0.1888434887395253,0.05454036322927721,0.0454388247915211,0.2733763774161517,0.22793755262463056,0.050960652899125276,0.018533513574226623,0.0175703106985504,0.0912087148654123,0.07363840416686189,0.06531558228289912,0.02444314923594744,0.0075250209446434,0.1012672415477897,0.0937422206031463,0.05844491401444181,0.02015382704524818,0.0098123587612898,0.087884287211056,0.0780719284497662,0.052365562761489716,0.02691578852464359,0.0141174959075165,0.1035215741548366,0.08940407824732009,0.03767460318897214,0.02733898129809484,0.0030218330537951,0.0955653705293331,0.092543537475538,0.05321294967690213,0.024189621349235503,0.0079836237828275,0.1083936955131742,0.10041007173034669,0.41725861151040367,0.198101616805282,0.2075059931198254,0.8985216730021812,0.6910156798823558,0.2238917365355623,0.0951162155373227,0.0639119016649533,0.3759551398687669,0.3120432382038136,0.17999368282114342,0.07052668352830509,0.0355263053289562,0.2949365594958428,0.2594102541668866,0.3503832637260919,0.19289487314292905,0.0635272299314401,0.6901565289628997,0.6266292990314596,0.18299289666997223,0.08087440179825868,0.0599316039959074,0.3335831728957152,0.2736515688998078,0.272693367796809,0.14040292680211208,0.0678353751120245,0.5363331097408065,0.46849773462878197,plausible
Thenuri,1,01,3,117,1.1600000000000001,0.4170248921829138,0.24999523495915382,0.1081802026451315,1.071781529684425,0.9636013270392936,0.19215882477023244,0.07229911445055703,0.0624876124517978,0.3039376785495077,0.24145006609770991,0.20372579115207748,0.07063347682266907,0.081342273716438,0.3239982711994746,0.24265599748303662,0.31710534552033753,0.18611372778089358,0.0303604790944864,0.631598403330743,0.6012379242362567,0.136096937975579,0.05315495271195852,0.0447667590436304,0.2346933029735005,0.1899265439298701,0.21148169515122947,0.0812548782070802,0.069043447894452,0.3190155853020974,0.2499721374076454,0.047230469305972064,0.020253778783307298,0.0138579000659653,0.0795087651830787,0.0656508651171134,0.05782087748904245,0.03155642648836257,0.0091207061889089,0.1098716566276305,0.1007509504387216,0.04996393839149775,0.022644911010877327,0.0066854937375179,0.0888244185066664,0.08213892476914851,0.04547161129620916,0.018612525756384137,0.0119258373071168,0.0814316907943828,0.069505853487266,0.054876141415688987,0.013658436030373415,0.0287434715896317,0.0825801298498197,0.053836658260188006,0.07169969088732857,0.023071331297043814,0.0135165409961283,0.1173167885142487,0.1038002475181204,0.3870762049528505,0.21302226151460876,0.1439494567109754,0.8950146484426841,0.7510651917317087,0.2858497322109935,0.1287032515168213,0.0213197500213144,0.4988659136793094,0.47754616365799496,0.1953099372709419,0.0772806377329687,0.0162879702256232,0.3161637311888299,0.2998757609632067,0.3441191474927729,0.19275909326701238,0.0584761440541985,0.6975053122864384,0.6390291682322399,0.2054334556484338,0.10220235722607575,0.0330419198510137,0.410444447845327,0.37740252799431334,0.2921621781250665,0.1596813078912138,0.0488955001495044,0.5961973105084575,0.5473018103589531,plausible
Thenuri,1,01,4,118,1.17,0.429982577612066,0.26317235298893543,0.0541588160819578,1.1039597764179554,1.0498009603359977,0.181287018779623,0.08732840643910636,0.0536978650284086,0.3241758061676972,0.2704779411392886,0.20548849009092973,0.0725872730070921,0.0803162944802687,0.3346870278370757,0.25437073335680704,0.3339980641836432,0.19331768065615995,0.0459066576351666,0.6578188990399895,0.6119122414048228,0.15176533245800414,0.057688005757963186,0.0502059659322942,0.2396883028360529,0.1894823369037587,0.21339917769103064,0.10369344952910765,0.049295141618152,0.3797748036621645,0.33047966204401247,0.044281316616444376,0.01559969684704689,0.0152615328771918,0.0774416124738832,0.062180079596691404,0.05520215835200934,0.023553630522355814,0.0119079180939342,0.1074873945410335,0.0955794764470993,0.05520069191366518,0.02132872238541982,0.0174079725987234,0.0946146639605085,0.0772066913617851,0.04652382073316874,0.027359868350564556,0.0061875841180853,0.0956874121703627,0.0894998280522774,0.04260856796923905,0.0212338073627643,0.0138162028371197,0.0969833080032897,0.08316710516617001,0.060447093982438055,0.029906070444007817,0.0092051904743696,0.1351136966230577,0.1259085061486881,0.42615556283045664,0.22055375659985219,0.2053112642193759,0.9815026875789506,0.7761914233595748,0.2803221275883578,0.110701064951062,0.0602899270663835,0.432528416046487,0.3722384889801035,0.21013991421520942,0.07684967683132786,0.0503742658942476,0.3196882575038182,0.2693139916095706,0.3458138709085483,0.1986453682079403,0.0690777679310355,0.6880659389256316,0.6189881709945961,0.20878421730253352,0.08639262660535571,0.0392475199186269,0.4101834315358184,0.37093591161719147,0.29104185658404874,0.11476126642480115,0.0480710281510356,0.4833580790747717,0.4352870509237361,plausible
Thenuri,1,01,5,115,1.1400000000000006,0.43458383408087164,0.2793580858735553,0.0492831489021601,1.1631172330544346,1.1138340841522745,0.20676375324750224,0.0821573289686736,0.0339339620665825,0.3626727814694409,0.3287388194028584,0.20996867653024232,0.0775069392525785,0.0825099246149821,0.3768252697598521,0.29431534514487,0.3423396215092943,0.1786810350787192,0.0887982771792727,0.630624952120938,0.5418266749416654,0.14755868392784935,0.061800674646827786,0.0326008594811996,0.2500635674996651,0.21746270801846548,0.2398987347924459,0.09152074898406887,0.034462365074515,0.4076751415893024,0.3732127765147874,0.03316151897836765,0.009326690626004008,0.0180428597622183,0.0569591317929731,0.0389162720307548,0.05957755159693707,0.015340861875075185,0.0241323199384342,0.0840365333580553,0.0599042134196211,0.047522238636174344,0.012604944690739842,0.0271054671348356,0.0708537074029831,0.0437482402681475,0.060799118945668806,0.026242049513255542,0.0140329650047333,0.1095921131828478,0.09555914817811449,0.0707497456604793,0.027533820349586693,0.0061450142676093,0.1065092537758842,0.1003642395082749,0.09020015860532905,0.030265559191621712,0.0287484073826057,0.1403267581245749,0.1115783507419692,0.40512730497284144,0.20847152491756007,0.1706624250984079,0.879124554252025,0.7084621291536171,0.3332575284126802,0.16705567425174886,0.0350192489199158,0.6135125069758453,0.5784932580559294,0.22044887973306992,0.08544586573128914,0.057059627361424,0.3524891093459994,0.2954294819845754,0.3488262800373469,0.19511847585653722,0.0538063609971226,0.6941516859188697,0.6403453249217471,0.2206917175531231,0.09739254835872525,0.0580662679040629,0.398629353407677,0.34056308550361414,0.3563732487285772,0.1849239024520749,0.066026272841376,0.7000778544085761,0.6340515815672001,plausible
Thenuri,1,01,6,116,1.1499999999999986,0.44796347774652406,0.23500375041830607,0.160000722258895,1.0965658751311116,0.9365651528722165,0.21467080478410833,0.12017287721947134,0.0181393758107423,0.4116907656134442,0.3935513898027019,0.23437668412860252,0.0700734209906886,0.1107643520121908,0.3755002231110846,0.2647358710988938,0.39659054158173335,0.16413507251258877,0.1557800180570352,0.6967282144020589,0.5409481963450237,0.16960080248672496,0.07289866603732115,0.0341150300070097,0.2761186130154846,0.2420035830084749,0.25361633604532374,0.13003919117349863,0.0253850703199946,0.4414550852114269,0.4160700148914323,0.05359682168092244,0.00980759426873534,0.0204676222426301,0.0692326858954494,0.048765063652819296,0.09024385314873999,0.017776847751547833,0.0436125602425861,0.1182544550704002,0.0746418948278141,0.07183291013522876,0.01842441137439941,0.0363243116387745,0.0994017379082686,0.06307742626949411,0.0824437396232689,0.029902389286392,0.0197643421325071,0.1411246037939329,0.1213602616614258,0.07921589821516294,0.02693479982170951,0.0220208688295521,0.1249205230985031,0.10289965426895101,0.08552575760786328,0.03294710111576996,0.027198472895837,0.137090818673146,0.10989234577730898,0.44059859213021857,0.2273202277503309,0.2021057666289229,1.0008755393939623,0.7987697727650395,0.37503094430348577,0.1441674489856211,0.0441353683051729,0.5567360050262654,0.5126006367210925,0.23651623446109224,0.0692651551447724,0.0993197811953019,0.3496256537924215,0.2503058725971196,0.3653851984064338,0.2035916513252901,0.0449757333844251,0.7393610404024946,0.6943853070180696,0.2778935802323649,0.10463760990790892,0.0960068249377419,0.486804747881202,0.39079792294346005,0.3866980618087746,0.1418718386997888,0.0947352026800019,0.5751343360744859,0.48039913339448403,plausible
Thenuri,1,01,7,111,1.1000000000000014,0.45185325524148306,0.27475091172986005,0.16287562352998,1.1619561925059334,0.9990805689759534,0.22895571894968475,0.1029157163600052,0.0248453627540448,0.3676450076110112,0.3427996448569664,0.2175967610031751,0.07293767833033181,0.0975606157964355,0.3505177799872757,0.2529571641908402,0.3743328269333802,0.1589866741625231,0.1485922861348052,0.6675998597220759,0.5190075735872707,0.16216198323310502,0.06978834032024521,0.0486012577062985,0.2708385212633813,0.22223726355708281,0.26935210678233346,0.12453520493086127,0.0133269689517359,0.4549054925520436,0.4415785236003077,0.051580646547284746,0.013319286861388963,0.0145446657307118,0.0701109112999068,0.055566245569195004,0.08764042175242753,0.026318263951382696,0.0342104086846856,0.1306512305004952,0.09644082181580961,0.06516937989923584,0.018178067798585256,0.0224522098788724,0.096655730148701,0.0742035202698286,0.054486390702486134,0.024462505425703492,0.0079445827086913,0.0966767295465415,0.08873214683785019,0.052291437888386166,0.019933544090702766,0.0103959919688572,0.0887728196044107,0.07837682763555351,0.05907611315211849,0.024446799650992408,0.0102391267728666,0.1009640651353877,0.0907249383625211,0.44182229096593684,0.22100218134607705,0.1881426505044543,0.980506216158171,0.7923635656537167,0.32488659367159245,0.14708286354595632,0.0534522862756219,0.5406233880662047,0.48717110179058276,0.21643574699007498,0.08091159622198996,0.0341372162900411,0.328852259947329,0.29471504365728785,0.36886772116023553,0.2012624057631266,0.0617091093579267,0.7165257201855473,0.6548166108276205,0.24823642925923844,0.10599412258122508,0.0447161654565561,0.4829133516011188,0.4381971861445627,0.34636545336641633,0.15604228424159391,0.0722850068032582,0.5617422021266507,0.4894571953233925,plausible
Thenuri,1,01,8,112,1.1099999999999994,0.44591960144946313,0.2618112316668642,0.1517725105292224,1.1230422400571127,0.9712697295278904,0.2414078377214293,0.13328518369253026,0.0073347067610883,0.4862701486558838,0.47893544189479553,0.20464654430430773,0.07632341336067036,0.0727390479954787,0.347962851319618,0.2752238033241393,0.3553924043445922,0.1749361649336155,0.1057074495785231,0.6606718684177483,0.5549644188392252,0.16025342423914246,0.06147970092216614,0.0464058006041586,0.2510614348364384,0.20465563423227978,0.28189159136036596,0.14483251371127326,0.0177534013728233,0.5239245703547064,0.5061711689818831,0.04691617921004996,0.01064500156617515,0.0275891443229294,0.0643185728364392,0.0367294285135098,0.0702013639004788,0.023771459398133226,0.0329102989639071,0.1114498705562858,0.0785395715923787,0.06422453333463864,0.015702869774800243,0.0333802727207169,0.0844577549187693,0.05107748219805241,0.05545963592505594,0.0201781071634706,0.0161338856872403,0.0979826608727534,0.08184877518551309,0.04507311033131502,0.014801494888390901,0.0111728753896438,0.0692823462193417,0.058109470829697904,0.0658725498546938,0.020948921175058238,0.012893473907813,0.1084232467322286,0.0955297728244156,0.4420356258685155,0.2544673823588441,0.1495193040547537,1.033414284289348,0.8838949802345942,0.32797196044917676,0.14884081333128862,0.0667945343637535,0.5346999702739813,0.4679054359102278,0.21842713778825967,0.08339353413956245,0.0323907263539769,0.3506064060317146,0.31821567967773773,0.36192857449772947,0.20348118918719782,0.053842073792717,0.7151540626257998,0.6613119888330828,0.2294817527348605,0.09223290961240169,0.0382526664482248,0.3598149194652999,0.32156225301707514,0.35183395710812276,0.1640245591606868,0.1038667807287638,0.6359300446936037,0.5320632639648399,plausible
Thenuri,1,01,9,111,1.1000000000000014,0.48154446356581077,0.24090172213535174,0.065513197672918,1.0778796330584834,1.0123664353855655,0.20644900517614762,0.08192623994583599,0.0538788307064912,0.3333955923041057,0.2795167615976145,0.21552916573502445,0.08250046138487678,0.0635413203013456,0.3697263087207612,0.30618498841941555,0.34247904272051816,0.18399321142332048,0.0769262888865482,0.6297946494397653,0.5528683605532171,0.14019759058139228,0.06364459807605373,0.0196216796228752,0.2436926559442854,0.2240709763214102,0.23715803632011426,0.09749077708090705,0.0653506988843653,0.3667575242316059,0.3014068253472406,0.04179399449182521,0.013126570953446135,0.0129775232209598,0.0654143205521509,0.05243679733119111,0.07595391250509669,0.027707998915972754,0.0272155298976591,0.116029277370292,0.0888137474726329,0.05214064451011487,0.016748935195904546,0.0231640465830315,0.0746515633071769,0.0514875167241454,0.04965021510435453,0.022180826838979525,0.0084290009595616,0.0941878840815243,0.0857588831219627,0.04492748931257164,0.0180039173951354,0.0075316199905612,0.0715920636435821,0.0640604436530209,0.06341982756163704,0.02381121423326914,0.0111943148947412,0.1010427444856077,0.0898484295908665,0.4196376091569325,0.21096695330750243,0.1549746807513576,0.9541207090577184,0.7991460283063608,0.3031510645508905,0.13770335870594047,0.0667356115225972,0.519550684812558,0.45281507328996073,0.21329343709382487,0.0794216977438538,0.0579660631464134,0.3325113061648171,0.2745452430184037,0.3465339881581463,0.20120600999364968,0.0515676694001659,0.6770417532620162,0.6254740838618503,0.23033355597564004,0.09230742153422578,0.076908774556127,0.3728512865168474,0.2959425119607204,0.3459534716811968,0.16384889499907798,0.0570039246891928,0.6474308307104518,0.590426906021259,plausible
Thenuri,1,01,10,112,1.1099999999999994,0.530580515920156,0.2266276557337373,0.0488929936031274,1.0995063560493752,1.0506133624462477,0.2067536409595112,0.09109620518794972,0.0371582816895981,0.3327928071222994,0.2956345254327013,0.22117417432492428,0.06708112073725511,0.1070520220194767,0.3653837553714841,0.25833173335200743,0.33782459540206117,0.18758745746525082,0.0433145225071094,0.6398709364850279,0.5965564139779185,0.1384073218234933,0.0616628782222782,0.0175942033791414,0.2339951867073676,0.21640098332822622,0.28572928063605435,0.0991153101545826,0.0809749179544526,0.4589989852647935,0.3780240673103409,0.04652001267145166,0.015347396240390719,0.0065888246175691,0.0654538181313377,0.0588649935137686,0.07122962110101466,0.02398052277474929,0.0135308653030248,0.1065496410201031,0.0930187757170783,0.05871452143643371,0.020579815191560186,0.0161177028328931,0.092632215047824,0.0765145122149309,0.0632114690813681,0.03149148831598448,0.0106028526650234,0.1126530547390885,0.1020502020740651,0.05864302653548755,0.022638850277848052,0.0157411410604358,0.1033243646614468,0.087583223601011,0.07679622159513524,0.03230649441085308,0.0220348354338648,0.1317275404991533,0.1096927050652885,0.4496292828322844,0.24558588036530155,0.1906290007333104,1.0535799422700358,0.8629509415367254,0.2894840418656864,0.13817928226359846,0.0605553339090144,0.4955392916411801,0.4349839577321657,0.23039959995440776,0.07909734863568883,0.0615638211983902,0.3475989233847745,0.2860351021863843,0.36151169415728923,0.19155650539616617,0.074031761880311,0.6991350839013722,0.6251033220210612,0.2330492314023156,0.11019805778186087,0.0279061249466354,0.4185643349401268,0.3906582099934914,0.2981299686161087,0.15948081752086263,0.0579103128086466,0.5797840116468583,0.5218736988382118,plausible
Thenuri,1,01,11,113,1.120000000000001,0.5313720706595249,0.23277637931872594,0.087971042190368,1.0856331749436974,0.9976621327533294,0.2230529088792309,0.12026283729357634,0.0382638121468885,0.3977607978302029,0.3594969856833144,0.21060134008225256,0.0759138359019299,0.0769964019298651,0.3515649554272125,0.27456855349734743,0.32844124158861193,0.19171547489451343,0.0162826751589204,0.6222659561451428,0.6059832809862225,0.16266727396553468,0.07197044546640656,0.0334419320961935,0.2654193452676369,0.23197741317144338,0.2686024088702365,0.13167940233696412,0.0474400359954855,0.4531584218246617,0.4057183858291762,0.03887128602448222,0.01240389614944585,0.0076344404003476,0.0646008037808859,0.056966363380538294,0.054310251994295934,0.01667885530290915,0.0169639158839243,0.0822348448723617,0.0652709289884374,0.05432892325145335,0.015833771734934977,0.0177090684799917,0.0796430468381432,0.0619339783581515,0.059042836138766104,0.025684136479339786,0.0173671479198667,0.1095245805023684,0.0921574325825017,0.06199419012095176,0.01999012809052283,0.0163774071745964,0.0898492747411452,0.07347186756654879,0.07035398568018972,0.026267808454570704,0.0040858911289734,0.1105399847297175,0.1064540936007441,0.44391393387452666,0.2241639971724329,0.1994609002460233,0.9809646779494908,0.7815037777034675,0.3195060765924977,0.14588598824856244,0.0687061938743361,0.5947140959873712,0.5260079021130352,0.22465800102449796,0.08149230717947134,0.0424511990763663,0.3509691561363467,0.3085179570599804,0.36441921132298805,0.20562638650530388,0.0545213038257197,0.7260094595236771,0.6714881556979574,0.21682887045284166,0.08427589756785463,0.032649413943663,0.3497149505126534,0.3170655365689904,0.37005364661663065,0.16808594295585322,0.0584255282546322,0.6245563750750598,0.5661308468204276,plausible
Thenuri,1,01,12,111,1.1000000000000014,0.5027998461757154,0.22682126329951094,0.0721833844876062,1.113875535996399,1.041692151508793,0.2206156831368455,0.09826654139875914,0.0578134606593073,0.3989341803794697,0.3411207197201624,0.2094205504200168,0.0716225654384781,0.0719276668122381,0.3446804440671687,0.2727527772549306,0.31782381331154086,0.19062375587963123,0.0119320691900551,0.650618496572777,0.638686427382722,0.14778184411677284,0.06601846316647084,0.0395779570782891,0.2621561569872737,0.2225781999089846,0.25924546742559895,0.10953608347133963,0.0690630783820706,0.4333837412299505,0.3643206628478799,0.04153575542642755,0.011108629014633558,0.0116128118900407,0.0563802991745031,0.0447674872844624,0.06631518242325157,0.02863853619673835,0.0029128409987383,0.1075310076751688,0.1046181666764305,0.05770922578485674,0.017754961881034297,0.0153460843227705,0.084595055974516,0.0692489716517455,0.052120547731560066,0.03094057819651447,0.0020699313633196,0.1168038390264715,0.1147339076631519,0.054567775182160605,0.021960385749817853,0.0161187383986529,0.0984965373135953,0.0823777989149424,0.0672683563745316,0.03524146841929464,0.0039799360868645,0.1255145561017552,0.12153462001489068,0.4314041393243959,0.22974123329120968,0.1529595021143177,0.9695186859999674,0.8165591838856496,0.3090553882400769,0.1321174205326933,0.0381136962426874,0.488224347594868,0.4501106513521806,0.21149521174350636,0.07869111485382203,0.0377105244664667,0.3252085665750913,0.28749804210862456,0.36826780715628077,0.20869282216488594,0.0402098786363272,0.723628470758453,0.6834185921221259,0.2196907883101729,0.08550113378003647,0.061455848397727,0.3519106604365682,0.2904548120388412,0.36566633808813187,0.1854124702700188,0.0765201091815133,0.7058977731708801,0.6293776639893668,plausible
Thenuri,1,01,13,113,1.120000000000001,0.49630453648841355,0.22332972046491817,0.0282773968002023,1.0364067212735282,1.0081293244733258,0.2236876226603756,0.13031709845600142,0.0101511999489709,0.4375244461109487,0.4273732461619778,0.2182391804770549,0.07933124027023448,0.071605147231844,0.3524570254703604,0.28085187823851643,0.3176430758837483,0.19320214316764378,0.0480160666952581,0.6722062669469538,0.6241902002516957,0.15809236843958174,0.060103420862216796,0.0407404781396795,0.2515332140106042,0.21079273587092467,0.2526163459493164,0.13509984733361377,0.0326919260818296,0.4529409601320231,0.42024903405019354,0.040958173972210944,0.0171429688948223,0.0142230401715248,0.0763399407475794,0.062116900576054596,0.0776159986328557,0.023864350120873713,0.0305816917564308,0.1265345279112426,0.09595283615481179,0.0637276090685031,0.015433605856841691,0.0212550950925475,0.0904216633852392,0.0691665682926917,0.061809226746523276,0.02693922402248017,0.024146730694392,0.1185571083749811,0.0944103776805891,0.05007935367018778,0.01682178014847933,0.0200205800174438,0.081169298057465,0.061148718040021206,0.0645574458109587,0.02398607048668005,0.0193366787129214,0.104799089758924,0.0854624110460026,0.46699824127225875,0.23751402950658698,0.1966816817236873,1.0715178721296246,0.8748361904059373,0.3294783398173881,0.15298140190865103,0.0316804017168421,0.5200612087659713,0.4883808070491292,0.20797443107203595,0.0803425740202878,0.0407836957605875,0.3354484916395424,0.2946647958789549,0.3761698988925181,0.19738353435084577,0.0571271072703513,0.722759089283377,0.6656319820130256,0.22690898545446408,0.11004193896193765,0.0397473402027356,0.3962172576236488,0.35646991742091316,0.4146232252379295,0.21825358372868134,0.0668533280196578,0.773750302574964,0.7068969745553062,plausible
Thenuri,1,01,14,112,1.1099999999999994,0.47445530659183077,0.23859747317675634,0.0595855718589221,1.0896459055028824,1.0300603336439604,0.2243458049522619,0.1200425684397959,0.026803244441066,0.420050440921918,0.393247196480852,0.20755470506928614,0.07473859700191245,0.0709273975733026,0.344706688964098,0.2737792913907954,0.31186119810706947,0.19323258023242262,0.0037765065331047,0.6421225081141105,0.6383460015810059,0.14966534962422276,0.06558105866648288,0.027589020560912,0.2495204875788227,0.2219314670179107,0.25634991131323204,0.13501285614084385,0.0260381411616175,0.4725296571798937,0.4464915160182762,0.043867469001279406,0.013848979362847595,0.0209229738300343,0.0714656180089078,0.0505426441788735,0.07315185280461982,0.028675130050228242,0.0280988810269269,0.1318819056856597,0.10378302465873279,0.06110728681972988,0.023148074970898255,0.0171347885185407,0.1039468090091432,0.08681202049060249,0.05539894779309186,0.018606676577403208,0.0285691515272131,0.0930552175863648,0.06448606605915169,0.061390028929999826,0.017828936094460856,0.0108247733839635,0.0900418853122136,0.07921711192825011,0.07488015981459581,0.02107939481502249,0.0277697493248549,0.1049651790323481,0.0771954297074932,0.421947925951494,0.2309753323446079,0.1423374727734401,0.9796945751344784,0.8373571023610383,0.31892339390433083,0.13418499749387502,0.0904441469517291,0.5240907045736198,0.43364655762189075,0.22350318532587612,0.0776991523491502,0.0367902075853002,0.3412197610931026,0.3044295535078024,0.3615610579298581,0.20021578322233383,0.0502947407715837,0.708248509884255,0.6579537691126713,0.2134349100625649,0.09141900323243006,0.0581827945007854,0.3427746798829336,0.2845918853821482,0.3867577664962044,0.17914708288766004,0.0989476032102908,0.68768268106139,0.5887350778510991,plausible
Thenuri,1,01,15,114,1.1300000000000026,0.4646386379815237,0.23689908387727004,0.0300218957052651,1.057230018587764,1.027208122882499,0.1823578356189434,0.09344078851719129,0.0137360526639395,0.321216242235292,0.3074801895713525,0.2053411140091123,0.08195804696590768,0.0541528869735066,0.3380168416537577,0.2838639546802511,0.3173467361980558,0.19461732662264608,0.0269695094648035,0.6535940377278031,0.6266245282629996,0.14629512883403334,0.0701155275924827,0.0057100782140738,0.2509116549302048,0.245201576716131,0.2155843495811006,0.10648271052044106,0.0262428473061538,0.3620465161260629,0.33580366881990914,0.04378924785045175,0.016892814558135297,0.0040949530539611,0.0704801517932226,0.0663851987392615,0.07452729728992631,0.019380439116284596,0.041872612471886,0.108685256861724,0.066812644389838,0.05903114583366686,0.02161961844536555,0.0130858776784986,0.0983745864736809,0.0852887087951823,0.048801878350247165,0.014955078682859535,0.032138279285684,0.0843616678116049,0.05222338852592089,0.046512759899023655,0.010055593868513051,0.0225512234284749,0.0630624829368863,0.04051125950841139,0.06336241482393985,0.01762311384570049,0.0279880620076077,0.0951520235845423,0.0671639615769346,0.414385140727269,0.21819608122435893,0.1617076812465668,0.9573002434893512,0.7955925622427844,0.2929839678308826,0.12861053555841817,0.0261372656150119,0.4812212871074285,0.4550840214924166,0.2121190154275196,0.07790488443523166,0.0457096052637528,0.3361048630828961,0.2903952578191433,0.351220236119018,0.18231021951421691,0.0768961832808648,0.6684348646417002,0.5915386813608354,0.21579524772901848,0.09016108590082,0.0471449358628865,0.3619624520094897,0.3148175161466032,0.3600540024622835,0.1910219446171156,0.0698167799365555,0.6820550473709115,0.612238267434356,plausible
Thenuri,1,01,16,114,1.129999999999999,0.4579244246465973,0.24211519152284558,0.0649377332974284,1.095563035127484,1.0306253018300557,0.16864741581554274,0.0886218030310086,0.0183556232158938,0.3175044336744023,0.2991488104585085,0.21315055818475648,0.07102177897113708,0.0812583622141077,0.351253285006169,0.2699949227920613,0.3192539527768925,0.1841265947630997,0.0493445609511509,0.6342264515356971,0.5848818905845462,0.13243190935527357,0.053916718696400474,0.0641610848258748,0.2258307833525625,0.16166969852668767,0.19014913371853703,0.09370455571503859,0.0177484960434146,0.3437060128458963,0.3259575168024817,0.04901182351617443,0.015920073228760934,0.0053907740832456,0.0906862174324527,0.08529544334920709,0.06381940463101102,0.01747550038763437,0.0360603793507494,0.1027789607038737,0.0667185813531243,0.06287532988757762,0.017798359147302618,0.033484545295684,0.1041999609339335,0.07071541563824948,0.05477498837406369,0.016774440412941585,0.022811042398382,0.0853972322114217,0.0625861898130397,0.06073085518270027,0.01960150170784193,0.0125969488572418,0.0807282620693371,0.0681313132120953,0.0694134210710811,0.024263290047802307,0.0050523848721592,0.1053183130626259,0.1002659281904667,0.4206526495102695,0.21888504494525257,0.1874661431936945,0.9660589647346236,0.7785928215409291,0.23472149686396426,0.10338215101097052,0.0544661849749388,0.3759413331155425,0.32147514814060374,0.20792896833738186,0.07340071255689296,0.0387785412899014,0.3360935669561102,0.2973150256662088,0.3572759304636906,0.20061880545910502,0.0663639633663596,0.7139451756058319,0.6475812122394723,0.17758831141829365,0.07797199456933072,0.0189671117300999,0.3184161205023213,0.2994490087722214,0.28994330135870244,0.13262935432842549,0.0880277836801224,0.5288181017115086,0.44079031803138613,plausible
Thenuri,1,01,17,115,1.1400000000000006,0.48026540556668335,0.27505102090116457,0.0719500113078524,1.187432061376972,1.1154820500691196,0.16344470733925184,0.08132149557875612,0.0042894555538233,0.2729438086029338,0.2686543530491105,0.20951238842516012,0.07851367616671603,0.0586597073231078,0.3479855373163969,0.2893258299932891,0.31399014426878125,0.18761895283220362,0.0496079178798509,0.6530193179593559,0.603411400079505,0.12860090696582688,0.06089915011504772,0.0124691913342188,0.2114911110248327,0.1990219196906139,0.20153827334487737,0.09635685861074979,0.0197852877979667,0.3621222356591463,0.34233694786117963,0.046566220766382616,0.013159586877323317,0.0135793037433305,0.0643330943889684,0.050753790645637904,0.060768457807618186,0.021193756609445637,0.0086753053256063,0.0887369779410782,0.0800616726154719,0.0600897818732201,0.02034796346371578,0.0088807847123374,0.0932637844724986,0.0843829997601612,0.05344216316451596,0.026309078204087226,0.0109785241170174,0.1024850289122592,0.0915065047952418,0.046611976994958386,0.02215195389570433,0.0110899982473183,0.0858429217840507,0.07475292353673241,0.06700195476669796,0.03324200255201253,0.0172576414398518,0.1219288831982202,0.10467124175836841,0.40409583855338344,0.19554383967054056,0.1758856115533249,0.8622666894082504,0.6863810778549254,0.26625236964125093,0.10255671854004382,0.0964859459165372,0.4402952327896823,0.3438092868731451,0.20480104281424258,0.07365607122422159,0.057610078949988,0.3130773266470752,0.25546724769708723,0.343319160926142,0.19782400854085347,0.0503667580770493,0.6936488830271431,0.6432821249500938,0.17592117597250154,0.07268603292460492,0.040772206786191,0.315682399312546,0.274910192526355,0.31425846158895226,0.1454073460562502,0.0772037271444065,0.5582907297415718,0.4810870025971653,plausible
Thenuri,1,01,18,117,1.1600000000000037,0.480686130144295,0.2818365164001205,0.1087682553600657,1.2441268618989545,1.1353586065388888,0.22899625509219043,0.10893256564329386,0.0592797122432359,0.4446500594751796,0.3853703472319437,0.20347211644831362,0.06727984912729867,0.0925440845044283,0.3398250914979529,0.24728100699352462,0.3254269722307693,0.17328303961869698,0.0914638143725152,0.655443634490709,0.5639798201181938,0.16922323137857997,0.0688990004688571,0.0319021437328477,0.2651495918226493,0.2332474480898016,0.25586123104832703,0.11769225891101026,0.0528391289596999,0.473020258220332,0.4201811292606321,0.04517835391265387,0.015014977278403032,0.0050335482630669,0.0709211464705844,0.0658875982075175,0.07503194011826275,0.024130548097817926,0.0134523419151826,0.1189869491878737,0.1055346072726911,0.06594973402929374,0.023646293361820843,0.0221622485174112,0.106110874208131,0.08394862569071981,0.04570930422239425,0.026158848237017657,0.0027373005634304,0.0949036443815583,0.0921663438181279,0.059525524730792125,0.024755864115325293,0.0068542594158362,0.1004215867450504,0.0935673273292142,0.06572896235197491,0.030244176387515448,0.0098170655436883,0.1215291303603537,0.1117120648166654,0.43098763168703114,0.2553027650973975,0.1797508639219465,1.0648352783937138,0.8850844144717673,0.29086207298374916,0.14083801766804324,0.0310539796245746,0.487584803501954,0.45653082387737937,0.2109334080205667,0.06899483948185176,0.0643194899603587,0.3293248610820383,0.2650053711216796,0.3422032053279405,0.1913369972217752,0.0714993204999465,0.6726807671818704,0.6011814466819239,0.23924355717844661,0.131263997919447,0.0191381838227631,0.4830639128024006,0.46392572897963746,0.3793356277524709,0.21196572305080544,0.0613191584902584,0.7152319271752733,0.6539127686850149,plausible
Thenuri,1,01,19,120,1.1899999999999977,0.42566624700029104,0.30090541367865536,0.0969783943944144,1.2256025513991,1.1286241570046855,0.22184760275597978,0.10208749648848656,0.0358901477877499,0.3826720286403242,0.3467818808525743,0.199585962106052,0.07277039613824199,0.0680725839885577,0.3398551894812384,0.2717826054926807,0.327949828981408,0.18499333759825884,0.0445231085713894,0.7455395794164068,0.7010164708450174,0.15054505631634538,0.06610412495570132,0.0403752822474216,0.2639971786938292,0.22362189644640762,0.263476518870177,0.11533833904769251,0.0431215677313575,0.4146503381334416,0.3715287704020841,0.046284828034741196,0.012373908233978933,0.0089479752967386,0.0624740534654046,0.053526078168666,0.06551478793634065,0.019921949342935875,0.0148918752517878,0.0965755866368083,0.08168371138502051,0.05852002032171125,0.019170138207769184,0.0177973800220181,0.0857258673595991,0.067928487337581,0.05309341801623864,0.025018706009446737,0.008953687250637,0.0928139760227949,0.0838602887721579,0.052071363678658146,0.017724277228108595,0.0066440931843392,0.0827522231821594,0.0761081299978202,0.06370751750750303,0.022845662662600935,0.0166318143716148,0.1060183863319379,0.0893865719603231,0.42234079196851954,0.24923917571738902,0.142026595324943,1.017704939355513,0.8756783440305701,0.27776569458681494,0.09335533572124272,0.1404747448029373,0.4380773916061694,0.29760264680323206,0.21349891950472535,0.07768675848038406,0.0520720641417434,0.3290621208541132,0.27699005671236976,0.3493094410776573,0.1946841379455869,0.0643909272723581,0.6785737055805682,0.6141827783082101,0.21763110018130094,0.10629651108428985,0.0068570870195452,0.389488540949555,0.3826314539300098,0.33881233326179544,0.1403013203916889,0.0954550080411416,0.5836378302032521,0.4881828221621105,plausible
Thenuri,1,02,1,132,1.31,0.40214244813769306,0.22186531045880992,0.1471697978076181,0.946205719982454,0.7990359221748359,0.14934601030398978,0.0652614340159611,0.0475156716090082,0.2750121045630407,0.2274964329540325,0.1792132757163243,0.08210840844603198,0.0385119062747834,0.3135488704794859,0.27503696420470247,0.349755488354606,0.17484591741107527,0.0839385891481918,0.6287114131694896,0.5447728240212979,0.11996843457394628,0.05421164000580636,0.0224617342443842,0.2025790486659425,0.18011731442155832,0.1452057643891313,0.06147499895101831,0.0346029157713893,0.2500783510265091,0.2154754352551198,0.04463877418535501,0.01324182766727327,0.0072323028877054,0.0624835329207835,0.0552512300330781,0.05894955138797242,0.022319436640721342,0.006757330436017,0.0947130554532597,0.08795572501724269,0.04631367791822439,0.017750913137011506,0.0075731542040184,0.073427600523529,0.0658544463195106,0.05031567042041273,0.016195452505197102,0.00492378615613,0.0755320628004321,0.07060827664430211,0.04632538638020017,0.013860058443535475,0.0098473213068793,0.0660171093170354,0.0561697880101561,0.060576720273949884,0.025026891081100167,0.0084210837770652,0.0898753901380839,0.0814543063610187,0.37953953446281136,0.23361212411110327,0.1604911435188754,0.9788147088804164,0.818323565361541,0.19498225731154054,0.09006547130868658,0.0456483971544225,0.3651030200554703,0.3194546229010478,0.1822135167981862,0.08127136969636876,0.0193414043544605,0.3164989258282654,0.29715752147380486,0.31322896229588093,0.1952312613236117,0.0736256860292183,0.6946774553739509,0.6210517693447326,0.1627145684072641,0.09415053295145186,0.0069297809809944,0.352430658784069,0.3455008778030746,0.20575384154822574,0.09382790809003118,0.0816687904043454,0.3920441015201502,0.3103753111158048,plausible
Thenuri,1,02,2,117,1.1600000000000001,0.42165105193892694,0.262884818954897,0.1548541356575894,1.100946085609945,0.9460919499523555,0.21826455512178292,0.09715451281396756,0.0188113982013491,0.3858345029422742,0.36702310474092514,0.19102837947977802,0.07083861730566919,0.0660164832774789,0.3121404086388901,0.2461239253614112,0.3424536349305896,0.17941131183366374,0.0607069864473447,0.6071906716170261,0.5464836851696814,0.13975860318080824,0.05536307581495801,0.0405432284448717,0.2379515431178561,0.1974083146729844,0.21399404304994854,0.0779745688566086,0.0585956081095953,0.3337457767525767,0.2751501686429814,0.0639056390447577,0.014266762291666455,0.0355954795042159,0.0834310029775407,0.04783552347332481,0.08336905139077933,0.022784316435213434,0.024316648494968,0.111240983780325,0.08692433528535701,0.07914322998504164,0.020813432692769394,0.0235507332161535,0.1056212526834191,0.0820705194672656,0.05415001063545496,0.02565671865985689,0.0058911512776009,0.0907642094768142,0.0848730581992133,0.04481518078891883,0.019915175675369056,0.0099777172176851,0.072724883017061,0.06274716579937589,0.04849631561634184,0.02425531977605626,0.0147295043903781,0.0973315492992438,0.0826020449088657,0.4085187038436259,0.20678466674053694,0.1818990446890265,0.9090972813743272,0.7271982366853007,0.2606076165107292,0.112477439850993,0.0458067183698097,0.440050218872031,0.3942435005022213,0.18881891732979716,0.08997393436212517,0.0168889082730238,0.321446856656105,0.3045579483830812,0.3150560376473819,0.1803080439465119,0.0851245644882139,0.6564711327521183,0.5713465682639044,0.21265413950464276,0.09678503262365634,0.0180573455500922,0.3758213751825405,0.3577640296324483,0.2743054278877471,0.12211754080824311,0.0368698259677924,0.4520725029742601,0.41520267700646774,plausible
Thenuri,1,02,3,114,1.13,0.4342232930914999,0.2718261090638531,0.0435657611646429,1.1215500400908365,1.0779842789261935,0.23189579814464048,0.11243440529515189,0.0221733761801867,0.4173495236475324,0.3951761474673457,0.20833925099065484,0.07673855517548403,0.0672078672652799,0.33273342462478,0.2655255573595001,0.3396440276148509,0.18814917694818203,0.0504471028301485,0.6440509392899864,0.5936038364598378,0.15250764502616876,0.0691759558806304,0.0387437688503114,0.2644316745355182,0.2256879056852068,0.23487320844020432,0.10994866677927005,0.0163169795744178,0.4111993791348428,0.394882399560425,0.05428983333695797,0.0202767251101798,0.0040109111863071,0.0796737251368862,0.0756628139505791,0.08244282627809021,0.03313879737126749,0.0099637776342885,0.1203307741681606,0.1103669965338721,0.06969360310880911,0.02493868659967146,0.0158515143510701,0.1055178367826662,0.0896663224315961,0.04484519706858894,0.020622610274493185,0.014342370508546,0.0883794195645318,0.07403704905598579,0.04210252187376012,0.019050519912609983,0.0142577412677467,0.0809446426163089,0.0666869013485622,0.04979912735205801,0.024258004415436674,0.0193201115344102,0.0915968204545018,0.07227670892009161,0.42627369061186166,0.22398106480592309,0.1468108458389471,0.9442351255475796,0.7974242797086325,0.3177406070581111,0.13309956231922854,0.040394841931018,0.493152674620365,0.452757832689347,0.20202136211678667,0.0805584018794949,0.0344158751117252,0.327588682240803,0.2931728071290778,0.33600881857431986,0.20044725901342367,0.0714086702538642,0.7002712582936161,0.6288625880397519,0.24178920418530664,0.09938426483335132,0.0343806910714985,0.4068629678280667,0.3724822767565682,0.32989288099021796,0.13349718242721634,0.0577597571611033,0.5043953610460746,0.4466356038849713,plausible
Thenuri,1,02,4,115,1.1400000000000006,0.4404863333595134,0.27859237741934034,0.1577771179260197,1.152211327376223,0.9944342094502032,0.2591157169624498,0.12262445823554705,0.0107300484889285,0.426543284270678,0.4158132357817495,0.2154623933146382,0.07885500192430742,0.0641392541663543,0.3512035112622714,0.2870642570959171,0.33542978968414383,0.192221618460014,0.0360189266876633,0.6443534733283415,0.6083345466406782,0.15097433497086302,0.06587930433348178,0.0345236668593946,0.2360272628571526,0.201503595997758,0.24899128799605832,0.09220300721374661,0.0601095309118095,0.3858739224601866,0.3257643915483771,0.05387109497190136,0.018509252481785376,0.0177849737099074,0.0868555257415184,0.069070552031611,0.07114472900762395,0.02431801154972137,0.0215887132325603,0.1160487412452772,0.0944600280127169,0.06937193049219276,0.02603311813566932,0.0271055987824283,0.1145026742778405,0.0873970754954122,0.0521576872024873,0.029605016915149777,0.0033078654320439,0.1119328415079088,0.10862497607586491,0.04279413119828461,0.017558084956668437,0.0030618844723715,0.0738316915431726,0.07076980707080109,0.05363694987595298,0.03019459724023082,0.0069006524658342,0.1099391129878871,0.1030384605220529,0.4042819523179943,0.19656984160993757,0.1493858974888787,0.8575399834123835,0.7081540859235047,0.31944883801503066,0.13979912959402319,0.0823140187577404,0.5403747819468453,0.4580607631891049,0.21343162294058787,0.08064886021389496,0.0482758282893643,0.3388326767101,0.2905568484207357,0.3384125643463665,0.18904291706337747,0.0517687509283598,0.689018368304825,0.6372496173764652,0.2523877944348756,0.11553315703093327,0.0358978218475182,0.4394056107348674,0.4035077888873492,0.33413626064847207,0.1565824825345968,0.0461473938416963,0.5689042766669206,0.5227568828252243,plausible
Thenuri,1,02,5,113,1.1199999999999992,0.43728137175557685,0.2738069124973012,0.1423197491859728,1.1395397601703792,0.9972200109844064,0.22038811695571447,0.10715798166724297,0.0393176000747245,0.393913899386823,0.35459629931209846,0.2003645687730846,0.08532268916615567,0.0494839361066072,0.3523822533791375,0.30289831727253025,0.3408442520251831,0.18841671462464843,0.0497131146332458,0.6508473444501246,0.6011342298168788,0.13901556625648198,0.0706070920184796,0.0245947680148795,0.2493733842026155,0.224778616187736,0.23258915580527983,0.10449129667380075,0.0366342162560503,0.3936851424635914,0.3570509262075411,0.04467869097236204,0.01748922729633748,0.0114598358786779,0.0695127961355301,0.05805296025685221,0.06538329096220996,0.024201833972522395,0.0241908534220527,0.1158307823988252,0.0916399289767725,0.0595834781911078,0.023568688239669896,0.0224981717995734,0.1083899674122342,0.08589179561266079,0.041763333436634284,0.02040299334419818,0.0055043094217494,0.0845158882781752,0.0790115788564258,0.03501677023771466,0.013371574626042354,0.0047657138647253,0.0613310260574798,0.0565653121927545,0.05616777281729238,0.022164701981525394,0.0116071438045373,0.097093493068649,0.08548634926411171,0.4296511815807019,0.2619705384677968,0.1443684703850743,1.087326560917773,0.9429580905326986,0.282638097927663,0.11909858806285478,0.0373224472965275,0.4734618476521363,0.4361394003556088,0.22269221457578275,0.08340389684134952,0.0701505617269107,0.3488054470088222,0.2786548852819115,0.32868239979242925,0.20079339760207915,0.0614348064125705,0.6718936928367446,0.6104588864241741,0.2355112209263476,0.09968593920041127,0.0535623362291766,0.4380865874862303,0.3845242512570537,0.29706029681460594,0.12705676671812216,0.0543386691889815,0.5036391209135926,0.44930045172461114,plausible
Thenuri,1,02,6,111,1.0999999999999996,0.4425581514121486,0.2523057764900566,0.1019525724941887,1.0852879339918924,0.9833353614977037,0.2107489832925004,0.11159858720190376,0.0160782080206242,0.3900792099828196,0.3740010019621954,0.21427513296316317,0.08221985438292354,0.0626452762683304,0.3579217527079993,0.2952764764396689,0.3415099957700493,0.1956292247038222,0.0324017294650372,0.6640941361327236,0.6316924066676864,0.1348265389141622,0.05390778748826186,0.0312987027963075,0.2088539998399678,0.1775552970436603,0.21300019049642338,0.09854746532754056,0.0250482943980038,0.3742075154596491,0.34915922106164526,0.043213509459505126,0.014879091845796704,0.0186636917356539,0.0716537351763083,0.0529900434406544,0.05552314850989748,0.02339241231101455,0.0142611596811583,0.098177559248535,0.08391639956737669,0.05588267437143153,0.018557627319002883,0.0124015988749115,0.0826545507251948,0.0702529518502833,0.05134998490412341,0.02618726220547821,0.0129561586326823,0.1003083745654445,0.0873522159327622,0.055250761522525595,0.01920520111105922,0.0093299076606103,0.087673745356422,0.0783438376958117,0.06329707714513307,0.02212680938625741,0.0165839821970218,0.1077161437998362,0.0911321616028144,0.4556730961423029,0.24467695388743027,0.1799885140233797,1.0527907165156103,0.8728022024922306,0.27209738482930645,0.11887462403798917,0.0154219415788702,0.4322165544379583,0.4167946128590881,0.22166426001263706,0.09308154455642227,0.0254712549496613,0.368471718253736,0.3430004633040747,0.34961660430941477,0.18568637361775128,0.0858350952191852,0.660565802244737,0.5747307070255518,0.19449589420686983,0.08672143761221411,0.0578316880780139,0.341578401398481,0.2837467133204671,0.27646049332015527,0.1232799076755077,0.0104716208125503,0.4508982991513637,0.4404266783388134,plausible
Thenuri,1,02,7,115,1.1400000000000006,0.4502257856109667,0.28996547614723617,0.1340306666370473,1.1963016887660325,1.0622710221289853,0.21984490111775853,0.11312156847955057,0.0253537437265212,0.4022299377393992,0.376876194012878,0.21929547848555908,0.08263867361630385,0.0652112796526142,0.358866497797019,0.2936552181444048,0.34518118987575974,0.19498136175270303,0.063319078810208,0.6674659734634165,0.6041468946532085,0.14074620290434364,0.0614973430651797,0.0351952292316185,0.2454510356452725,0.210255806413654,0.23001391724113976,0.11148612508302273,0.0284694357719295,0.3909958603383595,0.36252642456643,0.04261345076874654,0.01117832133638005,0.0179019367286675,0.0627808054341975,0.044878868705530005,0.058674273221096473,0.02151515380040665,0.0142203185278752,0.0916323206461448,0.0774120021182696,0.04903352091733744,0.019117444426582676,0.0093605470969508,0.0734198857002264,0.06405933860327559,0.05478425214558093,0.019868990821813586,0.0214835320862811,0.0885168160956275,0.06703328400934641,0.06548562290029987,0.02256110270848583,0.0080726511945674,0.1001744572650877,0.09210180607052029,0.07490240581190206,0.024915293295221214,0.0225459941969978,0.1296239155070843,0.1070779213100865,0.45418949634580924,0.2528980941781372,0.1881873480794122,1.0686616093866683,0.8804742613072561,0.2976938071893743,0.1447473996772196,0.0165920249060121,0.5504429116316503,0.5338508867256382,0.22574258347971093,0.0849823014364628,0.0549758999617785,0.3421711584312878,0.28719525846950933,0.329165538708391,0.19787906113402184,0.0413168330671173,0.6662204464702857,0.6249036134031684,0.19661750865164104,0.0844230515705989,0.0381104986613012,0.3205363936305397,0.28242589496923853,0.31677345984571575,0.1561418624705286,0.017130098469691,0.5843549229709785,0.5672248245012874,plausible
Thenuri,1,02,8,115,1.1399999999999988,0.44459856011079907,0.29096397764776194,0.0983293505126095,1.1965289167121682,1.0981995661995587,0.24707683381910778,0.12028801455678212,0.0553883213371252,0.4441578272295847,0.3887695058924595,0.21420896190544278,0.07914015377528637,0.0685997421760155,0.3492781440008778,0.2806784018248623,0.334871557514243,0.19004843495914325,0.0403123281409689,0.6363861874255905,0.5960738592846216,0.1565351737197783,0.06107662539374106,0.0430815434209616,0.245502420153219,0.2024208767322574,0.25675241380879704,0.11760674552358742,0.0663063142323571,0.4338003334478691,0.367494019215512,0.05101503365368409,0.015524700972168778,0.0099441624547712,0.0831766357904799,0.0732324733357087,0.06371146681403504,0.019595039059390248,0.0186132900020052,0.0903841501351684,0.0717708601331632,0.059309368629350726,0.02046978103528339,0.0044803105486648,0.0860532253844476,0.0815729148357828,0.05661906477132589,0.02416129073829293,0.0151982380303257,0.0997189988203615,0.0845207607900358,0.05735649012888426,0.01975567414924554,0.0110760476430078,0.0890437948552272,0.0779677472122194,0.0688995330247756,0.023886496257021803,0.0228513547158336,0.1111788294037466,0.088327474687913,0.42539762041207374,0.216024790089864,0.1828396147528068,0.9646056081095988,0.781765993356792,0.3077135023430342,0.13497158130449313,0.0982286296110162,0.5397113929452555,0.4414827633342393,0.21413333518342087,0.0878901405710759,0.0186805578320685,0.3423912984585537,0.3237107406264852,0.3339924668944723,0.20126358693996266,0.0639713385356769,0.7064825634598322,0.6425112249241552,0.21262561373285765,0.09146463160087878,0.0224367617366819,0.3391784996414017,0.31674173790471977,0.3263717807719567,0.14491121390280723,0.1135866130710385,0.5858403543900943,0.4722537413190558,plausible
Thenuri,1,02,9,111,1.0999999999999996,0.44902924632339636,0.27092887287288614,0.1315690472097374,1.1381022775081218,1.0065332302983845,0.24549818757383698,0.11782919099726549,0.0292283491133702,0.4401273045721989,0.4108989554588287,0.22138533883561343,0.08068841828503333,0.0692818193330796,0.3648109077090469,0.2955290883759673,0.34213804417301413,0.18635937072608225,0.0696146010550577,0.6490770340675106,0.5794624330124529,0.16750185304959356,0.07741158060958618,0.0279821043211178,0.2808973191061197,0.2529152147850019,0.23304807305601158,0.11164559806979478,0.0274406723530334,0.4145773899836374,0.38713671763060403,0.047346507787078,0.016004330739721948,0.0222326215773601,0.0783089518295749,0.0560763302522148,0.07064158039573115,0.031606725307180915,0.0060392445957503,0.1124032550205785,0.10636401042482821,0.06402009356111416,0.02484952952829783,0.0158361184822248,0.1002991548725548,0.08446303639033,0.06796326311737011,0.03056467342171341,0.0167909630588491,0.1279831818821204,0.11119221882327131,0.06397143007273316,0.021592579810424894,0.0087015867729917,0.0987529251220441,0.0900513383490524,0.07509535997326408,0.032740283743034504,0.0170732025594654,0.1260075901877556,0.10893438762829019,0.45703442114630416,0.22977507445797196,0.20686874558863,0.9932463716905494,0.7863776261019194,0.3047353196843722,0.14610313790805976,0.0432648803781232,0.4946938647374666,0.4514289843593434,0.2245951661243652,0.07632876540818057,0.0566532456501201,0.3370499825627961,0.280396736912676,0.34182297571427706,0.20198992379531844,0.0504849111341356,0.6847115356634209,0.6342266245292854,0.2255193246452018,0.09590260912539755,0.0561963355984033,0.3634687633700711,0.3072724277716678,0.32280217094299657,0.1512398251153967,0.0595720112338569,0.5245891644422789,0.46501715320842196,plausible
Thenuri,1,02,10,109,1.08,0.45429052533017716,0.2946446519800317,0.1388131628614341,1.1832857722120904,1.0444726093506562,0.27021196255430924,0.13250502212615667,0.0260839079020907,0.4486894176485068,0.4226055097464161,0.21660249208370025,0.09105128194440487,0.0540298548655839,0.3834900829680849,0.329460228102501,0.3393675857365894,0.19168943630871924,0.0670658952888848,0.6440953825531104,0.5770294872642255,0.15828083293751294,0.061356072348882094,0.0583552965253501,0.24246471702471,0.1841094204993599,0.2746452942324474,0.13405072501343704,0.0225765791562102,0.4713198823628069,0.4487433032065967,0.04542353724903361,0.01486253978817903,0.0185172834135079,0.0839764315598403,0.0654591481463324,0.0650112749265121,0.020462685095142135,0.0100994756290109,0.095136047475326,0.0850365718463151,0.062430384064940316,0.017303118425626006,0.0217030341227584,0.0856393886357554,0.063936354512997,0.05135968556970398,0.022412463388469535,0.005279193216686,0.0841165747279945,0.0788373815113085,0.06290478755805075,0.024311040591681984,0.0067305837385822,0.0997896020759573,0.09305901833737511,0.0671828038688697,0.023629075858189817,0.0158221543223055,0.1102248255677621,0.09440267124545659,0.4311431031800269,0.22867860765495257,0.1595645521520614,0.9461246443474516,0.7865600921953901,0.3382123197951853,0.1582290588945265,0.0788814363733322,0.574948520000015,0.4960670836266827,0.2331851923857361,0.07890818867898987,0.0726512496094397,0.358001321114013,0.2853500715045733,0.33545562916311067,0.2125916724667082,0.0212210366798564,0.710660385341193,0.6894393486613366,0.2172544721484648,0.10119376810396637,0.0281294279589554,0.3577988117887236,0.3296693838297682,0.35565674166478567,0.16799553653240662,0.0833352049618312,0.6147881157504127,0.5314529107885815,plausible
Thenuri,1,02,11,111,1.1000000000000014,0.477596356373365,0.3006975610919391,0.0855203074520443,1.2819113826801185,1.1963910752280742,0.2968822732075409,0.16769479833377496,0.0243060452083464,0.6053608199883828,0.5810547747800363,0.23558074006259794,0.08692631819581448,0.0703848259906338,0.3834544862131808,0.313069660222547,0.33808876390161624,0.19825195390048456,0.0303882470096404,0.6541932364810705,0.6238049894714301,0.17286960780773683,0.07500826121217923,0.0245495022885455,0.277054616217211,0.2525051139286655,0.307117552390875,0.15376464160284392,0.0079347021978478,0.5791215073262282,0.5711868051283805,0.05295536073804131,0.02194484423813373,0.017468870179041,0.0864985840749015,0.0690297138958605,0.07802921800693338,0.03034133475133088,0.0300936088714681,0.1365539248932717,0.1064603160218036,0.0693118041038872,0.028672706551788125,0.018665305150517,0.1219508221930097,0.1032855170424927,0.06261149424805755,0.02260363192882114,0.0217947293510636,0.0979316015586805,0.07613687220761689,0.06995459650804232,0.03483938451801157,0.0079675639584749,0.1173074939134495,0.1093399299549746,0.0766346329868661,0.029111659655649408,0.006478383916458,0.1285781509352756,0.12209976701881761,0.46390073797101516,0.2602827884485693,0.1865160861087298,1.1036187684684906,0.9171026823597608,0.3293375956081112,0.1341761319896369,0.0653601940972359,0.5258794869282569,0.460519292831021,0.23755370923973707,0.08204152955693902,0.071548512098776,0.3720880193141728,0.3005395072153968,0.3330186542442498,0.1994756894277575,0.0441548173261265,0.6600048562329462,0.6158500389068198,0.22789291296554912,0.08222929302494009,0.0743275007664888,0.3442366504844553,0.2699091497179665,0.34899085979176053,0.13882651672572552,0.0967244289884696,0.5554263931385316,0.458701964150062,plausible
Thenuri,1,02,12,113,1.120000000000001,0.44874062284710015,0.28229008982163106,0.1227118458185574,1.135451537714358,1.0127396918958005,0.25557105374713995,0.12552452051102983,0.0338971456207729,0.4433036030695718,0.4094064574487989,0.2202551065270527,0.08233516442242657,0.0658896198315361,0.3865225891171362,0.32063296928560014,0.3367040688279975,0.1997167857562991,0.0541145308324593,0.6530175146161793,0.59890298378372,0.16928979150595244,0.07861909972760384,0.0445623125385074,0.2862742669889795,0.2417119544504721,0.25400588102050164,0.1281524436749258,0.0202888306556914,0.4352761393258809,0.41498730867018946,0.057111739752062955,0.017899718843091748,0.0274247655335021,0.086431979426984,0.059007213893481895,0.0770200259682464,0.029648737368661006,0.0190088292315772,0.1337816701561095,0.1147728409245323,0.06689816350640801,0.02681269636225121,0.0201073151383213,0.121294371821925,0.1011870566836037,0.04501159877979052,0.018751458326507323,0.0134159246651011,0.0848340521462975,0.0714181274811964,0.03843953027613453,0.017778437053297024,0.0091197478870529,0.0789083656755978,0.0697886177885449,0.05050034176313255,0.023442598735263425,0.014398839911097,0.100535970982378,0.086137131071281,0.41751488096923595,0.2287674630594854,0.1530869171769053,0.9581942781295988,0.8051073609526935,0.3150917474099881,0.14157984352092723,0.0457549193907869,0.5302158163883666,0.48446089699757966,0.2275589250464743,0.08182023831400173,0.0531081603756878,0.3442958775307968,0.29118771715510905,0.3271368837768717,0.19252312075104808,0.0541794881440491,0.6697553655720243,0.6155758774279753,0.22975885294214676,0.09539759624249006,0.0532178730214037,0.3746809190933574,0.3214630460719537,0.33421599479341557,0.15254550650963467,0.0675207464947178,0.5873460482281024,0.5198253017333846,plausible
Thenuri,1,02,13,112,1.110000000000003,0.4493294545881116,0.28507711464647756,0.143909101456523,1.1753147121356389,1.0314056106791158,0.28093304139049907,0.15227084027289534,0.0296849735408239,0.5324064389802535,0.5027214654394296,0.2284789060070956,0.08042501297913322,0.0835226026108374,0.3885198764960321,0.3049972738851947,0.34095951394158963,0.19341791355668675,0.059444030452511,0.6550843094391614,0.5956402789866504,0.17035780745329548,0.07810851451187444,0.038299125369803,0.2922863427837244,0.2539872174139214,0.28808557894692555,0.14507367193593573,0.0464123483088111,0.4999031072428914,0.4534907589340803,0.04834959100442121,0.015013649374552407,0.017445070161383,0.0683568022578073,0.0509117320964243,0.0715662865607785,0.02645889997492055,0.0094577328817977,0.1052319309364991,0.0957741980547014,0.0670898114781883,0.024886126305503083,0.0135048249485893,0.0997410567439753,0.086236231795386,0.05790597472827147,0.02244986829498614,0.0163143823380684,0.1059396298889606,0.0896252475508922,0.0571873157409187,0.019273935050761186,0.014706358938433,0.0949458867376183,0.0802395277991853,0.06932476890415092,0.02516490181928701,0.0199374209366247,0.1033875592994593,0.0834501383628346,0.45525533430028675,0.25130853079769694,0.217787914512197,1.0680990123660907,0.8503110978538937,0.35411368373770685,0.15962990908377264,0.0636094734096498,0.5728458424422528,0.5092363690326029,0.22954021148874817,0.07926102856500265,0.0670911328436869,0.3567352870563848,0.2896441542126979,0.34162916215023886,0.20698648128233527,0.0664443896367189,0.6952322567585627,0.6287878671218438,0.2600096851378868,0.1216114252992739,0.0488016468417882,0.4785988918124024,0.4297972449706142,0.36706534306763033,0.16814597537221918,0.0390279549015964,0.6008346206115195,0.5618066657099231,plausible
Thenuri,1,02,14,112,1.1099999999999994,0.45674287222027443,0.2756006830708458,0.1453602433607718,1.1366010050873372,0.9912407617265654,0.270543279587415,0.137874246144969,0.0371696826351333,0.5096774501592185,0.4725077675240852,0.22499192102093538,0.08017180076266292,0.0653402975677008,0.383782187235362,0.3184418896676612,0.343175227911254,0.1979188883515534,0.0539373903553867,0.6753923559181484,0.6214549655627617,0.16698379486641812,0.0664029824084754,0.0557428024704832,0.2614589809111931,0.20571617844070988,0.27852675063968046,0.12629853942984326,0.0230597339095403,0.4481239241584259,0.4250641902488856,0.05722771467485182,0.017875649601502452,0.0174190432621735,0.0850286241739215,0.067609580911748,0.08177346493028072,0.028754333110724086,0.0328617537484077,0.125624413433921,0.09276265968551331,0.07499725944687594,0.027355022703769574,0.0236636051429439,0.1175631193725526,0.0938995142296087,0.05487248495183962,0.02439988324089061,0.0127089649259006,0.1075166848422208,0.0948077199163202,0.0554859801104497,0.022595360072424443,0.0154753828486174,0.0951497276861625,0.07967434483754511,0.059579016645406595,0.02759959134492079,0.0148256602897133,0.1166916659944993,0.101866005704786,0.452538910711639,0.24071018127332783,0.195583544782325,1.024643528022949,0.8290599832406239,0.3311003113034103,0.14987834413666937,0.0333018251555807,0.5285687240459953,0.4952668988904146,0.23031835694448272,0.08228795772785757,0.0697930734832878,0.3688965630354266,0.29910348955213883,0.3290931847157446,0.19592537494904408,0.0537551714787543,0.6597329894389761,0.6059778179602218,0.25243329138304715,0.12363737345902978,0.0285773463047865,0.468928496813438,0.44035115050865153,0.3563400036924014,0.16061036415519933,0.0530538999793495,0.5652286142613755,0.512174714282026,plausible
Thenuri,1,02,15,113,1.120000000000001,0.4562752290903679,0.27347095775943076,0.0629415582694041,1.1727388488918835,1.1097972906224793,0.23312652894130959,0.13278336338691335,0.0263376192366942,0.4663507011869792,0.440013081950285,0.23219431421607703,0.07404138558264811,0.0869046422255978,0.3590927244299006,0.2721880822043028,0.33579340820692904,0.1980145064275257,0.0340127170052522,0.661445950549915,0.6274332335446627,0.14913998033962156,0.07231457845335401,0.0428233471505647,0.2685844405335327,0.22576109338296801,0.2377148742327776,0.10934822272452918,0.0425583554156868,0.394665220875624,0.3521068654599372,0.048002235218932585,0.014351665831498417,0.0210199901862521,0.0726128424250714,0.051592852238819306,0.06336859703437597,0.023101591918986884,0.0143235367669458,0.1024584432588448,0.088134906491899,0.06351834765888997,0.021986057541579358,0.0168149699847396,0.1035516544203243,0.08673668443558469,0.0679200321272393,0.022930902148079055,0.0173958230847469,0.0994449262936059,0.082049103208859,0.0751603654872614,0.03073383659099322,0.0199102451237714,0.1357699541021554,0.11585970897838399,0.07896274657743402,0.02742743825821535,0.0155636223112765,0.1230808032601985,0.107517180948922,0.43074828878966787,0.23681676867043513,0.1466581790199539,1.0088368839700237,0.8621787049500698,0.3294343820169938,0.14353927851832549,0.0418085469533369,0.541362633494857,0.4995540865415201,0.23097046435656593,0.07837009966670422,0.0640936941665655,0.3462848519905701,0.28219115782400456,0.32939339679345264,0.20556702806263152,0.0516116189408423,0.6886457499569775,0.6370341310161352,0.25108301784773557,0.11678675372857938,0.0432389573298341,0.4601332121505907,0.4168942548207566,0.34698931120266574,0.1545324388735731,0.0410075388895124,0.5774052269047751,0.5363976880152628,plausible
Thenuri,1,02,16,116,1.1500000000000021,0.4589380240031757,0.28757828806665026,0.1497567621920231,1.1788062629839473,1.0290495007919243,0.2521684048085319,0.1577442227220455,0.0273472556853081,0.5509384238546002,0.5235911681692922,0.2160584314309886,0.07558891851936822,0.0479790151982789,0.3468004978150497,0.2988214826167708,0.3504435257977819,0.18597486769078783,0.0733579266445963,0.6605895972843109,0.5872316706397146,0.16778399255815973,0.0738226809900306,0.0357274203646239,0.2891985551939713,0.2534711348293474,0.26498915111234794,0.12098409474670237,0.0373723150283839,0.461060557995565,0.4236882429671811,0.052147994352167874,0.01925309072025209,0.0065183095701924,0.0785637842648231,0.07204547469463071,0.07475545491233296,0.03271340821558752,0.009915667672963,0.1188932143619806,0.1089775466890176,0.06926406600511265,0.026120196118025924,0.0215472618084489,0.1111866117995848,0.0896393499911359,0.04654936272647051,0.028374655247490096,0.0050696553947117,0.0976006185353441,0.0925309631406324,0.043958722456620324,0.023252677741379957,0.0085037721043498,0.0860524372313348,0.077548665126985,0.065542231682481,0.031241998064832528,0.0157093375551094,0.1171248623669911,0.10141552481188171,0.4087591813116229,0.22798409968529165,0.1727195732190959,0.9761800661165176,0.8034604928974217,0.33405353504877006,0.14815269331421055,0.0461622178442081,0.5765761711320019,0.5304139532877938,0.2187633579427741,0.08601067061112998,0.0684875308423906,0.3536955975380203,0.2852080666956297,0.31845531461752197,0.19461390348972912,0.0710667533973229,0.6594263444597069,0.588359591062384,0.245731935982764,0.1267755151372843,0.0049114437687944,0.4782563401296111,0.4733448963608167,0.3543139987722839,0.1585608232142286,0.0679868389736716,0.6171564323217305,0.5491695933480588,plausible
Thenuri,1,02,17,118,1.1700000000000017,0.45627687111602105,0.30506280632966243,0.1147321691219974,1.269548135387782,1.1548159662657846,0.28142358485674834,0.17140512251834195,0.0449217433202782,0.6249849456469382,0.58006320232666,0.22062804447603054,0.07846804758791268,0.0712692613739585,0.3510207598799291,0.2797514985059706,0.320414845816823,0.18277167176324863,0.0565675981927412,0.6191895615928591,0.5626219634001179,0.17046111380182905,0.06954166695389298,0.0327624419087427,0.2602578110860977,0.227495369177355,0.2842971841351161,0.13276229871851905,0.0787864017987114,0.5353598353854538,0.45657343358674246,0.04620811411038765,0.012497987105819817,0.0111631551306662,0.0714209153933682,0.060257760262702,0.06387991539244431,0.01694037176961143,0.0258698154157294,0.0981814193721658,0.0723116039564364,0.05664231971847266,0.01881650555110352,0.0179617537725321,0.0849353848955785,0.0669736311230464,0.05741388893257183,0.030731829943350716,0.0138738111712286,0.1148645999420743,0.1009907887708457,0.05844237245677265,0.023606154642062782,0.0105971133254574,0.0904481953558331,0.07985108203037569,0.06738577447650224,0.02798277315757219,0.0198001590186532,0.1220604169190467,0.1022602579003935,0.41966591581547474,0.24508861372041602,0.1560245701918861,0.9719414427020852,0.8159168725101991,0.35358657079876965,0.17755044372300136,0.0408519058859366,0.6573337592489483,0.6164818533630118,0.22571061583403007,0.07323653731539184,0.0750509944008866,0.3459869341271882,0.2709359397263016,0.30745664757719526,0.18918977170904844,0.047742079899854,0.6580169679886765,0.6102748880888225,0.2566038568608655,0.14553927294183444,0.0065499813265767,0.5077652633301676,0.5012152820035909,0.3739597764790353,0.18579062159237977,0.0608239654776168,0.6946625359665886,0.6338385704889717,plausible
Thenuri,1,02,18,118,1.1700000000000017,0.4541250169125484,0.2913265608442857,0.1280733030279094,1.229667940140064,1.1015946371121548,0.2654369790016919,0.161672415250449,0.0338547957853687,0.5786601824182518,0.5448053866328831,0.21140386645752512,0.08317858271930585,0.0502131410074922,0.3476902989865036,0.2974771579790114,0.3379038363443892,0.18717158831128217,0.0585508471495395,0.6398093194482172,0.5812584722986777,0.16676342017989162,0.07134922473205822,0.0234530147126851,0.2650453558694446,0.2415923411567595,0.27847696587897514,0.12369956513437513,0.0324884357167875,0.4746502192984021,0.4421617835816146,0.054271050926333636,0.02076048174621386,0.0022504230731143,0.0782368708234768,0.0759864477503625,0.081137846428193,0.030953882251193984,0.004030526095096,0.1316482123145741,0.1276176862194781,0.07312312080323742,0.02992504020104797,0.0059789164164788,0.1153817369974041,0.1094028205809253,0.05767934688575844,0.027078564039038164,0.0201161585252051,0.1047096447988333,0.0845934862736282,0.056542374139735334,0.01995538559525899,0.0118343914124079,0.0981580753429121,0.0863236839305042,0.07567932991473335,0.028181901282103614,0.023035183226408,0.1230698509127768,0.10003466768636879,0.42145341842459005,0.22839941066286337,0.1696879460531263,0.9536410395952344,0.7839530935421081,0.35424721383174285,0.1476987425563459,0.0831028094665987,0.5865558231241158,0.503453013657517,0.22150308050413148,0.08148085105640354,0.0455790213990853,0.3464176798436807,0.3008386584445954,0.3191227180264926,0.20358085049670313,0.0484056243606644,0.6888074021845132,0.6404017778238488,0.29923298298052003,0.17524359879738938,0.0750128814043648,0.581948815340425,0.5069359339360602,0.3605992373762207,0.15610742150185694,0.0588607335285757,0.5930788549784041,0.5342181214498284,plausible
Thenuri,1,02,19,122,1.2100000000000009,0.4231177501081156,0.30302950659949796,0.1394672566909264,1.2304459530834384,1.0909786963925119,0.3219189330525632,0.16368502085119965,0.0272292303846909,0.634217040304476,0.6069878099197851,0.2096701501560123,0.08323353512351621,0.0362426407257761,0.3355896578390188,0.2993470171132427,0.3180452011647062,0.18957773362892816,0.03692767545783,0.6499167978849854,0.6129891224271553,0.19301232856647002,0.08518454322418646,0.0212725918561586,0.3228918803483273,0.3016192884921687,0.3178903349829876,0.1372950079790724,0.0206278000706848,0.5045844280985048,0.48395662802781997,0.057772665126691235,0.022712980400893337,0.0111812830049508,0.0908640166569657,0.07968273365201489,0.08530690222550934,0.037289194665320144,0.0049368718470091,0.1448515523210746,0.1399146804740655,0.07990489987750782,0.033834172974919065,0.0224641407016634,0.1363767399610769,0.11391259925941351,0.04804014471473319,0.026970601981256014,0.0059662316870959,0.108203814740875,0.1022375830537791,0.1180422013546004,0.03401939828827887,0.0693679512347573,0.1828109820441494,0.1134430308093921,0.0604636881591878,0.023991297476307672,0.014898061374312,0.1046180805757828,0.0897200192014708,0.3775338359693866,0.23107386321465453,0.1025121933390581,0.9217130824048152,0.819200889065757,0.34536637545508114,0.15580903719944508,0.0276726410067746,0.5390862991247087,0.5114136581179342,0.21513225328100838,0.07529633715672006,0.0688184071632428,0.3421666553196595,0.2733482481564167,0.3112254121003431,0.19046988991923472,0.0580047174577456,0.6429723885726565,0.5849676711149109,0.39159678299942285,0.20146280802883032,0.1691686784376426,0.7021426221921155,0.5329739437544729,0.3574319427283359,0.15811104761532802,0.046952967448707,0.558308995931797,0.5113560284830899,plausible
Thenuri,1,02,20,143,1.4199999999999982,0.27185823491436,0.2788055106037132,0.0425891261167278,1.112206249637739,1.0696171235210112,0.34409111303551515,0.1958552892802739,0.1197700865470508,0.716603470287984,0.5968333837409332,0.17091423122804553,0.07313584555871745,0.0584111125612877,0.3231492070569501,0.26473809449566243,0.23072801882705618,0.20993203342004085,0.0211089174659832,0.7261005577851924,0.7049916403192092,0.12435170397908385,0.09720102948552191,0.01710411064942,0.3279604283467564,0.3108563176973364,0.19261224496751136,0.147834452264436,0.0253866939253578,0.4976641305621716,0.4722774366368138,0.04432069903741557,0.025714050904606697,0.0112176309540815,0.0876478810628426,0.0764302501087611,0.05973948954517062,0.03651756200812066,0.0047693335986122,0.1182104284098904,0.1134410948112782,0.055955379023206575,0.03732235299540474,0.0074238466048922,0.121166874713159,0.1137430281082668,0.041955504577661645,0.02148555730864796,0.0176112520011659,0.0979240831948838,0.0803128311937179,0.1850814184444412,0.02379776730220658,0.1397241537602394,0.2287753754843619,0.0890512217241225,0.050912022664944497,0.02305421835642971,0.0143974057549775,0.0924601726351925,0.078062766880215,0.2097310980476789,0.1698136719557588,0.0566744462032407,0.6734130521784232,0.6167386059751825,0.23263032129749572,0.08474491399662147,0.1037255780228033,0.3828360719589889,0.2791104939361856,0.14204639664888963,0.05547315426751205,0.013225437121117,0.2415600019421698,0.2283345648210528,0.19910359028442065,0.1588193874130856,0.0646052006609507,0.5926621959550882,0.5280569952941375,0.40007160177445944,0.1854217475074,0.1678578205520854,0.6895968837047194,0.521739063152634,0.25935491574698244,0.08885067155816277,0.1300829420920266,0.41471497263576,0.2846320305437334,plausible
