split,person,trial,group_id,predicted_person,correct
1,Buddhini,1,Buddhini_T1,Buddhini,True
1,Harshika,1,Harshika_T1,Harshika,True
1,Muthuni,1,Muthuni_T1,Muthuni,True
1,Nadeera,1,Nadeera_T1,Nadeera,True
1,Thenuri,1,Thenuri_T1,Thenuri,True
2,Buddhini,1,Buddhini_T1,Buddhini,True
2,Harshika,1,Harshika_T1,Harshika,True
2,Muthuni,1,Muthuni_T1,Muthuni,True
2,Nadeera,1,Nadeera_T1,Nadeera,True
2,Thenuri,2,Thenuri_T2,Thenuri,True
3,Buddhini,1,Buddhini_T1,Buddhini,True
3,Harshika,1,Harshika_T1,Harshika,True
3,Muthuni,1,Muthuni_T1,Muthuni,True
3,Nadeera,1,Nadeera_T1,Nadeera,True
3,Thenuri,3,Thenuri_T3,Thenuri,True
4,Buddhini,1,Buddhini_T1,Buddhini,True
4,Harshika,1,Harshika_T1,Harshika,True
4,Muthuni,1,Muthuni_T1,Muthuni,True
4,Nadeera,1,Nadeera_T1,Nadeera,True
4,Thenuri,4,Thenuri_T4,Thenuri,True
5,Buddhini,1,Buddhini_T1,Buddhini,True
5,Harshika,1,Harshika_T1,Harshika,True
5,Muthuni,1,Muthuni_T1,Muthuni,True
5,Nadeera,2,Nadeera_T2,Nadeera,True
5,Thenuri,1,Thenuri_T1,Thenuri,True
6,Buddhini,1,Buddhini_T1,Buddhini,True
6,Harshika,1,Harshika_T1,Harshika,True
6,Muthuni,1,Muthuni_T1,Muthuni,True
6,Nadeera,2,Nadeera_T2,Nadeera,True
6,Thenuri,2,Thenuri_T2,Thenuri,True
7,Buddhini,1,Buddhini_T1,Buddhini,True
7,Harshika,1,Harshika_T1,Harshika,True
7,Muthuni,1,Muthuni_T1,Muthuni,True
7,Nadeera,2,Nadeera_T2,Nadeera,True
7,Thenuri,3,Thenuri_T3,Thenuri,True
8,Buddhini,1,Buddhini_T1,Buddhini,True
8,Harshika,1,Harshika_T1,Harshika,True
8,Muthuni,1,Muthuni_T1,Muthuni,True
8,Nadeera,2,Nadeera_T2,Nadeera,True
8,Thenuri,4,Thenuri_T4,Thenuri,True
9,Buddhini,1,Buddhini_T1,Buddhini,True
9,Harshika,1,Harshika_T1,Harshika,True
9,Muthuni,1,Muthuni_T1,Muthuni,True
9,Nadeera,3,Nadeera_T3,Nadeera,True
9,Thenuri,1,Thenuri_T1,Thenuri,True
10,Buddhini,1,Buddhini_T1,Buddhini,True
10,Harshika,1,Harshika_T1,Harshika,True
10,Muthuni,1,Muthuni_T1,Muthuni,True
10,Nadeera,3,Nadeera_T3,Nadeera,True
10,Thenuri,2,Thenuri_T2,Thenuri,True
11,Buddhini,1,Buddhini_T1,Buddhini,True
11,Harshika,1,Harshika_T1,Harshika,True
11,Muthuni,1,Muthuni_T1,Muthuni,True
11,Nadeera,3,Nadeera_T3,Nadeera,True
11,Thenuri,3,Thenuri_T3,Thenuri,True
12,Buddhini,1,Buddhini_T1,Buddhini,True
12,Harshika,1,Harshika_T1,Harshika,True
12,Muthuni,1,Muthuni_T1,Muthuni,True
12,Nadeera,3,Nadeera_T3,Nadeera,True
12,Thenuri,4,Thenuri_T4,Thenuri,True
13,Buddhini,1,Buddhini_T1,Buddhini,True
13,Harshika,1,Harshika_T1,Harshika,True
13,Muthuni,1,Muthuni_T1,Muthuni,True
13,Nadeera,4,Nadeera_T4,Nadeera,True
13,Thenuri,1,Thenuri_T1,Thenuri,True
14,Buddhini,1,Buddhini_T1,Buddhini,True
14,Harshika,1,Harshika_T1,Harshika,True
14,Muthuni,1,Muthuni_T1,Muthuni,True
14,Nadeera,4,Nadeera_T4,Nadeera,True
14,Thenuri,2,Thenuri_T2,Thenuri,True
15,Buddhini,1,Buddhini_T1,Buddhini,True
15,Harshika,1,Harshika_T1,Harshika,True
15,Muthuni,1,Muthuni_T1,Muthuni,True
15,Nadeera,4,Nadeera_T4,Nadeera,True
15,Thenuri,3,Thenuri_T3,Thenuri,True
16,Buddhini,1,Buddhini_T1,Buddhini,True
16,Harshika,1,Harshika_T1,Harshika,True
16,Muthuni,1,Muthuni_T1,Muthuni,True
16,Nadeera,4,Nadeera_T4,Nadeera,True
16,Thenuri,4,Thenuri_T4,Thenuri,True
17,Buddhini,1,Buddhini_T1,Buddhini,True
17,Harshika,1,Harshika_T1,Harshika,True
17,Muthuni,2,Muthuni_T2,Muthuni,True
17,Nadeera,1,Nadeera_T1,Nadeera,True
17,Thenuri,1,Thenuri_T1,Thenuri,True
18,Buddhini,1,Buddhini_T1,Buddhini,True
18,Harshika,1,Harshika_T1,Harshika,True
18,Muthuni,2,Muthuni_T2,Muthuni,True
18,Nadeera,1,Nadeera_T1,Nadeera,True
18,Thenuri,2,Thenuri_T2,Thenuri,True
19,Buddhini,1,Buddhini_T1,Buddhini,True
19,Harshika,1,Harshika_T1,Harshika,True
19,Muthuni,2,Muthuni_T2,Muthuni,True
19,Nadeera,1,Nadeera_T1,Nadeera,True
19,Thenuri,3,Thenuri_T3,Thenuri,True
20,Buddhini,1,Buddhini_T1,Buddhini,True
20,Harshika,1,Harshika_T1,Harshika,True
20,Muthuni,2,Muthuni_T2,Muthuni,True
20,Nadeera,1,Nadeera_T1,Nadeera,True
20,Thenuri,4,Thenuri_T4,Thenuri,True
21,Buddhini,1,Buddhini_T1,Buddhini,True
21,Harshika,1,Harshika_T1,Harshika,True
21,Muthuni,2,Muthuni_T2,Muthuni,True
21,Nadeera,2,Nadeera_T2,Nadeera,True
21,Thenuri,1,Thenuri_T1,Thenuri,True
22,Buddhini,1,Buddhini_T1,Buddhini,True
22,Harshika,1,Harshika_T1,Harshika,True
22,Muthuni,2,Muthuni_T2,Muthuni,True
22,Nadeera,2,Nadeera_T2,Nadeera,True
22,Thenuri,2,Thenuri_T2,Thenuri,True
23,Buddhini,1,Buddhini_T1,Buddhini,True
23,Harshika,1,Harshika_T1,Harshika,True
23,Muthuni,2,Muthuni_T2,Muthuni,True
23,Nadeera,2,Nadeera_T2,Nadeera,True
23,Thenuri,3,Thenuri_T3,Thenuri,True
24,Buddhini,1,Buddhini_T1,Buddhini,True
24,Harshika,1,Harshika_T1,Harshika,True
24,Muthuni,2,Muthuni_T2,Muthuni,True
24,Nadeera,2,Nadeera_T2,Nadeera,True
24,Thenuri,4,Thenuri_T4,Thenuri,True
25,Buddhini,1,Buddhini_T1,Buddhini,True
25,Harshika,1,Harshika_T1,Harshika,True
25,Muthuni,2,Muthuni_T2,Muthuni,True
25,Nadeera,3,Nadeera_T3,Nadeera,True
25,Thenuri,1,Thenuri_T1,Thenuri,True
26,Buddhini,1,Buddhini_T1,Buddhini,True
26,Harshika,1,Harshika_T1,Harshika,True
26,Muthuni,2,Muthuni_T2,Muthuni,True
26,Nadeera,3,Nadeera_T3,Nadeera,True
26,Thenuri,2,Thenuri_T2,Thenuri,True
27,Buddhini,1,Buddhini_T1,Buddhini,True
27,Harshika,1,Harshika_T1,Harshika,True
27,Muthuni,2,Muthuni_T2,Muthuni,True
27,Nadeera,3,Nadeera_T3,Nadeera,True
27,Thenuri,3,Thenuri_T3,Thenuri,True
28,Buddhini,1,Buddhini_T1,Buddhini,True
28,Harshika,1,Harshika_T1,Harshika,True
28,Muthuni,2,Muthuni_T2,Muthuni,True
28,Nadeera,3,Nadeera_T3,Nadeera,True
28,Thenuri,4,Thenuri_T4,Thenuri,True
29,Buddhini,1,Buddhini_T1,Buddhini,True
29,Harshika,1,Harshika_T1,Harshika,True
29,Muthuni,2,Muthuni_T2,Muthuni,True
29,Nadeera,4,Nadeera_T4,Nadeera,True
29,Thenuri,1,Thenuri_T1,Thenuri,True
30,Buddhini,1,Buddhini_T1,Buddhini,True
30,Harshika,1,Harshika_T1,Harshika,True
30,Muthuni,2,Muthuni_T2,Muthuni,True
30,Nadeera,4,Nadeera_T4,Nadeera,True
30,Thenuri,2,Thenuri_T2,Thenuri,True
31,Buddhini,1,Buddhini_T1,Buddhini,True
31,Harshika,1,Harshika_T1,Harshika,True
31,Muthuni,2,Muthuni_T2,Muthuni,True
31,Nadeera,4,Nadeera_T4,Nadeera,True
31,Thenuri,3,Thenuri_T3,Thenuri,True
32,Buddhini,1,Buddhini_T1,Buddhini,True
32,Harshika,1,Harshika_T1,Harshika,True
32,Muthuni,2,Muthuni_T2,Muthuni,True
32,Nadeera,4,Nadeera_T4,Nadeera,True
32,Thenuri,4,Thenuri_T4,Thenuri,True
33,Buddhini,1,Buddhini_T1,Buddhini,True
33,Harshika,1,Harshika_T1,Harshika,True
33,Muthuni,3,Muthuni_T3,Muthuni,True
33,Nadeera,1,Nadeera_T1,Nadeera,True
33,Thenuri,1,Thenuri_T1,Thenuri,True
34,Buddhini,1,Buddhini_T1,Buddhini,True
34,Harshika,1,Harshika_T1,Harshika,True
34,Muthuni,3,Muthuni_T3,Muthuni,True
34,Nadeera,1,Nadeera_T1,Nadeera,True
34,Thenuri,2,Thenuri_T2,Thenuri,True
35,Buddhini,1,Buddhini_T1,Buddhini,True
35,Harshika,1,Harshika_T1,Harshika,True
35,Muthuni,3,Muthuni_T3,Muthuni,True
35,Nadeera,1,Nadeera_T1,Nadeera,True
35,Thenuri,3,Thenuri_T3,Thenuri,True
36,Buddhini,1,Buddhini_T1,Buddhini,True
36,Harshika,1,Harshika_T1,Harshika,True
36,Muthuni,3,Muthuni_T3,Muthuni,True
36,Nadeera,1,Nadeera_T1,Nadeera,True
36,Thenuri,4,Thenuri_T4,Thenuri,True
37,Buddhini,1,Buddhini_T1,Buddhini,True
37,Harshika,1,Harshika_T1,Harshika,True
37,Muthuni,3,Muthuni_T3,Muthuni,True
37,Nadeera,2,Nadeera_T2,Nadeera,True
37,Thenuri,1,Thenuri_T1,Thenuri,True
38,Buddhini,1,Buddhini_T1,Buddhini,True
38,Harshika,1,Harshika_T1,Harshika,True
38,Muthuni,3,Muthuni_T3,Muthuni,True
38,Nadeera,2,Nadeera_T2,Nadeera,True
38,Thenuri,2,Thenuri_T2,Thenuri,True
39,Buddhini,1,Buddhini_T1,Buddhini,True
39,Harshika,1,Harshika_T1,Harshika,True
39,Muthuni,3,Muthuni_T3,Muthuni,True
39,Nadeera,2,Nadeera_T2,Nadeera,True
39,Thenuri,3,Thenuri_T3,Thenuri,True
40,Buddhini,1,Buddhini_T1,Buddhini,True
40,Harshika,1,Harshika_T1,Harshika,True
40,Muthuni,3,Muthuni_T3,Muthuni,True
40,Nadeera,2,Nadeera_T2,Nadeera,True
40,Thenuri,4,Thenuri_T4,Thenuri,True
41,Buddhini,1,Buddhini_T1,Buddhini,True
41,Harshika,1,Harshika_T1,Harshika,True
41,Muthuni,3,Muthuni_T3,Muthuni,True
41,Nadeera,3,Nadeera_T3,Nadeera,True
41,Thenuri,1,Thenuri_T1,Thenuri,True
42,Buddhini,1,Buddhini_T1,Buddhini,True
42,Harshika,1,Harshika_T1,Harshika,True
42,Muthuni,3,Muthuni_T3,Muthuni,True
42,Nadeera,3,Nadeera_T3,Nadeera,True
42,Thenuri,2,Thenuri_T2,Thenuri,True
43,Buddhini,1,Buddhini_T1,Buddhini,True
43,Harshika,1,Harshika_T1,Harshika,True
43,Muthuni,3,Muthuni_T3,Muthuni,True
43,Nadeera,3,Nadeera_T3,Nadeera,True
43,Thenuri,3,Thenuri_T3,Thenuri,True
44,Buddhini,1,Buddhini_T1,Buddhini,True
44,Harshika,1,Harshika_T1,Harshika,True
44,Muthuni,3,Muthuni_T3,Muthuni,True
44,Nadeera,3,Nadeera_T3,Nadeera,True
44,Thenuri,4,Thenuri_T4,Thenuri,True
45,Buddhini,1,Buddhini_T1,Buddhini,True
45,Harshika,1,Harshika_T1,Harshika,True
45,Muthuni,3,Muthuni_T3,Muthuni,True
45,Nadeera,4,Nadeera_T4,Nadeera,True
45,Thenuri,1,Thenuri_T1,Thenuri,True
46,Buddhini,1,Buddhini_T1,Buddhini,True
46,Harshika,1,Harshika_T1,Harshika,True
46,Muthuni,3,Muthuni_T3,Muthuni,True
46,Nadeera,4,Nadeera_T4,Nadeera,True
46,Thenuri,2,Thenuri_T2,Thenuri,True
47,Buddhini,1,Buddhini_T1,Buddhini,True
47,Harshika,1,Harshika_T1,Harshika,True
47,Muthuni,3,Muthuni_T3,Muthuni,True
47,Nadeera,4,Nadeera_T4,Nadeera,True
47,Thenuri,3,Thenuri_T3,Thenuri,True
48,Buddhini,1,Buddhini_T1,Buddhini,True
48,Harshika,1,Harshika_T1,Harshika,True
48,Muthuni,3,Muthuni_T3,Muthuni,True
48,Nadeera,4,Nadeera_T4,Nadeera,True
48,Thenuri,4,Thenuri_T4,Thenuri,True
49,Buddhini,1,Buddhini_T1,Buddhini,True
49,Harshika,2,Harshika_T2,Harshika,True
49,Muthuni,1,Muthuni_T1,Muthuni,True
49,Nadeera,1,Nadeera_T1,Nadeera,True
49,Thenuri,1,Thenuri_T1,Thenuri,True
50,Buddhini,1,Buddhini_T1,Buddhini,True
50,Harshika,2,Harshika_T2,Harshika,True
50,Muthuni,1,Muthuni_T1,Muthuni,True
50,Nadeera,1,Nadeera_T1,Nadeera,True
50,Thenuri,2,Thenuri_T2,Thenuri,True
51,Buddhini,1,Buddhini_T1,Buddhini,True
51,Harshika,2,Harshika_T2,Harshika,True
51,Muthuni,1,Muthuni_T1,Muthuni,True
51,Nadeera,1,Nadeera_T1,Nadeera,True
51,Thenuri,3,Thenuri_T3,Thenuri,True
52,Buddhini,1,Buddhini_T1,Buddhini,True
52,Harshika,2,Harshika_T2,Harshika,True
52,Muthuni,1,Muthuni_T1,Muthuni,True
52,Nadeera,1,Nadeera_T1,Nadeera,True
52,Thenuri,4,Thenuri_T4,Thenuri,True
53,Buddhini,1,Buddhini_T1,Buddhini,True
53,Harshika,2,Harshika_T2,Harshika,True
53,Muthuni,1,Muthuni_T1,Muthuni,True
53,Nadeera,2,Nadeera_T2,Nadeera,True
53,Thenuri,1,Thenuri_T1,Thenuri,True
54,Buddhini,1,Buddhini_T1,Buddhini,True
54,Harshika,2,Harshika_T2,Harshika,True
54,Muthuni,1,Muthuni_T1,Muthuni,True
54,Nadeera,2,Nadeera_T2,Nadeera,True
54,Thenuri,2,Thenuri_T2,Thenuri,True
55,Buddhini,1,Buddhini_T1,Buddhini,True
55,Harshika,2,Harshika_T2,Harshika,True
55,Muthuni,1,Muthuni_T1,Muthuni,True
55,Nadeera,2,Nadeera_T2,Nadeera,True
55,Thenuri,3,Thenuri_T3,Thenuri,True
56,Buddhini,1,Buddhini_T1,Buddhini,True
56,Harshika,2,Harshika_T2,Harshika,True
56,Muthuni,1,Muthuni_T1,Muthuni,True
56,Nadeera,2,Nadeera_T2,Nadeera,True
56,Thenuri,4,Thenuri_T4,Thenuri,True
57,Buddhini,1,Buddhini_T1,Buddhini,True
57,Harshika,2,Harshika_T2,Harshika,True
57,Muthuni,1,Muthuni_T1,Muthuni,True
57,Nadeera,3,Nadeera_T3,Nadeera,True
57,Thenuri,1,Thenuri_T1,Thenuri,True
58,Buddhini,1,Buddhini_T1,Buddhini,True
58,Harshika,2,Harshika_T2,Harshika,True
58,Muthuni,1,Muthuni_T1,Muthuni,True
58,Nadeera,3,Nadeera_T3,Nadeera,True
58,Thenuri,2,Thenuri_T2,Thenuri,True
59,Buddhini,1,Buddhini_T1,Buddhini,True
59,Harshika,2,Harshika_T2,Harshika,True
59,Muthuni,1,Muthuni_T1,Muthuni,True
59,Nadeera,3,Nadeera_T3,Nadeera,True
59,Thenuri,3,Thenuri_T3,Thenuri,True
60,Buddhini,1,Buddhini_T1,Buddhini,True
60,Harshika,2,Harshika_T2,Harshika,True
60,Muthuni,1,Muthuni_T1,Muthuni,True
60,Nadeera,3,Nadeera_T3,Nadeera,True
60,Thenuri,4,Thenuri_T4,Thenuri,True
61,Buddhini,1,Buddhini_T1,Buddhini,True
61,Harshika,2,Harshika_T2,Harshika,True
61,Muthuni,1,Muthuni_T1,Muthuni,True
61,Nadeera,4,Nadeera_T4,Nadeera,True
61,Thenuri,1,Thenuri_T1,Thenuri,True
62,Buddhini,1,Buddhini_T1,Buddhini,True
62,Harshika,2,Harshika_T2,Harshika,True
62,Muthuni,1,Muthuni_T1,Muthuni,True
62,Nadeera,4,Nadeera_T4,Nadeera,True
62,Thenuri,2,Thenuri_T2,Thenuri,True
63,Buddhini,1,Buddhini_T1,Buddhini,True
63,Harshika,2,Harshika_T2,Harshika,True
63,Muthuni,1,Muthuni_T1,Muthuni,True
63,Nadeera,4,Nadeera_T4,Nadeera,True
63,Thenuri,3,Thenuri_T3,Thenuri,True
64,Buddhini,1,Buddhini_T1,Buddhini,True
64,Harshika,2,Harshika_T2,Harshika,True
64,Muthuni,1,Muthuni_T1,Muthuni,True
64,Nadeera,4,Nadeera_T4,Nadeera,True
64,Thenuri,4,Thenuri_T4,Thenuri,True
65,Buddhini,1,Buddhini_T1,Buddhini,True
65,Harshika,2,Harshika_T2,Harshika,True
65,Muthuni,2,Muthuni_T2,Muthuni,True
65,Nadeera,1,Nadeera_T1,Nadeera,True
65,Thenuri,1,Thenuri_T1,Thenuri,True
66,Buddhini,1,Buddhini_T1,Buddhini,True
66,Harshika,2,Harshika_T2,Harshika,True
66,Muthuni,2,Muthuni_T2,Muthuni,True
66,Nadeera,1,Nadeera_T1,Nadeera,True
66,Thenuri,2,Thenuri_T2,Thenuri,True
67,Buddhini,1,Buddhini_T1,Buddhini,True
67,Harshika,2,Harshika_T2,Harshika,True
67,Muthuni,2,Muthuni_T2,Muthuni,True
67,Nadeera,1,Nadeera_T1,Nadeera,True
67,Thenuri,3,Thenuri_T3,Thenuri,True
68,Buddhini,1,Buddhini_T1,Buddhini,True
68,Harshika,2,Harshika_T2,Harshika,True
68,Muthuni,2,Muthuni_T2,Muthuni,True
68,Nadeera,1,Nadeera_T1,Nadeera,True
68,Thenuri,4,Thenuri_T4,Thenuri,True
69,Buddhini,1,Buddhini_T1,Buddhini,True
69,Harshika,2,Harshika_T2,Harshika,True
69,Muthuni,2,Muthuni_T2,Muthuni,True
69,Nadeera,2,Nadeera_T2,Nadeera,True
69,Thenuri,1,Thenuri_T1,Thenuri,True
70,Buddhini,1,Buddhini_T1,Buddhini,True
70,Harshika,2,Harshika_T2,Harshika,True
70,Muthuni,2,Muthuni_T2,Muthuni,True
70,Nadeera,2,Nadeera_T2,Nadeera,True
70,Thenuri,2,Thenuri_T2,Thenuri,True
71,Buddhini,1,Buddhini_T1,Buddhini,True
71,Harshika,2,Harshika_T2,Harshika,True
71,Muthuni,2,Muthuni_T2,Muthuni,True
71,Nadeera,2,Nadeera_T2,Nadeera,True
71,Thenuri,3,Thenuri_T3,Thenuri,True
72,Buddhini,1,Buddhini_T1,Buddhini,True
72,Harshika,2,Harshika_T2,Harshika,True
72,Muthuni,2,Muthuni_T2,Muthuni,True
72,Nadeera,2,Nadeera_T2,Nadeera,True
72,Thenuri,4,Thenuri_T4,Thenuri,True
73,Buddhini,1,Buddhini_T1,Buddhini,True
73,Harshika,2,Harshika_T2,Harshika,True
73,Muthuni,2,Muthuni_T2,Muthuni,True
73,Nadeera,3,Nadeera_T3,Nadeera,True
73,Thenuri,1,Thenuri_T1,Thenuri,True
74,Buddhini,1,Buddhini_T1,Buddhini,True
74,Harshika,2,Harshika_T2,Harshika,True
74,Muthuni,2,Muthuni_T2,Muthuni,True
74,Nadeera,3,Nadeera_T3,Nadeera,True
74,Thenuri,2,Thenuri_T2,Thenuri,True
75,Buddhini,1,Buddhini_T1,Buddhini,True
75,Harshika,2,Harshika_T2,Harshika,True
75,Muthuni,2,Muthuni_T2,Muthuni,True
75,Nadeera,3,Nadeera_T3,Nadeera,True
75,Thenuri,3,Thenuri_T3,Thenuri,True
76,Buddhini,1,Buddhini_T1,Buddhini,True
76,Harshika,2,Harshika_T2,Harshika,True
76,Muthuni,2,Muthuni_T2,Muthuni,True
76,Nadeera,3,Nadeera_T3,Nadeera,True
76,Thenuri,4,Thenuri_T4,Thenuri,True
77,Buddhini,1,Buddhini_T1,Buddhini,True
77,Harshika,2,Harshika_T2,Harshika,True
77,Muthuni,2,Muthuni_T2,Muthuni,True
77,Nadeera,4,Nadeera_T4,Nadeera,True
77,Thenuri,1,Thenuri_T1,Thenuri,True
78,Buddhini,1,Buddhini_T1,Buddhini,True
78,Harshika,2,Harshika_T2,Harshika,True
78,Muthuni,2,Muthuni_T2,Muthuni,True
78,Nadeera,4,Nadeera_T4,Nadeera,True
78,Thenuri,2,Thenuri_T2,Thenuri,True
79,Buddhini,1,Buddhini_T1,Buddhini,True
79,Harshika,2,Harshika_T2,Harshika,True
79,Muthuni,2,Muthuni_T2,Muthuni,True
79,Nadeera,4,Nadeera_T4,Nadeera,True
79,Thenuri,3,Thenuri_T3,Thenuri,True
80,Buddhini,1,Buddhini_T1,Buddhini,True
80,Harshika,2,Harshika_T2,Harshika,True
80,Muthuni,2,Muthuni_T2,Muthuni,True
80,Nadeera,4,Nadeera_T4,Nadeera,True
80,Thenuri,4,Thenuri_T4,Thenuri,True
81,Buddhini,1,Buddhini_T1,Buddhini,True
81,Harshika,2,Harshika_T2,Harshika,True
81,Muthuni,3,Muthuni_T3,Muthuni,True
81,Nadeera,1,Nadeera_T1,Nadeera,True
81,Thenuri,1,Thenuri_T1,Thenuri,True
82,Buddhini,1,Buddhini_T1,Buddhini,True
82,Harshika,2,Harshika_T2,Harshika,True
82,Muthuni,3,Muthuni_T3,Muthuni,True
82,Nadeera,1,Nadeera_T1,Nadeera,True
82,Thenuri,2,Thenuri_T2,Thenuri,True
83,Buddhini,1,Buddhini_T1,Buddhini,True
83,Harshika,2,Harshika_T2,Harshika,True
83,Muthuni,3,Muthuni_T3,Muthuni,True
83,Nadeera,1,Nadeera_T1,Nadeera,True
83,Thenuri,3,Thenuri_T3,Thenuri,True
84,Buddhini,1,Buddhini_T1,Buddhini,True
84,Harshika,2,Harshika_T2,Harshika,True
84,Muthuni,3,Muthuni_T3,Muthuni,True
84,Nadeera,1,Nadeera_T1,Nadeera,True
84,Thenuri,4,Thenuri_T4,Thenuri,True
85,Buddhini,1,Buddhini_T1,Buddhini,True
85,Harshika,2,Harshika_T2,Harshika,True
85,Muthuni,3,Muthuni_T3,Muthuni,True
85,Nadeera,2,Nadeera_T2,Nadeera,True
85,Thenuri,1,Thenuri_T1,Thenuri,True
86,Buddhini,1,Buddhini_T1,Buddhini,True
86,Harshika,2,Harshika_T2,Harshika,True
86,Muthuni,3,Muthuni_T3,Muthuni,True
86,Nadeera,2,Nadeera_T2,Nadeera,True
86,Thenuri,2,Thenuri_T2,Thenuri,True
87,Buddhini,1,Buddhini_T1,Buddhini,True
87,Harshika,2,Harshika_T2,Harshika,True
87,Muthuni,3,Muthuni_T3,Muthuni,True
87,Nadeera,2,Nadeera_T2,Nadeera,True
87,Thenuri,3,Thenuri_T3,Thenuri,True
88,Buddhini,1,Buddhini_T1,Buddhini,True
88,Harshika,2,Harshika_T2,Harshika,True
88,Muthuni,3,Muthuni_T3,Muthuni,True
88,Nadeera,2,Nadeera_T2,Nadeera,True
88,Thenuri,4,Thenuri_T4,Thenuri,True
89,Buddhini,1,Buddhini_T1,Buddhini,True
89,Harshika,2,Harshika_T2,Harshika,True
89,Muthuni,3,Muthuni_T3,Muthuni,True
89,Nadeera,3,Nadeera_T3,Nadeera,True
89,Thenuri,1,Thenuri_T1,Thenuri,True
90,Buddhini,1,Buddhini_T1,Buddhini,True
90,Harshika,2,Harshika_T2,Harshika,True
90,Muthuni,3,Muthuni_T3,Muthuni,True
90,Nadeera,3,Nadeera_T3,Nadeera,True
90,Thenuri,2,Thenuri_T2,Thenuri,True
91,Buddhini,1,Buddhini_T1,Buddhini,True
91,Harshika,2,Harshika_T2,Harshika,True
91,Muthuni,3,Muthuni_T3,Muthuni,True
91,Nadeera,3,Nadeera_T3,Nadeera,True
91,Thenuri,3,Thenuri_T3,Thenuri,True
92,Buddhini,1,Buddhini_T1,Buddhini,True
92,Harshika,2,Harshika_T2,Harshika,True
92,Muthuni,3,Muthuni_T3,Muthuni,True
92,Nadeera,3,Nadeera_T3,Nadeera,True
92,Thenuri,4,Thenuri_T4,Thenuri,True
93,Buddhini,1,Buddhini_T1,Buddhini,True
93,Harshika,2,Harshika_T2,Harshika,True
93,Muthuni,3,Muthuni_T3,Muthuni,True
93,Nadeera,4,Nadeera_T4,Nadeera,True
93,Thenuri,1,Thenuri_T1,Thenuri,True
94,Buddhini,1,Buddhini_T1,Buddhini,True
94,Harshika,2,Harshika_T2,Harshika,True
94,Muthuni,3,Muthuni_T3,Muthuni,True
94,Nadeera,4,Nadeera_T4,Nadeera,True
94,Thenuri,2,Thenuri_T2,Thenuri,True
95,Buddhini,1,Buddhini_T1,Buddhini,True
95,Harshika,2,Harshika_T2,Harshika,True
95,Muthuni,3,Muthuni_T3,Muthuni,True
95,Nadeera,4,Nadeera_T4,Nadeera,True
95,Thenuri,3,Thenuri_T3,Thenuri,True
96,Buddhini,1,Buddhini_T1,Buddhini,True
96,Harshika,2,Harshika_T2,Harshika,True
96,Muthuni,3,Muthuni_T3,Muthuni,True
96,Nadeera,4,Nadeera_T4,Nadeera,True
96,Thenuri,4,Thenuri_T4,Thenuri,True
97,Buddhini,1,Buddhini_T1,Buddhini,True
97,Harshika,3,Harshika_T3,Harshika,True
97,Muthuni,1,Muthuni_T1,Muthuni,True
97,Nadeera,1,Nadeera_T1,Nadeera,True
97,Thenuri,1,Thenuri_T1,Thenuri,True
98,Buddhini,1,Buddhini_T1,Buddhini,True
98,Harshika,3,Harshika_T3,Harshika,True
98,Muthuni,1,Muthuni_T1,Muthuni,True
98,Nadeera,1,Nadeera_T1,Nadeera,True
98,Thenuri,2,Thenuri_T2,Thenuri,True
99,Buddhini,1,Buddhini_T1,Buddhini,True
99,Harshika,3,Harshika_T3,Harshika,True
99,Muthuni,1,Muthuni_T1,Muthuni,True
99,Nadeera,1,Nadeera_T1,Nadeera,True
99,Thenuri,3,Thenuri_T3,Thenuri,True
100,Buddhini,1,Buddhini_T1,Buddhini,True
100,Harshika,3,Harshika_T3,Harshika,True
100,Muthuni,1,Muthuni_T1,Muthuni,True
100,Nadeera,1,Nadeera_T1,Nadeera,True
100,Thenuri,4,Thenuri_T4,Thenuri,True
101,Buddhini,1,Buddhini_T1,Buddhini,True
101,Harshika,3,Harshika_T3,Harshika,True
101,Muthuni,1,Muthuni_T1,Muthuni,True
101,Nadeera,2,Nadeera_T2,Nadeera,True
101,Thenuri,1,Thenuri_T1,Thenuri,True
102,Buddhini,1,Buddhini_T1,Buddhini,True
102,Harshika,3,Harshika_T3,Harshika,True
102,Muthuni,1,Muthuni_T1,Muthuni,True
102,Nadeera,2,Nadeera_T2,Nadeera,True
102,Thenuri,2,Thenuri_T2,Thenuri,True
103,Buddhini,1,Buddhini_T1,Buddhini,True
103,Harshika,3,Harshika_T3,Harshika,True
103,Muthuni,1,Muthuni_T1,Muthuni,True
103,Nadeera,2,Nadeera_T2,Nadeera,True
103,Thenuri,3,Thenuri_T3,Thenuri,True
104,Buddhini,1,Buddhini_T1,Buddhini,True
104,Harshika,3,Harshika_T3,Harshika,True
104,Muthuni,1,Muthuni_T1,Muthuni,True
104,Nadeera,2,Nadeera_T2,Nadeera,True
104,Thenuri,4,Thenuri_T4,Thenuri,True
105,Buddhini,1,Buddhini_T1,Buddhini,True
105,Harshika,3,Harshika_T3,Harshika,True
105,Muthuni,1,Muthuni_T1,Muthuni,True
105,Nadeera,3,Nadeera_T3,Nadeera,True
105,Thenuri,1,Thenuri_T1,Thenuri,True
106,Buddhini,1,Buddhini_T1,Buddhini,True
106,Harshika,3,Harshika_T3,Harshika,True
106,Muthuni,1,Muthuni_T1,Muthuni,True
106,Nadeera,3,Nadeera_T3,Nadeera,True
106,Thenuri,2,Thenuri_T2,Thenuri,True
107,Buddhini,1,Buddhini_T1,Buddhini,True
107,Harshika,3,Harshika_T3,Harshika,True
107,Muthuni,1,Muthuni_T1,Muthuni,True
107,Nadeera,3,Nadeera_T3,Nadeera,True
107,Thenuri,3,Thenuri_T3,Thenuri,True
108,Buddhini,1,Buddhini_T1,Buddhini,True
108,Harshika,3,Harshika_T3,Harshika,True
108,Muthuni,1,Muthuni_T1,Muthuni,True
108,Nadeera,3,Nadeera_T3,Nadeera,True
108,Thenuri,4,Thenuri_T4,Thenuri,True
109,Buddhini,1,Buddhini_T1,Buddhini,True
109,Harshika,3,Harshika_T3,Harshika,True
109,Muthuni,1,Muthuni_T1,Muthuni,True
109,Nadeera,4,Nadeera_T4,Nadeera,True
109,Thenuri,1,Thenuri_T1,Thenuri,True
110,Buddhini,1,Buddhini_T1,Buddhini,True
110,Harshika,3,Harshika_T3,Harshika,True
110,Muthuni,1,Muthuni_T1,Muthuni,True
110,Nadeera,4,Nadeera_T4,Nadeera,True
110,Thenuri,2,Thenuri_T2,Thenuri,True
111,Buddhini,1,Buddhini_T1,Buddhini,True
111,Harshika,3,Harshika_T3,Harshika,True
111,Muthuni,1,Muthuni_T1,Muthuni,True
111,Nadeera,4,Nadeera_T4,Nadeera,True
111,Thenuri,3,Thenuri_T3,Thenuri,True
112,Buddhini,1,Buddhini_T1,Buddhini,True
112,Harshika,3,Harshika_T3,Harshika,True
112,Muthuni,1,Muthuni_T1,Muthuni,True
112,Nadeera,4,Nadeera_T4,Nadeera,True
112,Thenuri,4,Thenuri_T4,Thenuri,True
113,Buddhini,1,Buddhini_T1,Buddhini,True
113,Harshika,3,Harshika_T3,Harshika,True
113,Muthuni,2,Muthuni_T2,Muthuni,True
113,Nadeera,1,Nadeera_T1,Nadeera,True
113,Thenuri,1,Thenuri_T1,Thenuri,True
114,Buddhini,1,Buddhini_T1,Buddhini,True
114,Harshika,3,Harshika_T3,Harshika,True
114,Muthuni,2,Muthuni_T2,Muthuni,True
114,Nadeera,1,Nadeera_T1,Nadeera,True
114,Thenuri,2,Thenuri_T2,Thenuri,True
115,Buddhini,1,Buddhini_T1,Buddhini,True
115,Harshika,3,Harshika_T3,Harshika,True
115,Muthuni,2,Muthuni_T2,Muthuni,True
115,Nadeera,1,Nadeera_T1,Nadeera,True
115,Thenuri,3,Thenuri_T3,Thenuri,True
116,Buddhini,1,Buddhini_T1,Buddhini,True
116,Harshika,3,Harshika_T3,Harshika,True
116,Muthuni,2,Muthuni_T2,Muthuni,True
116,Nadeera,1,Nadeera_T1,Nadeera,True
116,Thenuri,4,Thenuri_T4,Thenuri,True
117,Buddhini,1,Buddhini_T1,Buddhini,True
117,Harshika,3,Harshika_T3,Harshika,True
117,Muthuni,2,Muthuni_T2,Muthuni,True
117,Nadeera,2,Nadeera_T2,Nadeera,True
117,Thenuri,1,Thenuri_T1,Thenuri,True
118,Buddhini,1,Buddhini_T1,Buddhini,True
118,Harshika,3,Harshika_T3,Harshika,True
118,Muthuni,2,Muthuni_T2,Muthuni,True
118,Nadeera,2,Nadeera_T2,Nadeera,True
118,Thenuri,2,Thenuri_T2,Thenuri,True
119,Buddhini,1,Buddhini_T1,Buddhini,True
119,Harshika,3,Harshika_T3,Harshika,True
119,Muthuni,2,Muthuni_T2,Muthuni,True
119,Nadeera,2,Nadeera_T2,Nadeera,True
119,Thenuri,3,Thenuri_T3,Thenuri,True
120,Buddhini,1,Buddhini_T1,Buddhini,True
120,Harshika,3,Harshika_T3,Harshika,True
120,Muthuni,2,Muthuni_T2,Muthuni,True
120,Nadeera,2,Nadeera_T2,Nadeera,True
120,Thenuri,4,Thenuri_T4,Thenuri,True
121,Buddhini,1,Buddhini_T1,Buddhini,True
121,Harshika,3,Harshika_T3,Harshika,True
121,Muthuni,2,Muthuni_T2,Muthuni,True
121,Nadeera,3,Nadeera_T3,Nadeera,True
121,Thenuri,1,Thenuri_T1,Thenuri,True
122,Buddhini,1,Buddhini_T1,Buddhini,True
122,Harshika,3,Harshika_T3,Harshika,True
122,Muthuni,2,Muthuni_T2,Muthuni,True
122,Nadeera,3,Nadeera_T3,Nadeera,True
122,Thenuri,2,Thenuri_T2,Thenuri,True
123,Buddhini,1,Buddhini_T1,Buddhini,True
123,Harshika,3,Harshika_T3,Harshika,True
123,Muthuni,2,Muthuni_T2,Muthuni,True
123,Nadeera,3,Nadeera_T3,Nadeera,True
123,Thenuri,3,Thenuri_T3,Thenuri,True
124,Buddhini,1,Buddhini_T1,Buddhini,True
124,Harshika,3,Harshika_T3,Harshika,True
124,Muthuni,2,Muthuni_T2,Muthuni,True
124,Nadeera,3,Nadeera_T3,Nadeera,True
124,Thenuri,4,Thenuri_T4,Thenuri,True
125,Buddhini,1,Buddhini_T1,Buddhini,True
125,Harshika,3,Harshika_T3,Harshika,True
125,Muthuni,2,Muthuni_T2,Muthuni,True
125,Nadeera,4,Nadeera_T4,Nadeera,True
125,Thenuri,1,Thenuri_T1,Thenuri,True
126,Buddhini,1,Buddhini_T1,Buddhini,True
126,Harshika,3,Harshika_T3,Harshika,True
126,Muthuni,2,Muthuni_T2,Muthuni,True
126,Nadeera,4,Nadeera_T4,Nadeera,True
126,Thenuri,2,Thenuri_T2,Thenuri,True
127,Buddhini,1,Buddhini_T1,Buddhini,True
127,Harshika,3,Harshika_T3,Harshika,True
127,Muthuni,2,Muthuni_T2,Muthuni,True
127,Nadeera,4,Nadeera_T4,Nadeera,True
127,Thenuri,3,Thenuri_T3,Thenuri,True
128,Buddhini,1,Buddhini_T1,Buddhini,True
128,Harshika,3,Harshika_T3,Harshika,True
128,Muthuni,2,Muthuni_T2,Muthuni,True
128,Nadeera,4,Nadeera_T4,Nadeera,True
128,Thenuri,4,Thenuri_T4,Thenuri,True
129,Buddhini,1,Buddhini_T1,Buddhini,True
129,Harshika,3,Harshika_T3,Harshika,True
129,Muthuni,3,Muthuni_T3,Muthuni,True
129,Nadeera,1,Nadeera_T1,Nadeera,True
129,Thenuri,1,Thenuri_T1,Thenuri,True
130,Buddhini,1,Buddhini_T1,Buddhini,True
130,Harshika,3,Harshika_T3,Harshika,True
130,Muthuni,3,Muthuni_T3,Muthuni,True
130,Nadeera,1,Nadeera_T1,Nadeera,True
130,Thenuri,2,Thenuri_T2,Thenuri,True
131,Buddhini,1,Buddhini_T1,Buddhini,True
131,Harshika,3,Harshika_T3,Harshika,True
131,Muthuni,3,Muthuni_T3,Muthuni,True
131,Nadeera,1,Nadeera_T1,Nadeera,True
131,Thenuri,3,Thenuri_T3,Thenuri,True
132,Buddhini,1,Buddhini_T1,Buddhini,True
132,Harshika,3,Harshika_T3,Harshika,True
132,Muthuni,3,Muthuni_T3,Muthuni,True
132,Nadeera,1,Nadeera_T1,Nadeera,True
132,Thenuri,4,Thenuri_T4,Thenuri,True
133,Buddhini,1,Buddhini_T1,Buddhini,True
133,Harshika,3,Harshika_T3,Harshika,True
133,Muthuni,3,Muthuni_T3,Muthuni,True
133,Nadeera,2,Nadeera_T2,Nadeera,True
133,Thenuri,1,Thenuri_T1,Thenuri,True
134,Buddhini,1,Buddhini_T1,Buddhini,True
134,Harshika,3,Harshika_T3,Harshika,True
134,Muthuni,3,Muthuni_T3,Muthuni,True
134,Nadeera,2,Nadeera_T2,Nadeera,True
134,Thenuri,2,Thenuri_T2,Thenuri,True
135,Buddhini,1,Buddhini_T1,Buddhini,True
135,Harshika,3,Harshika_T3,Harshika,True
135,Muthuni,3,Muthuni_T3,Muthuni,True
135,Nadeera,2,Nadeera_T2,Nadeera,True
135,Thenuri,3,Thenuri_T3,Thenuri,True
136,Buddhini,1,Buddhini_T1,Buddhini,True
136,Harshika,3,Harshika_T3,Harshika,True
136,Muthuni,3,Muthuni_T3,Muthuni,True
136,Nadeera,2,Nadeera_T2,Nadeera,True
136,Thenuri,4,Thenuri_T4,Thenuri,True
137,Buddhini,1,Buddhini_T1,Buddhini,True
137,Harshika,3,Harshika_T3,Harshika,True
137,Muthuni,3,Muthuni_T3,Muthuni,True
137,Nadeera,3,Nadeera_T3,Nadeera,True
137,Thenuri,1,Thenuri_T1,Thenuri,True
138,Buddhini,1,Buddhini_T1,Buddhini,True
138,Harshika,3,Harshika_T3,Harshika,True
138,Muthuni,3,Muthuni_T3,Muthuni,True
138,Nadeera,3,Nadeera_T3,Nadeera,True
138,Thenuri,2,Thenuri_T2,Thenuri,True
139,Buddhini,1,Buddhini_T1,Buddhini,True
139,Harshika,3,Harshika_T3,Harshika,True
139,Muthuni,3,Muthuni_T3,Muthuni,True
139,Nadeera,3,Nadeera_T3,Nadeera,True
139,Thenuri,3,Thenuri_T3,Thenuri,True
140,Buddhini,1,Buddhini_T1,Buddhini,True
140,Harshika,3,Harshika_T3,Harshika,True
140,Muthuni,3,Muthuni_T3,Muthuni,True
140,Nadeera,3,Nadeera_T3,Nadeera,True
140,Thenuri,4,Thenuri_T4,Thenuri,True
141,Buddhini,1,Buddhini_T1,Buddhini,True
141,Harshika,3,Harshika_T3,Harshika,True
141,Muthuni,3,Muthuni_T3,Muthuni,True
141,Nadeera,4,Nadeera_T4,Nadeera,True
141,Thenuri,1,Thenuri_T1,Thenuri,True
142,Buddhini,1,Buddhini_T1,Buddhini,True
142,Harshika,3,Harshika_T3,Harshika,True
142,Muthuni,3,Muthuni_T3,Muthuni,True
142,Nadeera,4,Nadeera_T4,Nadeera,True
142,Thenuri,2,Thenuri_T2,Thenuri,True
143,Buddhini,1,Buddhini_T1,Buddhini,True
143,Harshika,3,Harshika_T3,Harshika,True
143,Muthuni,3,Muthuni_T3,Muthuni,True
143,Nadeera,4,Nadeera_T4,Nadeera,True
143,Thenuri,3,Thenuri_T3,Thenuri,True
144,Buddhini,1,Buddhini_T1,Buddhini,True
144,Harshika,3,Harshika_T3,Harshika,True
144,Muthuni,3,Muthuni_T3,Muthuni,True
144,Nadeera,4,Nadeera_T4,Nadeera,True
144,Thenuri,4,Thenuri_T4,Thenuri,True
145,Buddhini,1,Buddhini_T1,Buddhini,True
145,Harshika,4,Harshika_T4,Harshika,True
145,Muthuni,1,Muthuni_T1,Muthuni,True
145,Nadeera,1,Nadeera_T1,Nadeera,True
145,Thenuri,1,Thenuri_T1,Thenuri,True
146,Buddhini,1,Buddhini_T1,Buddhini,True
146,Harshika,4,Harshika_T4,Harshika,True
146,Muthuni,1,Muthuni_T1,Muthuni,True
146,Nadeera,1,Nadeera_T1,Nadeera,True
146,Thenuri,2,Thenuri_T2,Thenuri,True
147,Buddhini,1,Buddhini_T1,Buddhini,True
147,Harshika,4,Harshika_T4,Harshika,True
147,Muthuni,1,Muthuni_T1,Muthuni,True
147,Nadeera,1,Nadeera_T1,Nadeera,True
147,Thenuri,3,Thenuri_T3,Thenuri,True
148,Buddhini,1,Buddhini_T1,Buddhini,True
148,Harshika,4,Harshika_T4,Harshika,True
148,Muthuni,1,Muthuni_T1,Muthuni,True
148,Nadeera,1,Nadeera_T1,Nadeera,True
148,Thenuri,4,Thenuri_T4,Thenuri,True
149,Buddhini,1,Buddhini_T1,Buddhini,True
149,Harshika,4,Harshika_T4,Harshika,True
149,Muthuni,1,Muthuni_T1,Muthuni,True
149,Nadeera,2,Nadeera_T2,Nadeera,True
149,Thenuri,1,Thenuri_T1,Thenuri,True
150,Buddhini,1,Buddhini_T1,Buddhini,True
150,Harshika,4,Harshika_T4,Harshika,True
150,Muthuni,1,Muthuni_T1,Muthuni,True
150,Nadeera,2,Nadeera_T2,Nadeera,True
150,Thenuri,2,Thenuri_T2,Thenuri,True
151,Buddhini,1,Buddhini_T1,Buddhini,True
151,Harshika,4,Harshika_T4,Harshika,True
151,Muthuni,1,Muthuni_T1,Muthuni,True
151,Nadeera,2,Nadeera_T2,Nadeera,True
151,Thenuri,3,Thenuri_T3,Thenuri,True
152,Buddhini,1,Buddhini_T1,Buddhini,True
152,Harshika,4,Harshika_T4,Harshika,True
152,Muthuni,1,Muthuni_T1,Muthuni,True
152,Nadeera,2,Nadeera_T2,Nadeera,True
152,Thenuri,4,Thenuri_T4,Thenuri,True
153,Buddhini,1,Buddhini_T1,Buddhini,True
153,Harshika,4,Harshika_T4,Harshika,True
153,Muthuni,1,Muthuni_T1,Muthuni,True
153,Nadeera,3,Nadeera_T3,Nadeera,True
153,Thenuri,1,Thenuri_T1,Thenuri,True
154,Buddhini,1,Buddhini_T1,Buddhini,True
154,Harshika,4,Harshika_T4,Harshika,True
154,Muthuni,1,Muthuni_T1,Muthuni,True
154,Nadeera,3,Nadeera_T3,Nadeera,True
154,Thenuri,2,Thenuri_T2,Thenuri,True
155,Buddhini,1,Buddhini_T1,Buddhini,True
155,Harshika,4,Harshika_T4,Harshika,True
155,Muthuni,1,Muthuni_T1,Muthuni,True
155,Nadeera,3,Nadeera_T3,Nadeera,True
155,Thenuri,3,Thenuri_T3,Thenuri,True
156,Buddhini,1,Buddhini_T1,Buddhini,True
156,Harshika,4,Harshika_T4,Harshika,True
156,Muthuni,1,Muthuni_T1,Muthuni,True
156,Nadeera,3,Nadeera_T3,Nadeera,True
156,Thenuri,4,Thenuri_T4,Thenuri,True
157,Buddhini,1,Buddhini_T1,Buddhini,True
157,Harshika,4,Harshika_T4,Harshika,True
157,Muthuni,1,Muthuni_T1,Muthuni,True
157,Nadeera,4,Nadeera_T4,Nadeera,True
157,Thenuri,1,Thenuri_T1,Thenuri,True
158,Buddhini,1,Buddhini_T1,Buddhini,True
158,Harshika,4,Harshika_T4,Harshika,True
158,Muthuni,1,Muthuni_T1,Muthuni,True
158,Nadeera,4,Nadeera_T4,Nadeera,True
158,Thenuri,2,Thenuri_T2,Thenuri,True
159,Buddhini,1,Buddhini_T1,Buddhini,True
159,Harshika,4,Harshika_T4,Harshika,True
159,Muthuni,1,Muthuni_T1,Muthuni,True
159,Nadeera,4,Nadeera_T4,Nadeera,True
159,Thenuri,3,Thenuri_T3,Thenuri,True
160,Buddhini,1,Buddhini_T1,Buddhini,True
160,Harshika,4,Harshika_T4,Harshika,True
160,Muthuni,1,Muthuni_T1,Muthuni,True
160,Nadeera,4,Nadeera_T4,Nadeera,True
160,Thenuri,4,Thenuri_T4,Thenuri,True
161,Buddhini,1,Buddhini_T1,Buddhini,True
161,Harshika,4,Harshika_T4,Harshika,True
161,Muthuni,2,Muthuni_T2,Muthuni,True
161,Nadeera,1,Nadeera_T1,Nadeera,True
161,Thenuri,1,Thenuri_T1,Thenuri,True
162,Buddhini,1,Buddhini_T1,Buddhini,True
162,Harshika,4,Harshika_T4,Harshika,True
162,Muthuni,2,Muthuni_T2,Muthuni,True
162,Nadeera,1,Nadeera_T1,Nadeera,True
162,Thenuri,2,Thenuri_T2,Thenuri,True
163,Buddhini,1,Buddhini_T1,Buddhini,True
163,Harshika,4,Harshika_T4,Harshika,True
163,Muthuni,2,Muthuni_T2,Muthuni,True
163,Nadeera,1,Nadeera_T1,Nadeera,True
163,Thenuri,3,Thenuri_T3,Thenuri,True
164,Buddhini,1,Buddhini_T1,Buddhini,True
164,Harshika,4,Harshika_T4,Harshika,True
164,Muthuni,2,Muthuni_T2,Muthuni,True
164,Nadeera,1,Nadeera_T1,Nadeera,True
164,Thenuri,4,Thenuri_T4,Thenuri,True
165,Buddhini,1,Buddhini_T1,Buddhini,True
165,Harshika,4,Harshika_T4,Harshika,True
165,Muthuni,2,Muthuni_T2,Muthuni,True
165,Nadeera,2,Nadeera_T2,Nadeera,True
165,Thenuri,1,Thenuri_T1,Thenuri,True
166,Buddhini,1,Buddhini_T1,Buddhini,True
166,Harshika,4,Harshika_T4,Harshika,True
166,Muthuni,2,Muthuni_T2,Muthuni,True
166,Nadeera,2,Nadeera_T2,Nadeera,True
166,Thenuri,2,Thenuri_T2,Thenuri,True
167,Buddhini,1,Buddhini_T1,Buddhini,True
167,Harshika,4,Harshika_T4,Harshika,True
167,Muthuni,2,Muthuni_T2,Muthuni,True
167,Nadeera,2,Nadeera_T2,Nadeera,True
167,Thenuri,3,Thenuri_T3,Thenuri,True
168,Buddhini,1,Buddhini_T1,Buddhini,True
168,Harshika,4,Harshika_T4,Harshika,True
168,Muthuni,2,Muthuni_T2,Muthuni,True
168,Nadeera,2,Nadeera_T2,Nadeera,True
168,Thenuri,4,Thenuri_T4,Thenuri,True
169,Buddhini,1,Buddhini_T1,Buddhini,True
169,Harshika,4,Harshika_T4,Harshika,True
169,Muthuni,2,Muthuni_T2,Muthuni,True
169,Nadeera,3,Nadeera_T3,Nadeera,True
169,Thenuri,1,Thenuri_T1,Thenuri,True
170,Buddhini,1,Buddhini_T1,Buddhini,True
170,Harshika,4,Harshika_T4,Harshika,True
170,Muthuni,2,Muthuni_T2,Muthuni,True
170,Nadeera,3,Nadeera_T3,Nadeera,True
170,Thenuri,2,Thenuri_T2,Thenuri,True
171,Buddhini,1,Buddhini_T1,Buddhini,True
171,Harshika,4,Harshika_T4,Harshika,True
171,Muthuni,2,Muthuni_T2,Muthuni,True
171,Nadeera,3,Nadeera_T3,Nadeera,True
171,Thenuri,3,Thenuri_T3,Thenuri,True
172,Buddhini,1,Buddhini_T1,Buddhini,True
172,Harshika,4,Harshika_T4,Harshika,True
172,Muthuni,2,Muthuni_T2,Muthuni,True
172,Nadeera,3,Nadeera_T3,Nadeera,True
172,Thenuri,4,Thenuri_T4,Thenuri,True
173,Buddhini,1,Buddhini_T1,Buddhini,True
173,Harshika,4,Harshika_T4,Harshika,True
173,Muthuni,2,Muthuni_T2,Muthuni,True
173,Nadeera,4,Nadeera_T4,Nadeera,True
173,Thenuri,1,Thenuri_T1,Thenuri,True
174,Buddhini,1,Buddhini_T1,Buddhini,True
174,Harshika,4,Harshika_T4,Harshika,True
174,Muthuni,2,Muthuni_T2,Muthuni,True
174,Nadeera,4,Nadeera_T4,Nadeera,True
174,Thenuri,2,Thenuri_T2,Thenuri,True
175,Buddhini,1,Buddhini_T1,Buddhini,True
175,Harshika,4,Harshika_T4,Harshika,True
175,Muthuni,2,Muthuni_T2,Muthuni,True
175,Nadeera,4,Nadeera_T4,Nadeera,True
175,Thenuri,3,Thenuri_T3,Thenuri,True
176,Buddhini,1,Buddhini_T1,Buddhini,True
176,Harshika,4,Harshika_T4,Harshika,True
176,Muthuni,2,Muthuni_T2,Muthuni,True
176,Nadeera,4,Nadeera_T4,Nadeera,True
176,Thenuri,4,Thenuri_T4,Thenuri,True
177,Buddhini,1,Buddhini_T1,Buddhini,True
177,Harshika,4,Harshika_T4,Harshika,True
177,Muthuni,3,Muthuni_T3,Muthuni,True
177,Nadeera,1,Nadeera_T1,Nadeera,True
177,Thenuri,1,Thenuri_T1,Thenuri,True
178,Buddhini,1,Buddhini_T1,Buddhini,True
178,Harshika,4,Harshika_T4,Harshika,True
178,Muthuni,3,Muthuni_T3,Muthuni,True
178,Nadeera,1,Nadeera_T1,Nadeera,True
178,Thenuri,2,Thenuri_T2,Thenuri,True
179,Buddhini,1,Buddhini_T1,Buddhini,True
179,Harshika,4,Harshika_T4,Harshika,True
179,Muthuni,3,Muthuni_T3,Muthuni,True
179,Nadeera,1,Nadeera_T1,Nadeera,True
179,Thenuri,3,Thenuri_T3,Thenuri,True
180,Buddhini,1,Buddhini_T1,Buddhini,True
180,Harshika,4,Harshika_T4,Harshika,True
180,Muthuni,3,Muthuni_T3,Muthuni,True
180,Nadeera,1,Nadeera_T1,Nadeera,True
180,Thenuri,4,Thenuri_T4,Thenuri,True
181,Buddhini,1,Buddhini_T1,Buddhini,True
181,Harshika,4,Harshika_T4,Harshika,True
181,Muthuni,3,Muthuni_T3,Muthuni,True
181,Nadeera,2,Nadeera_T2,Nadeera,True
181,Thenuri,1,Thenuri_T1,Thenuri,True
182,Buddhini,1,Buddhini_T1,Buddhini,True
182,Harshika,4,Harshika_T4,Harshika,True
182,Muthuni,3,Muthuni_T3,Muthuni,True
182,Nadeera,2,Nadeera_T2,Nadeera,True
182,Thenuri,2,Thenuri_T2,Thenuri,True
183,Buddhini,1,Buddhini_T1,Buddhini,True
183,Harshika,4,Harshika_T4,Harshika,True
183,Muthuni,3,Muthuni_T3,Muthuni,True
183,Nadeera,2,Nadeera_T2,Nadeera,True
183,Thenuri,3,Thenuri_T3,Thenuri,True
184,Buddhini,1,Buddhini_T1,Buddhini,True
184,Harshika,4,Harshika_T4,Harshika,True
184,Muthuni,3,Muthuni_T3,Muthuni,True
184,Nadeera,2,Nadeera_T2,Nadeera,True
184,Thenuri,4,Thenuri_T4,Thenuri,True
185,Buddhini,1,Buddhini_T1,Buddhini,True
185,Harshika,4,Harshika_T4,Harshika,True
185,Muthuni,3,Muthuni_T3,Muthuni,True
185,Nadeera,3,Nadeera_T3,Nadeera,True
185,Thenuri,1,Thenuri_T1,Thenuri,True
186,Buddhini,1,Buddhini_T1,Buddhini,True
186,Harshika,4,Harshika_T4,Harshika,True
186,Muthuni,3,Muthuni_T3,Muthuni,True
186,Nadeera,3,Nadeera_T3,Nadeera,True
186,Thenuri,2,Thenuri_T2,Thenuri,True
187,Buddhini,1,Buddhini_T1,Buddhini,True
187,Harshika,4,Harshika_T4,Harshika,True
187,Muthuni,3,Muthuni_T3,Muthuni,True
187,Nadeera,3,Nadeera_T3,Nadeera,True
187,Thenuri,3,Thenuri_T3,Thenuri,True
188,Buddhini,1,Buddhini_T1,Buddhini,True
188,Harshika,4,Harshika_T4,Harshika,True
188,Muthuni,3,Muthuni_T3,Muthuni,True
188,Nadeera,3,Nadeera_T3,Nadeera,True
188,Thenuri,4,Thenuri_T4,Thenuri,True
189,Buddhini,1,Buddhini_T1,Buddhini,True
189,Harshika,4,Harshika_T4,Harshika,True
189,Muthuni,3,Muthuni_T3,Muthuni,True
189,Nadeera,4,Nadeera_T4,Nadeera,True
189,Thenuri,1,Thenuri_T1,Thenuri,True
190,Buddhini,1,Buddhini_T1,Buddhini,True
190,Harshika,4,Harshika_T4,Harshika,True
190,Muthuni,3,Muthuni_T3,Muthuni,True
190,Nadeera,4,Nadeera_T4,Nadeera,True
190,Thenuri,2,Thenuri_T2,Thenuri,True
191,Buddhini,1,Buddhini_T1,Buddhini,True
191,Harshika,4,Harshika_T4,Harshika,True
191,Muthuni,3,Muthuni_T3,Muthuni,True
191,Nadeera,4,Nadeera_T4,Nadeera,True
191,Thenuri,3,Thenuri_T3,Thenuri,True
192,Buddhini,1,Buddhini_T1,Buddhini,True
192,Harshika,4,Harshika_T4,Harshika,True
192,Muthuni,3,Muthuni_T3,Muthuni,True
192,Nadeera,4,Nadeera_T4,Nadeera,True
192,Thenuri,4,Thenuri_T4,Thenuri,True
193,Buddhini,1,Buddhini_T1,Buddhini,True
193,Harshika,5,Harshika_T5,Harshika,True
193,Muthuni,1,Muthuni_T1,Muthuni,True
193,Nadeera,1,Nadeera_T1,Nadeera,True
193,Thenuri,1,Thenuri_T1,Thenuri,True
194,Buddhini,1,Buddhini_T1,Buddhini,True
194,Harshika,5,Harshika_T5,Harshika,True
194,Muthuni,1,Muthuni_T1,Muthuni,True
194,Nadeera,1,Nadeera_T1,Nadeera,True
194,Thenuri,2,Thenuri_T2,Thenuri,True
195,Buddhini,1,Buddhini_T1,Buddhini,True
195,Harshika,5,Harshika_T5,Harshika,True
195,Muthuni,1,Muthuni_T1,Muthuni,True
195,Nadeera,1,Nadeera_T1,Nadeera,True
195,Thenuri,3,Thenuri_T3,Thenuri,True
196,Buddhini,1,Buddhini_T1,Buddhini,True
196,Harshika,5,Harshika_T5,Harshika,True
196,Muthuni,1,Muthuni_T1,Muthuni,True
196,Nadeera,1,Nadeera_T1,Nadeera,True
196,Thenuri,4,Thenuri_T4,Thenuri,True
197,Buddhini,1,Buddhini_T1,Buddhini,True
197,Harshika,5,Harshika_T5,Harshika,True
197,Muthuni,1,Muthuni_T1,Muthuni,True
197,Nadeera,2,Nadeera_T2,Nadeera,True
197,Thenuri,1,Thenuri_T1,Thenuri,True
198,Buddhini,1,Buddhini_T1,Buddhini,True
198,Harshika,5,Harshika_T5,Harshika,True
198,Muthuni,1,Muthuni_T1,Muthuni,True
198,Nadeera,2,Nadeera_T2,Nadeera,True
198,Thenuri,2,Thenuri_T2,Thenuri,True
199,Buddhini,1,Buddhini_T1,Buddhini,True
199,Harshika,5,Harshika_T5,Harshika,True
199,Muthuni,1,Muthuni_T1,Muthuni,True
199,Nadeera,2,Nadeera_T2,Nadeera,True
199,Thenuri,3,Thenuri_T3,Thenuri,True
200,Buddhini,1,Buddhini_T1,Buddhini,True
200,Harshika,5,Harshika_T5,Harshika,True
200,Muthuni,1,Muthuni_T1,Muthuni,True
200,Nadeera,2,Nadeera_T2,Nadeera,True
200,Thenuri,4,Thenuri_T4,Thenuri,True
201,Buddhini,1,Buddhini_T1,Buddhini,True
201,Harshika,5,Harshika_T5,Harshika,True
201,Muthuni,1,Muthuni_T1,Muthuni,True
201,Nadeera,3,Nadeera_T3,Nadeera,True
201,Thenuri,1,Thenuri_T1,Thenuri,True
202,Buddhini,1,Buddhini_T1,Buddhini,True
202,Harshika,5,Harshika_T5,Harshika,True
202,Muthuni,1,Muthuni_T1,Muthuni,True
202,Nadeera,3,Nadeera_T3,Nadeera,True
202,Thenuri,2,Thenuri_T2,Thenuri,True
203,Buddhini,1,Buddhini_T1,Buddhini,True
203,Harshika,5,Harshika_T5,Harshika,True
203,Muthuni,1,Muthuni_T1,Muthuni,True
203,Nadeera,3,Nadeera_T3,Nadeera,True
203,Thenuri,3,Thenuri_T3,Thenuri,True
204,Buddhini,1,Buddhini_T1,Buddhini,True
204,Harshika,5,Harshika_T5,Harshika,True
204,Muthuni,1,Muthuni_T1,Muthuni,True
204,Nadeera,3,Nadeera_T3,Nadeera,True
204,Thenuri,4,Thenuri_T4,Thenuri,True
205,Buddhini,1,Buddhini_T1,Buddhini,True
205,Harshika,5,Harshika_T5,Harshika,True
205,Muthuni,1,Muthuni_T1,Muthuni,True
205,Nadeera,4,Nadeera_T4,Nadeera,True
205,Thenuri,1,Thenuri_T1,Thenuri,True
206,Buddhini,1,Buddhini_T1,Buddhini,True
206,Harshika,5,Harshika_T5,Harshika,True
206,Muthuni,1,Muthuni_T1,Muthuni,True
206,Nadeera,4,Nadeera_T4,Nadeera,True
206,Thenuri,2,Thenuri_T2,Thenuri,True
207,Buddhini,1,Buddhini_T1,Buddhini,True
207,Harshika,5,Harshika_T5,Harshika,True
207,Muthuni,1,Muthuni_T1,Muthuni,True
207,Nadeera,4,Nadeera_T4,Nadeera,True
207,Thenuri,3,Thenuri_T3,Thenuri,True
208,Buddhini,1,Buddhini_T1,Buddhini,True
208,Harshika,5,Harshika_T5,Harshika,True
208,Muthuni,1,Muthuni_T1,Muthuni,True
208,Nadeera,4,Nadeera_T4,Nadeera,True
208,Thenuri,4,Thenuri_T4,Thenuri,True
209,Buddhini,1,Buddhini_T1,Buddhini,True
209,Harshika,5,Harshika_T5,Harshika,True
209,Muthuni,2,Muthuni_T2,Muthuni,True
209,Nadeera,1,Nadeera_T1,Nadeera,True
209,Thenuri,1,Thenuri_T1,Thenuri,True
210,Buddhini,1,Buddhini_T1,Buddhini,True
210,Harshika,5,Harshika_T5,Harshika,True
210,Muthuni,2,Muthuni_T2,Muthuni,True
210,Nadeera,1,Nadeera_T1,Nadeera,True
210,Thenuri,2,Thenuri_T2,Thenuri,True
211,Buddhini,1,Buddhini_T1,Buddhini,True
211,Harshika,5,Harshika_T5,Harshika,True
211,Muthuni,2,Muthuni_T2,Muthuni,True
211,Nadeera,1,Nadeera_T1,Nadeera,True
211,Thenuri,3,Thenuri_T3,Thenuri,True
212,Buddhini,1,Buddhini_T1,Buddhini,True
212,Harshika,5,Harshika_T5,Harshika,True
212,Muthuni,2,Muthuni_T2,Muthuni,True
212,Nadeera,1,Nadeera_T1,Nadeera,True
212,Thenuri,4,Thenuri_T4,Thenuri,True
213,Buddhini,1,Buddhini_T1,Buddhini,True
213,Harshika,5,Harshika_T5,Harshika,True
213,Muthuni,2,Muthuni_T2,Muthuni,True
213,Nadeera,2,Nadeera_T2,Nadeera,True
213,Thenuri,1,Thenuri_T1,Thenuri,True
214,Buddhini,1,Buddhini_T1,Buddhini,True
214,Harshika,5,Harshika_T5,Harshika,True
214,Muthuni,2,Muthuni_T2,Muthuni,True
214,Nadeera,2,Nadeera_T2,Nadeera,True
214,Thenuri,2,Thenuri_T2,Thenuri,True
215,Buddhini,1,Buddhini_T1,Buddhini,True
215,Harshika,5,Harshika_T5,Harshika,True
215,Muthuni,2,Muthuni_T2,Muthuni,True
215,Nadeera,2,Nadeera_T2,Nadeera,True
215,Thenuri,3,Thenuri_T3,Thenuri,True
216,Buddhini,1,Buddhini_T1,Buddhini,True
216,Harshika,5,Harshika_T5,Harshika,True
216,Muthuni,2,Muthuni_T2,Muthuni,True
216,Nadeera,2,Nadeera_T2,Nadeera,True
216,Thenuri,4,Thenuri_T4,Thenuri,True
217,Buddhini,1,Buddhini_T1,Buddhini,True
217,Harshika,5,Harshika_T5,Harshika,True
217,Muthuni,2,Muthuni_T2,Muthuni,True
217,Nadeera,3,Nadeera_T3,Nadeera,True
217,Thenuri,1,Thenuri_T1,Thenuri,True
218,Buddhini,1,Buddhini_T1,Buddhini,True
218,Harshika,5,Harshika_T5,Harshika,True
218,Muthuni,2,Muthuni_T2,Muthuni,True
218,Nadeera,3,Nadeera_T3,Nadeera,True
218,Thenuri,2,Thenuri_T2,Thenuri,True
219,Buddhini,1,Buddhini_T1,Buddhini,True
219,Harshika,5,Harshika_T5,Harshika,True
219,Muthuni,2,Muthuni_T2,Muthuni,True
219,Nadeera,3,Nadeera_T3,Nadeera,True
219,Thenuri,3,Thenuri_T3,Thenuri,True
220,Buddhini,1,Buddhini_T1,Buddhini,True
220,Harshika,5,Harshika_T5,Harshika,True
220,Muthuni,2,Muthuni_T2,Muthuni,True
220,Nadeera,3,Nadeera_T3,Nadeera,True
220,Thenuri,4,Thenuri_T4,Thenuri,True
221,Buddhini,1,Buddhini_T1,Buddhini,True
221,Harshika,5,Harshika_T5,Harshika,True
221,Muthuni,2,Muthuni_T2,Muthuni,True
221,Nadeera,4,Nadeera_T4,Nadeera,True
221,Thenuri,1,Thenuri_T1,Thenuri,True
222,Buddhini,1,Buddhini_T1,Buddhini,True
222,Harshika,5,Harshika_T5,Harshika,True
222,Muthuni,2,Muthuni_T2,Muthuni,True
222,Nadeera,4,Nadeera_T4,Nadeera,True
222,Thenuri,2,Thenuri_T2,Thenuri,True
223,Buddhini,1,Buddhini_T1,Buddhini,True
223,Harshika,5,Harshika_T5,Harshika,True
223,Muthuni,2,Muthuni_T2,Muthuni,True
223,Nadeera,4,Nadeera_T4,Nadeera,True
223,Thenuri,3,Thenuri_T3,Thenuri,True
224,Buddhini,1,Buddhini_T1,Buddhini,True
224,Harshika,5,Harshika_T5,Harshika,True
224,Muthuni,2,Muthuni_T2,Muthuni,True
224,Nadeera,4,Nadeera_T4,Nadeera,True
224,Thenuri,4,Thenuri_T4,Thenuri,True
225,Buddhini,1,Buddhini_T1,Buddhini,True
225,Harshika,5,Harshika_T5,Harshika,True
225,Muthuni,3,Muthuni_T3,Muthuni,True
225,Nadeera,1,Nadeera_T1,Nadeera,True
225,Thenuri,1,Thenuri_T1,Thenuri,True
226,Buddhini,1,Buddhini_T1,Buddhini,True
226,Harshika,5,Harshika_T5,Harshika,True
226,Muthuni,3,Muthuni_T3,Muthuni,True
226,Nadeera,1,Nadeera_T1,Nadeera,True
226,Thenuri,2,Thenuri_T2,Thenuri,True
227,Buddhini,1,Buddhini_T1,Buddhini,True
227,Harshika,5,Harshika_T5,Harshika,True
227,Muthuni,3,Muthuni_T3,Muthuni,True
227,Nadeera,1,Nadeera_T1,Nadeera,True
227,Thenuri,3,Thenuri_T3,Thenuri,True
228,Buddhini,1,Buddhini_T1,Buddhini,True
228,Harshika,5,Harshika_T5,Harshika,True
228,Muthuni,3,Muthuni_T3,Muthuni,True
228,Nadeera,1,Nadeera_T1,Nadeera,True
228,Thenuri,4,Thenuri_T4,Thenuri,True
229,Buddhini,1,Buddhini_T1,Buddhini,True
229,Harshika,5,Harshika_T5,Harshika,True
229,Muthuni,3,Muthuni_T3,Muthuni,True
229,Nadeera,2,Nadeera_T2,Nadeera,True
229,Thenuri,1,Thenuri_T1,Thenuri,True
230,Buddhini,1,Buddhini_T1,Buddhini,True
230,Harshika,5,Harshika_T5,Harshika,True
230,Muthuni,3,Muthuni_T3,Muthuni,True
230,Nadeera,2,Nadeera_T2,Nadeera,True
230,Thenuri,2,Thenuri_T2,Thenuri,True
231,Buddhini,1,Buddhini_T1,Buddhini,True
231,Harshika,5,Harshika_T5,Harshika,True
231,Muthuni,3,Muthuni_T3,Muthuni,True
231,Nadeera,2,Nadeera_T2,Nadeera,True
231,Thenuri,3,Thenuri_T3,Thenuri,True
232,Buddhini,1,Buddhini_T1,Buddhini,True
232,Harshika,5,Harshika_T5,Harshika,True
232,Muthuni,3,Muthuni_T3,Muthuni,True
232,Nadeera,2,Nadeera_T2,Nadeera,True
232,Thenuri,4,Thenuri_T4,Thenuri,True
233,Buddhini,1,Buddhini_T1,Buddhini,True
233,Harshika,5,Harshika_T5,Harshika,True
233,Muthuni,3,Muthuni_T3,Muthuni,True
233,Nadeera,3,Nadeera_T3,Nadeera,True
233,Thenuri,1,Thenuri_T1,Thenuri,True
234,Buddhini,1,Buddhini_T1,Buddhini,True
234,Harshika,5,Harshika_T5,Harshika,True
234,Muthuni,3,Muthuni_T3,Muthuni,True
234,Nadeera,3,Nadeera_T3,Nadeera,True
234,Thenuri,2,Thenuri_T2,Thenuri,True
235,Buddhini,1,Buddhini_T1,Buddhini,True
235,Harshika,5,Harshika_T5,Harshika,True
235,Muthuni,3,Muthuni_T3,Muthuni,True
235,Nadeera,3,Nadeera_T3,Nadeera,True
235,Thenuri,3,Thenuri_T3,Thenuri,True
236,Buddhini,1,Buddhini_T1,Buddhini,True
236,Harshika,5,Harshika_T5,Harshika,True
236,Muthuni,3,Muthuni_T3,Muthuni,True
236,Nadeera,3,Nadeera_T3,Nadeera,True
236,Thenuri,4,Thenuri_T4,Thenuri,True
237,Buddhini,1,Buddhini_T1,Buddhini,True
237,Harshika,5,Harshika_T5,Harshika,True
237,Muthuni,3,Muthuni_T3,Muthuni,True
237,Nadeera,4,Nadeera_T4,Nadeera,True
237,Thenuri,1,Thenuri_T1,Thenuri,True
238,Buddhini,1,Buddhini_T1,Buddhini,True
238,Harshika,5,Harshika_T5,Harshika,True
238,Muthuni,3,Muthuni_T3,Muthuni,True
238,Nadeera,4,Nadeera_T4,Nadeera,True
238,Thenuri,2,Thenuri_T2,Thenuri,True
239,Buddhini,1,Buddhini_T1,Buddhini,True
239,Harshika,5,Harshika_T5,Harshika,True
239,Muthuni,3,Muthuni_T3,Muthuni,True
239,Nadeera,4,Nadeera_T4,Nadeera,True
239,Thenuri,3,Thenuri_T3,Thenuri,True
240,Buddhini,1,Buddhini_T1,Buddhini,True
240,Harshika,5,Harshika_T5,Harshika,True
240,Muthuni,3,Muthuni_T3,Muthuni,True
240,Nadeera,4,Nadeera_T4,Nadeera,True
240,Thenuri,4,Thenuri_T4,Thenuri,True
241,Buddhini,2,Buddhini_T2,Buddhini,True
241,Harshika,1,Harshika_T1,Harshika,True
241,Muthuni,1,Muthuni_T1,Muthuni,True
241,Nadeera,1,Nadeera_T1,Nadeera,True
241,Thenuri,1,Thenuri_T1,Thenuri,True
242,Buddhini,2,Buddhini_T2,Buddhini,True
242,Harshika,1,Harshika_T1,Harshika,True
242,Muthuni,1,Muthuni_T1,Muthuni,True
242,Nadeera,1,Nadeera_T1,Nadeera,True
242,Thenuri,2,Thenuri_T2,Thenuri,True
243,Buddhini,2,Buddhini_T2,Buddhini,True
243,Harshika,1,Harshika_T1,Harshika,True
243,Muthuni,1,Muthuni_T1,Muthuni,True
243,Nadeera,1,Nadeera_T1,Nadeera,True
243,Thenuri,3,Thenuri_T3,Thenuri,True
244,Buddhini,2,Buddhini_T2,Buddhini,True
244,Harshika,1,Harshika_T1,Harshika,True
244,Muthuni,1,Muthuni_T1,Muthuni,True
244,Nadeera,1,Nadeera_T1,Nadeera,True
244,Thenuri,4,Thenuri_T4,Thenuri,True
245,Buddhini,2,Buddhini_T2,Buddhini,True
245,Harshika,1,Harshika_T1,Harshika,True
245,Muthuni,1,Muthuni_T1,Muthuni,True
245,Nadeera,2,Nadeera_T2,Nadeera,True
245,Thenuri,1,Thenuri_T1,Thenuri,True
246,Buddhini,2,Buddhini_T2,Buddhini,True
246,Harshika,1,Harshika_T1,Harshika,True
246,Muthuni,1,Muthuni_T1,Muthuni,True
246,Nadeera,2,Nadeera_T2,Nadeera,True
246,Thenuri,2,Thenuri_T2,Thenuri,True
247,Buddhini,2,Buddhini_T2,Buddhini,True
247,Harshika,1,Harshika_T1,Harshika,True
247,Muthuni,1,Muthuni_T1,Muthuni,True
247,Nadeera,2,Nadeera_T2,Nadeera,True
247,Thenuri,3,Thenuri_T3,Thenuri,True
248,Buddhini,2,Buddhini_T2,Buddhini,True
248,Harshika,1,Harshika_T1,Harshika,True
248,Muthuni,1,Muthuni_T1,Muthuni,True
248,Nadeera,2,Nadeera_T2,Nadeera,True
248,Thenuri,4,Thenuri_T4,Thenuri,True
249,Buddhini,2,Buddhini_T2,Buddhini,True
249,Harshika,1,Harshika_T1,Harshika,True
249,Muthuni,1,Muthuni_T1,Muthuni,True
249,Nadeera,3,Nadeera_T3,Nadeera,True
249,Thenuri,1,Thenuri_T1,Thenuri,True
250,Buddhini,2,Buddhini_T2,Buddhini,True
250,Harshika,1,Harshika_T1,Harshika,True
250,Muthuni,1,Muthuni_T1,Muthuni,True
250,Nadeera,3,Nadeera_T3,Nadeera,True
250,Thenuri,2,Thenuri_T2,Thenuri,True
251,Buddhini,2,Buddhini_T2,Buddhini,True
251,Harshika,1,Harshika_T1,Harshika,True
251,Muthuni,1,Muthuni_T1,Muthuni,True
251,Nadeera,3,Nadeera_T3,Nadeera,True
251,Thenuri,3,Thenuri_T3,Thenuri,True
252,Buddhini,2,Buddhini_T2,Buddhini,True
252,Harshika,1,Harshika_T1,Harshika,True
252,Muthuni,1,Muthuni_T1,Muthuni,True
252,Nadeera,3,Nadeera_T3,Nadeera,True
252,Thenuri,4,Thenuri_T4,Thenuri,True
253,Buddhini,2,Buddhini_T2,Buddhini,True
253,Harshika,1,Harshika_T1,Harshika,True
253,Muthuni,1,Muthuni_T1,Muthuni,True
253,Nadeera,4,Nadeera_T4,Nadeera,True
253,Thenuri,1,Thenuri_T1,Thenuri,True
254,Buddhini,2,Buddhini_T2,Buddhini,True
254,Harshika,1,Harshika_T1,Harshika,True
254,Muthuni,1,Muthuni_T1,Muthuni,True
254,Nadeera,4,Nadeera_T4,Nadeera,True
254,Thenuri,2,Thenuri_T2,Thenuri,True
255,Buddhini,2,Buddhini_T2,Buddhini,True
255,Harshika,1,Harshika_T1,Harshika,True
255,Muthuni,1,Muthuni_T1,Muthuni,True
255,Nadeera,4,Nadeera_T4,Nadeera,True
255,Thenuri,3,Thenuri_T3,Thenuri,True
256,Buddhini,2,Buddhini_T2,Buddhini,True
256,Harshika,1,Harshika_T1,Harshika,True
256,Muthuni,1,Muthuni_T1,Muthuni,True
256,Nadeera,4,Nadeera_T4,Nadeera,True
256,Thenuri,4,Thenuri_T4,Thenuri,True
257,Buddhini,2,Buddhini_T2,Buddhini,True
257,Harshika,1,Harshika_T1,Harshika,True
257,Muthuni,2,Muthuni_T2,Muthuni,True
257,Nadeera,1,Nadeera_T1,Nadeera,True
257,Thenuri,1,Thenuri_T1,Thenuri,True
258,Buddhini,2,Buddhini_T2,Buddhini,True
258,Harshika,1,Harshika_T1,Harshika,True
258,Muthuni,2,Muthuni_T2,Muthuni,True
258,Nadeera,1,Nadeera_T1,Nadeera,True
258,Thenuri,2,Thenuri_T2,Thenuri,True
259,Buddhini,2,Buddhini_T2,Buddhini,True
259,Harshika,1,Harshika_T1,Harshika,True
259,Muthuni,2,Muthuni_T2,Muthuni,True
259,Nadeera,1,Nadeera_T1,Nadeera,True
259,Thenuri,3,Thenuri_T3,Thenuri,True
260,Buddhini,2,Buddhini_T2,Buddhini,True
260,Harshika,1,Harshika_T1,Harshika,True
260,Muthuni,2,Muthuni_T2,Muthuni,True
260,Nadeera,1,Nadeera_T1,Nadeera,True
260,Thenuri,4,Thenuri_T4,Thenuri,True
261,Buddhini,2,Buddhini_T2,Buddhini,True
261,Harshika,1,Harshika_T1,Harshika,True
261,Muthuni,2,Muthuni_T2,Muthuni,True
261,Nadeera,2,Nadeera_T2,Nadeera,True
261,Thenuri,1,Thenuri_T1,Thenuri,True
262,Buddhini,2,Buddhini_T2,Buddhini,True
262,Harshika,1,Harshika_T1,Harshika,True
262,Muthuni,2,Muthuni_T2,Muthuni,True
262,Nadeera,2,Nadeera_T2,Nadeera,True
262,Thenuri,2,Thenuri_T2,Thenuri,True
263,Buddhini,2,Buddhini_T2,Buddhini,True
263,Harshika,1,Harshika_T1,Harshika,True
263,Muthuni,2,Muthuni_T2,Muthuni,True
263,Nadeera,2,Nadeera_T2,Nadeera,True
263,Thenuri,3,Thenuri_T3,Thenuri,True
264,Buddhini,2,Buddhini_T2,Buddhini,True
264,Harshika,1,Harshika_T1,Harshika,True
264,Muthuni,2,Muthuni_T2,Muthuni,True
264,Nadeera,2,Nadeera_T2,Nadeera,True
264,Thenuri,4,Thenuri_T4,Thenuri,True
265,Buddhini,2,Buddhini_T2,Buddhini,True
265,Harshika,1,Harshika_T1,Harshika,True
265,Muthuni,2,Muthuni_T2,Muthuni,True
265,Nadeera,3,Nadeera_T3,Nadeera,True
265,Thenuri,1,Thenuri_T1,Thenuri,True
266,Buddhini,2,Buddhini_T2,Buddhini,True
266,Harshika,1,Harshika_T1,Harshika,True
266,Muthuni,2,Muthuni_T2,Muthuni,True
266,Nadeera,3,Nadeera_T3,Nadeera,True
266,Thenuri,2,Thenuri_T2,Thenuri,True
267,Buddhini,2,Buddhini_T2,Buddhini,True
267,Harshika,1,Harshika_T1,Harshika,True
267,Muthuni,2,Muthuni_T2,Muthuni,True
267,Nadeera,3,Nadeera_T3,Nadeera,True
267,Thenuri,3,Thenuri_T3,Thenuri,True
268,Buddhini,2,Buddhini_T2,Buddhini,True
268,Harshika,1,Harshika_T1,Harshika,True
268,Muthuni,2,Muthuni_T2,Muthuni,True
268,Nadeera,3,Nadeera_T3,Nadeera,True
268,Thenuri,4,Thenuri_T4,Thenuri,True
269,Buddhini,2,Buddhini_T2,Buddhini,True
269,Harshika,1,Harshika_T1,Harshika,True
269,Muthuni,2,Muthuni_T2,Muthuni,True
269,Nadeera,4,Nadeera_T4,Nadeera,True
269,Thenuri,1,Thenuri_T1,Thenuri,True
270,Buddhini,2,Buddhini_T2,Buddhini,True
270,Harshika,1,Harshika_T1,Harshika,True
270,Muthuni,2,Muthuni_T2,Muthuni,True
270,Nadeera,4,Nadeera_T4,Nadeera,True
270,Thenuri,2,Thenuri_T2,Thenuri,True
271,Buddhini,2,Buddhini_T2,Buddhini,True
271,Harshika,1,Harshika_T1,Harshika,True
271,Muthuni,2,Muthuni_T2,Muthuni,True
271,Nadeera,4,Nadeera_T4,Nadeera,True
271,Thenuri,3,Thenuri_T3,Thenuri,True
272,Buddhini,2,Buddhini_T2,Buddhini,True
272,Harshika,1,Harshika_T1,Harshika,True
272,Muthuni,2,Muthuni_T2,Muthuni,True
272,Nadeera,4,Nadeera_T4,Nadeera,True
272,Thenuri,4,Thenuri_T4,Thenuri,True
273,Buddhini,2,Buddhini_T2,Buddhini,True
273,Harshika,1,Harshika_T1,Harshika,True
273,Muthuni,3,Muthuni_T3,Muthuni,True
273,Nadeera,1,Nadeera_T1,Nadeera,True
273,Thenuri,1,Thenuri_T1,Thenuri,True
274,Buddhini,2,Buddhini_T2,Buddhini,True
274,Harshika,1,Harshika_T1,Harshika,True
274,Muthuni,3,Muthuni_T3,Muthuni,True
274,Nadeera,1,Nadeera_T1,Nadeera,True
274,Thenuri,2,Thenuri_T2,Thenuri,True
275,Buddhini,2,Buddhini_T2,Buddhini,True
275,Harshika,1,Harshika_T1,Harshika,True
275,Muthuni,3,Muthuni_T3,Muthuni,True
275,Nadeera,1,Nadeera_T1,Nadeera,True
275,Thenuri,3,Thenuri_T3,Thenuri,True
276,Buddhini,2,Buddhini_T2,Buddhini,True
276,Harshika,1,Harshika_T1,Harshika,True
276,Muthuni,3,Muthuni_T3,Muthuni,True
276,Nadeera,1,Nadeera_T1,Nadeera,True
276,Thenuri,4,Thenuri_T4,Thenuri,True
277,Buddhini,2,Buddhini_T2,Buddhini,True
277,Harshika,1,Harshika_T1,Harshika,True
277,Muthuni,3,Muthuni_T3,Muthuni,True
277,Nadeera,2,Nadeera_T2,Nadeera,True
277,Thenuri,1,Thenuri_T1,Thenuri,True
278,Buddhini,2,Buddhini_T2,Buddhini,True
278,Harshika,1,Harshika_T1,Harshika,True
278,Muthuni,3,Muthuni_T3,Muthuni,True
278,Nadeera,2,Nadeera_T2,Nadeera,True
278,Thenuri,2,Thenuri_T2,Thenuri,True
279,Buddhini,2,Buddhini_T2,Buddhini,True
279,Harshika,1,Harshika_T1,Harshika,True
279,Muthuni,3,Muthuni_T3,Muthuni,True
279,Nadeera,2,Nadeera_T2,Nadeera,True
279,Thenuri,3,Thenuri_T3,Thenuri,True
280,Buddhini,2,Buddhini_T2,Buddhini,True
280,Harshika,1,Harshika_T1,Harshika,True
280,Muthuni,3,Muthuni_T3,Muthuni,True
280,Nadeera,2,Nadeera_T2,Nadeera,True
280,Thenuri,4,Thenuri_T4,Thenuri,True
281,Buddhini,2,Buddhini_T2,Buddhini,True
281,Harshika,1,Harshika_T1,Harshika,True
281,Muthuni,3,Muthuni_T3,Muthuni,True
281,Nadeera,3,Nadeera_T3,Nadeera,True
281,Thenuri,1,Thenuri_T1,Thenuri,True
282,Buddhini,2,Buddhini_T2,Buddhini,True
282,Harshika,1,Harshika_T1,Harshika,True
282,Muthuni,3,Muthuni_T3,Muthuni,True
282,Nadeera,3,Nadeera_T3,Nadeera,True
282,Thenuri,2,Thenuri_T2,Thenuri,True
283,Buddhini,2,Buddhini_T2,Buddhini,True
283,Harshika,1,Harshika_T1,Harshika,True
283,Muthuni,3,Muthuni_T3,Muthuni,True
283,Nadeera,3,Nadeera_T3,Nadeera,True
283,Thenuri,3,Thenuri_T3,Thenuri,True
284,Buddhini,2,Buddhini_T2,Buddhini,True
284,Harshika,1,Harshika_T1,Harshika,True
284,Muthuni,3,Muthuni_T3,Muthuni,True
284,Nadeera,3,Nadeera_T3,Nadeera,True
284,Thenuri,4,Thenuri_T4,Thenuri,True
285,Buddhini,2,Buddhini_T2,Buddhini,True
285,Harshika,1,Harshika_T1,Harshika,True
285,Muthuni,3,Muthuni_T3,Muthuni,True
285,Nadeera,4,Nadeera_T4,Nadeera,True
285,Thenuri,1,Thenuri_T1,Thenuri,True
286,Buddhini,2,Buddhini_T2,Buddhini,True
286,Harshika,1,Harshika_T1,Harshika,True
286,Muthuni,3,Muthuni_T3,Muthuni,True
286,Nadeera,4,Nadeera_T4,Nadeera,True
286,Thenuri,2,Thenuri_T2,Thenuri,True
287,Buddhini,2,Buddhini_T2,Buddhini,True
287,Harshika,1,Harshika_T1,Harshika,True
287,Muthuni,3,Muthuni_T3,Muthuni,True
287,Nadeera,4,Nadeera_T4,Nadeera,True
287,Thenuri,3,Thenuri_T3,Thenuri,True
288,Buddhini,2,Buddhini_T2,Buddhini,True
288,Harshika,1,Harshika_T1,Harshika,True
288,Muthuni,3,Muthuni_T3,Muthuni,True
288,Nadeera,4,Nadeera_T4,Nadeera,True
288,Thenuri,4,Thenuri_T4,Thenuri,True
289,Buddhini,2,Buddhini_T2,Buddhini,True
289,Harshika,2,Harshika_T2,Harshika,True
289,Muthuni,1,Muthuni_T1,Muthuni,True
289,Nadeera,1,Nadeera_T1,Nadeera,True
289,Thenuri,1,Thenuri_T1,Thenuri,True
290,Buddhini,2,Buddhini_T2,Buddhini,True
290,Harshika,2,Harshika_T2,Harshika,True
290,Muthuni,1,Muthuni_T1,Muthuni,True
290,Nadeera,1,Nadeera_T1,Nadeera,True
290,Thenuri,2,Thenuri_T2,Thenuri,True
291,Buddhini,2,Buddhini_T2,Buddhini,True
291,Harshika,2,Harshika_T2,Harshika,True
291,Muthuni,1,Muthuni_T1,Muthuni,True
291,Nadeera,1,Nadeera_T1,Nadeera,True
291,Thenuri,3,Thenuri_T3,Thenuri,True
292,Buddhini,2,Buddhini_T2,Buddhini,True
292,Harshika,2,Harshika_T2,Harshika,True
292,Muthuni,1,Muthuni_T1,Muthuni,True
292,Nadeera,1,Nadeera_T1,Nadeera,True
292,Thenuri,4,Thenuri_T4,Thenuri,True
293,Buddhini,2,Buddhini_T2,Buddhini,True
293,Harshika,2,Harshika_T2,Harshika,True
293,Muthuni,1,Muthuni_T1,Muthuni,True
293,Nadeera,2,Nadeera_T2,Nadeera,True
293,Thenuri,1,Thenuri_T1,Thenuri,True
294,Buddhini,2,Buddhini_T2,Buddhini,True
294,Harshika,2,Harshika_T2,Harshika,True
294,Muthuni,1,Muthuni_T1,Muthuni,True
294,Nadeera,2,Nadeera_T2,Nadeera,True
294,Thenuri,2,Thenuri_T2,Thenuri,True
295,Buddhini,2,Buddhini_T2,Buddhini,True
295,Harshika,2,Harshika_T2,Harshika,True
295,Muthuni,1,Muthuni_T1,Muthuni,True
295,Nadeera,2,Nadeera_T2,Nadeera,True
295,Thenuri,3,Thenuri_T3,Thenuri,True
296,Buddhini,2,Buddhini_T2,Buddhini,True
296,Harshika,2,Harshika_T2,Harshika,True
296,Muthuni,1,Muthuni_T1,Muthuni,True
296,Nadeera,2,Nadeera_T2,Nadeera,True
296,Thenuri,4,Thenuri_T4,Thenuri,True
297,Buddhini,2,Buddhini_T2,Buddhini,True
297,Harshika,2,Harshika_T2,Harshika,True
297,Muthuni,1,Muthuni_T1,Muthuni,True
297,Nadeera,3,Nadeera_T3,Nadeera,True
297,Thenuri,1,Thenuri_T1,Thenuri,True
298,Buddhini,2,Buddhini_T2,Buddhini,True
298,Harshika,2,Harshika_T2,Harshika,True
298,Muthuni,1,Muthuni_T1,Muthuni,True
298,Nadeera,3,Nadeera_T3,Nadeera,True
298,Thenuri,2,Thenuri_T2,Thenuri,True
299,Buddhini,2,Buddhini_T2,Buddhini,True
299,Harshika,2,Harshika_T2,Harshika,True
299,Muthuni,1,Muthuni_T1,Muthuni,True
299,Nadeera,3,Nadeera_T3,Nadeera,True
299,Thenuri,3,Thenuri_T3,Thenuri,True
300,Buddhini,2,Buddhini_T2,Buddhini,True
300,Harshika,2,Harshika_T2,Harshika,True
300,Muthuni,1,Muthuni_T1,Muthuni,True
300,Nadeera,3,Nadeera_T3,Nadeera,True
300,Thenuri,4,Thenuri_T4,Thenuri,True
301,Buddhini,2,Buddhini_T2,Buddhini,True
301,Harshika,2,Harshika_T2,Harshika,True
301,Muthuni,1,Muthuni_T1,Muthuni,True
301,Nadeera,4,Nadeera_T4,Nadeera,True
301,Thenuri,1,Thenuri_T1,Thenuri,True
302,Buddhini,2,Buddhini_T2,Buddhini,True
302,Harshika,2,Harshika_T2,Harshika,True
302,Muthuni,1,Muthuni_T1,Muthuni,True
302,Nadeera,4,Nadeera_T4,Nadeera,True
302,Thenuri,2,Thenuri_T2,Thenuri,True
303,Buddhini,2,Buddhini_T2,Buddhini,True
303,Harshika,2,Harshika_T2,Harshika,True
303,Muthuni,1,Muthuni_T1,Muthuni,True
303,Nadeera,4,Nadeera_T4,Nadeera,True
303,Thenuri,3,Thenuri_T3,Thenuri,True
304,Buddhini,2,Buddhini_T2,Buddhini,True
304,Harshika,2,Harshika_T2,Harshika,True
304,Muthuni,1,Muthuni_T1,Muthuni,True
304,Nadeera,4,Nadeera_T4,Nadeera,True
304,Thenuri,4,Thenuri_T4,Thenuri,True
305,Buddhini,2,Buddhini_T2,Buddhini,True
305,Harshika,2,Harshika_T2,Harshika,True
305,Muthuni,2,Muthuni_T2,Muthuni,True
305,Nadeera,1,Nadeera_T1,Nadeera,True
305,Thenuri,1,Thenuri_T1,Thenuri,True
306,Buddhini,2,Buddhini_T2,Buddhini,True
306,Harshika,2,Harshika_T2,Harshika,True
306,Muthuni,2,Muthuni_T2,Muthuni,True
306,Nadeera,1,Nadeera_T1,Nadeera,True
306,Thenuri,2,Thenuri_T2,Thenuri,True
307,Buddhini,2,Buddhini_T2,Buddhini,True
307,Harshika,2,Harshika_T2,Harshika,True
307,Muthuni,2,Muthuni_T2,Muthuni,True
307,Nadeera,1,Nadeera_T1,Nadeera,True
307,Thenuri,3,Thenuri_T3,Thenuri,True
308,Buddhini,2,Buddhini_T2,Buddhini,True
308,Harshika,2,Harshika_T2,Harshika,True
308,Muthuni,2,Muthuni_T2,Muthuni,True
308,Nadeera,1,Nadeera_T1,Nadeera,True
308,Thenuri,4,Thenuri_T4,Thenuri,True
309,Buddhini,2,Buddhini_T2,Buddhini,True
309,Harshika,2,Harshika_T2,Harshika,True
309,Muthuni,2,Muthuni_T2,Muthuni,True
309,Nadeera,2,Nadeera_T2,Nadeera,True
309,Thenuri,1,Thenuri_T1,Thenuri,True
310,Buddhini,2,Buddhini_T2,Buddhini,True
310,Harshika,2,Harshika_T2,Harshika,True
310,Muthuni,2,Muthuni_T2,Muthuni,True
310,Nadeera,2,Nadeera_T2,Nadeera,True
310,Thenuri,2,Thenuri_T2,Thenuri,True
311,Buddhini,2,Buddhini_T2,Buddhini,True
311,Harshika,2,Harshika_T2,Harshika,True
311,Muthuni,2,Muthuni_T2,Muthuni,True
311,Nadeera,2,Nadeera_T2,Nadeera,True
311,Thenuri,3,Thenuri_T3,Thenuri,True
312,Buddhini,2,Buddhini_T2,Buddhini,True
312,Harshika,2,Harshika_T2,Harshika,True
312,Muthuni,2,Muthuni_T2,Muthuni,True
312,Nadeera,2,Nadeera_T2,Nadeera,True
312,Thenuri,4,Thenuri_T4,Thenuri,True
313,Buddhini,2,Buddhini_T2,Buddhini,True
313,Harshika,2,Harshika_T2,Harshika,True
313,Muthuni,2,Muthuni_T2,Muthuni,True
313,Nadeera,3,Nadeera_T3,Nadeera,True
313,Thenuri,1,Thenuri_T1,Thenuri,True
314,Buddhini,2,Buddhini_T2,Buddhini,True
314,Harshika,2,Harshika_T2,Harshika,True
314,Muthuni,2,Muthuni_T2,Muthuni,True
314,Nadeera,3,Nadeera_T3,Nadeera,True
314,Thenuri,2,Thenuri_T2,Thenuri,True
315,Buddhini,2,Buddhini_T2,Buddhini,True
315,Harshika,2,Harshika_T2,Harshika,True
315,Muthuni,2,Muthuni_T2,Muthuni,True
315,Nadeera,3,Nadeera_T3,Nadeera,True
315,Thenuri,3,Thenuri_T3,Thenuri,True
316,Buddhini,2,Buddhini_T2,Buddhini,True
316,Harshika,2,Harshika_T2,Harshika,True
316,Muthuni,2,Muthuni_T2,Muthuni,True
316,Nadeera,3,Nadeera_T3,Nadeera,True
316,Thenuri,4,Thenuri_T4,Thenuri,True
317,Buddhini,2,Buddhini_T2,Buddhini,True
317,Harshika,2,Harshika_T2,Harshika,True
317,Muthuni,2,Muthuni_T2,Muthuni,True
317,Nadeera,4,Nadeera_T4,Nadeera,True
317,Thenuri,1,Thenuri_T1,Thenuri,True
318,Buddhini,2,Buddhini_T2,Buddhini,True
318,Harshika,2,Harshika_T2,Harshika,True
318,Muthuni,2,Muthuni_T2,Muthuni,True
318,Nadeera,4,Nadeera_T4,Nadeera,True
318,Thenuri,2,Thenuri_T2,Thenuri,True
319,Buddhini,2,Buddhini_T2,Buddhini,True
319,Harshika,2,Harshika_T2,Harshika,True
319,Muthuni,2,Muthuni_T2,Muthuni,True
319,Nadeera,4,Nadeera_T4,Nadeera,True
319,Thenuri,3,Thenuri_T3,Thenuri,True
320,Buddhini,2,Buddhini_T2,Buddhini,True
320,Harshika,2,Harshika_T2,Harshika,True
320,Muthuni,2,Muthuni_T2,Muthuni,True
320,Nadeera,4,Nadeera_T4,Nadeera,True
320,Thenuri,4,Thenuri_T4,Thenuri,True
321,Buddhini,2,Buddhini_T2,Buddhini,True
321,Harshika,2,Harshika_T2,Harshika,True
321,Muthuni,3,Muthuni_T3,Muthuni,True
321,Nadeera,1,Nadeera_T1,Nadeera,True
321,Thenuri,1,Thenuri_T1,Thenuri,True
322,Buddhini,2,Buddhini_T2,Buddhini,True
322,Harshika,2,Harshika_T2,Harshika,True
322,Muthuni,3,Muthuni_T3,Muthuni,True
322,Nadeera,1,Nadeera_T1,Nadeera,True
322,Thenuri,2,Thenuri_T2,Thenuri,True
323,Buddhini,2,Buddhini_T2,Buddhini,True
323,Harshika,2,Harshika_T2,Harshika,True
323,Muthuni,3,Muthuni_T3,Muthuni,True
323,Nadeera,1,Nadeera_T1,Nadeera,True
323,Thenuri,3,Thenuri_T3,Thenuri,True
324,Buddhini,2,Buddhini_T2,Buddhini,True
324,Harshika,2,Harshika_T2,Harshika,True
324,Muthuni,3,Muthuni_T3,Muthuni,True
324,Nadeera,1,Nadeera_T1,Nadeera,True
324,Thenuri,4,Thenuri_T4,Thenuri,True
325,Buddhini,2,Buddhini_T2,Buddhini,True
325,Harshika,2,Harshika_T2,Harshika,True
325,Muthuni,3,Muthuni_T3,Muthuni,True
325,Nadeera,2,Nadeera_T2,Nadeera,True
325,Thenuri,1,Thenuri_T1,Thenuri,True
326,Buddhini,2,Buddhini_T2,Buddhini,True
326,Harshika,2,Harshika_T2,Harshika,True
326,Muthuni,3,Muthuni_T3,Muthuni,True
326,Nadeera,2,Nadeera_T2,Nadeera,True
326,Thenuri,2,Thenuri_T2,Thenuri,True
327,Buddhini,2,Buddhini_T2,Buddhini,True
327,Harshika,2,Harshika_T2,Harshika,True
327,Muthuni,3,Muthuni_T3,Muthuni,True
327,Nadeera,2,Nadeera_T2,Nadeera,True
327,Thenuri,3,Thenuri_T3,Thenuri,True
328,Buddhini,2,Buddhini_T2,Buddhini,True
328,Harshika,2,Harshika_T2,Harshika,True
328,Muthuni,3,Muthuni_T3,Muthuni,True
328,Nadeera,2,Nadeera_T2,Nadeera,True
328,Thenuri,4,Thenuri_T4,Thenuri,True
329,Buddhini,2,Buddhini_T2,Buddhini,True
329,Harshika,2,Harshika_T2,Harshika,True
329,Muthuni,3,Muthuni_T3,Muthuni,True
329,Nadeera,3,Nadeera_T3,Nadeera,True
329,Thenuri,1,Thenuri_T1,Thenuri,True
330,Buddhini,2,Buddhini_T2,Buddhini,True
330,Harshika,2,Harshika_T2,Harshika,True
330,Muthuni,3,Muthuni_T3,Muthuni,True
330,Nadeera,3,Nadeera_T3,Nadeera,True
330,Thenuri,2,Thenuri_T2,Thenuri,True
331,Buddhini,2,Buddhini_T2,Buddhini,True
331,Harshika,2,Harshika_T2,Harshika,True
331,Muthuni,3,Muthuni_T3,Muthuni,True
331,Nadeera,3,Nadeera_T3,Nadeera,True
331,Thenuri,3,Thenuri_T3,Thenuri,True
332,Buddhini,2,Buddhini_T2,Buddhini,True
332,Harshika,2,Harshika_T2,Harshika,True
332,Muthuni,3,Muthuni_T3,Muthuni,True
332,Nadeera,3,Nadeera_T3,Nadeera,True
332,Thenuri,4,Thenuri_T4,Thenuri,True
333,Buddhini,2,Buddhini_T2,Buddhini,True
333,Harshika,2,Harshika_T2,Harshika,True
333,Muthuni,3,Muthuni_T3,Muthuni,True
333,Nadeera,4,Nadeera_T4,Nadeera,True
333,Thenuri,1,Thenuri_T1,Thenuri,True
334,Buddhini,2,Buddhini_T2,Buddhini,True
334,Harshika,2,Harshika_T2,Harshika,True
334,Muthuni,3,Muthuni_T3,Muthuni,True
334,Nadeera,4,Nadeera_T4,Nadeera,True
334,Thenuri,2,Thenuri_T2,Thenuri,True
335,Buddhini,2,Buddhini_T2,Buddhini,True
335,Harshika,2,Harshika_T2,Harshika,True
335,Muthuni,3,Muthuni_T3,Muthuni,True
335,Nadeera,4,Nadeera_T4,Nadeera,True
335,Thenuri,3,Thenuri_T3,Thenuri,True
336,Buddhini,2,Buddhini_T2,Buddhini,True
336,Harshika,2,Harshika_T2,Harshika,True
336,Muthuni,3,Muthuni_T3,Muthuni,True
336,Nadeera,4,Nadeera_T4,Nadeera,True
336,Thenuri,4,Thenuri_T4,Thenuri,True
337,Buddhini,2,Buddhini_T2,Buddhini,True
337,Harshika,3,Harshika_T3,Harshika,True
337,Muthuni,1,Muthuni_T1,Muthuni,True
337,Nadeera,1,Nadeera_T1,Nadeera,True
337,Thenuri,1,Thenuri_T1,Thenuri,True
338,Buddhini,2,Buddhini_T2,Buddhini,True
338,Harshika,3,Harshika_T3,Harshika,True
338,Muthuni,1,Muthuni_T1,Muthuni,True
338,Nadeera,1,Nadeera_T1,Nadeera,True
338,Thenuri,2,Thenuri_T2,Thenuri,True
339,Buddhini,2,Buddhini_T2,Buddhini,True
339,Harshika,3,Harshika_T3,Harshika,True
339,Muthuni,1,Muthuni_T1,Muthuni,True
339,Nadeera,1,Nadeera_T1,Nadeera,True
339,Thenuri,3,Thenuri_T3,Thenuri,True
340,Buddhini,2,Buddhini_T2,Buddhini,True
340,Harshika,3,Harshika_T3,Harshika,True
340,Muthuni,1,Muthuni_T1,Muthuni,True
340,Nadeera,1,Nadeera_T1,Nadeera,True
340,Thenuri,4,Thenuri_T4,Thenuri,True
341,Buddhini,2,Buddhini_T2,Buddhini,True
341,Harshika,3,Harshika_T3,Harshika,True
341,Muthuni,1,Muthuni_T1,Muthuni,True
341,Nadeera,2,Nadeera_T2,Nadeera,True
341,Thenuri,1,Thenuri_T1,Thenuri,True
342,Buddhini,2,Buddhini_T2,Buddhini,True
342,Harshika,3,Harshika_T3,Harshika,True
342,Muthuni,1,Muthuni_T1,Muthuni,True
342,Nadeera,2,Nadeera_T2,Nadeera,True
342,Thenuri,2,Thenuri_T2,Thenuri,True
343,Buddhini,2,Buddhini_T2,Buddhini,True
343,Harshika,3,Harshika_T3,Harshika,True
343,Muthuni,1,Muthuni_T1,Muthuni,True
343,Nadeera,2,Nadeera_T2,Nadeera,True
343,Thenuri,3,Thenuri_T3,Thenuri,True
344,Buddhini,2,Buddhini_T2,Buddhini,True
344,Harshika,3,Harshika_T3,Harshika,True
344,Muthuni,1,Muthuni_T1,Muthuni,True
344,Nadeera,2,Nadeera_T2,Nadeera,True
344,Thenuri,4,Thenuri_T4,Thenuri,True
345,Buddhini,2,Buddhini_T2,Buddhini,True
345,Harshika,3,Harshika_T3,Harshika,True
345,Muthuni,1,Muthuni_T1,Muthuni,True
345,Nadeera,3,Nadeera_T3,Nadeera,True
345,Thenuri,1,Thenuri_T1,Thenuri,True
346,Buddhini,2,Buddhini_T2,Buddhini,True
346,Harshika,3,Harshika_T3,Harshika,True
346,Muthuni,1,Muthuni_T1,Muthuni,True
346,Nadeera,3,Nadeera_T3,Nadeera,True
346,Thenuri,2,Thenuri_T2,Thenuri,True
347,Buddhini,2,Buddhini_T2,Buddhini,True
347,Harshika,3,Harshika_T3,Harshika,True
347,Muthuni,1,Muthuni_T1,Muthuni,True
347,Nadeera,3,Nadeera_T3,Nadeera,True
347,Thenuri,3,Thenuri_T3,Thenuri,True
348,Buddhini,2,Buddhini_T2,Buddhini,True
348,Harshika,3,Harshika_T3,Harshika,True
348,Muthuni,1,Muthuni_T1,Muthuni,True
348,Nadeera,3,Nadeera_T3,Nadeera,True
348,Thenuri,4,Thenuri_T4,Thenuri,True
349,Buddhini,2,Buddhini_T2,Buddhini,True
349,Harshika,3,Harshika_T3,Harshika,True
349,Muthuni,1,Muthuni_T1,Muthuni,True
349,Nadeera,4,Nadeera_T4,Nadeera,True
349,Thenuri,1,Thenuri_T1,Thenuri,True
350,Buddhini,2,Buddhini_T2,Buddhini,True
350,Harshika,3,Harshika_T3,Harshika,True
350,Muthuni,1,Muthuni_T1,Muthuni,True
350,Nadeera,4,Nadeera_T4,Nadeera,True
350,Thenuri,2,Thenuri_T2,Thenuri,True
351,Buddhini,2,Buddhini_T2,Buddhini,True
351,Harshika,3,Harshika_T3,Harshika,True
351,Muthuni,1,Muthuni_T1,Muthuni,True
351,Nadeera,4,Nadeera_T4,Nadeera,True
351,Thenuri,3,Thenuri_T3,Thenuri,True
352,Buddhini,2,Buddhini_T2,Buddhini,True
352,Harshika,3,Harshika_T3,Harshika,True
352,Muthuni,1,Muthuni_T1,Muthuni,True
352,Nadeera,4,Nadeera_T4,Nadeera,True
352,Thenuri,4,Thenuri_T4,Thenuri,True
353,Buddhini,2,Buddhini_T2,Buddhini,True
353,Harshika,3,Harshika_T3,Harshika,True
353,Muthuni,2,Muthuni_T2,Muthuni,True
353,Nadeera,1,Nadeera_T1,Nadeera,True
353,Thenuri,1,Thenuri_T1,Thenuri,True
354,Buddhini,2,Buddhini_T2,Buddhini,True
354,Harshika,3,Harshika_T3,Harshika,True
354,Muthuni,2,Muthuni_T2,Muthuni,True
354,Nadeera,1,Nadeera_T1,Nadeera,True
354,Thenuri,2,Thenuri_T2,Thenuri,True
355,Buddhini,2,Buddhini_T2,Buddhini,True
355,Harshika,3,Harshika_T3,Harshika,True
355,Muthuni,2,Muthuni_T2,Muthuni,True
355,Nadeera,1,Nadeera_T1,Nadeera,True
355,Thenuri,3,Thenuri_T3,Thenuri,True
356,Buddhini,2,Buddhini_T2,Buddhini,True
356,Harshika,3,Harshika_T3,Harshika,True
356,Muthuni,2,Muthuni_T2,Muthuni,True
356,Nadeera,1,Nadeera_T1,Nadeera,True
356,Thenuri,4,Thenuri_T4,Thenuri,True
357,Buddhini,2,Buddhini_T2,Buddhini,True
357,Harshika,3,Harshika_T3,Harshika,True
357,Muthuni,2,Muthuni_T2,Muthuni,True
357,Nadeera,2,Nadeera_T2,Nadeera,True
357,Thenuri,1,Thenuri_T1,Thenuri,True
358,Buddhini,2,Buddhini_T2,Buddhini,True
358,Harshika,3,Harshika_T3,Harshika,True
358,Muthuni,2,Muthuni_T2,Muthuni,True
358,Nadeera,2,Nadeera_T2,Nadeera,True
358,Thenuri,2,Thenuri_T2,Thenuri,True
359,Buddhini,2,Buddhini_T2,Buddhini,True
359,Harshika,3,Harshika_T3,Harshika,True
359,Muthuni,2,Muthuni_T2,Muthuni,True
359,Nadeera,2,Nadeera_T2,Nadeera,True
359,Thenuri,3,Thenuri_T3,Thenuri,True
360,Buddhini,2,Buddhini_T2,Buddhini,True
360,Harshika,3,Harshika_T3,Harshika,True
360,Muthuni,2,Muthuni_T2,Muthuni,True
360,Nadeera,2,Nadeera_T2,Nadeera,True
360,Thenuri,4,Thenuri_T4,Thenuri,True
361,Buddhini,2,Buddhini_T2,Buddhini,True
361,Harshika,3,Harshika_T3,Harshika,True
361,Muthuni,2,Muthuni_T2,Muthuni,True
361,Nadeera,3,Nadeera_T3,Nadeera,True
361,Thenuri,1,Thenuri_T1,Thenuri,True
362,Buddhini,2,Buddhini_T2,Buddhini,True
362,Harshika,3,Harshika_T3,Harshika,True
362,Muthuni,2,Muthuni_T2,Muthuni,True
362,Nadeera,3,Nadeera_T3,Nadeera,True
362,Thenuri,2,Thenuri_T2,Thenuri,True
363,Buddhini,2,Buddhini_T2,Buddhini,True
363,Harshika,3,Harshika_T3,Harshika,True
363,Muthuni,2,Muthuni_T2,Muthuni,True
363,Nadeera,3,Nadeera_T3,Nadeera,True
363,Thenuri,3,Thenuri_T3,Thenuri,True
364,Buddhini,2,Buddhini_T2,Buddhini,True
364,Harshika,3,Harshika_T3,Harshika,True
364,Muthuni,2,Muthuni_T2,Muthuni,True
364,Nadeera,3,Nadeera_T3,Nadeera,True
364,Thenuri,4,Thenuri_T4,Thenuri,True
365,Buddhini,2,Buddhini_T2,Buddhini,True
365,Harshika,3,Harshika_T3,Harshika,True
365,Muthuni,2,Muthuni_T2,Muthuni,True
365,Nadeera,4,Nadeera_T4,Nadeera,True
365,Thenuri,1,Thenuri_T1,Thenuri,True
366,Buddhini,2,Buddhini_T2,Buddhini,True
366,Harshika,3,Harshika_T3,Harshika,True
366,Muthuni,2,Muthuni_T2,Muthuni,True
366,Nadeera,4,Nadeera_T4,Nadeera,True
366,Thenuri,2,Thenuri_T2,Thenuri,True
367,Buddhini,2,Buddhini_T2,Buddhini,True
367,Harshika,3,Harshika_T3,Harshika,True
367,Muthuni,2,Muthuni_T2,Muthuni,True
367,Nadeera,4,Nadeera_T4,Nadeera,True
367,Thenuri,3,Thenuri_T3,Thenuri,True
368,Buddhini,2,Buddhini_T2,Buddhini,True
368,Harshika,3,Harshika_T3,Harshika,True
368,Muthuni,2,Muthuni_T2,Muthuni,True
368,Nadeera,4,Nadeera_T4,Nadeera,True
368,Thenuri,4,Thenuri_T4,Thenuri,True
369,Buddhini,2,Buddhini_T2,Buddhini,True
369,Harshika,3,Harshika_T3,Harshika,True
369,Muthuni,3,Muthuni_T3,Muthuni,True
369,Nadeera,1,Nadeera_T1,Nadeera,True
369,Thenuri,1,Thenuri_T1,Thenuri,True
370,Buddhini,2,Buddhini_T2,Buddhini,True
370,Harshika,3,Harshika_T3,Harshika,True
370,Muthuni,3,Muthuni_T3,Muthuni,True
370,Nadeera,1,Nadeera_T1,Nadeera,True
370,Thenuri,2,Thenuri_T2,Thenuri,True
371,Buddhini,2,Buddhini_T2,Buddhini,True
371,Harshika,3,Harshika_T3,Harshika,True
371,Muthuni,3,Muthuni_T3,Muthuni,True
371,Nadeera,1,Nadeera_T1,Nadeera,True
371,Thenuri,3,Thenuri_T3,Thenuri,True
372,Buddhini,2,Buddhini_T2,Buddhini,True
372,Harshika,3,Harshika_T3,Harshika,True
372,Muthuni,3,Muthuni_T3,Muthuni,True
372,Nadeera,1,Nadeera_T1,Nadeera,True
372,Thenuri,4,Thenuri_T4,Thenuri,True
373,Buddhini,2,Buddhini_T2,Buddhini,True
373,Harshika,3,Harshika_T3,Harshika,True
373,Muthuni,3,Muthuni_T3,Muthuni,True
373,Nadeera,2,Nadeera_T2,Nadeera,True
373,Thenuri,1,Thenuri_T1,Thenuri,True
374,Buddhini,2,Buddhini_T2,Buddhini,True
374,Harshika,3,Harshika_T3,Harshika,True
374,Muthuni,3,Muthuni_T3,Muthuni,True
374,Nadeera,2,Nadeera_T2,Nadeera,True
374,Thenuri,2,Thenuri_T2,Thenuri,True
375,Buddhini,2,Buddhini_T2,Buddhini,True
375,Harshika,3,Harshika_T3,Harshika,True
375,Muthuni,3,Muthuni_T3,Muthuni,True
375,Nadeera,2,Nadeera_T2,Nadeera,True
375,Thenuri,3,Thenuri_T3,Thenuri,True
376,Buddhini,2,Buddhini_T2,Buddhini,True
376,Harshika,3,Harshika_T3,Harshika,True
376,Muthuni,3,Muthuni_T3,Muthuni,True
376,Nadeera,2,Nadeera_T2,Nadeera,True
376,Thenuri,4,Thenuri_T4,Thenuri,True
377,Buddhini,2,Buddhini_T2,Buddhini,True
377,Harshika,3,Harshika_T3,Harshika,True
377,Muthuni,3,Muthuni_T3,Muthuni,True
377,Nadeera,3,Nadeera_T3,Nadeera,True
377,Thenuri,1,Thenuri_T1,Thenuri,True
378,Buddhini,2,Buddhini_T2,Buddhini,True
378,Harshika,3,Harshika_T3,Harshika,True
378,Muthuni,3,Muthuni_T3,Muthuni,True
378,Nadeera,3,Nadeera_T3,Nadeera,True
378,Thenuri,2,Thenuri_T2,Thenuri,True
379,Buddhini,2,Buddhini_T2,Buddhini,True
379,Harshika,3,Harshika_T3,Harshika,True
379,Muthuni,3,Muthuni_T3,Muthuni,True
379,Nadeera,3,Nadeera_T3,Nadeera,True
379,Thenuri,3,Thenuri_T3,Thenuri,True
380,Buddhini,2,Buddhini_T2,Buddhini,True
380,Harshika,3,Harshika_T3,Harshika,True
380,Muthuni,3,Muthuni_T3,Muthuni,True
380,Nadeera,3,Nadeera_T3,Nadeera,True
380,Thenuri,4,Thenuri_T4,Thenuri,True
381,Buddhini,2,Buddhini_T2,Buddhini,True
381,Harshika,3,Harshika_T3,Harshika,True
381,Muthuni,3,Muthuni_T3,Muthuni,True
381,Nadeera,4,Nadeera_T4,Nadeera,True
381,Thenuri,1,Thenuri_T1,Thenuri,True
382,Buddhini,2,Buddhini_T2,Buddhini,True
382,Harshika,3,Harshika_T3,Harshika,True
382,Muthuni,3,Muthuni_T3,Muthuni,True
382,Nadeera,4,Nadeera_T4,Nadeera,True
382,Thenuri,2,Thenuri_T2,Thenuri,True
383,Buddhini,2,Buddhini_T2,Buddhini,True
383,Harshika,3,Harshika_T3,Harshika,True
383,Muthuni,3,Muthuni_T3,Muthuni,True
383,Nadeera,4,Nadeera_T4,Nadeera,True
383,Thenuri,3,Thenuri_T3,Thenuri,True
384,Buddhini,2,Buddhini_T2,Buddhini,True
384,Harshika,3,Harshika_T3,Harshika,True
384,Muthuni,3,Muthuni_T3,Muthuni,True
384,Nadeera,4,Nadeera_T4,Nadeera,True
384,Thenuri,4,Thenuri_T4,Thenuri,True
385,Buddhini,2,Buddhini_T2,Buddhini,True
385,Harshika,4,Harshika_T4,Harshika,True
385,Muthuni,1,Muthuni_T1,Muthuni,True
385,Nadeera,1,Nadeera_T1,Nadeera,True
385,Thenuri,1,Thenuri_T1,Thenuri,True
386,Buddhini,2,Buddhini_T2,Buddhini,True
386,Harshika,4,Harshika_T4,Harshika,True
386,Muthuni,1,Muthuni_T1,Muthuni,True
386,Nadeera,1,Nadeera_T1,Nadeera,True
386,Thenuri,2,Thenuri_T2,Thenuri,True
387,Buddhini,2,Buddhini_T2,Buddhini,True
387,Harshika,4,Harshika_T4,Harshika,True
387,Muthuni,1,Muthuni_T1,Muthuni,True
387,Nadeera,1,Nadeera_T1,Nadeera,True
387,Thenuri,3,Thenuri_T3,Thenuri,True
388,Buddhini,2,Buddhini_T2,Buddhini,True
388,Harshika,4,Harshika_T4,Harshika,True
388,Muthuni,1,Muthuni_T1,Muthuni,True
388,Nadeera,1,Nadeera_T1,Nadeera,True
388,Thenuri,4,Thenuri_T4,Thenuri,True
389,Buddhini,2,Buddhini_T2,Buddhini,True
389,Harshika,4,Harshika_T4,Harshika,True
389,Muthuni,1,Muthuni_T1,Muthuni,True
389,Nadeera,2,Nadeera_T2,Nadeera,True
389,Thenuri,1,Thenuri_T1,Thenuri,True
390,Buddhini,2,Buddhini_T2,Buddhini,True
390,Harshika,4,Harshika_T4,Harshika,True
390,Muthuni,1,Muthuni_T1,Muthuni,True
390,Nadeera,2,Nadeera_T2,Nadeera,True
390,Thenuri,2,Thenuri_T2,Thenuri,True
391,Buddhini,2,Buddhini_T2,Buddhini,True
391,Harshika,4,Harshika_T4,Harshika,True
391,Muthuni,1,Muthuni_T1,Muthuni,True
391,Nadeera,2,Nadeera_T2,Nadeera,True
391,Thenuri,3,Thenuri_T3,Thenuri,True
392,Buddhini,2,Buddhini_T2,Buddhini,True
392,Harshika,4,Harshika_T4,Harshika,True
392,Muthuni,1,Muthuni_T1,Muthuni,True
392,Nadeera,2,Nadeera_T2,Nadeera,True
392,Thenuri,4,Thenuri_T4,Thenuri,True
393,Buddhini,2,Buddhini_T2,Buddhini,True
393,Harshika,4,Harshika_T4,Harshika,True
393,Muthuni,1,Muthuni_T1,Muthuni,True
393,Nadeera,3,Nadeera_T3,Nadeera,True
393,Thenuri,1,Thenuri_T1,Thenuri,True
394,Buddhini,2,Buddhini_T2,Buddhini,True
394,Harshika,4,Harshika_T4,Harshika,True
394,Muthuni,1,Muthuni_T1,Muthuni,True
394,Nadeera,3,Nadeera_T3,Nadeera,True
394,Thenuri,2,Thenuri_T2,Thenuri,True
395,Buddhini,2,Buddhini_T2,Buddhini,True
395,Harshika,4,Harshika_T4,Harshika,True
395,Muthuni,1,Muthuni_T1,Muthuni,True
395,Nadeera,3,Nadeera_T3,Nadeera,True
395,Thenuri,3,Thenuri_T3,Thenuri,True
396,Buddhini,2,Buddhini_T2,Buddhini,True
396,Harshika,4,Harshika_T4,Harshika,True
396,Muthuni,1,Muthuni_T1,Muthuni,True
396,Nadeera,3,Nadeera_T3,Nadeera,True
396,Thenuri,4,Thenuri_T4,Thenuri,True
397,Buddhini,2,Buddhini_T2,Buddhini,True
397,Harshika,4,Harshika_T4,Harshika,True
397,Muthuni,1,Muthuni_T1,Muthuni,True
397,Nadeera,4,Nadeera_T4,Nadeera,True
397,Thenuri,1,Thenuri_T1,Thenuri,True
398,Buddhini,2,Buddhini_T2,Buddhini,True
398,Harshika,4,Harshika_T4,Harshika,True
398,Muthuni,1,Muthuni_T1,Muthuni,True
398,Nadeera,4,Nadeera_T4,Nadeera,True
398,Thenuri,2,Thenuri_T2,Thenuri,True
399,Buddhini,2,Buddhini_T2,Buddhini,True
399,Harshika,4,Harshika_T4,Harshika,True
399,Muthuni,1,Muthuni_T1,Muthuni,True
399,Nadeera,4,Nadeera_T4,Nadeera,True
399,Thenuri,3,Thenuri_T3,Thenuri,True
400,Buddhini,2,Buddhini_T2,Buddhini,True
400,Harshika,4,Harshika_T4,Harshika,True
400,Muthuni,1,Muthuni_T1,Muthuni,True
400,Nadeera,4,Nadeera_T4,Nadeera,True
400,Thenuri,4,Thenuri_T4,Thenuri,True
401,Buddhini,2,Buddhini_T2,Buddhini,True
401,Harshika,4,Harshika_T4,Harshika,True
401,Muthuni,2,Muthuni_T2,Muthuni,True
401,Nadeera,1,Nadeera_T1,Nadeera,True
401,Thenuri,1,Thenuri_T1,Thenuri,True
402,Buddhini,2,Buddhini_T2,Buddhini,True
402,Harshika,4,Harshika_T4,Harshika,True
402,Muthuni,2,Muthuni_T2,Muthuni,True
402,Nadeera,1,Nadeera_T1,Nadeera,True
402,Thenuri,2,Thenuri_T2,Thenuri,True
403,Buddhini,2,Buddhini_T2,Buddhini,True
403,Harshika,4,Harshika_T4,Harshika,True
403,Muthuni,2,Muthuni_T2,Muthuni,True
403,Nadeera,1,Nadeera_T1,Nadeera,True
403,Thenuri,3,Thenuri_T3,Thenuri,True
404,Buddhini,2,Buddhini_T2,Buddhini,True
404,Harshika,4,Harshika_T4,Harshika,True
404,Muthuni,2,Muthuni_T2,Muthuni,True
404,Nadeera,1,Nadeera_T1,Nadeera,True
404,Thenuri,4,Thenuri_T4,Thenuri,True
405,Buddhini,2,Buddhini_T2,Buddhini,True
405,Harshika,4,Harshika_T4,Harshika,True
405,Muthuni,2,Muthuni_T2,Muthuni,True
405,Nadeera,2,Nadeera_T2,Nadeera,True
405,Thenuri,1,Thenuri_T1,Thenuri,True
406,Buddhini,2,Buddhini_T2,Buddhini,True
406,Harshika,4,Harshika_T4,Harshika,True
406,Muthuni,2,Muthuni_T2,Muthuni,True
406,Nadeera,2,Nadeera_T2,Nadeera,True
406,Thenuri,2,Thenuri_T2,Thenuri,True
407,Buddhini,2,Buddhini_T2,Buddhini,True
407,Harshika,4,Harshika_T4,Harshika,True
407,Muthuni,2,Muthuni_T2,Muthuni,True
407,Nadeera,2,Nadeera_T2,Nadeera,True
407,Thenuri,3,Thenuri_T3,Thenuri,True
408,Buddhini,2,Buddhini_T2,Buddhini,True
408,Harshika,4,Harshika_T4,Harshika,True
408,Muthuni,2,Muthuni_T2,Muthuni,True
408,Nadeera,2,Nadeera_T2,Nadeera,True
408,Thenuri,4,Thenuri_T4,Thenuri,True
409,Buddhini,2,Buddhini_T2,Buddhini,True
409,Harshika,4,Harshika_T4,Harshika,True
409,Muthuni,2,Muthuni_T2,Muthuni,True
409,Nadeera,3,Nadeera_T3,Nadeera,True
409,Thenuri,1,Thenuri_T1,Thenuri,True
410,Buddhini,2,Buddhini_T2,Buddhini,True
410,Harshika,4,Harshika_T4,Harshika,True
410,Muthuni,2,Muthuni_T2,Muthuni,True
410,Nadeera,3,Nadeera_T3,Nadeera,True
410,Thenuri,2,Thenuri_T2,Thenuri,True
411,Buddhini,2,Buddhini_T2,Buddhini,True
411,Harshika,4,Harshika_T4,Harshika,True
411,Muthuni,2,Muthuni_T2,Muthuni,True
411,Nadeera,3,Nadeera_T3,Nadeera,True
411,Thenuri,3,Thenuri_T3,Thenuri,True
412,Buddhini,2,Buddhini_T2,Buddhini,True
412,Harshika,4,Harshika_T4,Harshika,True
412,Muthuni,2,Muthuni_T2,Muthuni,True
412,Nadeera,3,Nadeera_T3,Nadeera,True
412,Thenuri,4,Thenuri_T4,Thenuri,True
413,Buddhini,2,Buddhini_T2,Buddhini,True
413,Harshika,4,Harshika_T4,Harshika,True
413,Muthuni,2,Muthuni_T2,Muthuni,True
413,Nadeera,4,Nadeera_T4,Nadeera,True
413,Thenuri,1,Thenuri_T1,Thenuri,True
414,Buddhini,2,Buddhini_T2,Buddhini,True
414,Harshika,4,Harshika_T4,Harshika,True
414,Muthuni,2,Muthuni_T2,Muthuni,True
414,Nadeera,4,Nadeera_T4,Nadeera,True
414,Thenuri,2,Thenuri_T2,Thenuri,True
415,Buddhini,2,Buddhini_T2,Buddhini,True
415,Harshika,4,Harshika_T4,Harshika,True
415,Muthuni,2,Muthuni_T2,Muthuni,True
415,Nadeera,4,Nadeera_T4,Nadeera,True
415,Thenuri,3,Thenuri_T3,Thenuri,True
416,Buddhini,2,Buddhini_T2,Buddhini,True
416,Harshika,4,Harshika_T4,Harshika,True
416,Muthuni,2,Muthuni_T2,Muthuni,True
416,Nadeera,4,Nadeera_T4,Nadeera,True
416,Thenuri,4,Thenuri_T4,Thenuri,True
417,Buddhini,2,Buddhini_T2,Buddhini,True
417,Harshika,4,Harshika_T4,Harshika,True
417,Muthuni,3,Muthuni_T3,Muthuni,True
417,Nadeera,1,Nadeera_T1,Nadeera,True
417,Thenuri,1,Thenuri_T1,Thenuri,True
418,Buddhini,2,Buddhini_T2,Buddhini,True
418,Harshika,4,Harshika_T4,Harshika,True
418,Muthuni,3,Muthuni_T3,Muthuni,True
418,Nadeera,1,Nadeera_T1,Nadeera,True
418,Thenuri,2,Thenuri_T2,Thenuri,True
419,Buddhini,2,Buddhini_T2,Buddhini,True
419,Harshika,4,Harshika_T4,Harshika,True
419,Muthuni,3,Muthuni_T3,Muthuni,True
419,Nadeera,1,Nadeera_T1,Nadeera,True
419,Thenuri,3,Thenuri_T3,Thenuri,True
420,Buddhini,2,Buddhini_T2,Buddhini,True
420,Harshika,4,Harshika_T4,Harshika,True
420,Muthuni,3,Muthuni_T3,Muthuni,True
420,Nadeera,1,Nadeera_T1,Nadeera,True
420,Thenuri,4,Thenuri_T4,Thenuri,True
421,Buddhini,2,Buddhini_T2,Buddhini,True
421,Harshika,4,Harshika_T4,Harshika,True
421,Muthuni,3,Muthuni_T3,Muthuni,True
421,Nadeera,2,Nadeera_T2,Nadeera,True
421,Thenuri,1,Thenuri_T1,Thenuri,True
422,Buddhini,2,Buddhini_T2,Buddhini,True
422,Harshika,4,Harshika_T4,Harshika,True
422,Muthuni,3,Muthuni_T3,Muthuni,True
422,Nadeera,2,Nadeera_T2,Nadeera,True
422,Thenuri,2,Thenuri_T2,Thenuri,True
423,Buddhini,2,Buddhini_T2,Buddhini,True
423,Harshika,4,Harshika_T4,Harshika,True
423,Muthuni,3,Muthuni_T3,Muthuni,True
423,Nadeera,2,Nadeera_T2,Nadeera,True
423,Thenuri,3,Thenuri_T3,Thenuri,True
424,Buddhini,2,Buddhini_T2,Buddhini,True
424,Harshika,4,Harshika_T4,Harshika,True
424,Muthuni,3,Muthuni_T3,Muthuni,True
424,Nadeera,2,Nadeera_T2,Nadeera,True
424,Thenuri,4,Thenuri_T4,Thenuri,True
425,Buddhini,2,Buddhini_T2,Buddhini,True
425,Harshika,4,Harshika_T4,Harshika,True
425,Muthuni,3,Muthuni_T3,Muthuni,True
425,Nadeera,3,Nadeera_T3,Nadeera,True
425,Thenuri,1,Thenuri_T1,Thenuri,True
426,Buddhini,2,Buddhini_T2,Buddhini,True
426,Harshika,4,Harshika_T4,Harshika,True
426,Muthuni,3,Muthuni_T3,Muthuni,True
426,Nadeera,3,Nadeera_T3,Nadeera,True
426,Thenuri,2,Thenuri_T2,Thenuri,True
427,Buddhini,2,Buddhini_T2,Buddhini,True
427,Harshika,4,Harshika_T4,Harshika,True
427,Muthuni,3,Muthuni_T3,Muthuni,True
427,Nadeera,3,Nadeera_T3,Nadeera,True
427,Thenuri,3,Thenuri_T3,Thenuri,True
428,Buddhini,2,Buddhini_T2,Buddhini,True
428,Harshika,4,Harshika_T4,Harshika,True
428,Muthuni,3,Muthuni_T3,Muthuni,True
428,Nadeera,3,Nadeera_T3,Nadeera,True
428,Thenuri,4,Thenuri_T4,Thenuri,True
429,Buddhini,2,Buddhini_T2,Buddhini,True
429,Harshika,4,Harshika_T4,Harshika,True
429,Muthuni,3,Muthuni_T3,Muthuni,True
429,Nadeera,4,Nadeera_T4,Nadeera,True
429,Thenuri,1,Thenuri_T1,Thenuri,True
430,Buddhini,2,Buddhini_T2,Buddhini,True
430,Harshika,4,Harshika_T4,Harshika,True
430,Muthuni,3,Muthuni_T3,Muthuni,True
430,Nadeera,4,Nadeera_T4,Nadeera,True
430,Thenuri,2,Thenuri_T2,Thenuri,True
431,Buddhini,2,Buddhini_T2,Buddhini,True
431,Harshika,4,Harshika_T4,Harshika,True
431,Muthuni,3,Muthuni_T3,Buddhini,False
431,Nadeera,4,Nadeera_T4,Nadeera,True
431,Thenuri,3,Thenuri_T3,Thenuri,True
432,Buddhini,2,Buddhini_T2,Buddhini,True
432,Harshika,4,Harshika_T4,Harshika,True
432,Muthuni,3,Muthuni_T3,Muthuni,True
432,Nadeera,4,Nadeera_T4,Nadeera,True
432,Thenuri,4,Thenuri_T4,Thenuri,True
433,Buddhini,2,Buddhini_T2,Buddhini,True
433,Harshika,5,Harshika_T5,Harshika,True
433,Muthuni,1,Muthuni_T1,Muthuni,True
433,Nadeera,1,Nadeera_T1,Nadeera,True
433,Thenuri,1,Thenuri_T1,Thenuri,True
434,Buddhini,2,Buddhini_T2,Buddhini,True
434,Harshika,5,Harshika_T5,Harshika,True
434,Muthuni,1,Muthuni_T1,Muthuni,True
434,Nadeera,1,Nadeera_T1,Nadeera,True
434,Thenuri,2,Thenuri_T2,Thenuri,True
435,Buddhini,2,Buddhini_T2,Buddhini,True
435,Harshika,5,Harshika_T5,Harshika,True
435,Muthuni,1,Muthuni_T1,Muthuni,True
435,Nadeera,1,Nadeera_T1,Nadeera,True
435,Thenuri,3,Thenuri_T3,Thenuri,True
436,Buddhini,2,Buddhini_T2,Buddhini,True
436,Harshika,5,Harshika_T5,Harshika,True
436,Muthuni,1,Muthuni_T1,Muthuni,True
436,Nadeera,1,Nadeera_T1,Nadeera,True
436,Thenuri,4,Thenuri_T4,Thenuri,True
437,Buddhini,2,Buddhini_T2,Buddhini,True
437,Harshika,5,Harshika_T5,Harshika,True
437,Muthuni,1,Muthuni_T1,Muthuni,True
437,Nadeera,2,Nadeera_T2,Nadeera,True
437,Thenuri,1,Thenuri_T1,Thenuri,True
438,Buddhini,2,Buddhini_T2,Buddhini,True
438,Harshika,5,Harshika_T5,Harshika,True
438,Muthuni,1,Muthuni_T1,Muthuni,True
438,Nadeera,2,Nadeera_T2,Nadeera,True
438,Thenuri,2,Thenuri_T2,Thenuri,True
439,Buddhini,2,Buddhini_T2,Buddhini,True
439,Harshika,5,Harshika_T5,Harshika,True
439,Muthuni,1,Muthuni_T1,Muthuni,True
439,Nadeera,2,Nadeera_T2,Nadeera,True
439,Thenuri,3,Thenuri_T3,Thenuri,True
440,Buddhini,2,Buddhini_T2,Buddhini,True
440,Harshika,5,Harshika_T5,Harshika,True
440,Muthuni,1,Muthuni_T1,Muthuni,True
440,Nadeera,2,Nadeera_T2,Nadeera,True
440,Thenuri,4,Thenuri_T4,Thenuri,True
441,Buddhini,2,Buddhini_T2,Buddhini,True
441,Harshika,5,Harshika_T5,Harshika,True
441,Muthuni,1,Muthuni_T1,Muthuni,True
441,Nadeera,3,Nadeera_T3,Nadeera,True
441,Thenuri,1,Thenuri_T1,Thenuri,True
442,Buddhini,2,Buddhini_T2,Buddhini,True
442,Harshika,5,Harshika_T5,Harshika,True
442,Muthuni,1,Muthuni_T1,Muthuni,True
442,Nadeera,3,Nadeera_T3,Nadeera,True
442,Thenuri,2,Thenuri_T2,Thenuri,True
443,Buddhini,2,Buddhini_T2,Buddhini,True
443,Harshika,5,Harshika_T5,Harshika,True
443,Muthuni,1,Muthuni_T1,Muthuni,True
443,Nadeera,3,Nadeera_T3,Nadeera,True
443,Thenuri,3,Thenuri_T3,Thenuri,True
444,Buddhini,2,Buddhini_T2,Buddhini,True
444,Harshika,5,Harshika_T5,Harshika,True
444,Muthuni,1,Muthuni_T1,Muthuni,True
444,Nadeera,3,Nadeera_T3,Nadeera,True
444,Thenuri,4,Thenuri_T4,Thenuri,True
445,Buddhini,2,Buddhini_T2,Buddhini,True
445,Harshika,5,Harshika_T5,Harshika,True
445,Muthuni,1,Muthuni_T1,Muthuni,True
445,Nadeera,4,Nadeera_T4,Nadeera,True
445,Thenuri,1,Thenuri_T1,Thenuri,True
446,Buddhini,2,Buddhini_T2,Buddhini,True
446,Harshika,5,Harshika_T5,Harshika,True
446,Muthuni,1,Muthuni_T1,Muthuni,True
446,Nadeera,4,Nadeera_T4,Nadeera,True
446,Thenuri,2,Thenuri_T2,Thenuri,True
447,Buddhini,2,Buddhini_T2,Buddhini,True
447,Harshika,5,Harshika_T5,Harshika,True
447,Muthuni,1,Muthuni_T1,Muthuni,True
447,Nadeera,4,Nadeera_T4,Nadeera,True
447,Thenuri,3,Thenuri_T3,Thenuri,True
448,Buddhini,2,Buddhini_T2,Buddhini,True
448,Harshika,5,Harshika_T5,Harshika,True
448,Muthuni,1,Muthuni_T1,Muthuni,True
448,Nadeera,4,Nadeera_T4,Nadeera,True
448,Thenuri,4,Thenuri_T4,Thenuri,True
449,Buddhini,2,Buddhini_T2,Buddhini,True
449,Harshika,5,Harshika_T5,Harshika,True
449,Muthuni,2,Muthuni_T2,Muthuni,True
449,Nadeera,1,Nadeera_T1,Nadeera,True
449,Thenuri,1,Thenuri_T1,Thenuri,True
450,Buddhini,2,Buddhini_T2,Buddhini,True
450,Harshika,5,Harshika_T5,Harshika,True
450,Muthuni,2,Muthuni_T2,Muthuni,True
450,Nadeera,1,Nadeera_T1,Nadeera,True
450,Thenuri,2,Thenuri_T2,Thenuri,True
451,Buddhini,2,Buddhini_T2,Buddhini,True
451,Harshika,5,Harshika_T5,Harshika,True
451,Muthuni,2,Muthuni_T2,Muthuni,True
451,Nadeera,1,Nadeera_T1,Nadeera,True
451,Thenuri,3,Thenuri_T3,Thenuri,True
452,Buddhini,2,Buddhini_T2,Buddhini,True
452,Harshika,5,Harshika_T5,Harshika,True
452,Muthuni,2,Muthuni_T2,Muthuni,True
452,Nadeera,1,Nadeera_T1,Nadeera,True
452,Thenuri,4,Thenuri_T4,Thenuri,True
453,Buddhini,2,Buddhini_T2,Buddhini,True
453,Harshika,5,Harshika_T5,Harshika,True
453,Muthuni,2,Muthuni_T2,Muthuni,True
453,Nadeera,2,Nadeera_T2,Nadeera,True
453,Thenuri,1,Thenuri_T1,Thenuri,True
454,Buddhini,2,Buddhini_T2,Buddhini,True
454,Harshika,5,Harshika_T5,Harshika,True
454,Muthuni,2,Muthuni_T2,Muthuni,True
454,Nadeera,2,Nadeera_T2,Nadeera,True
454,Thenuri,2,Thenuri_T2,Thenuri,True
455,Buddhini,2,Buddhini_T2,Buddhini,True
455,Harshika,5,Harshika_T5,Harshika,True
455,Muthuni,2,Muthuni_T2,Muthuni,True
455,Nadeera,2,Nadeera_T2,Nadeera,True
455,Thenuri,3,Thenuri_T3,Thenuri,True
456,Buddhini,2,Buddhini_T2,Buddhini,True
456,Harshika,5,Harshika_T5,Harshika,True
456,Muthuni,2,Muthuni_T2,Muthuni,True
456,Nadeera,2,Nadeera_T2,Nadeera,True
456,Thenuri,4,Thenuri_T4,Thenuri,True
457,Buddhini,2,Buddhini_T2,Buddhini,True
457,Harshika,5,Harshika_T5,Harshika,True
457,Muthuni,2,Muthuni_T2,Muthuni,True
457,Nadeera,3,Nadeera_T3,Nadeera,True
457,Thenuri,1,Thenuri_T1,Thenuri,True
458,Buddhini,2,Buddhini_T2,Buddhini,True
458,Harshika,5,Harshika_T5,Harshika,True
458,Muthuni,2,Muthuni_T2,Muthuni,True
458,Nadeera,3,Nadeera_T3,Nadeera,True
458,Thenuri,2,Thenuri_T2,Thenuri,True
459,Buddhini,2,Buddhini_T2,Buddhini,True
459,Harshika,5,Harshika_T5,Harshika,True
459,Muthuni,2,Muthuni_T2,Muthuni,True
459,Nadeera,3,Nadeera_T3,Nadeera,True
459,Thenuri,3,Thenuri_T3,Thenuri,True
460,Buddhini,2,Buddhini_T2,Buddhini,True
460,Harshika,5,Harshika_T5,Harshika,True
460,Muthuni,2,Muthuni_T2,Muthuni,True
460,Nadeera,3,Nadeera_T3,Nadeera,True
460,Thenuri,4,Thenuri_T4,Thenuri,True
461,Buddhini,2,Buddhini_T2,Buddhini,True
461,Harshika,5,Harshika_T5,Harshika,True
461,Muthuni,2,Muthuni_T2,Muthuni,True
461,Nadeera,4,Nadeera_T4,Nadeera,True
461,Thenuri,1,Thenuri_T1,Thenuri,True
462,Buddhini,2,Buddhini_T2,Buddhini,True
462,Harshika,5,Harshika_T5,Harshika,True
462,Muthuni,2,Muthuni_T2,Muthuni,True
462,Nadeera,4,Nadeera_T4,Nadeera,True
462,Thenuri,2,Thenuri_T2,Thenuri,True
463,Buddhini,2,Buddhini_T2,Buddhini,True
463,Harshika,5,Harshika_T5,Harshika,True
463,Muthuni,2,Muthuni_T2,Muthuni,True
463,Nadeera,4,Nadeera_T4,Nadeera,True
463,Thenuri,3,Thenuri_T3,Thenuri,True
464,Buddhini,2,Buddhini_T2,Buddhini,True
464,Harshika,5,Harshika_T5,Harshika,True
464,Muthuni,2,Muthuni_T2,Muthuni,True
464,Nadeera,4,Nadeera_T4,Nadeera,True
464,Thenuri,4,Thenuri_T4,Thenuri,True
465,Buddhini,2,Buddhini_T2,Buddhini,True
465,Harshika,5,Harshika_T5,Harshika,True
465,Muthuni,3,Muthuni_T3,Muthuni,True
465,Nadeera,1,Nadeera_T1,Nadeera,True
465,Thenuri,1,Thenuri_T1,Thenuri,True
466,Buddhini,2,Buddhini_T2,Buddhini,True
466,Harshika,5,Harshika_T5,Harshika,True
466,Muthuni,3,Muthuni_T3,Muthuni,True
466,Nadeera,1,Nadeera_T1,Nadeera,True
466,Thenuri,2,Thenuri_T2,Thenuri,True
467,Buddhini,2,Buddhini_T2,Buddhini,True
467,Harshika,5,Harshika_T5,Harshika,True
467,Muthuni,3,Muthuni_T3,Muthuni,True
467,Nadeera,1,Nadeera_T1,Nadeera,True
467,Thenuri,3,Thenuri_T3,Thenuri,True
468,Buddhini,2,Buddhini_T2,Buddhini,True
468,Harshika,5,Harshika_T5,Harshika,True
468,Muthuni,3,Muthuni_T3,Muthuni,True
468,Nadeera,1,Nadeera_T1,Nadeera,True
468,Thenuri,4,Thenuri_T4,Thenuri,True
469,Buddhini,2,Buddhini_T2,Buddhini,True
469,Harshika,5,Harshika_T5,Harshika,True
469,Muthuni,3,Muthuni_T3,Muthuni,True
469,Nadeera,2,Nadeera_T2,Nadeera,True
469,Thenuri,1,Thenuri_T1,Thenuri,True
470,Buddhini,2,Buddhini_T2,Buddhini,True
470,Harshika,5,Harshika_T5,Harshika,True
470,Muthuni,3,Muthuni_T3,Muthuni,True
470,Nadeera,2,Nadeera_T2,Nadeera,True
470,Thenuri,2,Thenuri_T2,Thenuri,True
471,Buddhini,2,Buddhini_T2,Buddhini,True
471,Harshika,5,Harshika_T5,Harshika,True
471,Muthuni,3,Muthuni_T3,Muthuni,True
471,Nadeera,2,Nadeera_T2,Nadeera,True
471,Thenuri,3,Thenuri_T3,Thenuri,True
472,Buddhini,2,Buddhini_T2,Buddhini,True
472,Harshika,5,Harshika_T5,Harshika,True
472,Muthuni,3,Muthuni_T3,Muthuni,True
472,Nadeera,2,Nadeera_T2,Nadeera,True
472,Thenuri,4,Thenuri_T4,Thenuri,True
473,Buddhini,2,Buddhini_T2,Buddhini,True
473,Harshika,5,Harshika_T5,Harshika,True
473,Muthuni,3,Muthuni_T3,Muthuni,True
473,Nadeera,3,Nadeera_T3,Nadeera,True
473,Thenuri,1,Thenuri_T1,Thenuri,True
474,Buddhini,2,Buddhini_T2,Buddhini,True
474,Harshika,5,Harshika_T5,Harshika,True
474,Muthuni,3,Muthuni_T3,Muthuni,True
474,Nadeera,3,Nadeera_T3,Nadeera,True
474,Thenuri,2,Thenuri_T2,Thenuri,True
475,Buddhini,2,Buddhini_T2,Buddhini,True
475,Harshika,5,Harshika_T5,Harshika,True
475,Muthuni,3,Muthuni_T3,Muthuni,True
475,Nadeera,3,Nadeera_T3,Nadeera,True
475,Thenuri,3,Thenuri_T3,Thenuri,True
476,Buddhini,2,Buddhini_T2,Buddhini,True
476,Harshika,5,Harshika_T5,Harshika,True
476,Muthuni,3,Muthuni_T3,Muthuni,True
476,Nadeera,3,Nadeera_T3,Nadeera,True
476,Thenuri,4,Thenuri_T4,Thenuri,True
477,Buddhini,2,Buddhini_T2,Buddhini,True
477,Harshika,5,Harshika_T5,Harshika,True
477,Muthuni,3,Muthuni_T3,Muthuni,True
477,Nadeera,4,Nadeera_T4,Nadeera,True
477,Thenuri,1,Thenuri_T1,Thenuri,True
478,Buddhini,2,Buddhini_T2,Buddhini,True
478,Harshika,5,Harshika_T5,Harshika,True
478,Muthuni,3,Muthuni_T3,Muthuni,True
478,Nadeera,4,Nadeera_T4,Nadeera,True
478,Thenuri,2,Thenuri_T2,Thenuri,True
479,Buddhini,2,Buddhini_T2,Buddhini,True
479,Harshika,5,Harshika_T5,Harshika,True
479,Muthuni,3,Muthuni_T3,Muthuni,True
479,Nadeera,4,Nadeera_T4,Nadeera,True
479,Thenuri,3,Thenuri_T3,Thenuri,True
480,Buddhini,2,Buddhini_T2,Buddhini,True
480,Harshika,5,Harshika_T5,Harshika,True
480,Muthuni,3,Muthuni_T3,Muthuni,True
480,Nadeera,4,Nadeera_T4,Nadeera,True
480,Thenuri,4,Thenuri_T4,Thenuri,True
481,Buddhini,3,Buddhini_T3,Buddhini,True
481,Harshika,1,Harshika_T1,Harshika,True
481,Muthuni,1,Muthuni_T1,Muthuni,True
481,Nadeera,1,Nadeera_T1,Nadeera,True
481,Thenuri,1,Thenuri_T1,Thenuri,True
482,Buddhini,3,Buddhini_T3,Buddhini,True
482,Harshika,1,Harshika_T1,Harshika,True
482,Muthuni,1,Muthuni_T1,Muthuni,True
482,Nadeera,1,Nadeera_T1,Nadeera,True
482,Thenuri,2,Thenuri_T2,Thenuri,True
483,Buddhini,3,Buddhini_T3,Buddhini,True
483,Harshika,1,Harshika_T1,Harshika,True
483,Muthuni,1,Muthuni_T1,Muthuni,True
483,Nadeera,1,Nadeera_T1,Nadeera,True
483,Thenuri,3,Thenuri_T3,Thenuri,True
484,Buddhini,3,Buddhini_T3,Buddhini,True
484,Harshika,1,Harshika_T1,Harshika,True
484,Muthuni,1,Muthuni_T1,Muthuni,True
484,Nadeera,1,Nadeera_T1,Nadeera,True
484,Thenuri,4,Thenuri_T4,Thenuri,True
485,Buddhini,3,Buddhini_T3,Buddhini,True
485,Harshika,1,Harshika_T1,Harshika,True
485,Muthuni,1,Muthuni_T1,Muthuni,True
485,Nadeera,2,Nadeera_T2,Nadeera,True
485,Thenuri,1,Thenuri_T1,Thenuri,True
486,Buddhini,3,Buddhini_T3,Buddhini,True
486,Harshika,1,Harshika_T1,Harshika,True
486,Muthuni,1,Muthuni_T1,Muthuni,True
486,Nadeera,2,Nadeera_T2,Nadeera,True
486,Thenuri,2,Thenuri_T2,Thenuri,True
487,Buddhini,3,Buddhini_T3,Buddhini,True
487,Harshika,1,Harshika_T1,Harshika,True
487,Muthuni,1,Muthuni_T1,Muthuni,True
487,Nadeera,2,Nadeera_T2,Nadeera,True
487,Thenuri,3,Thenuri_T3,Thenuri,True
488,Buddhini,3,Buddhini_T3,Buddhini,True
488,Harshika,1,Harshika_T1,Harshika,True
488,Muthuni,1,Muthuni_T1,Muthuni,True
488,Nadeera,2,Nadeera_T2,Nadeera,True
488,Thenuri,4,Thenuri_T4,Thenuri,True
489,Buddhini,3,Buddhini_T3,Buddhini,True
489,Harshika,1,Harshika_T1,Harshika,True
489,Muthuni,1,Muthuni_T1,Muthuni,True
489,Nadeera,3,Nadeera_T3,Nadeera,True
489,Thenuri,1,Thenuri_T1,Thenuri,True
490,Buddhini,3,Buddhini_T3,Buddhini,True
490,Harshika,1,Harshika_T1,Harshika,True
490,Muthuni,1,Muthuni_T1,Muthuni,True
490,Nadeera,3,Nadeera_T3,Nadeera,True
490,Thenuri,2,Thenuri_T2,Thenuri,True
491,Buddhini,3,Buddhini_T3,Buddhini,True
491,Harshika,1,Harshika_T1,Harshika,True
491,Muthuni,1,Muthuni_T1,Muthuni,True
491,Nadeera,3,Nadeera_T3,Nadeera,True
491,Thenuri,3,Thenuri_T3,Thenuri,True
492,Buddhini,3,Buddhini_T3,Buddhini,True
492,Harshika,1,Harshika_T1,Harshika,True
492,Muthuni,1,Muthuni_T1,Muthuni,True
492,Nadeera,3,Nadeera_T3,Nadeera,True
492,Thenuri,4,Thenuri_T4,Thenuri,True
493,Buddhini,3,Buddhini_T3,Buddhini,True
493,Harshika,1,Harshika_T1,Harshika,True
493,Muthuni,1,Muthuni_T1,Muthuni,True
493,Nadeera,4,Nadeera_T4,Nadeera,True
493,Thenuri,1,Thenuri_T1,Thenuri,True
494,Buddhini,3,Buddhini_T3,Buddhini,True
494,Harshika,1,Harshika_T1,Harshika,True
494,Muthuni,1,Muthuni_T1,Muthuni,True
494,Nadeera,4,Nadeera_T4,Nadeera,True
494,Thenuri,2,Thenuri_T2,Thenuri,True
495,Buddhini,3,Buddhini_T3,Buddhini,True
495,Harshika,1,Harshika_T1,Harshika,True
495,Muthuni,1,Muthuni_T1,Muthuni,True
495,Nadeera,4,Nadeera_T4,Nadeera,True
495,Thenuri,3,Thenuri_T3,Thenuri,True
496,Buddhini,3,Buddhini_T3,Buddhini,True
496,Harshika,1,Harshika_T1,Harshika,True
496,Muthuni,1,Muthuni_T1,Muthuni,True
496,Nadeera,4,Nadeera_T4,Nadeera,True
496,Thenuri,4,Thenuri_T4,Thenuri,True
497,Buddhini,3,Buddhini_T3,Buddhini,True
497,Harshika,1,Harshika_T1,Harshika,True
497,Muthuni,2,Muthuni_T2,Muthuni,True
497,Nadeera,1,Nadeera_T1,Nadeera,True
497,Thenuri,1,Thenuri_T1,Thenuri,True
498,Buddhini,3,Buddhini_T3,Buddhini,True
498,Harshika,1,Harshika_T1,Harshika,True
498,Muthuni,2,Muthuni_T2,Muthuni,True
498,Nadeera,1,Nadeera_T1,Nadeera,True
498,Thenuri,2,Thenuri_T2,Thenuri,True
499,Buddhini,3,Buddhini_T3,Buddhini,True
499,Harshika,1,Harshika_T1,Harshika,True
499,Muthuni,2,Muthuni_T2,Muthuni,True
499,Nadeera,1,Nadeera_T1,Nadeera,True
499,Thenuri,3,Thenuri_T3,Thenuri,True
500,Buddhini,3,Buddhini_T3,Buddhini,True
500,Harshika,1,Harshika_T1,Harshika,True
500,Muthuni,2,Muthuni_T2,Muthuni,True
500,Nadeera,1,Nadeera_T1,Nadeera,True
500,Thenuri,4,Thenuri_T4,Thenuri,True
501,Buddhini,3,Buddhini_T3,Buddhini,True
501,Harshika,1,Harshika_T1,Harshika,True
501,Muthuni,2,Muthuni_T2,Muthuni,True
501,Nadeera,2,Nadeera_T2,Nadeera,True
501,Thenuri,1,Thenuri_T1,Thenuri,True
502,Buddhini,3,Buddhini_T3,Buddhini,True
502,Harshika,1,Harshika_T1,Harshika,True
502,Muthuni,2,Muthuni_T2,Muthuni,True
502,Nadeera,2,Nadeera_T2,Nadeera,True
502,Thenuri,2,Thenuri_T2,Thenuri,True
503,Buddhini,3,Buddhini_T3,Buddhini,True
503,Harshika,1,Harshika_T1,Harshika,True
503,Muthuni,2,Muthuni_T2,Muthuni,True
503,Nadeera,2,Nadeera_T2,Nadeera,True
503,Thenuri,3,Thenuri_T3,Thenuri,True
504,Buddhini,3,Buddhini_T3,Buddhini,True
504,Harshika,1,Harshika_T1,Harshika,True
504,Muthuni,2,Muthuni_T2,Muthuni,True
504,Nadeera,2,Nadeera_T2,Nadeera,True
504,Thenuri,4,Thenuri_T4,Thenuri,True
505,Buddhini,3,Buddhini_T3,Buddhini,True
505,Harshika,1,Harshika_T1,Harshika,True
505,Muthuni,2,Muthuni_T2,Muthuni,True
505,Nadeera,3,Nadeera_T3,Nadeera,True
505,Thenuri,1,Thenuri_T1,Thenuri,True
506,Buddhini,3,Buddhini_T3,Buddhini,True
506,Harshika,1,Harshika_T1,Harshika,True
506,Muthuni,2,Muthuni_T2,Muthuni,True
506,Nadeera,3,Nadeera_T3,Nadeera,True
506,Thenuri,2,Thenuri_T2,Thenuri,True
507,Buddhini,3,Buddhini_T3,Buddhini,True
507,Harshika,1,Harshika_T1,Harshika,True
507,Muthuni,2,Muthuni_T2,Muthuni,True
507,Nadeera,3,Nadeera_T3,Nadeera,True
507,Thenuri,3,Thenuri_T3,Thenuri,True
508,Buddhini,3,Buddhini_T3,Buddhini,True
508,Harshika,1,Harshika_T1,Harshika,True
508,Muthuni,2,Muthuni_T2,Muthuni,True
508,Nadeera,3,Nadeera_T3,Nadeera,True
508,Thenuri,4,Thenuri_T4,Thenuri,True
509,Buddhini,3,Buddhini_T3,Buddhini,True
509,Harshika,1,Harshika_T1,Harshika,True
509,Muthuni,2,Muthuni_T2,Muthuni,True
509,Nadeera,4,Nadeera_T4,Nadeera,True
509,Thenuri,1,Thenuri_T1,Thenuri,True
510,Buddhini,3,Buddhini_T3,Buddhini,True
510,Harshika,1,Harshika_T1,Harshika,True
510,Muthuni,2,Muthuni_T2,Muthuni,True
510,Nadeera,4,Nadeera_T4,Nadeera,True
510,Thenuri,2,Thenuri_T2,Thenuri,True
511,Buddhini,3,Buddhini_T3,Buddhini,True
511,Harshika,1,Harshika_T1,Harshika,True
511,Muthuni,2,Muthuni_T2,Muthuni,True
511,Nadeera,4,Nadeera_T4,Nadeera,True
511,Thenuri,3,Thenuri_T3,Thenuri,True
512,Buddhini,3,Buddhini_T3,Buddhini,True
512,Harshika,1,Harshika_T1,Harshika,True
512,Muthuni,2,Muthuni_T2,Muthuni,True
512,Nadeera,4,Nadeera_T4,Nadeera,True
512,Thenuri,4,Thenuri_T4,Thenuri,True
513,Buddhini,3,Buddhini_T3,Buddhini,True
513,Harshika,1,Harshika_T1,Harshika,True
513,Muthuni,3,Muthuni_T3,Muthuni,True
513,Nadeera,1,Nadeera_T1,Nadeera,True
513,Thenuri,1,Thenuri_T1,Thenuri,True
514,Buddhini,3,Buddhini_T3,Buddhini,True
514,Harshika,1,Harshika_T1,Harshika,True
514,Muthuni,3,Muthuni_T3,Muthuni,True
514,Nadeera,1,Nadeera_T1,Nadeera,True
514,Thenuri,2,Thenuri_T2,Thenuri,True
515,Buddhini,3,Buddhini_T3,Buddhini,True
515,Harshika,1,Harshika_T1,Harshika,True
515,Muthuni,3,Muthuni_T3,Muthuni,True
515,Nadeera,1,Nadeera_T1,Nadeera,True
515,Thenuri,3,Thenuri_T3,Thenuri,True
516,Buddhini,3,Buddhini_T3,Buddhini,True
516,Harshika,1,Harshika_T1,Harshika,True
516,Muthuni,3,Muthuni_T3,Muthuni,True
516,Nadeera,1,Nadeera_T1,Nadeera,True
516,Thenuri,4,Thenuri_T4,Thenuri,True
517,Buddhini,3,Buddhini_T3,Buddhini,True
517,Harshika,1,Harshika_T1,Harshika,True
517,Muthuni,3,Muthuni_T3,Muthuni,True
517,Nadeera,2,Nadeera_T2,Nadeera,True
517,Thenuri,1,Thenuri_T1,Thenuri,True
518,Buddhini,3,Buddhini_T3,Buddhini,True
518,Harshika,1,Harshika_T1,Harshika,True
518,Muthuni,3,Muthuni_T3,Muthuni,True
518,Nadeera,2,Nadeera_T2,Nadeera,True
518,Thenuri,2,Thenuri_T2,Thenuri,True
519,Buddhini,3,Buddhini_T3,Buddhini,True
519,Harshika,1,Harshika_T1,Harshika,True
519,Muthuni,3,Muthuni_T3,Muthuni,True
519,Nadeera,2,Nadeera_T2,Nadeera,True
519,Thenuri,3,Thenuri_T3,Thenuri,True
520,Buddhini,3,Buddhini_T3,Buddhini,True
520,Harshika,1,Harshika_T1,Harshika,True
520,Muthuni,3,Muthuni_T3,Muthuni,True
520,Nadeera,2,Nadeera_T2,Nadeera,True
520,Thenuri,4,Thenuri_T4,Thenuri,True
521,Buddhini,3,Buddhini_T3,Buddhini,True
521,Harshika,1,Harshika_T1,Harshika,True
521,Muthuni,3,Muthuni_T3,Muthuni,True
521,Nadeera,3,Nadeera_T3,Nadeera,True
521,Thenuri,1,Thenuri_T1,Thenuri,True
522,Buddhini,3,Buddhini_T3,Buddhini,True
522,Harshika,1,Harshika_T1,Harshika,True
522,Muthuni,3,Muthuni_T3,Muthuni,True
522,Nadeera,3,Nadeera_T3,Nadeera,True
522,Thenuri,2,Thenuri_T2,Thenuri,True
523,Buddhini,3,Buddhini_T3,Buddhini,True
523,Harshika,1,Harshika_T1,Harshika,True
523,Muthuni,3,Muthuni_T3,Muthuni,True
523,Nadeera,3,Nadeera_T3,Nadeera,True
523,Thenuri,3,Thenuri_T3,Thenuri,True
524,Buddhini,3,Buddhini_T3,Buddhini,True
524,Harshika,1,Harshika_T1,Harshika,True
524,Muthuni,3,Muthuni_T3,Muthuni,True
524,Nadeera,3,Nadeera_T3,Nadeera,True
524,Thenuri,4,Thenuri_T4,Thenuri,True
525,Buddhini,3,Buddhini_T3,Buddhini,True
525,Harshika,1,Harshika_T1,Harshika,True
525,Muthuni,3,Muthuni_T3,Muthuni,True
525,Nadeera,4,Nadeera_T4,Nadeera,True
525,Thenuri,1,Thenuri_T1,Thenuri,True
526,Buddhini,3,Buddhini_T3,Buddhini,True
526,Harshika,1,Harshika_T1,Harshika,True
526,Muthuni,3,Muthuni_T3,Muthuni,True
526,Nadeera,4,Nadeera_T4,Nadeera,True
526,Thenuri,2,Thenuri_T2,Thenuri,True
527,Buddhini,3,Buddhini_T3,Buddhini,True
527,Harshika,1,Harshika_T1,Harshika,True
527,Muthuni,3,Muthuni_T3,Muthuni,True
527,Nadeera,4,Nadeera_T4,Nadeera,True
527,Thenuri,3,Thenuri_T3,Thenuri,True
528,Buddhini,3,Buddhini_T3,Buddhini,True
528,Harshika,1,Harshika_T1,Harshika,True
528,Muthuni,3,Muthuni_T3,Muthuni,True
528,Nadeera,4,Nadeera_T4,Nadeera,True
528,Thenuri,4,Thenuri_T4,Thenuri,True
529,Buddhini,3,Buddhini_T3,Buddhini,True
529,Harshika,2,Harshika_T2,Harshika,True
529,Muthuni,1,Muthuni_T1,Muthuni,True
529,Nadeera,1,Nadeera_T1,Nadeera,True
529,Thenuri,1,Thenuri_T1,Thenuri,True
530,Buddhini,3,Buddhini_T3,Buddhini,True
530,Harshika,2,Harshika_T2,Harshika,True
530,Muthuni,1,Muthuni_T1,Muthuni,True
530,Nadeera,1,Nadeera_T1,Nadeera,True
530,Thenuri,2,Thenuri_T2,Thenuri,True
531,Buddhini,3,Buddhini_T3,Buddhini,True
531,Harshika,2,Harshika_T2,Harshika,True
531,Muthuni,1,Muthuni_T1,Muthuni,True
531,Nadeera,1,Nadeera_T1,Nadeera,True
531,Thenuri,3,Thenuri_T3,Thenuri,True
532,Buddhini,3,Buddhini_T3,Buddhini,True
532,Harshika,2,Harshika_T2,Harshika,True
532,Muthuni,1,Muthuni_T1,Muthuni,True
532,Nadeera,1,Nadeera_T1,Nadeera,True
532,Thenuri,4,Thenuri_T4,Thenuri,True
533,Buddhini,3,Buddhini_T3,Buddhini,True
533,Harshika,2,Harshika_T2,Harshika,True
533,Muthuni,1,Muthuni_T1,Muthuni,True
533,Nadeera,2,Nadeera_T2,Nadeera,True
533,Thenuri,1,Thenuri_T1,Thenuri,True
534,Buddhini,3,Buddhini_T3,Buddhini,True
534,Harshika,2,Harshika_T2,Harshika,True
534,Muthuni,1,Muthuni_T1,Muthuni,True
534,Nadeera,2,Nadeera_T2,Nadeera,True
534,Thenuri,2,Thenuri_T2,Thenuri,True
535,Buddhini,3,Buddhini_T3,Buddhini,True
535,Harshika,2,Harshika_T2,Harshika,True
535,Muthuni,1,Muthuni_T1,Muthuni,True
535,Nadeera,2,Nadeera_T2,Nadeera,True
535,Thenuri,3,Thenuri_T3,Thenuri,True
536,Buddhini,3,Buddhini_T3,Buddhini,True
536,Harshika,2,Harshika_T2,Harshika,True
536,Muthuni,1,Muthuni_T1,Muthuni,True
536,Nadeera,2,Nadeera_T2,Nadeera,True
536,Thenuri,4,Thenuri_T4,Thenuri,True
537,Buddhini,3,Buddhini_T3,Buddhini,True
537,Harshika,2,Harshika_T2,Harshika,True
537,Muthuni,1,Muthuni_T1,Muthuni,True
537,Nadeera,3,Nadeera_T3,Nadeera,True
537,Thenuri,1,Thenuri_T1,Thenuri,True
538,Buddhini,3,Buddhini_T3,Buddhini,True
538,Harshika,2,Harshika_T2,Harshika,True
538,Muthuni,1,Muthuni_T1,Muthuni,True
538,Nadeera,3,Nadeera_T3,Nadeera,True
538,Thenuri,2,Thenuri_T2,Thenuri,True
539,Buddhini,3,Buddhini_T3,Buddhini,True
539,Harshika,2,Harshika_T2,Harshika,True
539,Muthuni,1,Muthuni_T1,Muthuni,True
539,Nadeera,3,Nadeera_T3,Nadeera,True
539,Thenuri,3,Thenuri_T3,Thenuri,True
540,Buddhini,3,Buddhini_T3,Buddhini,True
540,Harshika,2,Harshika_T2,Harshika,True
540,Muthuni,1,Muthuni_T1,Muthuni,True
540,Nadeera,3,Nadeera_T3,Nadeera,True
540,Thenuri,4,Thenuri_T4,Thenuri,True
541,Buddhini,3,Buddhini_T3,Buddhini,True
541,Harshika,2,Harshika_T2,Harshika,True
541,Muthuni,1,Muthuni_T1,Muthuni,True
541,Nadeera,4,Nadeera_T4,Nadeera,True
541,Thenuri,1,Thenuri_T1,Thenuri,True
542,Buddhini,3,Buddhini_T3,Buddhini,True
542,Harshika,2,Harshika_T2,Harshika,True
542,Muthuni,1,Muthuni_T1,Muthuni,True
542,Nadeera,4,Nadeera_T4,Nadeera,True
542,Thenuri,2,Thenuri_T2,Thenuri,True
543,Buddhini,3,Buddhini_T3,Buddhini,True
543,Harshika,2,Harshika_T2,Harshika,True
543,Muthuni,1,Muthuni_T1,Muthuni,True
543,Nadeera,4,Nadeera_T4,Nadeera,True
543,Thenuri,3,Thenuri_T3,Thenuri,True
544,Buddhini,3,Buddhini_T3,Buddhini,True
544,Harshika,2,Harshika_T2,Harshika,True
544,Muthuni,1,Muthuni_T1,Muthuni,True
544,Nadeera,4,Nadeera_T4,Nadeera,True
544,Thenuri,4,Thenuri_T4,Thenuri,True
545,Buddhini,3,Buddhini_T3,Buddhini,True
545,Harshika,2,Harshika_T2,Harshika,True
545,Muthuni,2,Muthuni_T2,Muthuni,True
545,Nadeera,1,Nadeera_T1,Nadeera,True
545,Thenuri,1,Thenuri_T1,Thenuri,True
546,Buddhini,3,Buddhini_T3,Buddhini,True
546,Harshika,2,Harshika_T2,Harshika,True
546,Muthuni,2,Muthuni_T2,Muthuni,True
546,Nadeera,1,Nadeera_T1,Nadeera,True
546,Thenuri,2,Thenuri_T2,Thenuri,True
547,Buddhini,3,Buddhini_T3,Buddhini,True
547,Harshika,2,Harshika_T2,Harshika,True
547,Muthuni,2,Muthuni_T2,Muthuni,True
547,Nadeera,1,Nadeera_T1,Nadeera,True
547,Thenuri,3,Thenuri_T3,Thenuri,True
548,Buddhini,3,Buddhini_T3,Buddhini,True
548,Harshika,2,Harshika_T2,Harshika,True
548,Muthuni,2,Muthuni_T2,Muthuni,True
548,Nadeera,1,Nadeera_T1,Nadeera,True
548,Thenuri,4,Thenuri_T4,Thenuri,True
549,Buddhini,3,Buddhini_T3,Buddhini,True
549,Harshika,2,Harshika_T2,Harshika,True
549,Muthuni,2,Muthuni_T2,Muthuni,True
549,Nadeera,2,Nadeera_T2,Nadeera,True
549,Thenuri,1,Thenuri_T1,Thenuri,True
550,Buddhini,3,Buddhini_T3,Buddhini,True
550,Harshika,2,Harshika_T2,Harshika,True
550,Muthuni,2,Muthuni_T2,Muthuni,True
550,Nadeera,2,Nadeera_T2,Nadeera,True
550,Thenuri,2,Thenuri_T2,Thenuri,True
551,Buddhini,3,Buddhini_T3,Buddhini,True
551,Harshika,2,Harshika_T2,Harshika,True
551,Muthuni,2,Muthuni_T2,Muthuni,True
551,Nadeera,2,Nadeera_T2,Nadeera,True
551,Thenuri,3,Thenuri_T3,Thenuri,True
552,Buddhini,3,Buddhini_T3,Buddhini,True
552,Harshika,2,Harshika_T2,Harshika,True
552,Muthuni,2,Muthuni_T2,Muthuni,True
552,Nadeera,2,Nadeera_T2,Nadeera,True
552,Thenuri,4,Thenuri_T4,Thenuri,True
553,Buddhini,3,Buddhini_T3,Buddhini,True
553,Harshika,2,Harshika_T2,Harshika,True
553,Muthuni,2,Muthuni_T2,Muthuni,True
553,Nadeera,3,Nadeera_T3,Nadeera,True
553,Thenuri,1,Thenuri_T1,Thenuri,True
554,Buddhini,3,Buddhini_T3,Buddhini,True
554,Harshika,2,Harshika_T2,Harshika,True
554,Muthuni,2,Muthuni_T2,Muthuni,True
554,Nadeera,3,Nadeera_T3,Nadeera,True
554,Thenuri,2,Thenuri_T2,Thenuri,True
555,Buddhini,3,Buddhini_T3,Buddhini,True
555,Harshika,2,Harshika_T2,Harshika,True
555,Muthuni,2,Muthuni_T2,Muthuni,True
555,Nadeera,3,Nadeera_T3,Nadeera,True
555,Thenuri,3,Thenuri_T3,Thenuri,True
556,Buddhini,3,Buddhini_T3,Buddhini,True
556,Harshika,2,Harshika_T2,Harshika,True
556,Muthuni,2,Muthuni_T2,Muthuni,True
556,Nadeera,3,Nadeera_T3,Nadeera,True
556,Thenuri,4,Thenuri_T4,Thenuri,True
557,Buddhini,3,Buddhini_T3,Buddhini,True
557,Harshika,2,Harshika_T2,Harshika,True
557,Muthuni,2,Muthuni_T2,Muthuni,True
557,Nadeera,4,Nadeera_T4,Nadeera,True
557,Thenuri,1,Thenuri_T1,Thenuri,True
558,Buddhini,3,Buddhini_T3,Buddhini,True
558,Harshika,2,Harshika_T2,Harshika,True
558,Muthuni,2,Muthuni_T2,Muthuni,True
558,Nadeera,4,Nadeera_T4,Nadeera,True
558,Thenuri,2,Thenuri_T2,Thenuri,True
559,Buddhini,3,Buddhini_T3,Buddhini,True
559,Harshika,2,Harshika_T2,Harshika,True
559,Muthuni,2,Muthuni_T2,Muthuni,True
559,Nadeera,4,Nadeera_T4,Nadeera,True
559,Thenuri,3,Thenuri_T3,Thenuri,True
560,Buddhini,3,Buddhini_T3,Buddhini,True
560,Harshika,2,Harshika_T2,Harshika,True
560,Muthuni,2,Muthuni_T2,Muthuni,True
560,Nadeera,4,Nadeera_T4,Nadeera,True
560,Thenuri,4,Thenuri_T4,Thenuri,True
561,Buddhini,3,Buddhini_T3,Buddhini,True
561,Harshika,2,Harshika_T2,Harshika,True
561,Muthuni,3,Muthuni_T3,Muthuni,True
561,Nadeera,1,Nadeera_T1,Nadeera,True
561,Thenuri,1,Thenuri_T1,Thenuri,True
562,Buddhini,3,Buddhini_T3,Buddhini,True
562,Harshika,2,Harshika_T2,Harshika,True
562,Muthuni,3,Muthuni_T3,Muthuni,True
562,Nadeera,1,Nadeera_T1,Nadeera,True
562,Thenuri,2,Thenuri_T2,Thenuri,True
563,Buddhini,3,Buddhini_T3,Buddhini,True
563,Harshika,2,Harshika_T2,Harshika,True
563,Muthuni,3,Muthuni_T3,Muthuni,True
563,Nadeera,1,Nadeera_T1,Nadeera,True
563,Thenuri,3,Thenuri_T3,Thenuri,True
564,Buddhini,3,Buddhini_T3,Buddhini,True
564,Harshika,2,Harshika_T2,Harshika,True
564,Muthuni,3,Muthuni_T3,Muthuni,True
564,Nadeera,1,Nadeera_T1,Nadeera,True
564,Thenuri,4,Thenuri_T4,Thenuri,True
565,Buddhini,3,Buddhini_T3,Buddhini,True
565,Harshika,2,Harshika_T2,Harshika,True
565,Muthuni,3,Muthuni_T3,Muthuni,True
565,Nadeera,2,Nadeera_T2,Nadeera,True
565,Thenuri,1,Thenuri_T1,Thenuri,True
566,Buddhini,3,Buddhini_T3,Buddhini,True
566,Harshika,2,Harshika_T2,Harshika,True
566,Muthuni,3,Muthuni_T3,Muthuni,True
566,Nadeera,2,Nadeera_T2,Nadeera,True
566,Thenuri,2,Thenuri_T2,Thenuri,True
567,Buddhini,3,Buddhini_T3,Buddhini,True
567,Harshika,2,Harshika_T2,Harshika,True
567,Muthuni,3,Muthuni_T3,Muthuni,True
567,Nadeera,2,Nadeera_T2,Nadeera,True
567,Thenuri,3,Thenuri_T3,Thenuri,True
568,Buddhini,3,Buddhini_T3,Buddhini,True
568,Harshika,2,Harshika_T2,Harshika,True
568,Muthuni,3,Muthuni_T3,Muthuni,True
568,Nadeera,2,Nadeera_T2,Nadeera,True
568,Thenuri,4,Thenuri_T4,Thenuri,True
569,Buddhini,3,Buddhini_T3,Buddhini,True
569,Harshika,2,Harshika_T2,Harshika,True
569,Muthuni,3,Muthuni_T3,Muthuni,True
569,Nadeera,3,Nadeera_T3,Nadeera,True
569,Thenuri,1,Thenuri_T1,Thenuri,True
570,Buddhini,3,Buddhini_T3,Buddhini,True
570,Harshika,2,Harshika_T2,Harshika,True
570,Muthuni,3,Muthuni_T3,Muthuni,True
570,Nadeera,3,Nadeera_T3,Nadeera,True
570,Thenuri,2,Thenuri_T2,Thenuri,True
571,Buddhini,3,Buddhini_T3,Buddhini,True
571,Harshika,2,Harshika_T2,Harshika,True
571,Muthuni,3,Muthuni_T3,Muthuni,True
571,Nadeera,3,Nadeera_T3,Nadeera,True
571,Thenuri,3,Thenuri_T3,Thenuri,True
572,Buddhini,3,Buddhini_T3,Buddhini,True
572,Harshika,2,Harshika_T2,Harshika,True
572,Muthuni,3,Muthuni_T3,Muthuni,True
572,Nadeera,3,Nadeera_T3,Nadeera,True
572,Thenuri,4,Thenuri_T4,Thenuri,True
573,Buddhini,3,Buddhini_T3,Buddhini,True
573,Harshika,2,Harshika_T2,Harshika,True
573,Muthuni,3,Muthuni_T3,Muthuni,True
573,Nadeera,4,Nadeera_T4,Nadeera,True
573,Thenuri,1,Thenuri_T1,Thenuri,True
574,Buddhini,3,Buddhini_T3,Buddhini,True
574,Harshika,2,Harshika_T2,Harshika,True
574,Muthuni,3,Muthuni_T3,Muthuni,True
574,Nadeera,4,Nadeera_T4,Nadeera,True
574,Thenuri,2,Thenuri_T2,Thenuri,True
575,Buddhini,3,Buddhini_T3,Buddhini,True
575,Harshika,2,Harshika_T2,Harshika,True
575,Muthuni,3,Muthuni_T3,Muthuni,True
575,Nadeera,4,Nadeera_T4,Nadeera,True
575,Thenuri,3,Thenuri_T3,Thenuri,True
576,Buddhini,3,Buddhini_T3,Buddhini,True
576,Harshika,2,Harshika_T2,Harshika,True
576,Muthuni,3,Muthuni_T3,Muthuni,True
576,Nadeera,4,Nadeera_T4,Nadeera,True
576,Thenuri,4,Thenuri_T4,Thenuri,True
577,Buddhini,3,Buddhini_T3,Buddhini,True
577,Harshika,3,Harshika_T3,Harshika,True
577,Muthuni,1,Muthuni_T1,Muthuni,True
577,Nadeera,1,Nadeera_T1,Nadeera,True
577,Thenuri,1,Thenuri_T1,Thenuri,True
578,Buddhini,3,Buddhini_T3,Buddhini,True
578,Harshika,3,Harshika_T3,Harshika,True
578,Muthuni,1,Muthuni_T1,Muthuni,True
578,Nadeera,1,Nadeera_T1,Nadeera,True
578,Thenuri,2,Thenuri_T2,Thenuri,True
579,Buddhini,3,Buddhini_T3,Buddhini,True
579,Harshika,3,Harshika_T3,Harshika,True
579,Muthuni,1,Muthuni_T1,Muthuni,True
579,Nadeera,1,Nadeera_T1,Nadeera,True
579,Thenuri,3,Thenuri_T3,Thenuri,True
580,Buddhini,3,Buddhini_T3,Buddhini,True
580,Harshika,3,Harshika_T3,Harshika,True
580,Muthuni,1,Muthuni_T1,Muthuni,True
580,Nadeera,1,Nadeera_T1,Nadeera,True
580,Thenuri,4,Thenuri_T4,Thenuri,True
581,Buddhini,3,Buddhini_T3,Buddhini,True
581,Harshika,3,Harshika_T3,Harshika,True
581,Muthuni,1,Muthuni_T1,Muthuni,True
581,Nadeera,2,Nadeera_T2,Nadeera,True
581,Thenuri,1,Thenuri_T1,Thenuri,True
582,Buddhini,3,Buddhini_T3,Buddhini,True
582,Harshika,3,Harshika_T3,Harshika,True
582,Muthuni,1,Muthuni_T1,Muthuni,True
582,Nadeera,2,Nadeera_T2,Nadeera,True
582,Thenuri,2,Thenuri_T2,Thenuri,True
583,Buddhini,3,Buddhini_T3,Buddhini,True
583,Harshika,3,Harshika_T3,Harshika,True
583,Muthuni,1,Muthuni_T1,Muthuni,True
583,Nadeera,2,Nadeera_T2,Nadeera,True
583,Thenuri,3,Thenuri_T3,Thenuri,True
584,Buddhini,3,Buddhini_T3,Buddhini,True
584,Harshika,3,Harshika_T3,Harshika,True
584,Muthuni,1,Muthuni_T1,Muthuni,True
584,Nadeera,2,Nadeera_T2,Nadeera,True
584,Thenuri,4,Thenuri_T4,Thenuri,True
585,Buddhini,3,Buddhini_T3,Buddhini,True
585,Harshika,3,Harshika_T3,Harshika,True
585,Muthuni,1,Muthuni_T1,Muthuni,True
585,Nadeera,3,Nadeera_T3,Nadeera,True
585,Thenuri,1,Thenuri_T1,Thenuri,True
586,Buddhini,3,Buddhini_T3,Buddhini,True
586,Harshika,3,Harshika_T3,Harshika,True
586,Muthuni,1,Muthuni_T1,Muthuni,True
586,Nadeera,3,Nadeera_T3,Nadeera,True
586,Thenuri,2,Thenuri_T2,Thenuri,True
587,Buddhini,3,Buddhini_T3,Buddhini,True
587,Harshika,3,Harshika_T3,Harshika,True
587,Muthuni,1,Muthuni_T1,Muthuni,True
587,Nadeera,3,Nadeera_T3,Nadeera,True
587,Thenuri,3,Thenuri_T3,Thenuri,True
588,Buddhini,3,Buddhini_T3,Buddhini,True
588,Harshika,3,Harshika_T3,Harshika,True
588,Muthuni,1,Muthuni_T1,Muthuni,True
588,Nadeera,3,Nadeera_T3,Nadeera,True
588,Thenuri,4,Thenuri_T4,Thenuri,True
589,Buddhini,3,Buddhini_T3,Buddhini,True
589,Harshika,3,Harshika_T3,Harshika,True
589,Muthuni,1,Muthuni_T1,Muthuni,True
589,Nadeera,4,Nadeera_T4,Nadeera,True
589,Thenuri,1,Thenuri_T1,Thenuri,True
590,Buddhini,3,Buddhini_T3,Buddhini,True
590,Harshika,3,Harshika_T3,Harshika,True
590,Muthuni,1,Muthuni_T1,Muthuni,True
590,Nadeera,4,Nadeera_T4,Nadeera,True
590,Thenuri,2,Thenuri_T2,Thenuri,True
591,Buddhini,3,Buddhini_T3,Buddhini,True
591,Harshika,3,Harshika_T3,Harshika,True
591,Muthuni,1,Muthuni_T1,Muthuni,True
591,Nadeera,4,Nadeera_T4,Nadeera,True
591,Thenuri,3,Thenuri_T3,Thenuri,True
592,Buddhini,3,Buddhini_T3,Buddhini,True
592,Harshika,3,Harshika_T3,Harshika,True
592,Muthuni,1,Muthuni_T1,Muthuni,True
592,Nadeera,4,Nadeera_T4,Nadeera,True
592,Thenuri,4,Thenuri_T4,Thenuri,True
593,Buddhini,3,Buddhini_T3,Buddhini,True
593,Harshika,3,Harshika_T3,Harshika,True
593,Muthuni,2,Muthuni_T2,Muthuni,True
593,Nadeera,1,Nadeera_T1,Nadeera,True
593,Thenuri,1,Thenuri_T1,Thenuri,True
594,Buddhini,3,Buddhini_T3,Buddhini,True
594,Harshika,3,Harshika_T3,Harshika,True
594,Muthuni,2,Muthuni_T2,Muthuni,True
594,Nadeera,1,Nadeera_T1,Nadeera,True
594,Thenuri,2,Thenuri_T2,Thenuri,True
595,Buddhini,3,Buddhini_T3,Buddhini,True
595,Harshika,3,Harshika_T3,Harshika,True
595,Muthuni,2,Muthuni_T2,Muthuni,True
595,Nadeera,1,Nadeera_T1,Nadeera,True
595,Thenuri,3,Thenuri_T3,Thenuri,True
596,Buddhini,3,Buddhini_T3,Buddhini,True
596,Harshika,3,Harshika_T3,Harshika,True
596,Muthuni,2,Muthuni_T2,Muthuni,True
596,Nadeera,1,Nadeera_T1,Nadeera,True
596,Thenuri,4,Thenuri_T4,Thenuri,True
597,Buddhini,3,Buddhini_T3,Buddhini,True
597,Harshika,3,Harshika_T3,Harshika,True
597,Muthuni,2,Muthuni_T2,Muthuni,True
597,Nadeera,2,Nadeera_T2,Nadeera,True
597,Thenuri,1,Thenuri_T1,Thenuri,True
598,Buddhini,3,Buddhini_T3,Buddhini,True
598,Harshika,3,Harshika_T3,Harshika,True
598,Muthuni,2,Muthuni_T2,Muthuni,True
598,Nadeera,2,Nadeera_T2,Nadeera,True
598,Thenuri,2,Thenuri_T2,Thenuri,True
599,Buddhini,3,Buddhini_T3,Buddhini,True
599,Harshika,3,Harshika_T3,Harshika,True
599,Muthuni,2,Muthuni_T2,Muthuni,True
599,Nadeera,2,Nadeera_T2,Nadeera,True
599,Thenuri,3,Thenuri_T3,Thenuri,True
600,Buddhini,3,Buddhini_T3,Buddhini,True
600,Harshika,3,Harshika_T3,Harshika,True
600,Muthuni,2,Muthuni_T2,Muthuni,True
600,Nadeera,2,Nadeera_T2,Nadeera,True
600,Thenuri,4,Thenuri_T4,Thenuri,True
601,Buddhini,3,Buddhini_T3,Buddhini,True
601,Harshika,3,Harshika_T3,Harshika,True
601,Muthuni,2,Muthuni_T2,Muthuni,True
601,Nadeera,3,Nadeera_T3,Nadeera,True
601,Thenuri,1,Thenuri_T1,Thenuri,True
602,Buddhini,3,Buddhini_T3,Buddhini,True
602,Harshika,3,Harshika_T3,Harshika,True
602,Muthuni,2,Muthuni_T2,Muthuni,True
602,Nadeera,3,Nadeera_T3,Nadeera,True
602,Thenuri,2,Thenuri_T2,Thenuri,True
603,Buddhini,3,Buddhini_T3,Buddhini,True
603,Harshika,3,Harshika_T3,Harshika,True
603,Muthuni,2,Muthuni_T2,Muthuni,True
603,Nadeera,3,Nadeera_T3,Nadeera,True
603,Thenuri,3,Thenuri_T3,Thenuri,True
604,Buddhini,3,Buddhini_T3,Buddhini,True
604,Harshika,3,Harshika_T3,Harshika,True
604,Muthuni,2,Muthuni_T2,Muthuni,True
604,Nadeera,3,Nadeera_T3,Nadeera,True
604,Thenuri,4,Thenuri_T4,Thenuri,True
605,Buddhini,3,Buddhini_T3,Buddhini,True
605,Harshika,3,Harshika_T3,Harshika,True
605,Muthuni,2,Muthuni_T2,Muthuni,True
605,Nadeera,4,Nadeera_T4,Nadeera,True
605,Thenuri,1,Thenuri_T1,Thenuri,True
606,Buddhini,3,Buddhini_T3,Buddhini,True
606,Harshika,3,Harshika_T3,Harshika,True
606,Muthuni,2,Muthuni_T2,Muthuni,True
606,Nadeera,4,Nadeera_T4,Nadeera,True
606,Thenuri,2,Thenuri_T2,Thenuri,True
607,Buddhini,3,Buddhini_T3,Buddhini,True
607,Harshika,3,Harshika_T3,Harshika,True
607,Muthuni,2,Muthuni_T2,Muthuni,True
607,Nadeera,4,Nadeera_T4,Nadeera,True
607,Thenuri,3,Thenuri_T3,Thenuri,True
608,Buddhini,3,Buddhini_T3,Buddhini,True
608,Harshika,3,Harshika_T3,Harshika,True
608,Muthuni,2,Muthuni_T2,Muthuni,True
608,Nadeera,4,Nadeera_T4,Nadeera,True
608,Thenuri,4,Thenuri_T4,Thenuri,True
609,Buddhini,3,Buddhini_T3,Buddhini,True
609,Harshika,3,Harshika_T3,Harshika,True
609,Muthuni,3,Muthuni_T3,Muthuni,True
609,Nadeera,1,Nadeera_T1,Nadeera,True
609,Thenuri,1,Thenuri_T1,Thenuri,True
610,Buddhini,3,Buddhini_T3,Buddhini,True
610,Harshika,3,Harshika_T3,Harshika,True
610,Muthuni,3,Muthuni_T3,Muthuni,True
610,Nadeera,1,Nadeera_T1,Nadeera,True
610,Thenuri,2,Thenuri_T2,Thenuri,True
611,Buddhini,3,Buddhini_T3,Buddhini,True
611,Harshika,3,Harshika_T3,Harshika,True
611,Muthuni,3,Muthuni_T3,Muthuni,True
611,Nadeera,1,Nadeera_T1,Nadeera,True
611,Thenuri,3,Thenuri_T3,Thenuri,True
612,Buddhini,3,Buddhini_T3,Buddhini,True
612,Harshika,3,Harshika_T3,Harshika,True
612,Muthuni,3,Muthuni_T3,Muthuni,True
612,Nadeera,1,Nadeera_T1,Nadeera,True
612,Thenuri,4,Thenuri_T4,Thenuri,True
613,Buddhini,3,Buddhini_T3,Buddhini,True
613,Harshika,3,Harshika_T3,Harshika,True
613,Muthuni,3,Muthuni_T3,Muthuni,True
613,Nadeera,2,Nadeera_T2,Nadeera,True
613,Thenuri,1,Thenuri_T1,Thenuri,True
614,Buddhini,3,Buddhini_T3,Buddhini,True
614,Harshika,3,Harshika_T3,Harshika,True
614,Muthuni,3,Muthuni_T3,Muthuni,True
614,Nadeera,2,Nadeera_T2,Nadeera,True
614,Thenuri,2,Thenuri_T2,Thenuri,True
615,Buddhini,3,Buddhini_T3,Buddhini,True
615,Harshika,3,Harshika_T3,Harshika,True
615,Muthuni,3,Muthuni_T3,Muthuni,True
615,Nadeera,2,Nadeera_T2,Nadeera,True
615,Thenuri,3,Thenuri_T3,Thenuri,True
616,Buddhini,3,Buddhini_T3,Buddhini,True
616,Harshika,3,Harshika_T3,Harshika,True
616,Muthuni,3,Muthuni_T3,Muthuni,True
616,Nadeera,2,Nadeera_T2,Nadeera,True
616,Thenuri,4,Thenuri_T4,Thenuri,True
617,Buddhini,3,Buddhini_T3,Buddhini,True
617,Harshika,3,Harshika_T3,Harshika,True
617,Muthuni,3,Muthuni_T3,Muthuni,True
617,Nadeera,3,Nadeera_T3,Nadeera,True
617,Thenuri,1,Thenuri_T1,Thenuri,True
618,Buddhini,3,Buddhini_T3,Buddhini,True
618,Harshika,3,Harshika_T3,Harshika,True
618,Muthuni,3,Muthuni_T3,Muthuni,True
618,Nadeera,3,Nadeera_T3,Nadeera,True
618,Thenuri,2,Thenuri_T2,Thenuri,True
619,Buddhini,3,Buddhini_T3,Buddhini,True
619,Harshika,3,Harshika_T3,Harshika,True
619,Muthuni,3,Muthuni_T3,Muthuni,True
619,Nadeera,3,Nadeera_T3,Nadeera,True
619,Thenuri,3,Thenuri_T3,Thenuri,True
620,Buddhini,3,Buddhini_T3,Buddhini,True
620,Harshika,3,Harshika_T3,Harshika,True
620,Muthuni,3,Muthuni_T3,Muthuni,True
620,Nadeera,3,Nadeera_T3,Nadeera,True
620,Thenuri,4,Thenuri_T4,Thenuri,True
621,Buddhini,3,Buddhini_T3,Buddhini,True
621,Harshika,3,Harshika_T3,Harshika,True
621,Muthuni,3,Muthuni_T3,Muthuni,True
621,Nadeera,4,Nadeera_T4,Nadeera,True
621,Thenuri,1,Thenuri_T1,Thenuri,True
622,Buddhini,3,Buddhini_T3,Buddhini,True
622,Harshika,3,Harshika_T3,Harshika,True
622,Muthuni,3,Muthuni_T3,Muthuni,True
622,Nadeera,4,Nadeera_T4,Nadeera,True
622,Thenuri,2,Thenuri_T2,Thenuri,True
623,Buddhini,3,Buddhini_T3,Buddhini,True
623,Harshika,3,Harshika_T3,Harshika,True
623,Muthuni,3,Muthuni_T3,Muthuni,True
623,Nadeera,4,Nadeera_T4,Nadeera,True
623,Thenuri,3,Thenuri_T3,Thenuri,True
624,Buddhini,3,Buddhini_T3,Buddhini,True
624,Harshika,3,Harshika_T3,Harshika,True
624,Muthuni,3,Muthuni_T3,Muthuni,True
624,Nadeera,4,Nadeera_T4,Nadeera,True
624,Thenuri,4,Thenuri_T4,Thenuri,True
625,Buddhini,3,Buddhini_T3,Buddhini,True
625,Harshika,4,Harshika_T4,Harshika,True
625,Muthuni,1,Muthuni_T1,Muthuni,True
625,Nadeera,1,Nadeera_T1,Nadeera,True
625,Thenuri,1,Thenuri_T1,Thenuri,True
626,Buddhini,3,Buddhini_T3,Buddhini,True
626,Harshika,4,Harshika_T4,Harshika,True
626,Muthuni,1,Muthuni_T1,Muthuni,True
626,Nadeera,1,Nadeera_T1,Nadeera,True
626,Thenuri,2,Thenuri_T2,Thenuri,True
627,Buddhini,3,Buddhini_T3,Buddhini,True
627,Harshika,4,Harshika_T4,Harshika,True
627,Muthuni,1,Muthuni_T1,Muthuni,True
627,Nadeera,1,Nadeera_T1,Nadeera,True
627,Thenuri,3,Thenuri_T3,Thenuri,True
628,Buddhini,3,Buddhini_T3,Buddhini,True
628,Harshika,4,Harshika_T4,Harshika,True
628,Muthuni,1,Muthuni_T1,Muthuni,True
628,Nadeera,1,Nadeera_T1,Nadeera,True
628,Thenuri,4,Thenuri_T4,Thenuri,True
629,Buddhini,3,Buddhini_T3,Buddhini,True
629,Harshika,4,Harshika_T4,Harshika,True
629,Muthuni,1,Muthuni_T1,Muthuni,True
629,Nadeera,2,Nadeera_T2,Nadeera,True
629,Thenuri,1,Thenuri_T1,Thenuri,True
630,Buddhini,3,Buddhini_T3,Buddhini,True
630,Harshika,4,Harshika_T4,Harshika,True
630,Muthuni,1,Muthuni_T1,Muthuni,True
630,Nadeera,2,Nadeera_T2,Nadeera,True
630,Thenuri,2,Thenuri_T2,Thenuri,True
631,Buddhini,3,Buddhini_T3,Buddhini,True
631,Harshika,4,Harshika_T4,Harshika,True
631,Muthuni,1,Muthuni_T1,Muthuni,True
631,Nadeera,2,Nadeera_T2,Nadeera,True
631,Thenuri,3,Thenuri_T3,Thenuri,True
632,Buddhini,3,Buddhini_T3,Buddhini,True
632,Harshika,4,Harshika_T4,Harshika,True
632,Muthuni,1,Muthuni_T1,Muthuni,True
632,Nadeera,2,Nadeera_T2,Nadeera,True
632,Thenuri,4,Thenuri_T4,Thenuri,True
633,Buddhini,3,Buddhini_T3,Buddhini,True
633,Harshika,4,Harshika_T4,Harshika,True
633,Muthuni,1,Muthuni_T1,Muthuni,True
633,Nadeera,3,Nadeera_T3,Nadeera,True
633,Thenuri,1,Thenuri_T1,Thenuri,True
634,Buddhini,3,Buddhini_T3,Buddhini,True
634,Harshika,4,Harshika_T4,Harshika,True
634,Muthuni,1,Muthuni_T1,Muthuni,True
634,Nadeera,3,Nadeera_T3,Nadeera,True
634,Thenuri,2,Thenuri_T2,Thenuri,True
635,Buddhini,3,Buddhini_T3,Buddhini,True
635,Harshika,4,Harshika_T4,Harshika,True
635,Muthuni,1,Muthuni_T1,Muthuni,True
635,Nadeera,3,Nadeera_T3,Nadeera,True
635,Thenuri,3,Thenuri_T3,Thenuri,True
636,Buddhini,3,Buddhini_T3,Buddhini,True
636,Harshika,4,Harshika_T4,Harshika,True
636,Muthuni,1,Muthuni_T1,Muthuni,True
636,Nadeera,3,Nadeera_T3,Nadeera,True
636,Thenuri,4,Thenuri_T4,Thenuri,True
637,Buddhini,3,Buddhini_T3,Buddhini,True
637,Harshika,4,Harshika_T4,Harshika,True
637,Muthuni,1,Muthuni_T1,Muthuni,True
637,Nadeera,4,Nadeera_T4,Nadeera,True
637,Thenuri,1,Thenuri_T1,Thenuri,True
638,Buddhini,3,Buddhini_T3,Buddhini,True
638,Harshika,4,Harshika_T4,Harshika,True
638,Muthuni,1,Muthuni_T1,Muthuni,True
638,Nadeera,4,Nadeera_T4,Nadeera,True
638,Thenuri,2,Thenuri_T2,Thenuri,True
639,Buddhini,3,Buddhini_T3,Buddhini,True
639,Harshika,4,Harshika_T4,Harshika,True
639,Muthuni,1,Muthuni_T1,Muthuni,True
639,Nadeera,4,Nadeera_T4,Nadeera,True
639,Thenuri,3,Thenuri_T3,Thenuri,True
640,Buddhini,3,Buddhini_T3,Buddhini,True
640,Harshika,4,Harshika_T4,Harshika,True
640,Muthuni,1,Muthuni_T1,Muthuni,True
640,Nadeera,4,Nadeera_T4,Nadeera,True
640,Thenuri,4,Thenuri_T4,Thenuri,True
641,Buddhini,3,Buddhini_T3,Buddhini,True
641,Harshika,4,Harshika_T4,Harshika,True
641,Muthuni,2,Muthuni_T2,Muthuni,True
641,Nadeera,1,Nadeera_T1,Nadeera,True
641,Thenuri,1,Thenuri_T1,Thenuri,True
642,Buddhini,3,Buddhini_T3,Buddhini,True
642,Harshika,4,Harshika_T4,Harshika,True
642,Muthuni,2,Muthuni_T2,Muthuni,True
642,Nadeera,1,Nadeera_T1,Nadeera,True
642,Thenuri,2,Thenuri_T2,Thenuri,True
643,Buddhini,3,Buddhini_T3,Buddhini,True
643,Harshika,4,Harshika_T4,Harshika,True
643,Muthuni,2,Muthuni_T2,Muthuni,True
643,Nadeera,1,Nadeera_T1,Nadeera,True
643,Thenuri,3,Thenuri_T3,Thenuri,True
644,Buddhini,3,Buddhini_T3,Buddhini,True
644,Harshika,4,Harshika_T4,Harshika,True
644,Muthuni,2,Muthuni_T2,Muthuni,True
644,Nadeera,1,Nadeera_T1,Nadeera,True
644,Thenuri,4,Thenuri_T4,Thenuri,True
645,Buddhini,3,Buddhini_T3,Buddhini,True
645,Harshika,4,Harshika_T4,Harshika,True
645,Muthuni,2,Muthuni_T2,Muthuni,True
645,Nadeera,2,Nadeera_T2,Nadeera,True
645,Thenuri,1,Thenuri_T1,Thenuri,True
646,Buddhini,3,Buddhini_T3,Buddhini,True
646,Harshika,4,Harshika_T4,Harshika,True
646,Muthuni,2,Muthuni_T2,Muthuni,True
646,Nadeera,2,Nadeera_T2,Nadeera,True
646,Thenuri,2,Thenuri_T2,Thenuri,True
647,Buddhini,3,Buddhini_T3,Buddhini,True
647,Harshika,4,Harshika_T4,Harshika,True
647,Muthuni,2,Muthuni_T2,Muthuni,True
647,Nadeera,2,Nadeera_T2,Nadeera,True
647,Thenuri,3,Thenuri_T3,Thenuri,True
648,Buddhini,3,Buddhini_T3,Buddhini,True
648,Harshika,4,Harshika_T4,Harshika,True
648,Muthuni,2,Muthuni_T2,Muthuni,True
648,Nadeera,2,Nadeera_T2,Nadeera,True
648,Thenuri,4,Thenuri_T4,Thenuri,True
649,Buddhini,3,Buddhini_T3,Buddhini,True
649,Harshika,4,Harshika_T4,Harshika,True
649,Muthuni,2,Muthuni_T2,Muthuni,True
649,Nadeera,3,Nadeera_T3,Nadeera,True
649,Thenuri,1,Thenuri_T1,Thenuri,True
650,Buddhini,3,Buddhini_T3,Buddhini,True
650,Harshika,4,Harshika_T4,Harshika,True
650,Muthuni,2,Muthuni_T2,Muthuni,True
650,Nadeera,3,Nadeera_T3,Nadeera,True
650,Thenuri,2,Thenuri_T2,Thenuri,True
651,Buddhini,3,Buddhini_T3,Buddhini,True
651,Harshika,4,Harshika_T4,Harshika,True
651,Muthuni,2,Muthuni_T2,Muthuni,True
651,Nadeera,3,Nadeera_T3,Nadeera,True
651,Thenuri,3,Thenuri_T3,Thenuri,True
652,Buddhini,3,Buddhini_T3,Buddhini,True
652,Harshika,4,Harshika_T4,Harshika,True
652,Muthuni,2,Muthuni_T2,Muthuni,True
652,Nadeera,3,Nadeera_T3,Nadeera,True
652,Thenuri,4,Thenuri_T4,Thenuri,True
653,Buddhini,3,Buddhini_T3,Buddhini,True
653,Harshika,4,Harshika_T4,Harshika,True
653,Muthuni,2,Muthuni_T2,Muthuni,True
653,Nadeera,4,Nadeera_T4,Nadeera,True
653,Thenuri,1,Thenuri_T1,Thenuri,True
654,Buddhini,3,Buddhini_T3,Buddhini,True
654,Harshika,4,Harshika_T4,Harshika,True
654,Muthuni,2,Muthuni_T2,Muthuni,True
654,Nadeera,4,Nadeera_T4,Nadeera,True
654,Thenuri,2,Thenuri_T2,Thenuri,True
655,Buddhini,3,Buddhini_T3,Buddhini,True
655,Harshika,4,Harshika_T4,Harshika,True
655,Muthuni,2,Muthuni_T2,Muthuni,True
655,Nadeera,4,Nadeera_T4,Nadeera,True
655,Thenuri,3,Thenuri_T3,Thenuri,True
656,Buddhini,3,Buddhini_T3,Buddhini,True
656,Harshika,4,Harshika_T4,Harshika,True
656,Muthuni,2,Muthuni_T2,Muthuni,True
656,Nadeera,4,Nadeera_T4,Nadeera,True
656,Thenuri,4,Thenuri_T4,Thenuri,True
657,Buddhini,3,Buddhini_T3,Buddhini,True
657,Harshika,4,Harshika_T4,Harshika,True
657,Muthuni,3,Muthuni_T3,Muthuni,True
657,Nadeera,1,Nadeera_T1,Nadeera,True
657,Thenuri,1,Thenuri_T1,Thenuri,True
658,Buddhini,3,Buddhini_T3,Buddhini,True
658,Harshika,4,Harshika_T4,Harshika,True
658,Muthuni,3,Muthuni_T3,Muthuni,True
658,Nadeera,1,Nadeera_T1,Nadeera,True
658,Thenuri,2,Thenuri_T2,Thenuri,True
659,Buddhini,3,Buddhini_T3,Buddhini,True
659,Harshika,4,Harshika_T4,Harshika,True
659,Muthuni,3,Muthuni_T3,Muthuni,True
659,Nadeera,1,Nadeera_T1,Nadeera,True
659,Thenuri,3,Thenuri_T3,Thenuri,True
660,Buddhini,3,Buddhini_T3,Buddhini,True
660,Harshika,4,Harshika_T4,Harshika,True
660,Muthuni,3,Muthuni_T3,Muthuni,True
660,Nadeera,1,Nadeera_T1,Nadeera,True
660,Thenuri,4,Thenuri_T4,Thenuri,True
661,Buddhini,3,Buddhini_T3,Buddhini,True
661,Harshika,4,Harshika_T4,Harshika,True
661,Muthuni,3,Muthuni_T3,Muthuni,True
661,Nadeera,2,Nadeera_T2,Nadeera,True
661,Thenuri,1,Thenuri_T1,Thenuri,True
662,Buddhini,3,Buddhini_T3,Buddhini,True
662,Harshika,4,Harshika_T4,Harshika,True
662,Muthuni,3,Muthuni_T3,Muthuni,True
662,Nadeera,2,Nadeera_T2,Nadeera,True
662,Thenuri,2,Thenuri_T2,Thenuri,True
663,Buddhini,3,Buddhini_T3,Buddhini,True
663,Harshika,4,Harshika_T4,Harshika,True
663,Muthuni,3,Muthuni_T3,Muthuni,True
663,Nadeera,2,Nadeera_T2,Nadeera,True
663,Thenuri,3,Thenuri_T3,Thenuri,True
664,Buddhini,3,Buddhini_T3,Buddhini,True
664,Harshika,4,Harshika_T4,Harshika,True
664,Muthuni,3,Muthuni_T3,Muthuni,True
664,Nadeera,2,Nadeera_T2,Nadeera,True
664,Thenuri,4,Thenuri_T4,Thenuri,True
665,Buddhini,3,Buddhini_T3,Buddhini,True
665,Harshika,4,Harshika_T4,Harshika,True
665,Muthuni,3,Muthuni_T3,Muthuni,True
665,Nadeera,3,Nadeera_T3,Nadeera,True
665,Thenuri,1,Thenuri_T1,Thenuri,True
666,Buddhini,3,Buddhini_T3,Buddhini,True
666,Harshika,4,Harshika_T4,Harshika,True
666,Muthuni,3,Muthuni_T3,Muthuni,True
666,Nadeera,3,Nadeera_T3,Nadeera,True
666,Thenuri,2,Thenuri_T2,Thenuri,True
667,Buddhini,3,Buddhini_T3,Buddhini,True
667,Harshika,4,Harshika_T4,Harshika,True
667,Muthuni,3,Muthuni_T3,Muthuni,True
667,Nadeera,3,Nadeera_T3,Nadeera,True
667,Thenuri,3,Thenuri_T3,Thenuri,True
668,Buddhini,3,Buddhini_T3,Buddhini,True
668,Harshika,4,Harshika_T4,Harshika,True
668,Muthuni,3,Muthuni_T3,Muthuni,True
668,Nadeera,3,Nadeera_T3,Nadeera,True
668,Thenuri,4,Thenuri_T4,Thenuri,True
669,Buddhini,3,Buddhini_T3,Buddhini,True
669,Harshika,4,Harshika_T4,Harshika,True
669,Muthuni,3,Muthuni_T3,Muthuni,True
669,Nadeera,4,Nadeera_T4,Nadeera,True
669,Thenuri,1,Thenuri_T1,Thenuri,True
670,Buddhini,3,Buddhini_T3,Buddhini,True
670,Harshika,4,Harshika_T4,Harshika,True
670,Muthuni,3,Muthuni_T3,Muthuni,True
670,Nadeera,4,Nadeera_T4,Nadeera,True
670,Thenuri,2,Thenuri_T2,Thenuri,True
671,Buddhini,3,Buddhini_T3,Buddhini,True
671,Harshika,4,Harshika_T4,Harshika,True
671,Muthuni,3,Muthuni_T3,Buddhini,False
671,Nadeera,4,Nadeera_T4,Nadeera,True
671,Thenuri,3,Thenuri_T3,Thenuri,True
672,Buddhini,3,Buddhini_T3,Buddhini,True
672,Harshika,4,Harshika_T4,Harshika,True
672,Muthuni,3,Muthuni_T3,Buddhini,False
672,Nadeera,4,Nadeera_T4,Nadeera,True
672,Thenuri,4,Thenuri_T4,Thenuri,True
673,Buddhini,3,Buddhini_T3,Buddhini,True
673,Harshika,5,Harshika_T5,Harshika,True
673,Muthuni,1,Muthuni_T1,Muthuni,True
673,Nadeera,1,Nadeera_T1,Nadeera,True
673,Thenuri,1,Thenuri_T1,Thenuri,True
674,Buddhini,3,Buddhini_T3,Buddhini,True
674,Harshika,5,Harshika_T5,Harshika,True
674,Muthuni,1,Muthuni_T1,Muthuni,True
674,Nadeera,1,Nadeera_T1,Nadeera,True
674,Thenuri,2,Thenuri_T2,Thenuri,True
675,Buddhini,3,Buddhini_T3,Buddhini,True
675,Harshika,5,Harshika_T5,Harshika,True
675,Muthuni,1,Muthuni_T1,Muthuni,True
675,Nadeera,1,Nadeera_T1,Nadeera,True
675,Thenuri,3,Thenuri_T3,Thenuri,True
676,Buddhini,3,Buddhini_T3,Buddhini,True
676,Harshika,5,Harshika_T5,Harshika,True
676,Muthuni,1,Muthuni_T1,Muthuni,True
676,Nadeera,1,Nadeera_T1,Nadeera,True
676,Thenuri,4,Thenuri_T4,Thenuri,True
677,Buddhini,3,Buddhini_T3,Buddhini,True
677,Harshika,5,Harshika_T5,Harshika,True
677,Muthuni,1,Muthuni_T1,Muthuni,True
677,Nadeera,2,Nadeera_T2,Nadeera,True
677,Thenuri,1,Thenuri_T1,Thenuri,True
678,Buddhini,3,Buddhini_T3,Buddhini,True
678,Harshika,5,Harshika_T5,Harshika,True
678,Muthuni,1,Muthuni_T1,Muthuni,True
678,Nadeera,2,Nadeera_T2,Nadeera,True
678,Thenuri,2,Thenuri_T2,Thenuri,True
679,Buddhini,3,Buddhini_T3,Buddhini,True
679,Harshika,5,Harshika_T5,Harshika,True
679,Muthuni,1,Muthuni_T1,Muthuni,True
679,Nadeera,2,Nadeera_T2,Nadeera,True
679,Thenuri,3,Thenuri_T3,Thenuri,True
680,Buddhini,3,Buddhini_T3,Buddhini,True
680,Harshika,5,Harshika_T5,Harshika,True
680,Muthuni,1,Muthuni_T1,Muthuni,True
680,Nadeera,2,Nadeera_T2,Nadeera,True
680,Thenuri,4,Thenuri_T4,Thenuri,True
681,Buddhini,3,Buddhini_T3,Buddhini,True
681,Harshika,5,Harshika_T5,Harshika,True
681,Muthuni,1,Muthuni_T1,Muthuni,True
681,Nadeera,3,Nadeera_T3,Nadeera,True
681,Thenuri,1,Thenuri_T1,Thenuri,True
682,Buddhini,3,Buddhini_T3,Buddhini,True
682,Harshika,5,Harshika_T5,Harshika,True
682,Muthuni,1,Muthuni_T1,Muthuni,True
682,Nadeera,3,Nadeera_T3,Nadeera,True
682,Thenuri,2,Thenuri_T2,Thenuri,True
683,Buddhini,3,Buddhini_T3,Buddhini,True
683,Harshika,5,Harshika_T5,Harshika,True
683,Muthuni,1,Muthuni_T1,Muthuni,True
683,Nadeera,3,Nadeera_T3,Nadeera,True
683,Thenuri,3,Thenuri_T3,Thenuri,True
684,Buddhini,3,Buddhini_T3,Buddhini,True
684,Harshika,5,Harshika_T5,Harshika,True
684,Muthuni,1,Muthuni_T1,Muthuni,True
684,Nadeera,3,Nadeera_T3,Nadeera,True
684,Thenuri,4,Thenuri_T4,Thenuri,True
685,Buddhini,3,Buddhini_T3,Buddhini,True
685,Harshika,5,Harshika_T5,Harshika,True
685,Muthuni,1,Muthuni_T1,Muthuni,True
685,Nadeera,4,Nadeera_T4,Nadeera,True
685,Thenuri,1,Thenuri_T1,Thenuri,True
686,Buddhini,3,Buddhini_T3,Buddhini,True
686,Harshika,5,Harshika_T5,Harshika,True
686,Muthuni,1,Muthuni_T1,Muthuni,True
686,Nadeera,4,Nadeera_T4,Nadeera,True
686,Thenuri,2,Thenuri_T2,Thenuri,True
687,Buddhini,3,Buddhini_T3,Buddhini,True
687,Harshika,5,Harshika_T5,Harshika,True
687,Muthuni,1,Muthuni_T1,Muthuni,True
687,Nadeera,4,Nadeera_T4,Nadeera,True
687,Thenuri,3,Thenuri_T3,Thenuri,True
688,Buddhini,3,Buddhini_T3,Buddhini,True
688,Harshika,5,Harshika_T5,Harshika,True
688,Muthuni,1,Muthuni_T1,Muthuni,True
688,Nadeera,4,Nadeera_T4,Nadeera,True
688,Thenuri,4,Thenuri_T4,Thenuri,True
689,Buddhini,3,Buddhini_T3,Buddhini,True
689,Harshika,5,Harshika_T5,Harshika,True
689,Muthuni,2,Muthuni_T2,Muthuni,True
689,Nadeera,1,Nadeera_T1,Nadeera,True
689,Thenuri,1,Thenuri_T1,Thenuri,True
690,Buddhini,3,Buddhini_T3,Buddhini,True
690,Harshika,5,Harshika_T5,Harshika,True
690,Muthuni,2,Muthuni_T2,Muthuni,True
690,Nadeera,1,Nadeera_T1,Nadeera,True
690,Thenuri,2,Thenuri_T2,Thenuri,True
691,Buddhini,3,Buddhini_T3,Buddhini,True
691,Harshika,5,Harshika_T5,Harshika,True
691,Muthuni,2,Muthuni_T2,Muthuni,True
691,Nadeera,1,Nadeera_T1,Nadeera,True
691,Thenuri,3,Thenuri_T3,Thenuri,True
692,Buddhini,3,Buddhini_T3,Buddhini,True
692,Harshika,5,Harshika_T5,Harshika,True
692,Muthuni,2,Muthuni_T2,Muthuni,True
692,Nadeera,1,Nadeera_T1,Nadeera,True
692,Thenuri,4,Thenuri_T4,Thenuri,True
693,Buddhini,3,Buddhini_T3,Buddhini,True
693,Harshika,5,Harshika_T5,Harshika,True
693,Muthuni,2,Muthuni_T2,Muthuni,True
693,Nadeera,2,Nadeera_T2,Nadeera,True
693,Thenuri,1,Thenuri_T1,Thenuri,True
694,Buddhini,3,Buddhini_T3,Buddhini,True
694,Harshika,5,Harshika_T5,Harshika,True
694,Muthuni,2,Muthuni_T2,Muthuni,True
694,Nadeera,2,Nadeera_T2,Nadeera,True
694,Thenuri,2,Thenuri_T2,Thenuri,True
695,Buddhini,3,Buddhini_T3,Buddhini,True
695,Harshika,5,Harshika_T5,Harshika,True
695,Muthuni,2,Muthuni_T2,Muthuni,True
695,Nadeera,2,Nadeera_T2,Nadeera,True
695,Thenuri,3,Thenuri_T3,Thenuri,True
696,Buddhini,3,Buddhini_T3,Buddhini,True
696,Harshika,5,Harshika_T5,Harshika,True
696,Muthuni,2,Muthuni_T2,Muthuni,True
696,Nadeera,2,Nadeera_T2,Nadeera,True
696,Thenuri,4,Thenuri_T4,Thenuri,True
697,Buddhini,3,Buddhini_T3,Buddhini,True
697,Harshika,5,Harshika_T5,Harshika,True
697,Muthuni,2,Muthuni_T2,Muthuni,True
697,Nadeera,3,Nadeera_T3,Nadeera,True
697,Thenuri,1,Thenuri_T1,Thenuri,True
698,Buddhini,3,Buddhini_T3,Buddhini,True
698,Harshika,5,Harshika_T5,Harshika,True
698,Muthuni,2,Muthuni_T2,Muthuni,True
698,Nadeera,3,Nadeera_T3,Nadeera,True
698,Thenuri,2,Thenuri_T2,Thenuri,True
699,Buddhini,3,Buddhini_T3,Buddhini,True
699,Harshika,5,Harshika_T5,Harshika,True
699,Muthuni,2,Muthuni_T2,Muthuni,True
699,Nadeera,3,Nadeera_T3,Nadeera,True
699,Thenuri,3,Thenuri_T3,Thenuri,True
700,Buddhini,3,Buddhini_T3,Buddhini,True
700,Harshika,5,Harshika_T5,Harshika,True
700,Muthuni,2,Muthuni_T2,Muthuni,True
700,Nadeera,3,Nadeera_T3,Nadeera,True
700,Thenuri,4,Thenuri_T4,Thenuri,True
701,Buddhini,3,Buddhini_T3,Buddhini,True
701,Harshika,5,Harshika_T5,Harshika,True
701,Muthuni,2,Muthuni_T2,Muthuni,True
701,Nadeera,4,Nadeera_T4,Nadeera,True
701,Thenuri,1,Thenuri_T1,Thenuri,True
702,Buddhini,3,Buddhini_T3,Buddhini,True
702,Harshika,5,Harshika_T5,Harshika,True
702,Muthuni,2,Muthuni_T2,Muthuni,True
702,Nadeera,4,Nadeera_T4,Nadeera,True
702,Thenuri,2,Thenuri_T2,Thenuri,True
703,Buddhini,3,Buddhini_T3,Buddhini,True
703,Harshika,5,Harshika_T5,Harshika,True
703,Muthuni,2,Muthuni_T2,Muthuni,True
703,Nadeera,4,Nadeera_T4,Nadeera,True
703,Thenuri,3,Thenuri_T3,Thenuri,True
704,Buddhini,3,Buddhini_T3,Buddhini,True
704,Harshika,5,Harshika_T5,Harshika,True
704,Muthuni,2,Muthuni_T2,Muthuni,True
704,Nadeera,4,Nadeera_T4,Nadeera,True
704,Thenuri,4,Thenuri_T4,Thenuri,True
705,Buddhini,3,Buddhini_T3,Buddhini,True
705,Harshika,5,Harshika_T5,Harshika,True
705,Muthuni,3,Muthuni_T3,Muthuni,True
705,Nadeera,1,Nadeera_T1,Nadeera,True
705,Thenuri,1,Thenuri_T1,Thenuri,True
706,Buddhini,3,Buddhini_T3,Buddhini,True
706,Harshika,5,Harshika_T5,Harshika,True
706,Muthuni,3,Muthuni_T3,Muthuni,True
706,Nadeera,1,Nadeera_T1,Nadeera,True
706,Thenuri,2,Thenuri_T2,Thenuri,True
707,Buddhini,3,Buddhini_T3,Buddhini,True
707,Harshika,5,Harshika_T5,Harshika,True
707,Muthuni,3,Muthuni_T3,Muthuni,True
707,Nadeera,1,Nadeera_T1,Nadeera,True
707,Thenuri,3,Thenuri_T3,Thenuri,True
708,Buddhini,3,Buddhini_T3,Buddhini,True
708,Harshika,5,Harshika_T5,Harshika,True
708,Muthuni,3,Muthuni_T3,Muthuni,True
708,Nadeera,1,Nadeera_T1,Nadeera,True
708,Thenuri,4,Thenuri_T4,Thenuri,True
709,Buddhini,3,Buddhini_T3,Buddhini,True
709,Harshika,5,Harshika_T5,Harshika,True
709,Muthuni,3,Muthuni_T3,Muthuni,True
709,Nadeera,2,Nadeera_T2,Nadeera,True
709,Thenuri,1,Thenuri_T1,Thenuri,True
710,Buddhini,3,Buddhini_T3,Buddhini,True
710,Harshika,5,Harshika_T5,Harshika,True
710,Muthuni,3,Muthuni_T3,Muthuni,True
710,Nadeera,2,Nadeera_T2,Nadeera,True
710,Thenuri,2,Thenuri_T2,Thenuri,True
711,Buddhini,3,Buddhini_T3,Buddhini,True
711,Harshika,5,Harshika_T5,Harshika,True
711,Muthuni,3,Muthuni_T3,Muthuni,True
711,Nadeera,2,Nadeera_T2,Nadeera,True
711,Thenuri,3,Thenuri_T3,Thenuri,True
712,Buddhini,3,Buddhini_T3,Buddhini,True
712,Harshika,5,Harshika_T5,Harshika,True
712,Muthuni,3,Muthuni_T3,Muthuni,True
712,Nadeera,2,Nadeera_T2,Nadeera,True
712,Thenuri,4,Thenuri_T4,Thenuri,True
713,Buddhini,3,Buddhini_T3,Buddhini,True
713,Harshika,5,Harshika_T5,Harshika,True
713,Muthuni,3,Muthuni_T3,Muthuni,True
713,Nadeera,3,Nadeera_T3,Nadeera,True
713,Thenuri,1,Thenuri_T1,Thenuri,True
714,Buddhini,3,Buddhini_T3,Buddhini,True
714,Harshika,5,Harshika_T5,Harshika,True
714,Muthuni,3,Muthuni_T3,Muthuni,True
714,Nadeera,3,Nadeera_T3,Nadeera,True
714,Thenuri,2,Thenuri_T2,Thenuri,True
715,Buddhini,3,Buddhini_T3,Buddhini,True
715,Harshika,5,Harshika_T5,Harshika,True
715,Muthuni,3,Muthuni_T3,Muthuni,True
715,Nadeera,3,Nadeera_T3,Nadeera,True
715,Thenuri,3,Thenuri_T3,Thenuri,True
716,Buddhini,3,Buddhini_T3,Buddhini,True
716,Harshika,5,Harshika_T5,Harshika,True
716,Muthuni,3,Muthuni_T3,Muthuni,True
716,Nadeera,3,Nadeera_T3,Nadeera,True
716,Thenuri,4,Thenuri_T4,Thenuri,True
717,Buddhini,3,Buddhini_T3,Buddhini,True
717,Harshika,5,Harshika_T5,Harshika,True
717,Muthuni,3,Muthuni_T3,Muthuni,True
717,Nadeera,4,Nadeera_T4,Nadeera,True
717,Thenuri,1,Thenuri_T1,Thenuri,True
718,Buddhini,3,Buddhini_T3,Buddhini,True
718,Harshika,5,Harshika_T5,Harshika,True
718,Muthuni,3,Muthuni_T3,Muthuni,True
718,Nadeera,4,Nadeera_T4,Nadeera,True
718,Thenuri,2,Thenuri_T2,Thenuri,True
719,Buddhini,3,Buddhini_T3,Buddhini,True
719,Harshika,5,Harshika_T5,Harshika,True
719,Muthuni,3,Muthuni_T3,Muthuni,True
719,Nadeera,4,Nadeera_T4,Nadeera,True
719,Thenuri,3,Thenuri_T3,Thenuri,True
720,Buddhini,3,Buddhini_T3,Buddhini,True
720,Harshika,5,Harshika_T5,Harshika,True
720,Muthuni,3,Muthuni_T3,Muthuni,True
720,Nadeera,4,Nadeera_T4,Nadeera,True
720,Thenuri,4,Thenuri_T4,Thenuri,True
721,Buddhini,4,Buddhini_T4,Buddhini,True
721,Harshika,1,Harshika_T1,Harshika,True
721,Muthuni,1,Muthuni_T1,Muthuni,True
721,Nadeera,1,Nadeera_T1,Nadeera,True
721,Thenuri,1,Thenuri_T1,Thenuri,True
722,Buddhini,4,Buddhini_T4,Buddhini,True
722,Harshika,1,Harshika_T1,Harshika,True
722,Muthuni,1,Muthuni_T1,Muthuni,True
722,Nadeera,1,Nadeera_T1,Nadeera,True
722,Thenuri,2,Thenuri_T2,Thenuri,True
723,Buddhini,4,Buddhini_T4,Buddhini,True
723,Harshika,1,Harshika_T1,Harshika,True
723,Muthuni,1,Muthuni_T1,Muthuni,True
723,Nadeera,1,Nadeera_T1,Nadeera,True
723,Thenuri,3,Thenuri_T3,Thenuri,True
724,Buddhini,4,Buddhini_T4,Buddhini,True
724,Harshika,1,Harshika_T1,Harshika,True
724,Muthuni,1,Muthuni_T1,Muthuni,True
724,Nadeera,1,Nadeera_T1,Nadeera,True
724,Thenuri,4,Thenuri_T4,Thenuri,True
725,Buddhini,4,Buddhini_T4,Buddhini,True
725,Harshika,1,Harshika_T1,Harshika,True
725,Muthuni,1,Muthuni_T1,Muthuni,True
725,Nadeera,2,Nadeera_T2,Nadeera,True
725,Thenuri,1,Thenuri_T1,Thenuri,True
726,Buddhini,4,Buddhini_T4,Buddhini,True
726,Harshika,1,Harshika_T1,Harshika,True
726,Muthuni,1,Muthuni_T1,Muthuni,True
726,Nadeera,2,Nadeera_T2,Nadeera,True
726,Thenuri,2,Thenuri_T2,Thenuri,True
727,Buddhini,4,Buddhini_T4,Buddhini,True
727,Harshika,1,Harshika_T1,Harshika,True
727,Muthuni,1,Muthuni_T1,Muthuni,True
727,Nadeera,2,Nadeera_T2,Nadeera,True
727,Thenuri,3,Thenuri_T3,Thenuri,True
728,Buddhini,4,Buddhini_T4,Buddhini,True
728,Harshika,1,Harshika_T1,Harshika,True
728,Muthuni,1,Muthuni_T1,Muthuni,True
728,Nadeera,2,Nadeera_T2,Nadeera,True
728,Thenuri,4,Thenuri_T4,Thenuri,True
729,Buddhini,4,Buddhini_T4,Buddhini,True
729,Harshika,1,Harshika_T1,Harshika,True
729,Muthuni,1,Muthuni_T1,Muthuni,True
729,Nadeera,3,Nadeera_T3,Nadeera,True
729,Thenuri,1,Thenuri_T1,Thenuri,True
730,Buddhini,4,Buddhini_T4,Buddhini,True
730,Harshika,1,Harshika_T1,Harshika,True
730,Muthuni,1,Muthuni_T1,Muthuni,True
730,Nadeera,3,Nadeera_T3,Nadeera,True
730,Thenuri,2,Thenuri_T2,Thenuri,True
731,Buddhini,4,Buddhini_T4,Buddhini,True
731,Harshika,1,Harshika_T1,Harshika,True
731,Muthuni,1,Muthuni_T1,Muthuni,True
731,Nadeera,3,Nadeera_T3,Nadeera,True
731,Thenuri,3,Thenuri_T3,Thenuri,True
732,Buddhini,4,Buddhini_T4,Buddhini,True
732,Harshika,1,Harshika_T1,Harshika,True
732,Muthuni,1,Muthuni_T1,Muthuni,True
732,Nadeera,3,Nadeera_T3,Nadeera,True
732,Thenuri,4,Thenuri_T4,Thenuri,True
733,Buddhini,4,Buddhini_T4,Buddhini,True
733,Harshika,1,Harshika_T1,Harshika,True
733,Muthuni,1,Muthuni_T1,Muthuni,True
733,Nadeera,4,Nadeera_T4,Nadeera,True
733,Thenuri,1,Thenuri_T1,Thenuri,True
734,Buddhini,4,Buddhini_T4,Buddhini,True
734,Harshika,1,Harshika_T1,Harshika,True
734,Muthuni,1,Muthuni_T1,Muthuni,True
734,Nadeera,4,Nadeera_T4,Nadeera,True
734,Thenuri,2,Thenuri_T2,Thenuri,True
735,Buddhini,4,Buddhini_T4,Buddhini,True
735,Harshika,1,Harshika_T1,Harshika,True
735,Muthuni,1,Muthuni_T1,Muthuni,True
735,Nadeera,4,Nadeera_T4,Nadeera,True
735,Thenuri,3,Thenuri_T3,Thenuri,True
736,Buddhini,4,Buddhini_T4,Buddhini,True
736,Harshika,1,Harshika_T1,Harshika,True
736,Muthuni,1,Muthuni_T1,Muthuni,True
736,Nadeera,4,Nadeera_T4,Nadeera,True
736,Thenuri,4,Thenuri_T4,Thenuri,True
737,Buddhini,4,Buddhini_T4,Buddhini,True
737,Harshika,1,Harshika_T1,Harshika,True
737,Muthuni,2,Muthuni_T2,Muthuni,True
737,Nadeera,1,Nadeera_T1,Nadeera,True
737,Thenuri,1,Thenuri_T1,Thenuri,True
738,Buddhini,4,Buddhini_T4,Buddhini,True
738,Harshika,1,Harshika_T1,Harshika,True
738,Muthuni,2,Muthuni_T2,Muthuni,True
738,Nadeera,1,Nadeera_T1,Nadeera,True
738,Thenuri,2,Thenuri_T2,Thenuri,True
739,Buddhini,4,Buddhini_T4,Buddhini,True
739,Harshika,1,Harshika_T1,Harshika,True
739,Muthuni,2,Muthuni_T2,Muthuni,True
739,Nadeera,1,Nadeera_T1,Nadeera,True
739,Thenuri,3,Thenuri_T3,Thenuri,True
740,Buddhini,4,Buddhini_T4,Buddhini,True
740,Harshika,1,Harshika_T1,Harshika,True
740,Muthuni,2,Muthuni_T2,Muthuni,True
740,Nadeera,1,Nadeera_T1,Nadeera,True
740,Thenuri,4,Thenuri_T4,Thenuri,True
741,Buddhini,4,Buddhini_T4,Buddhini,True
741,Harshika,1,Harshika_T1,Harshika,True
741,Muthuni,2,Muthuni_T2,Muthuni,True
741,Nadeera,2,Nadeera_T2,Nadeera,True
741,Thenuri,1,Thenuri_T1,Thenuri,True
742,Buddhini,4,Buddhini_T4,Buddhini,True
742,Harshika,1,Harshika_T1,Harshika,True
742,Muthuni,2,Muthuni_T2,Muthuni,True
742,Nadeera,2,Nadeera_T2,Nadeera,True
742,Thenuri,2,Thenuri_T2,Thenuri,True
743,Buddhini,4,Buddhini_T4,Buddhini,True
743,Harshika,1,Harshika_T1,Harshika,True
743,Muthuni,2,Muthuni_T2,Muthuni,True
743,Nadeera,2,Nadeera_T2,Nadeera,True
743,Thenuri,3,Thenuri_T3,Thenuri,True
744,Buddhini,4,Buddhini_T4,Buddhini,True
744,Harshika,1,Harshika_T1,Harshika,True
744,Muthuni,2,Muthuni_T2,Muthuni,True
744,Nadeera,2,Nadeera_T2,Nadeera,True
744,Thenuri,4,Thenuri_T4,Thenuri,True
745,Buddhini,4,Buddhini_T4,Buddhini,True
745,Harshika,1,Harshika_T1,Harshika,True
745,Muthuni,2,Muthuni_T2,Muthuni,True
745,Nadeera,3,Nadeera_T3,Nadeera,True
745,Thenuri,1,Thenuri_T1,Thenuri,True
746,Buddhini,4,Buddhini_T4,Buddhini,True
746,Harshika,1,Harshika_T1,Harshika,True
746,Muthuni,2,Muthuni_T2,Muthuni,True
746,Nadeera,3,Nadeera_T3,Nadeera,True
746,Thenuri,2,Thenuri_T2,Thenuri,True
747,Buddhini,4,Buddhini_T4,Buddhini,True
747,Harshika,1,Harshika_T1,Harshika,True
747,Muthuni,2,Muthuni_T2,Muthuni,True
747,Nadeera,3,Nadeera_T3,Nadeera,True
747,Thenuri,3,Thenuri_T3,Thenuri,True
748,Buddhini,4,Buddhini_T4,Buddhini,True
748,Harshika,1,Harshika_T1,Harshika,True
748,Muthuni,2,Muthuni_T2,Muthuni,True
748,Nadeera,3,Nadeera_T3,Nadeera,True
748,Thenuri,4,Thenuri_T4,Thenuri,True
749,Buddhini,4,Buddhini_T4,Buddhini,True
749,Harshika,1,Harshika_T1,Harshika,True
749,Muthuni,2,Muthuni_T2,Muthuni,True
749,Nadeera,4,Nadeera_T4,Nadeera,True
749,Thenuri,1,Thenuri_T1,Thenuri,True
750,Buddhini,4,Buddhini_T4,Buddhini,True
750,Harshika,1,Harshika_T1,Harshika,True
750,Muthuni,2,Muthuni_T2,Muthuni,True
750,Nadeera,4,Nadeera_T4,Nadeera,True
750,Thenuri,2,Thenuri_T2,Thenuri,True
751,Buddhini,4,Buddhini_T4,Buddhini,True
751,Harshika,1,Harshika_T1,Harshika,True
751,Muthuni,2,Muthuni_T2,Muthuni,True
751,Nadeera,4,Nadeera_T4,Nadeera,True
751,Thenuri,3,Thenuri_T3,Thenuri,True
752,Buddhini,4,Buddhini_T4,Buddhini,True
752,Harshika,1,Harshika_T1,Harshika,True
752,Muthuni,2,Muthuni_T2,Muthuni,True
752,Nadeera,4,Nadeera_T4,Nadeera,True
752,Thenuri,4,Thenuri_T4,Thenuri,True
753,Buddhini,4,Buddhini_T4,Buddhini,True
753,Harshika,1,Harshika_T1,Harshika,True
753,Muthuni,3,Muthuni_T3,Muthuni,True
753,Nadeera,1,Nadeera_T1,Nadeera,True
753,Thenuri,1,Thenuri_T1,Thenuri,True
754,Buddhini,4,Buddhini_T4,Buddhini,True
754,Harshika,1,Harshika_T1,Harshika,True
754,Muthuni,3,Muthuni_T3,Muthuni,True
754,Nadeera,1,Nadeera_T1,Nadeera,True
754,Thenuri,2,Thenuri_T2,Thenuri,True
755,Buddhini,4,Buddhini_T4,Buddhini,True
755,Harshika,1,Harshika_T1,Harshika,True
755,Muthuni,3,Muthuni_T3,Muthuni,True
755,Nadeera,1,Nadeera_T1,Nadeera,True
755,Thenuri,3,Thenuri_T3,Thenuri,True
756,Buddhini,4,Buddhini_T4,Buddhini,True
756,Harshika,1,Harshika_T1,Harshika,True
756,Muthuni,3,Muthuni_T3,Muthuni,True
756,Nadeera,1,Nadeera_T1,Nadeera,True
756,Thenuri,4,Thenuri_T4,Thenuri,True
757,Buddhini,4,Buddhini_T4,Buddhini,True
757,Harshika,1,Harshika_T1,Harshika,True
757,Muthuni,3,Muthuni_T3,Muthuni,True
757,Nadeera,2,Nadeera_T2,Nadeera,True
757,Thenuri,1,Thenuri_T1,Thenuri,True
758,Buddhini,4,Buddhini_T4,Buddhini,True
758,Harshika,1,Harshika_T1,Harshika,True
758,Muthuni,3,Muthuni_T3,Muthuni,True
758,Nadeera,2,Nadeera_T2,Nadeera,True
758,Thenuri,2,Thenuri_T2,Thenuri,True
759,Buddhini,4,Buddhini_T4,Buddhini,True
759,Harshika,1,Harshika_T1,Harshika,True
759,Muthuni,3,Muthuni_T3,Muthuni,True
759,Nadeera,2,Nadeera_T2,Nadeera,True
759,Thenuri,3,Thenuri_T3,Thenuri,True
760,Buddhini,4,Buddhini_T4,Buddhini,True
760,Harshika,1,Harshika_T1,Harshika,True
760,Muthuni,3,Muthuni_T3,Muthuni,True
760,Nadeera,2,Nadeera_T2,Nadeera,True
760,Thenuri,4,Thenuri_T4,Thenuri,True
761,Buddhini,4,Buddhini_T4,Buddhini,True
761,Harshika,1,Harshika_T1,Harshika,True
761,Muthuni,3,Muthuni_T3,Muthuni,True
761,Nadeera,3,Nadeera_T3,Nadeera,True
761,Thenuri,1,Thenuri_T1,Thenuri,True
762,Buddhini,4,Buddhini_T4,Buddhini,True
762,Harshika,1,Harshika_T1,Harshika,True
762,Muthuni,3,Muthuni_T3,Muthuni,True
762,Nadeera,3,Nadeera_T3,Nadeera,True
762,Thenuri,2,Thenuri_T2,Thenuri,True
763,Buddhini,4,Buddhini_T4,Buddhini,True
763,Harshika,1,Harshika_T1,Harshika,True
763,Muthuni,3,Muthuni_T3,Muthuni,True
763,Nadeera,3,Nadeera_T3,Nadeera,True
763,Thenuri,3,Thenuri_T3,Thenuri,True
764,Buddhini,4,Buddhini_T4,Buddhini,True
764,Harshika,1,Harshika_T1,Harshika,True
764,Muthuni,3,Muthuni_T3,Muthuni,True
764,Nadeera,3,Nadeera_T3,Nadeera,True
764,Thenuri,4,Thenuri_T4,Thenuri,True
765,Buddhini,4,Buddhini_T4,Buddhini,True
765,Harshika,1,Harshika_T1,Harshika,True
765,Muthuni,3,Muthuni_T3,Muthuni,True
765,Nadeera,4,Nadeera_T4,Nadeera,True
765,Thenuri,1,Thenuri_T1,Thenuri,True
766,Buddhini,4,Buddhini_T4,Buddhini,True
766,Harshika,1,Harshika_T1,Harshika,True
766,Muthuni,3,Muthuni_T3,Muthuni,True
766,Nadeera,4,Nadeera_T4,Nadeera,True
766,Thenuri,2,Thenuri_T2,Thenuri,True
767,Buddhini,4,Buddhini_T4,Buddhini,True
767,Harshika,1,Harshika_T1,Harshika,True
767,Muthuni,3,Muthuni_T3,Muthuni,True
767,Nadeera,4,Nadeera_T4,Nadeera,True
767,Thenuri,3,Thenuri_T3,Thenuri,True
768,Buddhini,4,Buddhini_T4,Buddhini,True
768,Harshika,1,Harshika_T1,Harshika,True
768,Muthuni,3,Muthuni_T3,Muthuni,True
768,Nadeera,4,Nadeera_T4,Nadeera,True
768,Thenuri,4,Thenuri_T4,Thenuri,True
769,Buddhini,4,Buddhini_T4,Buddhini,True
769,Harshika,2,Harshika_T2,Harshika,True
769,Muthuni,1,Muthuni_T1,Muthuni,True
769,Nadeera,1,Nadeera_T1,Nadeera,True
769,Thenuri,1,Thenuri_T1,Thenuri,True
770,Buddhini,4,Buddhini_T4,Buddhini,True
770,Harshika,2,Harshika_T2,Harshika,True
770,Muthuni,1,Muthuni_T1,Muthuni,True
770,Nadeera,1,Nadeera_T1,Nadeera,True
770,Thenuri,2,Thenuri_T2,Thenuri,True
771,Buddhini,4,Buddhini_T4,Buddhini,True
771,Harshika,2,Harshika_T2,Harshika,True
771,Muthuni,1,Muthuni_T1,Muthuni,True
771,Nadeera,1,Nadeera_T1,Nadeera,True
771,Thenuri,3,Thenuri_T3,Thenuri,True
772,Buddhini,4,Buddhini_T4,Buddhini,True
772,Harshika,2,Harshika_T2,Harshika,True
772,Muthuni,1,Muthuni_T1,Muthuni,True
772,Nadeera,1,Nadeera_T1,Nadeera,True
772,Thenuri,4,Thenuri_T4,Thenuri,True
773,Buddhini,4,Buddhini_T4,Buddhini,True
773,Harshika,2,Harshika_T2,Harshika,True
773,Muthuni,1,Muthuni_T1,Muthuni,True
773,Nadeera,2,Nadeera_T2,Nadeera,True
773,Thenuri,1,Thenuri_T1,Thenuri,True
774,Buddhini,4,Buddhini_T4,Buddhini,True
774,Harshika,2,Harshika_T2,Harshika,True
774,Muthuni,1,Muthuni_T1,Muthuni,True
774,Nadeera,2,Nadeera_T2,Nadeera,True
774,Thenuri,2,Thenuri_T2,Thenuri,True
775,Buddhini,4,Buddhini_T4,Buddhini,True
775,Harshika,2,Harshika_T2,Harshika,True
775,Muthuni,1,Muthuni_T1,Muthuni,True
775,Nadeera,2,Nadeera_T2,Nadeera,True
775,Thenuri,3,Thenuri_T3,Thenuri,True
776,Buddhini,4,Buddhini_T4,Buddhini,True
776,Harshika,2,Harshika_T2,Harshika,True
776,Muthuni,1,Muthuni_T1,Muthuni,True
776,Nadeera,2,Nadeera_T2,Nadeera,True
776,Thenuri,4,Thenuri_T4,Thenuri,True
777,Buddhini,4,Buddhini_T4,Buddhini,True
777,Harshika,2,Harshika_T2,Harshika,True
777,Muthuni,1,Muthuni_T1,Muthuni,True
777,Nadeera,3,Nadeera_T3,Nadeera,True
777,Thenuri,1,Thenuri_T1,Thenuri,True
778,Buddhini,4,Buddhini_T4,Buddhini,True
778,Harshika,2,Harshika_T2,Harshika,True
778,Muthuni,1,Muthuni_T1,Muthuni,True
778,Nadeera,3,Nadeera_T3,Nadeera,True
778,Thenuri,2,Thenuri_T2,Thenuri,True
779,Buddhini,4,Buddhini_T4,Buddhini,True
779,Harshika,2,Harshika_T2,Harshika,True
779,Muthuni,1,Muthuni_T1,Muthuni,True
779,Nadeera,3,Nadeera_T3,Nadeera,True
779,Thenuri,3,Thenuri_T3,Thenuri,True
780,Buddhini,4,Buddhini_T4,Buddhini,True
780,Harshika,2,Harshika_T2,Harshika,True
780,Muthuni,1,Muthuni_T1,Muthuni,True
780,Nadeera,3,Nadeera_T3,Nadeera,True
780,Thenuri,4,Thenuri_T4,Thenuri,True
781,Buddhini,4,Buddhini_T4,Buddhini,True
781,Harshika,2,Harshika_T2,Harshika,True
781,Muthuni,1,Muthuni_T1,Muthuni,True
781,Nadeera,4,Nadeera_T4,Nadeera,True
781,Thenuri,1,Thenuri_T1,Thenuri,True
782,Buddhini,4,Buddhini_T4,Buddhini,True
782,Harshika,2,Harshika_T2,Harshika,True
782,Muthuni,1,Muthuni_T1,Muthuni,True
782,Nadeera,4,Nadeera_T4,Nadeera,True
782,Thenuri,2,Thenuri_T2,Thenuri,True
783,Buddhini,4,Buddhini_T4,Buddhini,True
783,Harshika,2,Harshika_T2,Harshika,True
783,Muthuni,1,Muthuni_T1,Muthuni,True
783,Nadeera,4,Nadeera_T4,Nadeera,True
783,Thenuri,3,Thenuri_T3,Thenuri,True
784,Buddhini,4,Buddhini_T4,Buddhini,True
784,Harshika,2,Harshika_T2,Harshika,True
784,Muthuni,1,Muthuni_T1,Muthuni,True
784,Nadeera,4,Nadeera_T4,Nadeera,True
784,Thenuri,4,Thenuri_T4,Thenuri,True
785,Buddhini,4,Buddhini_T4,Buddhini,True
785,Harshika,2,Harshika_T2,Harshika,True
785,Muthuni,2,Muthuni_T2,Muthuni,True
785,Nadeera,1,Nadeera_T1,Nadeera,True
785,Thenuri,1,Thenuri_T1,Thenuri,True
786,Buddhini,4,Buddhini_T4,Buddhini,True
786,Harshika,2,Harshika_T2,Harshika,True
786,Muthuni,2,Muthuni_T2,Muthuni,True
786,Nadeera,1,Nadeera_T1,Nadeera,True
786,Thenuri,2,Thenuri_T2,Thenuri,True
787,Buddhini,4,Buddhini_T4,Buddhini,True
787,Harshika,2,Harshika_T2,Harshika,True
787,Muthuni,2,Muthuni_T2,Muthuni,True
787,Nadeera,1,Nadeera_T1,Nadeera,True
787,Thenuri,3,Thenuri_T3,Thenuri,True
788,Buddhini,4,Buddhini_T4,Buddhini,True
788,Harshika,2,Harshika_T2,Harshika,True
788,Muthuni,2,Muthuni_T2,Muthuni,True
788,Nadeera,1,Nadeera_T1,Nadeera,True
788,Thenuri,4,Thenuri_T4,Thenuri,True
789,Buddhini,4,Buddhini_T4,Buddhini,True
789,Harshika,2,Harshika_T2,Harshika,True
789,Muthuni,2,Muthuni_T2,Muthuni,True
789,Nadeera,2,Nadeera_T2,Nadeera,True
789,Thenuri,1,Thenuri_T1,Thenuri,True
790,Buddhini,4,Buddhini_T4,Buddhini,True
790,Harshika,2,Harshika_T2,Harshika,True
790,Muthuni,2,Muthuni_T2,Muthuni,True
790,Nadeera,2,Nadeera_T2,Nadeera,True
790,Thenuri,2,Thenuri_T2,Thenuri,True
791,Buddhini,4,Buddhini_T4,Buddhini,True
791,Harshika,2,Harshika_T2,Harshika,True
791,Muthuni,2,Muthuni_T2,Muthuni,True
791,Nadeera,2,Nadeera_T2,Nadeera,True
791,Thenuri,3,Thenuri_T3,Thenuri,True
792,Buddhini,4,Buddhini_T4,Buddhini,True
792,Harshika,2,Harshika_T2,Harshika,True
792,Muthuni,2,Muthuni_T2,Muthuni,True
792,Nadeera,2,Nadeera_T2,Nadeera,True
792,Thenuri,4,Thenuri_T4,Thenuri,True
793,Buddhini,4,Buddhini_T4,Buddhini,True
793,Harshika,2,Harshika_T2,Harshika,True
793,Muthuni,2,Muthuni_T2,Muthuni,True
793,Nadeera,3,Nadeera_T3,Nadeera,True
793,Thenuri,1,Thenuri_T1,Thenuri,True
794,Buddhini,4,Buddhini_T4,Buddhini,True
794,Harshika,2,Harshika_T2,Harshika,True
794,Muthuni,2,Muthuni_T2,Muthuni,True
794,Nadeera,3,Nadeera_T3,Nadeera,True
794,Thenuri,2,Thenuri_T2,Thenuri,True
795,Buddhini,4,Buddhini_T4,Buddhini,True
795,Harshika,2,Harshika_T2,Harshika,True
795,Muthuni,2,Muthuni_T2,Muthuni,True
795,Nadeera,3,Nadeera_T3,Nadeera,True
795,Thenuri,3,Thenuri_T3,Thenuri,True
796,Buddhini,4,Buddhini_T4,Buddhini,True
796,Harshika,2,Harshika_T2,Harshika,True
796,Muthuni,2,Muthuni_T2,Muthuni,True
796,Nadeera,3,Nadeera_T3,Nadeera,True
796,Thenuri,4,Thenuri_T4,Thenuri,True
797,Buddhini,4,Buddhini_T4,Buddhini,True
797,Harshika,2,Harshika_T2,Harshika,True
797,Muthuni,2,Muthuni_T2,Muthuni,True
797,Nadeera,4,Nadeera_T4,Nadeera,True
797,Thenuri,1,Thenuri_T1,Thenuri,True
798,Buddhini,4,Buddhini_T4,Buddhini,True
798,Harshika,2,Harshika_T2,Harshika,True
798,Muthuni,2,Muthuni_T2,Muthuni,True
798,Nadeera,4,Nadeera_T4,Nadeera,True
798,Thenuri,2,Thenuri_T2,Thenuri,True
799,Buddhini,4,Buddhini_T4,Buddhini,True
799,Harshika,2,Harshika_T2,Harshika,True
799,Muthuni,2,Muthuni_T2,Muthuni,True
799,Nadeera,4,Nadeera_T4,Nadeera,True
799,Thenuri,3,Thenuri_T3,Thenuri,True
800,Buddhini,4,Buddhini_T4,Buddhini,True
800,Harshika,2,Harshika_T2,Harshika,True
800,Muthuni,2,Muthuni_T2,Muthuni,True
800,Nadeera,4,Nadeera_T4,Nadeera,True
800,Thenuri,4,Thenuri_T4,Thenuri,True
801,Buddhini,4,Buddhini_T4,Buddhini,True
801,Harshika,2,Harshika_T2,Harshika,True
801,Muthuni,3,Muthuni_T3,Muthuni,True
801,Nadeera,1,Nadeera_T1,Nadeera,True
801,Thenuri,1,Thenuri_T1,Thenuri,True
802,Buddhini,4,Buddhini_T4,Buddhini,True
802,Harshika,2,Harshika_T2,Harshika,True
802,Muthuni,3,Muthuni_T3,Muthuni,True
802,Nadeera,1,Nadeera_T1,Nadeera,True
802,Thenuri,2,Thenuri_T2,Thenuri,True
803,Buddhini,4,Buddhini_T4,Buddhini,True
803,Harshika,2,Harshika_T2,Harshika,True
803,Muthuni,3,Muthuni_T3,Muthuni,True
803,Nadeera,1,Nadeera_T1,Nadeera,True
803,Thenuri,3,Thenuri_T3,Thenuri,True
804,Buddhini,4,Buddhini_T4,Buddhini,True
804,Harshika,2,Harshika_T2,Harshika,True
804,Muthuni,3,Muthuni_T3,Muthuni,True
804,Nadeera,1,Nadeera_T1,Nadeera,True
804,Thenuri,4,Thenuri_T4,Thenuri,True
805,Buddhini,4,Buddhini_T4,Buddhini,True
805,Harshika,2,Harshika_T2,Harshika,True
805,Muthuni,3,Muthuni_T3,Muthuni,True
805,Nadeera,2,Nadeera_T2,Nadeera,True
805,Thenuri,1,Thenuri_T1,Thenuri,True
806,Buddhini,4,Buddhini_T4,Buddhini,True
806,Harshika,2,Harshika_T2,Harshika,True
806,Muthuni,3,Muthuni_T3,Muthuni,True
806,Nadeera,2,Nadeera_T2,Nadeera,True
806,Thenuri,2,Thenuri_T2,Thenuri,True
807,Buddhini,4,Buddhini_T4,Buddhini,True
807,Harshika,2,Harshika_T2,Harshika,True
807,Muthuni,3,Muthuni_T3,Muthuni,True
807,Nadeera,2,Nadeera_T2,Nadeera,True
807,Thenuri,3,Thenuri_T3,Thenuri,True
808,Buddhini,4,Buddhini_T4,Buddhini,True
808,Harshika,2,Harshika_T2,Harshika,True
808,Muthuni,3,Muthuni_T3,Muthuni,True
808,Nadeera,2,Nadeera_T2,Nadeera,True
808,Thenuri,4,Thenuri_T4,Thenuri,True
809,Buddhini,4,Buddhini_T4,Buddhini,True
809,Harshika,2,Harshika_T2,Harshika,True
809,Muthuni,3,Muthuni_T3,Muthuni,True
809,Nadeera,3,Nadeera_T3,Nadeera,True
809,Thenuri,1,Thenuri_T1,Thenuri,True
810,Buddhini,4,Buddhini_T4,Buddhini,True
810,Harshika,2,Harshika_T2,Harshika,True
810,Muthuni,3,Muthuni_T3,Muthuni,True
810,Nadeera,3,Nadeera_T3,Nadeera,True
810,Thenuri,2,Thenuri_T2,Thenuri,True
811,Buddhini,4,Buddhini_T4,Buddhini,True
811,Harshika,2,Harshika_T2,Harshika,True
811,Muthuni,3,Muthuni_T3,Muthuni,True
811,Nadeera,3,Nadeera_T3,Nadeera,True
811,Thenuri,3,Thenuri_T3,Thenuri,True
812,Buddhini,4,Buddhini_T4,Buddhini,True
812,Harshika,2,Harshika_T2,Harshika,True
812,Muthuni,3,Muthuni_T3,Muthuni,True
812,Nadeera,3,Nadeera_T3,Nadeera,True
812,Thenuri,4,Thenuri_T4,Thenuri,True
813,Buddhini,4,Buddhini_T4,Buddhini,True
813,Harshika,2,Harshika_T2,Harshika,True
813,Muthuni,3,Muthuni_T3,Muthuni,True
813,Nadeera,4,Nadeera_T4,Nadeera,True
813,Thenuri,1,Thenuri_T1,Thenuri,True
814,Buddhini,4,Buddhini_T4,Buddhini,True
814,Harshika,2,Harshika_T2,Harshika,True
814,Muthuni,3,Muthuni_T3,Muthuni,True
814,Nadeera,4,Nadeera_T4,Nadeera,True
814,Thenuri,2,Thenuri_T2,Thenuri,True
815,Buddhini,4,Buddhini_T4,Buddhini,True
815,Harshika,2,Harshika_T2,Harshika,True
815,Muthuni,3,Muthuni_T3,Muthuni,True
815,Nadeera,4,Nadeera_T4,Nadeera,True
815,Thenuri,3,Thenuri_T3,Thenuri,True
816,Buddhini,4,Buddhini_T4,Buddhini,True
816,Harshika,2,Harshika_T2,Harshika,True
816,Muthuni,3,Muthuni_T3,Muthuni,True
816,Nadeera,4,Nadeera_T4,Nadeera,True
816,Thenuri,4,Thenuri_T4,Thenuri,True
817,Buddhini,4,Buddhini_T4,Buddhini,True
817,Harshika,3,Harshika_T3,Harshika,True
817,Muthuni,1,Muthuni_T1,Muthuni,True
817,Nadeera,1,Nadeera_T1,Nadeera,True
817,Thenuri,1,Thenuri_T1,Thenuri,True
818,Buddhini,4,Buddhini_T4,Buddhini,True
818,Harshika,3,Harshika_T3,Harshika,True
818,Muthuni,1,Muthuni_T1,Muthuni,True
818,Nadeera,1,Nadeera_T1,Nadeera,True
818,Thenuri,2,Thenuri_T2,Thenuri,True
819,Buddhini,4,Buddhini_T4,Buddhini,True
819,Harshika,3,Harshika_T3,Harshika,True
819,Muthuni,1,Muthuni_T1,Muthuni,True
819,Nadeera,1,Nadeera_T1,Nadeera,True
819,Thenuri,3,Thenuri_T3,Thenuri,True
820,Buddhini,4,Buddhini_T4,Buddhini,True
820,Harshika,3,Harshika_T3,Harshika,True
820,Muthuni,1,Muthuni_T1,Muthuni,True
820,Nadeera,1,Nadeera_T1,Nadeera,True
820,Thenuri,4,Thenuri_T4,Thenuri,True
821,Buddhini,4,Buddhini_T4,Buddhini,True
821,Harshika,3,Harshika_T3,Harshika,True
821,Muthuni,1,Muthuni_T1,Muthuni,True
821,Nadeera,2,Nadeera_T2,Nadeera,True
821,Thenuri,1,Thenuri_T1,Thenuri,True
822,Buddhini,4,Buddhini_T4,Buddhini,True
822,Harshika,3,Harshika_T3,Harshika,True
822,Muthuni,1,Muthuni_T1,Muthuni,True
822,Nadeera,2,Nadeera_T2,Nadeera,True
822,Thenuri,2,Thenuri_T2,Thenuri,True
823,Buddhini,4,Buddhini_T4,Buddhini,True
823,Harshika,3,Harshika_T3,Harshika,True
823,Muthuni,1,Muthuni_T1,Muthuni,True
823,Nadeera,2,Nadeera_T2,Nadeera,True
823,Thenuri,3,Thenuri_T3,Thenuri,True
824,Buddhini,4,Buddhini_T4,Buddhini,True
824,Harshika,3,Harshika_T3,Harshika,True
824,Muthuni,1,Muthuni_T1,Muthuni,True
824,Nadeera,2,Nadeera_T2,Nadeera,True
824,Thenuri,4,Thenuri_T4,Thenuri,True
825,Buddhini,4,Buddhini_T4,Buddhini,True
825,Harshika,3,Harshika_T3,Harshika,True
825,Muthuni,1,Muthuni_T1,Muthuni,True
825,Nadeera,3,Nadeera_T3,Nadeera,True
825,Thenuri,1,Thenuri_T1,Thenuri,True
826,Buddhini,4,Buddhini_T4,Buddhini,True
826,Harshika,3,Harshika_T3,Harshika,True
826,Muthuni,1,Muthuni_T1,Muthuni,True
826,Nadeera,3,Nadeera_T3,Nadeera,True
826,Thenuri,2,Thenuri_T2,Thenuri,True
827,Buddhini,4,Buddhini_T4,Buddhini,True
827,Harshika,3,Harshika_T3,Harshika,True
827,Muthuni,1,Muthuni_T1,Muthuni,True
827,Nadeera,3,Nadeera_T3,Nadeera,True
827,Thenuri,3,Thenuri_T3,Thenuri,True
828,Buddhini,4,Buddhini_T4,Buddhini,True
828,Harshika,3,Harshika_T3,Harshika,True
828,Muthuni,1,Muthuni_T1,Muthuni,True
828,Nadeera,3,Nadeera_T3,Nadeera,True
828,Thenuri,4,Thenuri_T4,Thenuri,True
829,Buddhini,4,Buddhini_T4,Buddhini,True
829,Harshika,3,Harshika_T3,Harshika,True
829,Muthuni,1,Muthuni_T1,Muthuni,True
829,Nadeera,4,Nadeera_T4,Nadeera,True
829,Thenuri,1,Thenuri_T1,Thenuri,True
830,Buddhini,4,Buddhini_T4,Buddhini,True
830,Harshika,3,Harshika_T3,Harshika,True
830,Muthuni,1,Muthuni_T1,Muthuni,True
830,Nadeera,4,Nadeera_T4,Nadeera,True
830,Thenuri,2,Thenuri_T2,Thenuri,True
831,Buddhini,4,Buddhini_T4,Buddhini,True
831,Harshika,3,Harshika_T3,Harshika,True
831,Muthuni,1,Muthuni_T1,Muthuni,True
831,Nadeera,4,Nadeera_T4,Nadeera,True
831,Thenuri,3,Thenuri_T3,Thenuri,True
832,Buddhini,4,Buddhini_T4,Buddhini,True
832,Harshika,3,Harshika_T3,Harshika,True
832,Muthuni,1,Muthuni_T1,Muthuni,True
832,Nadeera,4,Nadeera_T4,Nadeera,True
832,Thenuri,4,Thenuri_T4,Thenuri,True
833,Buddhini,4,Buddhini_T4,Buddhini,True
833,Harshika,3,Harshika_T3,Harshika,True
833,Muthuni,2,Muthuni_T2,Muthuni,True
833,Nadeera,1,Nadeera_T1,Nadeera,True
833,Thenuri,1,Thenuri_T1,Thenuri,True
834,Buddhini,4,Buddhini_T4,Buddhini,True
834,Harshika,3,Harshika_T3,Harshika,True
834,Muthuni,2,Muthuni_T2,Muthuni,True
834,Nadeera,1,Nadeera_T1,Nadeera,True
834,Thenuri,2,Thenuri_T2,Thenuri,True
835,Buddhini,4,Buddhini_T4,Buddhini,True
835,Harshika,3,Harshika_T3,Harshika,True
835,Muthuni,2,Muthuni_T2,Muthuni,True
835,Nadeera,1,Nadeera_T1,Nadeera,True
835,Thenuri,3,Thenuri_T3,Thenuri,True
836,Buddhini,4,Buddhini_T4,Buddhini,True
836,Harshika,3,Harshika_T3,Harshika,True
836,Muthuni,2,Muthuni_T2,Muthuni,True
836,Nadeera,1,Nadeera_T1,Nadeera,True
836,Thenuri,4,Thenuri_T4,Thenuri,True
837,Buddhini,4,Buddhini_T4,Buddhini,True
837,Harshika,3,Harshika_T3,Harshika,True
837,Muthuni,2,Muthuni_T2,Muthuni,True
837,Nadeera,2,Nadeera_T2,Nadeera,True
837,Thenuri,1,Thenuri_T1,Thenuri,True
838,Buddhini,4,Buddhini_T4,Buddhini,True
838,Harshika,3,Harshika_T3,Harshika,True
838,Muthuni,2,Muthuni_T2,Muthuni,True
838,Nadeera,2,Nadeera_T2,Nadeera,True
838,Thenuri,2,Thenuri_T2,Thenuri,True
839,Buddhini,4,Buddhini_T4,Buddhini,True
839,Harshika,3,Harshika_T3,Harshika,True
839,Muthuni,2,Muthuni_T2,Muthuni,True
839,Nadeera,2,Nadeera_T2,Nadeera,True
839,Thenuri,3,Thenuri_T3,Thenuri,True
840,Buddhini,4,Buddhini_T4,Buddhini,True
840,Harshika,3,Harshika_T3,Harshika,True
840,Muthuni,2,Muthuni_T2,Muthuni,True
840,Nadeera,2,Nadeera_T2,Nadeera,True
840,Thenuri,4,Thenuri_T4,Thenuri,True
841,Buddhini,4,Buddhini_T4,Buddhini,True
841,Harshika,3,Harshika_T3,Harshika,True
841,Muthuni,2,Muthuni_T2,Muthuni,True
841,Nadeera,3,Nadeera_T3,Nadeera,True
841,Thenuri,1,Thenuri_T1,Thenuri,True
842,Buddhini,4,Buddhini_T4,Buddhini,True
842,Harshika,3,Harshika_T3,Harshika,True
842,Muthuni,2,Muthuni_T2,Muthuni,True
842,Nadeera,3,Nadeera_T3,Nadeera,True
842,Thenuri,2,Thenuri_T2,Thenuri,True
843,Buddhini,4,Buddhini_T4,Buddhini,True
843,Harshika,3,Harshika_T3,Harshika,True
843,Muthuni,2,Muthuni_T2,Muthuni,True
843,Nadeera,3,Nadeera_T3,Nadeera,True
843,Thenuri,3,Thenuri_T3,Thenuri,True
844,Buddhini,4,Buddhini_T4,Buddhini,True
844,Harshika,3,Harshika_T3,Harshika,True
844,Muthuni,2,Muthuni_T2,Muthuni,True
844,Nadeera,3,Nadeera_T3,Nadeera,True
844,Thenuri,4,Thenuri_T4,Thenuri,True
845,Buddhini,4,Buddhini_T4,Buddhini,True
845,Harshika,3,Harshika_T3,Harshika,True
845,Muthuni,2,Muthuni_T2,Muthuni,True
845,Nadeera,4,Nadeera_T4,Nadeera,True
845,Thenuri,1,Thenuri_T1,Thenuri,True
846,Buddhini,4,Buddhini_T4,Buddhini,True
846,Harshika,3,Harshika_T3,Harshika,True
846,Muthuni,2,Muthuni_T2,Muthuni,True
846,Nadeera,4,Nadeera_T4,Nadeera,True
846,Thenuri,2,Thenuri_T2,Thenuri,True
847,Buddhini,4,Buddhini_T4,Buddhini,True
847,Harshika,3,Harshika_T3,Harshika,True
847,Muthuni,2,Muthuni_T2,Muthuni,True
847,Nadeera,4,Nadeera_T4,Nadeera,True
847,Thenuri,3,Thenuri_T3,Thenuri,True
848,Buddhini,4,Buddhini_T4,Buddhini,True
848,Harshika,3,Harshika_T3,Harshika,True
848,Muthuni,2,Muthuni_T2,Muthuni,True
848,Nadeera,4,Nadeera_T4,Nadeera,True
848,Thenuri,4,Thenuri_T4,Thenuri,True
849,Buddhini,4,Buddhini_T4,Buddhini,True
849,Harshika,3,Harshika_T3,Harshika,True
849,Muthuni,3,Muthuni_T3,Muthuni,True
849,Nadeera,1,Nadeera_T1,Nadeera,True
849,Thenuri,1,Thenuri_T1,Thenuri,True
850,Buddhini,4,Buddhini_T4,Buddhini,True
850,Harshika,3,Harshika_T3,Harshika,True
850,Muthuni,3,Muthuni_T3,Muthuni,True
850,Nadeera,1,Nadeera_T1,Nadeera,True
850,Thenuri,2,Thenuri_T2,Thenuri,True
851,Buddhini,4,Buddhini_T4,Buddhini,True
851,Harshika,3,Harshika_T3,Harshika,True
851,Muthuni,3,Muthuni_T3,Muthuni,True
851,Nadeera,1,Nadeera_T1,Nadeera,True
851,Thenuri,3,Thenuri_T3,Thenuri,True
852,Buddhini,4,Buddhini_T4,Buddhini,True
852,Harshika,3,Harshika_T3,Harshika,True
852,Muthuni,3,Muthuni_T3,Muthuni,True
852,Nadeera,1,Nadeera_T1,Nadeera,True
852,Thenuri,4,Thenuri_T4,Thenuri,True
853,Buddhini,4,Buddhini_T4,Buddhini,True
853,Harshika,3,Harshika_T3,Harshika,True
853,Muthuni,3,Muthuni_T3,Muthuni,True
853,Nadeera,2,Nadeera_T2,Nadeera,True
853,Thenuri,1,Thenuri_T1,Thenuri,True
854,Buddhini,4,Buddhini_T4,Buddhini,True
854,Harshika,3,Harshika_T3,Harshika,True
854,Muthuni,3,Muthuni_T3,Muthuni,True
854,Nadeera,2,Nadeera_T2,Nadeera,True
854,Thenuri,2,Thenuri_T2,Thenuri,True
855,Buddhini,4,Buddhini_T4,Buddhini,True
855,Harshika,3,Harshika_T3,Harshika,True
855,Muthuni,3,Muthuni_T3,Muthuni,True
855,Nadeera,2,Nadeera_T2,Nadeera,True
855,Thenuri,3,Thenuri_T3,Thenuri,True
856,Buddhini,4,Buddhini_T4,Buddhini,True
856,Harshika,3,Harshika_T3,Harshika,True
856,Muthuni,3,Muthuni_T3,Muthuni,True
856,Nadeera,2,Nadeera_T2,Nadeera,True
856,Thenuri,4,Thenuri_T4,Thenuri,True
857,Buddhini,4,Buddhini_T4,Buddhini,True
857,Harshika,3,Harshika_T3,Harshika,True
857,Muthuni,3,Muthuni_T3,Muthuni,True
857,Nadeera,3,Nadeera_T3,Nadeera,True
857,Thenuri,1,Thenuri_T1,Thenuri,True
858,Buddhini,4,Buddhini_T4,Buddhini,True
858,Harshika,3,Harshika_T3,Harshika,True
858,Muthuni,3,Muthuni_T3,Muthuni,True
858,Nadeera,3,Nadeera_T3,Nadeera,True
858,Thenuri,2,Thenuri_T2,Thenuri,True
859,Buddhini,4,Buddhini_T4,Buddhini,True
859,Harshika,3,Harshika_T3,Harshika,True
859,Muthuni,3,Muthuni_T3,Muthuni,True
859,Nadeera,3,Nadeera_T3,Nadeera,True
859,Thenuri,3,Thenuri_T3,Thenuri,True
860,Buddhini,4,Buddhini_T4,Buddhini,True
860,Harshika,3,Harshika_T3,Harshika,True
860,Muthuni,3,Muthuni_T3,Muthuni,True
860,Nadeera,3,Nadeera_T3,Nadeera,True
860,Thenuri,4,Thenuri_T4,Thenuri,True
861,Buddhini,4,Buddhini_T4,Buddhini,True
861,Harshika,3,Harshika_T3,Harshika,True
861,Muthuni,3,Muthuni_T3,Muthuni,True
861,Nadeera,4,Nadeera_T4,Nadeera,True
861,Thenuri,1,Thenuri_T1,Thenuri,True
862,Buddhini,4,Buddhini_T4,Buddhini,True
862,Harshika,3,Harshika_T3,Harshika,True
862,Muthuni,3,Muthuni_T3,Muthuni,True
862,Nadeera,4,Nadeera_T4,Nadeera,True
862,Thenuri,2,Thenuri_T2,Thenuri,True
863,Buddhini,4,Buddhini_T4,Buddhini,True
863,Harshika,3,Harshika_T3,Harshika,True
863,Muthuni,3,Muthuni_T3,Muthuni,True
863,Nadeera,4,Nadeera_T4,Nadeera,True
863,Thenuri,3,Thenuri_T3,Thenuri,True
864,Buddhini,4,Buddhini_T4,Buddhini,True
864,Harshika,3,Harshika_T3,Harshika,True
864,Muthuni,3,Muthuni_T3,Muthuni,True
864,Nadeera,4,Nadeera_T4,Nadeera,True
864,Thenuri,4,Thenuri_T4,Thenuri,True
865,Buddhini,4,Buddhini_T4,Buddhini,True
865,Harshika,4,Harshika_T4,Harshika,True
865,Muthuni,1,Muthuni_T1,Muthuni,True
865,Nadeera,1,Nadeera_T1,Nadeera,True
865,Thenuri,1,Thenuri_T1,Thenuri,True
866,Buddhini,4,Buddhini_T4,Buddhini,True
866,Harshika,4,Harshika_T4,Harshika,True
866,Muthuni,1,Muthuni_T1,Muthuni,True
866,Nadeera,1,Nadeera_T1,Nadeera,True
866,Thenuri,2,Thenuri_T2,Thenuri,True
867,Buddhini,4,Buddhini_T4,Buddhini,True
867,Harshika,4,Harshika_T4,Harshika,True
867,Muthuni,1,Muthuni_T1,Muthuni,True
867,Nadeera,1,Nadeera_T1,Nadeera,True
867,Thenuri,3,Thenuri_T3,Thenuri,True
868,Buddhini,4,Buddhini_T4,Buddhini,True
868,Harshika,4,Harshika_T4,Harshika,True
868,Muthuni,1,Muthuni_T1,Muthuni,True
868,Nadeera,1,Nadeera_T1,Nadeera,True
868,Thenuri,4,Thenuri_T4,Thenuri,True
869,Buddhini,4,Buddhini_T4,Buddhini,True
869,Harshika,4,Harshika_T4,Harshika,True
869,Muthuni,1,Muthuni_T1,Muthuni,True
869,Nadeera,2,Nadeera_T2,Nadeera,True
869,Thenuri,1,Thenuri_T1,Thenuri,True
870,Buddhini,4,Buddhini_T4,Buddhini,True
870,Harshika,4,Harshika_T4,Harshika,True
870,Muthuni,1,Muthuni_T1,Muthuni,True
870,Nadeera,2,Nadeera_T2,Nadeera,True
870,Thenuri,2,Thenuri_T2,Thenuri,True
871,Buddhini,4,Buddhini_T4,Buddhini,True
871,Harshika,4,Harshika_T4,Harshika,True
871,Muthuni,1,Muthuni_T1,Muthuni,True
871,Nadeera,2,Nadeera_T2,Nadeera,True
871,Thenuri,3,Thenuri_T3,Thenuri,True
872,Buddhini,4,Buddhini_T4,Buddhini,True
872,Harshika,4,Harshika_T4,Harshika,True
872,Muthuni,1,Muthuni_T1,Muthuni,True
872,Nadeera,2,Nadeera_T2,Nadeera,True
872,Thenuri,4,Thenuri_T4,Thenuri,True
873,Buddhini,4,Buddhini_T4,Buddhini,True
873,Harshika,4,Harshika_T4,Harshika,True
873,Muthuni,1,Muthuni_T1,Muthuni,True
873,Nadeera,3,Nadeera_T3,Nadeera,True
873,Thenuri,1,Thenuri_T1,Thenuri,True
874,Buddhini,4,Buddhini_T4,Buddhini,True
874,Harshika,4,Harshika_T4,Harshika,True
874,Muthuni,1,Muthuni_T1,Muthuni,True
874,Nadeera,3,Nadeera_T3,Nadeera,True
874,Thenuri,2,Thenuri_T2,Thenuri,True
875,Buddhini,4,Buddhini_T4,Buddhini,True
875,Harshika,4,Harshika_T4,Harshika,True
875,Muthuni,1,Muthuni_T1,Muthuni,True
875,Nadeera,3,Nadeera_T3,Nadeera,True
875,Thenuri,3,Thenuri_T3,Thenuri,True
876,Buddhini,4,Buddhini_T4,Buddhini,True
876,Harshika,4,Harshika_T4,Harshika,True
876,Muthuni,1,Muthuni_T1,Muthuni,True
876,Nadeera,3,Nadeera_T3,Nadeera,True
876,Thenuri,4,Thenuri_T4,Thenuri,True
877,Buddhini,4,Buddhini_T4,Buddhini,True
877,Harshika,4,Harshika_T4,Harshika,True
877,Muthuni,1,Muthuni_T1,Muthuni,True
877,Nadeera,4,Nadeera_T4,Nadeera,True
877,Thenuri,1,Thenuri_T1,Thenuri,True
878,Buddhini,4,Buddhini_T4,Buddhini,True
878,Harshika,4,Harshika_T4,Harshika,True
878,Muthuni,1,Muthuni_T1,Muthuni,True
878,Nadeera,4,Nadeera_T4,Nadeera,True
878,Thenuri,2,Thenuri_T2,Thenuri,True
879,Buddhini,4,Buddhini_T4,Buddhini,True
879,Harshika,4,Harshika_T4,Harshika,True
879,Muthuni,1,Muthuni_T1,Muthuni,True
879,Nadeera,4,Nadeera_T4,Nadeera,True
879,Thenuri,3,Thenuri_T3,Thenuri,True
880,Buddhini,4,Buddhini_T4,Buddhini,True
880,Harshika,4,Harshika_T4,Harshika,True
880,Muthuni,1,Muthuni_T1,Muthuni,True
880,Nadeera,4,Nadeera_T4,Nadeera,True
880,Thenuri,4,Thenuri_T4,Thenuri,True
881,Buddhini,4,Buddhini_T4,Buddhini,True
881,Harshika,4,Harshika_T4,Harshika,True
881,Muthuni,2,Muthuni_T2,Muthuni,True
881,Nadeera,1,Nadeera_T1,Nadeera,True
881,Thenuri,1,Thenuri_T1,Thenuri,True
882,Buddhini,4,Buddhini_T4,Buddhini,True
882,Harshika,4,Harshika_T4,Harshika,True
882,Muthuni,2,Muthuni_T2,Muthuni,True
882,Nadeera,1,Nadeera_T1,Nadeera,True
882,Thenuri,2,Thenuri_T2,Thenuri,True
883,Buddhini,4,Buddhini_T4,Buddhini,True
883,Harshika,4,Harshika_T4,Harshika,True
883,Muthuni,2,Muthuni_T2,Muthuni,True
883,Nadeera,1,Nadeera_T1,Nadeera,True
883,Thenuri,3,Thenuri_T3,Thenuri,True
884,Buddhini,4,Buddhini_T4,Buddhini,True
884,Harshika,4,Harshika_T4,Harshika,True
884,Muthuni,2,Muthuni_T2,Muthuni,True
884,Nadeera,1,Nadeera_T1,Nadeera,True
884,Thenuri,4,Thenuri_T4,Thenuri,True
885,Buddhini,4,Buddhini_T4,Buddhini,True
885,Harshika,4,Harshika_T4,Harshika,True
885,Muthuni,2,Muthuni_T2,Muthuni,True
885,Nadeera,2,Nadeera_T2,Nadeera,True
885,Thenuri,1,Thenuri_T1,Thenuri,True
886,Buddhini,4,Buddhini_T4,Buddhini,True
886,Harshika,4,Harshika_T4,Harshika,True
886,Muthuni,2,Muthuni_T2,Muthuni,True
886,Nadeera,2,Nadeera_T2,Nadeera,True
886,Thenuri,2,Thenuri_T2,Thenuri,True
887,Buddhini,4,Buddhini_T4,Buddhini,True
887,Harshika,4,Harshika_T4,Harshika,True
887,Muthuni,2,Muthuni_T2,Muthuni,True
887,Nadeera,2,Nadeera_T2,Nadeera,True
887,Thenuri,3,Thenuri_T3,Thenuri,True
888,Buddhini,4,Buddhini_T4,Buddhini,True
888,Harshika,4,Harshika_T4,Harshika,True
888,Muthuni,2,Muthuni_T2,Muthuni,True
888,Nadeera,2,Nadeera_T2,Nadeera,True
888,Thenuri,4,Thenuri_T4,Thenuri,True
889,Buddhini,4,Buddhini_T4,Buddhini,True
889,Harshika,4,Harshika_T4,Harshika,True
889,Muthuni,2,Muthuni_T2,Muthuni,True
889,Nadeera,3,Nadeera_T3,Nadeera,True
889,Thenuri,1,Thenuri_T1,Thenuri,True
890,Buddhini,4,Buddhini_T4,Buddhini,True
890,Harshika,4,Harshika_T4,Harshika,True
890,Muthuni,2,Muthuni_T2,Muthuni,True
890,Nadeera,3,Nadeera_T3,Nadeera,True
890,Thenuri,2,Thenuri_T2,Thenuri,True
891,Buddhini,4,Buddhini_T4,Buddhini,True
891,Harshika,4,Harshika_T4,Harshika,True
891,Muthuni,2,Muthuni_T2,Muthuni,True
891,Nadeera,3,Nadeera_T3,Nadeera,True
891,Thenuri,3,Thenuri_T3,Thenuri,True
892,Buddhini,4,Buddhini_T4,Buddhini,True
892,Harshika,4,Harshika_T4,Harshika,True
892,Muthuni,2,Muthuni_T2,Muthuni,True
892,Nadeera,3,Nadeera_T3,Nadeera,True
892,Thenuri,4,Thenuri_T4,Thenuri,True
893,Buddhini,4,Buddhini_T4,Buddhini,True
893,Harshika,4,Harshika_T4,Harshika,True
893,Muthuni,2,Muthuni_T2,Muthuni,True
893,Nadeera,4,Nadeera_T4,Nadeera,True
893,Thenuri,1,Thenuri_T1,Thenuri,True
894,Buddhini,4,Buddhini_T4,Buddhini,True
894,Harshika,4,Harshika_T4,Harshika,True
894,Muthuni,2,Muthuni_T2,Muthuni,True
894,Nadeera,4,Nadeera_T4,Nadeera,True
894,Thenuri,2,Thenuri_T2,Thenuri,True
895,Buddhini,4,Buddhini_T4,Buddhini,True
895,Harshika,4,Harshika_T4,Harshika,True
895,Muthuni,2,Muthuni_T2,Muthuni,True
895,Nadeera,4,Nadeera_T4,Nadeera,True
895,Thenuri,3,Thenuri_T3,Thenuri,True
896,Buddhini,4,Buddhini_T4,Buddhini,True
896,Harshika,4,Harshika_T4,Harshika,True
896,Muthuni,2,Muthuni_T2,Muthuni,True
896,Nadeera,4,Nadeera_T4,Nadeera,True
896,Thenuri,4,Thenuri_T4,Thenuri,True
897,Buddhini,4,Buddhini_T4,Buddhini,True
897,Harshika,4,Harshika_T4,Harshika,True
897,Muthuni,3,Muthuni_T3,Muthuni,True
897,Nadeera,1,Nadeera_T1,Nadeera,True
897,Thenuri,1,Thenuri_T1,Thenuri,True
898,Buddhini,4,Buddhini_T4,Buddhini,True
898,Harshika,4,Harshika_T4,Harshika,True
898,Muthuni,3,Muthuni_T3,Muthuni,True
898,Nadeera,1,Nadeera_T1,Nadeera,True
898,Thenuri,2,Thenuri_T2,Thenuri,True
899,Buddhini,4,Buddhini_T4,Buddhini,True
899,Harshika,4,Harshika_T4,Harshika,True
899,Muthuni,3,Muthuni_T3,Muthuni,True
899,Nadeera,1,Nadeera_T1,Nadeera,True
899,Thenuri,3,Thenuri_T3,Thenuri,True
900,Buddhini,4,Buddhini_T4,Buddhini,True
900,Harshika,4,Harshika_T4,Harshika,True
900,Muthuni,3,Muthuni_T3,Muthuni,True
900,Nadeera,1,Nadeera_T1,Nadeera,True
900,Thenuri,4,Thenuri_T4,Thenuri,True
901,Buddhini,4,Buddhini_T4,Buddhini,True
901,Harshika,4,Harshika_T4,Harshika,True
901,Muthuni,3,Muthuni_T3,Muthuni,True
901,Nadeera,2,Nadeera_T2,Nadeera,True
901,Thenuri,1,Thenuri_T1,Thenuri,True
902,Buddhini,4,Buddhini_T4,Buddhini,True
902,Harshika,4,Harshika_T4,Harshika,True
902,Muthuni,3,Muthuni_T3,Muthuni,True
902,Nadeera,2,Nadeera_T2,Nadeera,True
902,Thenuri,2,Thenuri_T2,Thenuri,True
903,Buddhini,4,Buddhini_T4,Buddhini,True
903,Harshika,4,Harshika_T4,Harshika,True
903,Muthuni,3,Muthuni_T3,Muthuni,True
903,Nadeera,2,Nadeera_T2,Nadeera,True
903,Thenuri,3,Thenuri_T3,Thenuri,True
904,Buddhini,4,Buddhini_T4,Buddhini,True
904,Harshika,4,Harshika_T4,Harshika,True
904,Muthuni,3,Muthuni_T3,Muthuni,True
904,Nadeera,2,Nadeera_T2,Nadeera,True
904,Thenuri,4,Thenuri_T4,Thenuri,True
905,Buddhini,4,Buddhini_T4,Buddhini,True
905,Harshika,4,Harshika_T4,Harshika,True
905,Muthuni,3,Muthuni_T3,Muthuni,True
905,Nadeera,3,Nadeera_T3,Nadeera,True
905,Thenuri,1,Thenuri_T1,Thenuri,True
906,Buddhini,4,Buddhini_T4,Buddhini,True
906,Harshika,4,Harshika_T4,Harshika,True
906,Muthuni,3,Muthuni_T3,Muthuni,True
906,Nadeera,3,Nadeera_T3,Nadeera,True
906,Thenuri,2,Thenuri_T2,Thenuri,True
907,Buddhini,4,Buddhini_T4,Buddhini,True
907,Harshika,4,Harshika_T4,Harshika,True
907,Muthuni,3,Muthuni_T3,Muthuni,True
907,Nadeera,3,Nadeera_T3,Nadeera,True
907,Thenuri,3,Thenuri_T3,Thenuri,True
908,Buddhini,4,Buddhini_T4,Buddhini,True
908,Harshika,4,Harshika_T4,Harshika,True
908,Muthuni,3,Muthuni_T3,Muthuni,True
908,Nadeera,3,Nadeera_T3,Nadeera,True
908,Thenuri,4,Thenuri_T4,Thenuri,True
909,Buddhini,4,Buddhini_T4,Buddhini,True
909,Harshika,4,Harshika_T4,Harshika,True
909,Muthuni,3,Muthuni_T3,Muthuni,True
909,Nadeera,4,Nadeera_T4,Nadeera,True
909,Thenuri,1,Thenuri_T1,Thenuri,True
910,Buddhini,4,Buddhini_T4,Buddhini,True
910,Harshika,4,Harshika_T4,Harshika,True
910,Muthuni,3,Muthuni_T3,Muthuni,True
910,Nadeera,4,Nadeera_T4,Nadeera,True
910,Thenuri,2,Thenuri_T2,Thenuri,True
911,Buddhini,4,Buddhini_T4,Buddhini,True
911,Harshika,4,Harshika_T4,Harshika,True
911,Muthuni,3,Muthuni_T3,Muthuni,True
911,Nadeera,4,Nadeera_T4,Nadeera,True
911,Thenuri,3,Thenuri_T3,Thenuri,True
912,Buddhini,4,Buddhini_T4,Buddhini,True
912,Harshika,4,Harshika_T4,Harshika,True
912,Muthuni,3,Muthuni_T3,Muthuni,True
912,Nadeera,4,Nadeera_T4,Nadeera,True
912,Thenuri,4,Thenuri_T4,Thenuri,True
913,Buddhini,4,Buddhini_T4,Buddhini,True
913,Harshika,5,Harshika_T5,Harshika,True
913,Muthuni,1,Muthuni_T1,Muthuni,True
913,Nadeera,1,Nadeera_T1,Nadeera,True
913,Thenuri,1,Thenuri_T1,Thenuri,True
914,Buddhini,4,Buddhini_T4,Buddhini,True
914,Harshika,5,Harshika_T5,Harshika,True
914,Muthuni,1,Muthuni_T1,Muthuni,True
914,Nadeera,1,Nadeera_T1,Nadeera,True
914,Thenuri,2,Thenuri_T2,Thenuri,True
915,Buddhini,4,Buddhini_T4,Buddhini,True
915,Harshika,5,Harshika_T5,Harshika,True
915,Muthuni,1,Muthuni_T1,Muthuni,True
915,Nadeera,1,Nadeera_T1,Nadeera,True
915,Thenuri,3,Thenuri_T3,Thenuri,True
916,Buddhini,4,Buddhini_T4,Buddhini,True
916,Harshika,5,Harshika_T5,Harshika,True
916,Muthuni,1,Muthuni_T1,Muthuni,True
916,Nadeera,1,Nadeera_T1,Nadeera,True
916,Thenuri,4,Thenuri_T4,Thenuri,True
917,Buddhini,4,Buddhini_T4,Buddhini,True
917,Harshika,5,Harshika_T5,Harshika,True
917,Muthuni,1,Muthuni_T1,Muthuni,True
917,Nadeera,2,Nadeera_T2,Nadeera,True
917,Thenuri,1,Thenuri_T1,Thenuri,True
918,Buddhini,4,Buddhini_T4,Buddhini,True
918,Harshika,5,Harshika_T5,Harshika,True
918,Muthuni,1,Muthuni_T1,Muthuni,True
918,Nadeera,2,Nadeera_T2,Nadeera,True
918,Thenuri,2,Thenuri_T2,Thenuri,True
919,Buddhini,4,Buddhini_T4,Buddhini,True
919,Harshika,5,Harshika_T5,Harshika,True
919,Muthuni,1,Muthuni_T1,Muthuni,True
919,Nadeera,2,Nadeera_T2,Nadeera,True
919,Thenuri,3,Thenuri_T3,Thenuri,True
920,Buddhini,4,Buddhini_T4,Buddhini,True
920,Harshika,5,Harshika_T5,Harshika,True
920,Muthuni,1,Muthuni_T1,Muthuni,True
920,Nadeera,2,Nadeera_T2,Nadeera,True
920,Thenuri,4,Thenuri_T4,Thenuri,True
921,Buddhini,4,Buddhini_T4,Buddhini,True
921,Harshika,5,Harshika_T5,Harshika,True
921,Muthuni,1,Muthuni_T1,Muthuni,True
921,Nadeera,3,Nadeera_T3,Nadeera,True
921,Thenuri,1,Thenuri_T1,Thenuri,True
922,Buddhini,4,Buddhini_T4,Buddhini,True
922,Harshika,5,Harshika_T5,Harshika,True
922,Muthuni,1,Muthuni_T1,Muthuni,True
922,Nadeera,3,Nadeera_T3,Nadeera,True
922,Thenuri,2,Thenuri_T2,Thenuri,True
923,Buddhini,4,Buddhini_T4,Buddhini,True
923,Harshika,5,Harshika_T5,Harshika,True
923,Muthuni,1,Muthuni_T1,Muthuni,True
923,Nadeera,3,Nadeera_T3,Nadeera,True
923,Thenuri,3,Thenuri_T3,Thenuri,True
924,Buddhini,4,Buddhini_T4,Buddhini,True
924,Harshika,5,Harshika_T5,Harshika,True
924,Muthuni,1,Muthuni_T1,Muthuni,True
924,Nadeera,3,Nadeera_T3,Nadeera,True
924,Thenuri,4,Thenuri_T4,Thenuri,True
925,Buddhini,4,Buddhini_T4,Buddhini,True
925,Harshika,5,Harshika_T5,Harshika,True
925,Muthuni,1,Muthuni_T1,Muthuni,True
925,Nadeera,4,Nadeera_T4,Nadeera,True
925,Thenuri,1,Thenuri_T1,Thenuri,True
926,Buddhini,4,Buddhini_T4,Buddhini,True
926,Harshika,5,Harshika_T5,Harshika,True
926,Muthuni,1,Muthuni_T1,Muthuni,True
926,Nadeera,4,Nadeera_T4,Nadeera,True
926,Thenuri,2,Thenuri_T2,Thenuri,True
927,Buddhini,4,Buddhini_T4,Buddhini,True
927,Harshika,5,Harshika_T5,Harshika,True
927,Muthuni,1,Muthuni_T1,Muthuni,True
927,Nadeera,4,Nadeera_T4,Nadeera,True
927,Thenuri,3,Thenuri_T3,Thenuri,True
928,Buddhini,4,Buddhini_T4,Buddhini,True
928,Harshika,5,Harshika_T5,Harshika,True
928,Muthuni,1,Muthuni_T1,Muthuni,True
928,Nadeera,4,Nadeera_T4,Nadeera,True
928,Thenuri,4,Thenuri_T4,Thenuri,True
929,Buddhini,4,Buddhini_T4,Buddhini,True
929,Harshika,5,Harshika_T5,Harshika,True
929,Muthuni,2,Muthuni_T2,Muthuni,True
929,Nadeera,1,Nadeera_T1,Nadeera,True
929,Thenuri,1,Thenuri_T1,Thenuri,True
930,Buddhini,4,Buddhini_T4,Buddhini,True
930,Harshika,5,Harshika_T5,Harshika,True
930,Muthuni,2,Muthuni_T2,Muthuni,True
930,Nadeera,1,Nadeera_T1,Nadeera,True
930,Thenuri,2,Thenuri_T2,Thenuri,True
931,Buddhini,4,Buddhini_T4,Buddhini,True
931,Harshika,5,Harshika_T5,Harshika,True
931,Muthuni,2,Muthuni_T2,Muthuni,True
931,Nadeera,1,Nadeera_T1,Nadeera,True
931,Thenuri,3,Thenuri_T3,Thenuri,True
932,Buddhini,4,Buddhini_T4,Buddhini,True
932,Harshika,5,Harshika_T5,Harshika,True
932,Muthuni,2,Muthuni_T2,Muthuni,True
932,Nadeera,1,Nadeera_T1,Nadeera,True
932,Thenuri,4,Thenuri_T4,Thenuri,True
933,Buddhini,4,Buddhini_T4,Buddhini,True
933,Harshika,5,Harshika_T5,Harshika,True
933,Muthuni,2,Muthuni_T2,Muthuni,True
933,Nadeera,2,Nadeera_T2,Nadeera,True
933,Thenuri,1,Thenuri_T1,Thenuri,True
934,Buddhini,4,Buddhini_T4,Buddhini,True
934,Harshika,5,Harshika_T5,Harshika,True
934,Muthuni,2,Muthuni_T2,Muthuni,True
934,Nadeera,2,Nadeera_T2,Nadeera,True
934,Thenuri,2,Thenuri_T2,Thenuri,True
935,Buddhini,4,Buddhini_T4,Buddhini,True
935,Harshika,5,Harshika_T5,Harshika,True
935,Muthuni,2,Muthuni_T2,Muthuni,True
935,Nadeera,2,Nadeera_T2,Nadeera,True
935,Thenuri,3,Thenuri_T3,Thenuri,True
936,Buddhini,4,Buddhini_T4,Buddhini,True
936,Harshika,5,Harshika_T5,Harshika,True
936,Muthuni,2,Muthuni_T2,Muthuni,True
936,Nadeera,2,Nadeera_T2,Nadeera,True
936,Thenuri,4,Thenuri_T4,Thenuri,True
937,Buddhini,4,Buddhini_T4,Buddhini,True
937,Harshika,5,Harshika_T5,Harshika,True
937,Muthuni,2,Muthuni_T2,Muthuni,True
937,Nadeera,3,Nadeera_T3,Nadeera,True
937,Thenuri,1,Thenuri_T1,Thenuri,True
938,Buddhini,4,Buddhini_T4,Buddhini,True
938,Harshika,5,Harshika_T5,Harshika,True
938,Muthuni,2,Muthuni_T2,Muthuni,True
938,Nadeera,3,Nadeera_T3,Nadeera,True
938,Thenuri,2,Thenuri_T2,Thenuri,True
939,Buddhini,4,Buddhini_T4,Buddhini,True
939,Harshika,5,Harshika_T5,Harshika,True
939,Muthuni,2,Muthuni_T2,Muthuni,True
939,Nadeera,3,Nadeera_T3,Nadeera,True
939,Thenuri,3,Thenuri_T3,Thenuri,True
940,Buddhini,4,Buddhini_T4,Buddhini,True
940,Harshika,5,Harshika_T5,Harshika,True
940,Muthuni,2,Muthuni_T2,Muthuni,True
940,Nadeera,3,Nadeera_T3,Nadeera,True
940,Thenuri,4,Thenuri_T4,Thenuri,True
941,Buddhini,4,Buddhini_T4,Buddhini,True
941,Harshika,5,Harshika_T5,Harshika,True
941,Muthuni,2,Muthuni_T2,Muthuni,True
941,Nadeera,4,Nadeera_T4,Nadeera,True
941,Thenuri,1,Thenuri_T1,Thenuri,True
942,Buddhini,4,Buddhini_T4,Buddhini,True
942,Harshika,5,Harshika_T5,Harshika,True
942,Muthuni,2,Muthuni_T2,Muthuni,True
942,Nadeera,4,Nadeera_T4,Nadeera,True
942,Thenuri,2,Thenuri_T2,Thenuri,True
943,Buddhini,4,Buddhini_T4,Buddhini,True
943,Harshika,5,Harshika_T5,Harshika,True
943,Muthuni,2,Muthuni_T2,Muthuni,True
943,Nadeera,4,Nadeera_T4,Nadeera,True
943,Thenuri,3,Thenuri_T3,Thenuri,True
944,Buddhini,4,Buddhini_T4,Buddhini,True
944,Harshika,5,Harshika_T5,Harshika,True
944,Muthuni,2,Muthuni_T2,Muthuni,True
944,Nadeera,4,Nadeera_T4,Nadeera,True
944,Thenuri,4,Thenuri_T4,Thenuri,True
945,Buddhini,4,Buddhini_T4,Buddhini,True
945,Harshika,5,Harshika_T5,Harshika,True
945,Muthuni,3,Muthuni_T3,Muthuni,True
945,Nadeera,1,Nadeera_T1,Nadeera,True
945,Thenuri,1,Thenuri_T1,Thenuri,True
946,Buddhini,4,Buddhini_T4,Buddhini,True
946,Harshika,5,Harshika_T5,Harshika,True
946,Muthuni,3,Muthuni_T3,Muthuni,True
946,Nadeera,1,Nadeera_T1,Nadeera,True
946,Thenuri,2,Thenuri_T2,Thenuri,True
947,Buddhini,4,Buddhini_T4,Buddhini,True
947,Harshika,5,Harshika_T5,Harshika,True
947,Muthuni,3,Muthuni_T3,Muthuni,True
947,Nadeera,1,Nadeera_T1,Nadeera,True
947,Thenuri,3,Thenuri_T3,Thenuri,True
948,Buddhini,4,Buddhini_T4,Buddhini,True
948,Harshika,5,Harshika_T5,Harshika,True
948,Muthuni,3,Muthuni_T3,Muthuni,True
948,Nadeera,1,Nadeera_T1,Nadeera,True
948,Thenuri,4,Thenuri_T4,Thenuri,True
949,Buddhini,4,Buddhini_T4,Buddhini,True
949,Harshika,5,Harshika_T5,Harshika,True
949,Muthuni,3,Muthuni_T3,Muthuni,True
949,Nadeera,2,Nadeera_T2,Nadeera,True
949,Thenuri,1,Thenuri_T1,Thenuri,True
950,Buddhini,4,Buddhini_T4,Buddhini,True
950,Harshika,5,Harshika_T5,Harshika,True
950,Muthuni,3,Muthuni_T3,Muthuni,True
950,Nadeera,2,Nadeera_T2,Nadeera,True
950,Thenuri,2,Thenuri_T2,Thenuri,True
951,Buddhini,4,Buddhini_T4,Buddhini,True
951,Harshika,5,Harshika_T5,Harshika,True
951,Muthuni,3,Muthuni_T3,Muthuni,True
951,Nadeera,2,Nadeera_T2,Nadeera,True
951,Thenuri,3,Thenuri_T3,Thenuri,True
952,Buddhini,4,Buddhini_T4,Buddhini,True
952,Harshika,5,Harshika_T5,Harshika,True
952,Muthuni,3,Muthuni_T3,Muthuni,True
952,Nadeera,2,Nadeera_T2,Nadeera,True
952,Thenuri,4,Thenuri_T4,Thenuri,True
953,Buddhini,4,Buddhini_T4,Buddhini,True
953,Harshika,5,Harshika_T5,Harshika,True
953,Muthuni,3,Muthuni_T3,Muthuni,True
953,Nadeera,3,Nadeera_T3,Nadeera,True
953,Thenuri,1,Thenuri_T1,Thenuri,True
954,Buddhini,4,Buddhini_T4,Buddhini,True
954,Harshika,5,Harshika_T5,Harshika,True
954,Muthuni,3,Muthuni_T3,Muthuni,True
954,Nadeera,3,Nadeera_T3,Nadeera,True
954,Thenuri,2,Thenuri_T2,Thenuri,True
955,Buddhini,4,Buddhini_T4,Buddhini,True
955,Harshika,5,Harshika_T5,Harshika,True
955,Muthuni,3,Muthuni_T3,Muthuni,True
955,Nadeera,3,Nadeera_T3,Nadeera,True
955,Thenuri,3,Thenuri_T3,Thenuri,True
956,Buddhini,4,Buddhini_T4,Buddhini,True
956,Harshika,5,Harshika_T5,Harshika,True
956,Muthuni,3,Muthuni_T3,Muthuni,True
956,Nadeera,3,Nadeera_T3,Nadeera,True
956,Thenuri,4,Thenuri_T4,Thenuri,True
957,Buddhini,4,Buddhini_T4,Buddhini,True
957,Harshika,5,Harshika_T5,Harshika,True
957,Muthuni,3,Muthuni_T3,Muthuni,True
957,Nadeera,4,Nadeera_T4,Nadeera,True
957,Thenuri,1,Thenuri_T1,Thenuri,True
958,Buddhini,4,Buddhini_T4,Buddhini,True
958,Harshika,5,Harshika_T5,Harshika,True
958,Muthuni,3,Muthuni_T3,Muthuni,True
958,Nadeera,4,Nadeera_T4,Nadeera,True
958,Thenuri,2,Thenuri_T2,Thenuri,True
959,Buddhini,4,Buddhini_T4,Buddhini,True
959,Harshika,5,Harshika_T5,Harshika,True
959,Muthuni,3,Muthuni_T3,Muthuni,True
959,Nadeera,4,Nadeera_T4,Nadeera,True
959,Thenuri,3,Thenuri_T3,Thenuri,True
960,Buddhini,4,Buddhini_T4,Buddhini,True
960,Harshika,5,Harshika_T5,Harshika,True
960,Muthuni,3,Muthuni_T3,Muthuni,True
960,Nadeera,4,Nadeera_T4,Nadeera,True
960,Thenuri,4,Thenuri_T4,Thenuri,True
961,Buddhini,7,Buddhini_T7,Buddhini,True
961,Harshika,1,Harshika_T1,Harshika,True
961,Muthuni,1,Muthuni_T1,Muthuni,True
961,Nadeera,1,Nadeera_T1,Nadeera,True
961,Thenuri,1,Thenuri_T1,Thenuri,True
962,Buddhini,7,Buddhini_T7,Buddhini,True
962,Harshika,1,Harshika_T1,Harshika,True
962,Muthuni,1,Muthuni_T1,Muthuni,True
962,Nadeera,1,Nadeera_T1,Nadeera,True
962,Thenuri,2,Thenuri_T2,Thenuri,True
963,Buddhini,7,Buddhini_T7,Nadeera,False
963,Harshika,1,Harshika_T1,Harshika,True
963,Muthuni,1,Muthuni_T1,Muthuni,True
963,Nadeera,1,Nadeera_T1,Nadeera,True
963,Thenuri,3,Thenuri_T3,Thenuri,True
964,Buddhini,7,Buddhini_T7,Buddhini,True
964,Harshika,1,Harshika_T1,Harshika,True
964,Muthuni,1,Muthuni_T1,Muthuni,True
964,Nadeera,1,Nadeera_T1,Nadeera,True
964,Thenuri,4,Thenuri_T4,Thenuri,True
965,Buddhini,7,Buddhini_T7,Buddhini,True
965,Harshika,1,Harshika_T1,Harshika,True
965,Muthuni,1,Muthuni_T1,Muthuni,True
965,Nadeera,2,Nadeera_T2,Nadeera,True
965,Thenuri,1,Thenuri_T1,Thenuri,True
966,Buddhini,7,Buddhini_T7,Buddhini,True
966,Harshika,1,Harshika_T1,Harshika,True
966,Muthuni,1,Muthuni_T1,Muthuni,True
966,Nadeera,2,Nadeera_T2,Nadeera,True
966,Thenuri,2,Thenuri_T2,Thenuri,True
967,Buddhini,7,Buddhini_T7,Nadeera,False
967,Harshika,1,Harshika_T1,Harshika,True
967,Muthuni,1,Muthuni_T1,Muthuni,True
967,Nadeera,2,Nadeera_T2,Nadeera,True
967,Thenuri,3,Thenuri_T3,Thenuri,True
968,Buddhini,7,Buddhini_T7,Buddhini,True
968,Harshika,1,Harshika_T1,Harshika,True
968,Muthuni,1,Muthuni_T1,Muthuni,True
968,Nadeera,2,Nadeera_T2,Nadeera,True
968,Thenuri,4,Thenuri_T4,Thenuri,True
969,Buddhini,7,Buddhini_T7,Buddhini,True
969,Harshika,1,Harshika_T1,Harshika,True
969,Muthuni,1,Muthuni_T1,Muthuni,True
969,Nadeera,3,Nadeera_T3,Nadeera,True
969,Thenuri,1,Thenuri_T1,Thenuri,True
970,Buddhini,7,Buddhini_T7,Buddhini,True
970,Harshika,1,Harshika_T1,Harshika,True
970,Muthuni,1,Muthuni_T1,Muthuni,True
970,Nadeera,3,Nadeera_T3,Nadeera,True
970,Thenuri,2,Thenuri_T2,Thenuri,True
971,Buddhini,7,Buddhini_T7,Buddhini,True
971,Harshika,1,Harshika_T1,Harshika,True
971,Muthuni,1,Muthuni_T1,Muthuni,True
971,Nadeera,3,Nadeera_T3,Nadeera,True
971,Thenuri,3,Thenuri_T3,Thenuri,True
972,Buddhini,7,Buddhini_T7,Buddhini,True
972,Harshika,1,Harshika_T1,Harshika,True
972,Muthuni,1,Muthuni_T1,Muthuni,True
972,Nadeera,3,Nadeera_T3,Nadeera,True
972,Thenuri,4,Thenuri_T4,Thenuri,True
973,Buddhini,7,Buddhini_T7,Buddhini,True
973,Harshika,1,Harshika_T1,Harshika,True
973,Muthuni,1,Muthuni_T1,Muthuni,True
973,Nadeera,4,Nadeera_T4,Nadeera,True
973,Thenuri,1,Thenuri_T1,Thenuri,True
974,Buddhini,7,Buddhini_T7,Buddhini,True
974,Harshika,1,Harshika_T1,Harshika,True
974,Muthuni,1,Muthuni_T1,Muthuni,True
974,Nadeera,4,Nadeera_T4,Nadeera,True
974,Thenuri,2,Thenuri_T2,Thenuri,True
975,Buddhini,7,Buddhini_T7,Nadeera,False
975,Harshika,1,Harshika_T1,Harshika,True
975,Muthuni,1,Muthuni_T1,Muthuni,True
975,Nadeera,4,Nadeera_T4,Nadeera,True
975,Thenuri,3,Thenuri_T3,Thenuri,True
976,Buddhini,7,Buddhini_T7,Buddhini,True
976,Harshika,1,Harshika_T1,Harshika,True
976,Muthuni,1,Muthuni_T1,Muthuni,True
976,Nadeera,4,Nadeera_T4,Nadeera,True
976,Thenuri,4,Thenuri_T4,Thenuri,True
977,Buddhini,7,Buddhini_T7,Buddhini,True
977,Harshika,1,Harshika_T1,Harshika,True
977,Muthuni,2,Muthuni_T2,Muthuni,True
977,Nadeera,1,Nadeera_T1,Nadeera,True
977,Thenuri,1,Thenuri_T1,Thenuri,True
978,Buddhini,7,Buddhini_T7,Buddhini,True
978,Harshika,1,Harshika_T1,Harshika,True
978,Muthuni,2,Muthuni_T2,Muthuni,True
978,Nadeera,1,Nadeera_T1,Nadeera,True
978,Thenuri,2,Thenuri_T2,Thenuri,True
979,Buddhini,7,Buddhini_T7,Nadeera,False
979,Harshika,1,Harshika_T1,Harshika,True
979,Muthuni,2,Muthuni_T2,Muthuni,True
979,Nadeera,1,Nadeera_T1,Nadeera,True
979,Thenuri,3,Thenuri_T3,Thenuri,True
980,Buddhini,7,Buddhini_T7,Buddhini,True
980,Harshika,1,Harshika_T1,Harshika,True
980,Muthuni,2,Muthuni_T2,Muthuni,True
980,Nadeera,1,Nadeera_T1,Nadeera,True
980,Thenuri,4,Thenuri_T4,Thenuri,True
981,Buddhini,7,Buddhini_T7,Buddhini,True
981,Harshika,1,Harshika_T1,Harshika,True
981,Muthuni,2,Muthuni_T2,Muthuni,True
981,Nadeera,2,Nadeera_T2,Nadeera,True
981,Thenuri,1,Thenuri_T1,Thenuri,True
982,Buddhini,7,Buddhini_T7,Buddhini,True
982,Harshika,1,Harshika_T1,Harshika,True
982,Muthuni,2,Muthuni_T2,Muthuni,True
982,Nadeera,2,Nadeera_T2,Nadeera,True
982,Thenuri,2,Thenuri_T2,Thenuri,True
983,Buddhini,7,Buddhini_T7,Nadeera,False
983,Harshika,1,Harshika_T1,Harshika,True
983,Muthuni,2,Muthuni_T2,Muthuni,True
983,Nadeera,2,Nadeera_T2,Nadeera,True
983,Thenuri,3,Thenuri_T3,Thenuri,True
984,Buddhini,7,Buddhini_T7,Buddhini,True
984,Harshika,1,Harshika_T1,Harshika,True
984,Muthuni,2,Muthuni_T2,Muthuni,True
984,Nadeera,2,Nadeera_T2,Nadeera,True
984,Thenuri,4,Thenuri_T4,Thenuri,True
985,Buddhini,7,Buddhini_T7,Buddhini,True
985,Harshika,1,Harshika_T1,Harshika,True
985,Muthuni,2,Muthuni_T2,Muthuni,True
985,Nadeera,3,Nadeera_T3,Nadeera,True
985,Thenuri,1,Thenuri_T1,Thenuri,True
986,Buddhini,7,Buddhini_T7,Buddhini,True
986,Harshika,1,Harshika_T1,Harshika,True
986,Muthuni,2,Muthuni_T2,Muthuni,True
986,Nadeera,3,Nadeera_T3,Nadeera,True
986,Thenuri,2,Thenuri_T2,Thenuri,True
987,Buddhini,7,Buddhini_T7,Buddhini,True
987,Harshika,1,Harshika_T1,Harshika,True
987,Muthuni,2,Muthuni_T2,Muthuni,True
987,Nadeera,3,Nadeera_T3,Nadeera,True
987,Thenuri,3,Thenuri_T3,Thenuri,True
988,Buddhini,7,Buddhini_T7,Buddhini,True
988,Harshika,1,Harshika_T1,Harshika,True
988,Muthuni,2,Muthuni_T2,Muthuni,True
988,Nadeera,3,Nadeera_T3,Nadeera,True
988,Thenuri,4,Thenuri_T4,Thenuri,True
989,Buddhini,7,Buddhini_T7,Buddhini,True
989,Harshika,1,Harshika_T1,Harshika,True
989,Muthuni,2,Muthuni_T2,Muthuni,True
989,Nadeera,4,Nadeera_T4,Nadeera,True
989,Thenuri,1,Thenuri_T1,Thenuri,True
990,Buddhini,7,Buddhini_T7,Buddhini,True
990,Harshika,1,Harshika_T1,Harshika,True
990,Muthuni,2,Muthuni_T2,Muthuni,True
990,Nadeera,4,Nadeera_T4,Nadeera,True
990,Thenuri,2,Thenuri_T2,Thenuri,True
991,Buddhini,7,Buddhini_T7,Nadeera,False
991,Harshika,1,Harshika_T1,Harshika,True
991,Muthuni,2,Muthuni_T2,Muthuni,True
991,Nadeera,4,Nadeera_T4,Nadeera,True
991,Thenuri,3,Thenuri_T3,Thenuri,True
992,Buddhini,7,Buddhini_T7,Buddhini,True
992,Harshika,1,Harshika_T1,Harshika,True
992,Muthuni,2,Muthuni_T2,Muthuni,True
992,Nadeera,4,Nadeera_T4,Nadeera,True
992,Thenuri,4,Thenuri_T4,Thenuri,True
993,Buddhini,7,Buddhini_T7,Buddhini,True
993,Harshika,1,Harshika_T1,Harshika,True
993,Muthuni,3,Muthuni_T3,Muthuni,True
993,Nadeera,1,Nadeera_T1,Nadeera,True
993,Thenuri,1,Thenuri_T1,Thenuri,True
994,Buddhini,7,Buddhini_T7,Buddhini,True
994,Harshika,1,Harshika_T1,Harshika,True
994,Muthuni,3,Muthuni_T3,Muthuni,True
994,Nadeera,1,Nadeera_T1,Nadeera,True
994,Thenuri,2,Thenuri_T2,Thenuri,True
995,Buddhini,7,Buddhini_T7,Nadeera,False
995,Harshika,1,Harshika_T1,Harshika,True
995,Muthuni,3,Muthuni_T3,Muthuni,True
995,Nadeera,1,Nadeera_T1,Nadeera,True
995,Thenuri,3,Thenuri_T3,Thenuri,True
996,Buddhini,7,Buddhini_T7,Buddhini,True
996,Harshika,1,Harshika_T1,Harshika,True
996,Muthuni,3,Muthuni_T3,Muthuni,True
996,Nadeera,1,Nadeera_T1,Nadeera,True
996,Thenuri,4,Thenuri_T4,Thenuri,True
997,Buddhini,7,Buddhini_T7,Buddhini,True
997,Harshika,1,Harshika_T1,Harshika,True
997,Muthuni,3,Muthuni_T3,Muthuni,True
997,Nadeera,2,Nadeera_T2,Nadeera,True
997,Thenuri,1,Thenuri_T1,Thenuri,True
998,Buddhini,7,Buddhini_T7,Buddhini,True
998,Harshika,1,Harshika_T1,Harshika,True
998,Muthuni,3,Muthuni_T3,Muthuni,True
998,Nadeera,2,Nadeera_T2,Nadeera,True
998,Thenuri,2,Thenuri_T2,Thenuri,True
999,Buddhini,7,Buddhini_T7,Buddhini,True
999,Harshika,1,Harshika_T1,Harshika,True
999,Muthuni,3,Muthuni_T3,Muthuni,True
999,Nadeera,2,Nadeera_T2,Nadeera,True
999,Thenuri,3,Thenuri_T3,Thenuri,True
1000,Buddhini,7,Buddhini_T7,Buddhini,True
1000,Harshika,1,Harshika_T1,Harshika,True
1000,Muthuni,3,Muthuni_T3,Muthuni,True
1000,Nadeera,2,Nadeera_T2,Nadeera,True
1000,Thenuri,4,Thenuri_T4,Thenuri,True
1001,Buddhini,7,Buddhini_T7,Buddhini,True
1001,Harshika,1,Harshika_T1,Harshika,True
1001,Muthuni,3,Muthuni_T3,Muthuni,True
1001,Nadeera,3,Nadeera_T3,Nadeera,True
1001,Thenuri,1,Thenuri_T1,Thenuri,True
1002,Buddhini,7,Buddhini_T7,Buddhini,True
1002,Harshika,1,Harshika_T1,Harshika,True
1002,Muthuni,3,Muthuni_T3,Muthuni,True
1002,Nadeera,3,Nadeera_T3,Nadeera,True
1002,Thenuri,2,Thenuri_T2,Thenuri,True
1003,Buddhini,7,Buddhini_T7,Buddhini,True
1003,Harshika,1,Harshika_T1,Harshika,True
1003,Muthuni,3,Muthuni_T3,Muthuni,True
1003,Nadeera,3,Nadeera_T3,Nadeera,True
1003,Thenuri,3,Thenuri_T3,Thenuri,True
1004,Buddhini,7,Buddhini_T7,Buddhini,True
1004,Harshika,1,Harshika_T1,Harshika,True
1004,Muthuni,3,Muthuni_T3,Muthuni,True
1004,Nadeera,3,Nadeera_T3,Nadeera,True
1004,Thenuri,4,Thenuri_T4,Thenuri,True
1005,Buddhini,7,Buddhini_T7,Buddhini,True
1005,Harshika,1,Harshika_T1,Harshika,True
1005,Muthuni,3,Muthuni_T3,Muthuni,True
1005,Nadeera,4,Nadeera_T4,Nadeera,True
1005,Thenuri,1,Thenuri_T1,Thenuri,True
1006,Buddhini,7,Buddhini_T7,Buddhini,True
1006,Harshika,1,Harshika_T1,Harshika,True
1006,Muthuni,3,Muthuni_T3,Muthuni,True
1006,Nadeera,4,Nadeera_T4,Nadeera,True
1006,Thenuri,2,Thenuri_T2,Thenuri,True
1007,Buddhini,7,Buddhini_T7,Nadeera,False
1007,Harshika,1,Harshika_T1,Harshika,True
1007,Muthuni,3,Muthuni_T3,Muthuni,True
1007,Nadeera,4,Nadeera_T4,Nadeera,True
1007,Thenuri,3,Thenuri_T3,Thenuri,True
1008,Buddhini,7,Buddhini_T7,Buddhini,True
1008,Harshika,1,Harshika_T1,Harshika,True
1008,Muthuni,3,Muthuni_T3,Muthuni,True
1008,Nadeera,4,Nadeera_T4,Nadeera,True
1008,Thenuri,4,Thenuri_T4,Thenuri,True
1009,Buddhini,7,Buddhini_T7,Buddhini,True
1009,Harshika,2,Harshika_T2,Harshika,True
1009,Muthuni,1,Muthuni_T1,Muthuni,True
1009,Nadeera,1,Nadeera_T1,Nadeera,True
1009,Thenuri,1,Thenuri_T1,Thenuri,True
1010,Buddhini,7,Buddhini_T7,Buddhini,True
1010,Harshika,2,Harshika_T2,Harshika,True
1010,Muthuni,1,Muthuni_T1,Muthuni,True
1010,Nadeera,1,Nadeera_T1,Nadeera,True
1010,Thenuri,2,Thenuri_T2,Thenuri,True
1011,Buddhini,7,Buddhini_T7,Nadeera,False
1011,Harshika,2,Harshika_T2,Harshika,True
1011,Muthuni,1,Muthuni_T1,Muthuni,True
1011,Nadeera,1,Nadeera_T1,Nadeera,True
1011,Thenuri,3,Thenuri_T3,Thenuri,True
1012,Buddhini,7,Buddhini_T7,Buddhini,True
1012,Harshika,2,Harshika_T2,Harshika,True
1012,Muthuni,1,Muthuni_T1,Muthuni,True
1012,Nadeera,1,Nadeera_T1,Nadeera,True
1012,Thenuri,4,Thenuri_T4,Thenuri,True
1013,Buddhini,7,Buddhini_T7,Buddhini,True
1013,Harshika,2,Harshika_T2,Harshika,True
1013,Muthuni,1,Muthuni_T1,Muthuni,True
1013,Nadeera,2,Nadeera_T2,Nadeera,True
1013,Thenuri,1,Thenuri_T1,Thenuri,True
1014,Buddhini,7,Buddhini_T7,Buddhini,True
1014,Harshika,2,Harshika_T2,Harshika,True
1014,Muthuni,1,Muthuni_T1,Muthuni,True
1014,Nadeera,2,Nadeera_T2,Nadeera,True
1014,Thenuri,2,Thenuri_T2,Thenuri,True
1015,Buddhini,7,Buddhini_T7,Nadeera,False
1015,Harshika,2,Harshika_T2,Harshika,True
1015,Muthuni,1,Muthuni_T1,Muthuni,True
1015,Nadeera,2,Nadeera_T2,Nadeera,True
1015,Thenuri,3,Thenuri_T3,Thenuri,True
1016,Buddhini,7,Buddhini_T7,Buddhini,True
1016,Harshika,2,Harshika_T2,Harshika,True
1016,Muthuni,1,Muthuni_T1,Muthuni,True
1016,Nadeera,2,Nadeera_T2,Nadeera,True
1016,Thenuri,4,Thenuri_T4,Thenuri,True
1017,Buddhini,7,Buddhini_T7,Buddhini,True
1017,Harshika,2,Harshika_T2,Harshika,True
1017,Muthuni,1,Muthuni_T1,Muthuni,True
1017,Nadeera,3,Nadeera_T3,Nadeera,True
1017,Thenuri,1,Thenuri_T1,Thenuri,True
1018,Buddhini,7,Buddhini_T7,Buddhini,True
1018,Harshika,2,Harshika_T2,Harshika,True
1018,Muthuni,1,Muthuni_T1,Muthuni,True
1018,Nadeera,3,Nadeera_T3,Nadeera,True
1018,Thenuri,2,Thenuri_T2,Thenuri,True
1019,Buddhini,7,Buddhini_T7,Nadeera,False
1019,Harshika,2,Harshika_T2,Harshika,True
1019,Muthuni,1,Muthuni_T1,Muthuni,True
1019,Nadeera,3,Nadeera_T3,Nadeera,True
1019,Thenuri,3,Thenuri_T3,Thenuri,True
1020,Buddhini,7,Buddhini_T7,Buddhini,True
1020,Harshika,2,Harshika_T2,Harshika,True
1020,Muthuni,1,Muthuni_T1,Muthuni,True
1020,Nadeera,3,Nadeera_T3,Nadeera,True
1020,Thenuri,4,Thenuri_T4,Thenuri,True
1021,Buddhini,7,Buddhini_T7,Buddhini,True
1021,Harshika,2,Harshika_T2,Harshika,True
1021,Muthuni,1,Muthuni_T1,Muthuni,True
1021,Nadeera,4,Nadeera_T4,Nadeera,True
1021,Thenuri,1,Thenuri_T1,Thenuri,True
1022,Buddhini,7,Buddhini_T7,Buddhini,True
1022,Harshika,2,Harshika_T2,Harshika,True
1022,Muthuni,1,Muthuni_T1,Muthuni,True
1022,Nadeera,4,Nadeera_T4,Nadeera,True
1022,Thenuri,2,Thenuri_T2,Thenuri,True
1023,Buddhini,7,Buddhini_T7,Nadeera,False
1023,Harshika,2,Harshika_T2,Harshika,True
1023,Muthuni,1,Muthuni_T1,Muthuni,True
1023,Nadeera,4,Nadeera_T4,Nadeera,True
1023,Thenuri,3,Thenuri_T3,Thenuri,True
1024,Buddhini,7,Buddhini_T7,Buddhini,True
1024,Harshika,2,Harshika_T2,Harshika,True
1024,Muthuni,1,Muthuni_T1,Muthuni,True
1024,Nadeera,4,Nadeera_T4,Nadeera,True
1024,Thenuri,4,Thenuri_T4,Thenuri,True
1025,Buddhini,7,Buddhini_T7,Buddhini,True
1025,Harshika,2,Harshika_T2,Harshika,True
1025,Muthuni,2,Muthuni_T2,Muthuni,True
1025,Nadeera,1,Nadeera_T1,Nadeera,True
1025,Thenuri,1,Thenuri_T1,Thenuri,True
1026,Buddhini,7,Buddhini_T7,Nadeera,False
1026,Harshika,2,Harshika_T2,Harshika,True
1026,Muthuni,2,Muthuni_T2,Muthuni,True
1026,Nadeera,1,Nadeera_T1,Nadeera,True
1026,Thenuri,2,Thenuri_T2,Thenuri,True
1027,Buddhini,7,Buddhini_T7,Nadeera,False
1027,Harshika,2,Harshika_T2,Harshika,True
1027,Muthuni,2,Muthuni_T2,Muthuni,True
1027,Nadeera,1,Nadeera_T1,Nadeera,True
1027,Thenuri,3,Thenuri_T3,Thenuri,True
1028,Buddhini,7,Buddhini_T7,Buddhini,True
1028,Harshika,2,Harshika_T2,Harshika,True
1028,Muthuni,2,Muthuni_T2,Muthuni,True
1028,Nadeera,1,Nadeera_T1,Nadeera,True
1028,Thenuri,4,Thenuri_T4,Thenuri,True
1029,Buddhini,7,Buddhini_T7,Buddhini,True
1029,Harshika,2,Harshika_T2,Harshika,True
1029,Muthuni,2,Muthuni_T2,Muthuni,True
1029,Nadeera,2,Nadeera_T2,Nadeera,True
1029,Thenuri,1,Thenuri_T1,Thenuri,True
1030,Buddhini,7,Buddhini_T7,Buddhini,True
1030,Harshika,2,Harshika_T2,Harshika,True
1030,Muthuni,2,Muthuni_T2,Muthuni,True
1030,Nadeera,2,Nadeera_T2,Nadeera,True
1030,Thenuri,2,Thenuri_T2,Thenuri,True
1031,Buddhini,7,Buddhini_T7,Nadeera,False
1031,Harshika,2,Harshika_T2,Harshika,True
1031,Muthuni,2,Muthuni_T2,Muthuni,True
1031,Nadeera,2,Nadeera_T2,Nadeera,True
1031,Thenuri,3,Thenuri_T3,Thenuri,True
1032,Buddhini,7,Buddhini_T7,Buddhini,True
1032,Harshika,2,Harshika_T2,Harshika,True
1032,Muthuni,2,Muthuni_T2,Muthuni,True
1032,Nadeera,2,Nadeera_T2,Nadeera,True
1032,Thenuri,4,Thenuri_T4,Thenuri,True
1033,Buddhini,7,Buddhini_T7,Buddhini,True
1033,Harshika,2,Harshika_T2,Harshika,True
1033,Muthuni,2,Muthuni_T2,Muthuni,True
1033,Nadeera,3,Nadeera_T3,Nadeera,True
1033,Thenuri,1,Thenuri_T1,Thenuri,True
1034,Buddhini,7,Buddhini_T7,Buddhini,True
1034,Harshika,2,Harshika_T2,Harshika,True
1034,Muthuni,2,Muthuni_T2,Muthuni,True
1034,Nadeera,3,Nadeera_T3,Nadeera,True
1034,Thenuri,2,Thenuri_T2,Thenuri,True
1035,Buddhini,7,Buddhini_T7,Nadeera,False
1035,Harshika,2,Harshika_T2,Harshika,True
1035,Muthuni,2,Muthuni_T2,Muthuni,True
1035,Nadeera,3,Nadeera_T3,Nadeera,True
1035,Thenuri,3,Thenuri_T3,Thenuri,True
1036,Buddhini,7,Buddhini_T7,Buddhini,True
1036,Harshika,2,Harshika_T2,Harshika,True
1036,Muthuni,2,Muthuni_T2,Muthuni,True
1036,Nadeera,3,Nadeera_T3,Nadeera,True
1036,Thenuri,4,Thenuri_T4,Thenuri,True
1037,Buddhini,7,Buddhini_T7,Buddhini,True
1037,Harshika,2,Harshika_T2,Harshika,True
1037,Muthuni,2,Muthuni_T2,Muthuni,True
1037,Nadeera,4,Nadeera_T4,Nadeera,True
1037,Thenuri,1,Thenuri_T1,Thenuri,True
1038,Buddhini,7,Buddhini_T7,Buddhini,True
1038,Harshika,2,Harshika_T2,Harshika,True
1038,Muthuni,2,Muthuni_T2,Muthuni,True
1038,Nadeera,4,Nadeera_T4,Nadeera,True
1038,Thenuri,2,Thenuri_T2,Thenuri,True
1039,Buddhini,7,Buddhini_T7,Nadeera,False
1039,Harshika,2,Harshika_T2,Harshika,True
1039,Muthuni,2,Muthuni_T2,Muthuni,True
1039,Nadeera,4,Nadeera_T4,Nadeera,True
1039,Thenuri,3,Thenuri_T3,Thenuri,True
1040,Buddhini,7,Buddhini_T7,Buddhini,True
1040,Harshika,2,Harshika_T2,Harshika,True
1040,Muthuni,2,Muthuni_T2,Muthuni,True
1040,Nadeera,4,Nadeera_T4,Nadeera,True
1040,Thenuri,4,Thenuri_T4,Thenuri,True
1041,Buddhini,7,Buddhini_T7,Buddhini,True
1041,Harshika,2,Harshika_T2,Harshika,True
1041,Muthuni,3,Muthuni_T3,Muthuni,True
1041,Nadeera,1,Nadeera_T1,Nadeera,True
1041,Thenuri,1,Thenuri_T1,Thenuri,True
1042,Buddhini,7,Buddhini_T7,Buddhini,True
1042,Harshika,2,Harshika_T2,Harshika,True
1042,Muthuni,3,Muthuni_T3,Muthuni,True
1042,Nadeera,1,Nadeera_T1,Nadeera,True
1042,Thenuri,2,Thenuri_T2,Thenuri,True
1043,Buddhini,7,Buddhini_T7,Nadeera,False
1043,Harshika,2,Harshika_T2,Harshika,True
1043,Muthuni,3,Muthuni_T3,Muthuni,True
1043,Nadeera,1,Nadeera_T1,Nadeera,True
1043,Thenuri,3,Thenuri_T3,Thenuri,True
1044,Buddhini,7,Buddhini_T7,Buddhini,True
1044,Harshika,2,Harshika_T2,Harshika,True
1044,Muthuni,3,Muthuni_T3,Muthuni,True
1044,Nadeera,1,Nadeera_T1,Nadeera,True
1044,Thenuri,4,Thenuri_T4,Thenuri,True
1045,Buddhini,7,Buddhini_T7,Buddhini,True
1045,Harshika,2,Harshika_T2,Harshika,True
1045,Muthuni,3,Muthuni_T3,Muthuni,True
1045,Nadeera,2,Nadeera_T2,Nadeera,True
1045,Thenuri,1,Thenuri_T1,Thenuri,True
1046,Buddhini,7,Buddhini_T7,Buddhini,True
1046,Harshika,2,Harshika_T2,Harshika,True
1046,Muthuni,3,Muthuni_T3,Muthuni,True
1046,Nadeera,2,Nadeera_T2,Nadeera,True
1046,Thenuri,2,Thenuri_T2,Thenuri,True
1047,Buddhini,7,Buddhini_T7,Nadeera,False
1047,Harshika,2,Harshika_T2,Harshika,True
1047,Muthuni,3,Muthuni_T3,Muthuni,True
1047,Nadeera,2,Nadeera_T2,Nadeera,True
1047,Thenuri,3,Thenuri_T3,Thenuri,True
1048,Buddhini,7,Buddhini_T7,Buddhini,True
1048,Harshika,2,Harshika_T2,Harshika,True
1048,Muthuni,3,Muthuni_T3,Muthuni,True
1048,Nadeera,2,Nadeera_T2,Nadeera,True
1048,Thenuri,4,Thenuri_T4,Thenuri,True
1049,Buddhini,7,Buddhini_T7,Buddhini,True
1049,Harshika,2,Harshika_T2,Harshika,True
1049,Muthuni,3,Muthuni_T3,Muthuni,True
1049,Nadeera,3,Nadeera_T3,Nadeera,True
1049,Thenuri,1,Thenuri_T1,Thenuri,True
1050,Buddhini,7,Buddhini_T7,Buddhini,True
1050,Harshika,2,Harshika_T2,Harshika,True
1050,Muthuni,3,Muthuni_T3,Muthuni,True
1050,Nadeera,3,Nadeera_T3,Nadeera,True
1050,Thenuri,2,Thenuri_T2,Thenuri,True
1051,Buddhini,7,Buddhini_T7,Nadeera,False
1051,Harshika,2,Harshika_T2,Harshika,True
1051,Muthuni,3,Muthuni_T3,Muthuni,True
1051,Nadeera,3,Nadeera_T3,Nadeera,True
1051,Thenuri,3,Thenuri_T3,Thenuri,True
1052,Buddhini,7,Buddhini_T7,Buddhini,True
1052,Harshika,2,Harshika_T2,Harshika,True
1052,Muthuni,3,Muthuni_T3,Muthuni,True
1052,Nadeera,3,Nadeera_T3,Nadeera,True
1052,Thenuri,4,Thenuri_T4,Thenuri,True
1053,Buddhini,7,Buddhini_T7,Buddhini,True
1053,Harshika,2,Harshika_T2,Harshika,True
1053,Muthuni,3,Muthuni_T3,Muthuni,True
1053,Nadeera,4,Nadeera_T4,Nadeera,True
1053,Thenuri,1,Thenuri_T1,Thenuri,True
1054,Buddhini,7,Buddhini_T7,Buddhini,True
1054,Harshika,2,Harshika_T2,Harshika,True
1054,Muthuni,3,Muthuni_T3,Muthuni,True
1054,Nadeera,4,Nadeera_T4,Nadeera,True
1054,Thenuri,2,Thenuri_T2,Thenuri,True
1055,Buddhini,7,Buddhini_T7,Nadeera,False
1055,Harshika,2,Harshika_T2,Harshika,True
1055,Muthuni,3,Muthuni_T3,Muthuni,True
1055,Nadeera,4,Nadeera_T4,Nadeera,True
1055,Thenuri,3,Thenuri_T3,Thenuri,True
1056,Buddhini,7,Buddhini_T7,Buddhini,True
1056,Harshika,2,Harshika_T2,Harshika,True
1056,Muthuni,3,Muthuni_T3,Muthuni,True
1056,Nadeera,4,Nadeera_T4,Nadeera,True
1056,Thenuri,4,Thenuri_T4,Thenuri,True
1057,Buddhini,7,Buddhini_T7,Buddhini,True
1057,Harshika,3,Harshika_T3,Harshika,True
1057,Muthuni,1,Muthuni_T1,Muthuni,True
1057,Nadeera,1,Nadeera_T1,Nadeera,True
1057,Thenuri,1,Thenuri_T1,Thenuri,True
1058,Buddhini,7,Buddhini_T7,Buddhini,True
1058,Harshika,3,Harshika_T3,Harshika,True
1058,Muthuni,1,Muthuni_T1,Muthuni,True
1058,Nadeera,1,Nadeera_T1,Nadeera,True
1058,Thenuri,2,Thenuri_T2,Thenuri,True
1059,Buddhini,7,Buddhini_T7,Nadeera,False
1059,Harshika,3,Harshika_T3,Harshika,True
1059,Muthuni,1,Muthuni_T1,Muthuni,True
1059,Nadeera,1,Nadeera_T1,Nadeera,True
1059,Thenuri,3,Thenuri_T3,Thenuri,True
1060,Buddhini,7,Buddhini_T7,Buddhini,True
1060,Harshika,3,Harshika_T3,Harshika,True
1060,Muthuni,1,Muthuni_T1,Muthuni,True
1060,Nadeera,1,Nadeera_T1,Nadeera,True
1060,Thenuri,4,Thenuri_T4,Thenuri,True
1061,Buddhini,7,Buddhini_T7,Buddhini,True
1061,Harshika,3,Harshika_T3,Harshika,True
1061,Muthuni,1,Muthuni_T1,Muthuni,True
1061,Nadeera,2,Nadeera_T2,Nadeera,True
1061,Thenuri,1,Thenuri_T1,Thenuri,True
1062,Buddhini,7,Buddhini_T7,Buddhini,True
1062,Harshika,3,Harshika_T3,Harshika,True
1062,Muthuni,1,Muthuni_T1,Muthuni,True
1062,Nadeera,2,Nadeera_T2,Nadeera,True
1062,Thenuri,2,Thenuri_T2,Thenuri,True
1063,Buddhini,7,Buddhini_T7,Nadeera,False
1063,Harshika,3,Harshika_T3,Harshika,True
1063,Muthuni,1,Muthuni_T1,Muthuni,True
1063,Nadeera,2,Nadeera_T2,Nadeera,True
1063,Thenuri,3,Thenuri_T3,Thenuri,True
1064,Buddhini,7,Buddhini_T7,Buddhini,True
1064,Harshika,3,Harshika_T3,Harshika,True
1064,Muthuni,1,Muthuni_T1,Muthuni,True
1064,Nadeera,2,Nadeera_T2,Nadeera,True
1064,Thenuri,4,Thenuri_T4,Thenuri,True
1065,Buddhini,7,Buddhini_T7,Buddhini,True
1065,Harshika,3,Harshika_T3,Harshika,True
1065,Muthuni,1,Muthuni_T1,Muthuni,True
1065,Nadeera,3,Nadeera_T3,Nadeera,True
1065,Thenuri,1,Thenuri_T1,Thenuri,True
1066,Buddhini,7,Buddhini_T7,Buddhini,True
1066,Harshika,3,Harshika_T3,Harshika,True
1066,Muthuni,1,Muthuni_T1,Muthuni,True
1066,Nadeera,3,Nadeera_T3,Nadeera,True
1066,Thenuri,2,Thenuri_T2,Thenuri,True
1067,Buddhini,7,Buddhini_T7,Buddhini,True
1067,Harshika,3,Harshika_T3,Harshika,True
1067,Muthuni,1,Muthuni_T1,Muthuni,True
1067,Nadeera,3,Nadeera_T3,Nadeera,True
1067,Thenuri,3,Thenuri_T3,Thenuri,True
1068,Buddhini,7,Buddhini_T7,Buddhini,True
1068,Harshika,3,Harshika_T3,Harshika,True
1068,Muthuni,1,Muthuni_T1,Muthuni,True
1068,Nadeera,3,Nadeera_T3,Nadeera,True
1068,Thenuri,4,Thenuri_T4,Thenuri,True
1069,Buddhini,7,Buddhini_T7,Buddhini,True
1069,Harshika,3,Harshika_T3,Harshika,True
1069,Muthuni,1,Muthuni_T1,Muthuni,True
1069,Nadeera,4,Nadeera_T4,Nadeera,True
1069,Thenuri,1,Thenuri_T1,Thenuri,True
1070,Buddhini,7,Buddhini_T7,Buddhini,True
1070,Harshika,3,Harshika_T3,Harshika,True
1070,Muthuni,1,Muthuni_T1,Muthuni,True
1070,Nadeera,4,Nadeera_T4,Nadeera,True
1070,Thenuri,2,Thenuri_T2,Thenuri,True
1071,Buddhini,7,Buddhini_T7,Nadeera,False
1071,Harshika,3,Harshika_T3,Harshika,True
1071,Muthuni,1,Muthuni_T1,Muthuni,True
1071,Nadeera,4,Nadeera_T4,Nadeera,True
1071,Thenuri,3,Thenuri_T3,Thenuri,True
1072,Buddhini,7,Buddhini_T7,Buddhini,True
1072,Harshika,3,Harshika_T3,Harshika,True
1072,Muthuni,1,Muthuni_T1,Muthuni,True
1072,Nadeera,4,Nadeera_T4,Nadeera,True
1072,Thenuri,4,Thenuri_T4,Thenuri,True
1073,Buddhini,7,Buddhini_T7,Buddhini,True
1073,Harshika,3,Harshika_T3,Harshika,True
1073,Muthuni,2,Muthuni_T2,Muthuni,True
1073,Nadeera,1,Nadeera_T1,Nadeera,True
1073,Thenuri,1,Thenuri_T1,Thenuri,True
1074,Buddhini,7,Buddhini_T7,Buddhini,True
1074,Harshika,3,Harshika_T3,Harshika,True
1074,Muthuni,2,Muthuni_T2,Muthuni,True
1074,Nadeera,1,Nadeera_T1,Nadeera,True
1074,Thenuri,2,Thenuri_T2,Thenuri,True
1075,Buddhini,7,Buddhini_T7,Nadeera,False
1075,Harshika,3,Harshika_T3,Harshika,True
1075,Muthuni,2,Muthuni_T2,Muthuni,True
1075,Nadeera,1,Nadeera_T1,Nadeera,True
1075,Thenuri,3,Thenuri_T3,Thenuri,True
1076,Buddhini,7,Buddhini_T7,Buddhini,True
1076,Harshika,3,Harshika_T3,Harshika,True
1076,Muthuni,2,Muthuni_T2,Muthuni,True
1076,Nadeera,1,Nadeera_T1,Nadeera,True
1076,Thenuri,4,Thenuri_T4,Thenuri,True
1077,Buddhini,7,Buddhini_T7,Buddhini,True
1077,Harshika,3,Harshika_T3,Harshika,True
1077,Muthuni,2,Muthuni_T2,Muthuni,True
1077,Nadeera,2,Nadeera_T2,Nadeera,True
1077,Thenuri,1,Thenuri_T1,Thenuri,True
1078,Buddhini,7,Buddhini_T7,Buddhini,True
1078,Harshika,3,Harshika_T3,Harshika,True
1078,Muthuni,2,Muthuni_T2,Muthuni,True
1078,Nadeera,2,Nadeera_T2,Nadeera,True
1078,Thenuri,2,Thenuri_T2,Thenuri,True
1079,Buddhini,7,Buddhini_T7,Buddhini,True
1079,Harshika,3,Harshika_T3,Harshika,True
1079,Muthuni,2,Muthuni_T2,Muthuni,True
1079,Nadeera,2,Nadeera_T2,Nadeera,True
1079,Thenuri,3,Thenuri_T3,Thenuri,True
1080,Buddhini,7,Buddhini_T7,Buddhini,True
1080,Harshika,3,Harshika_T3,Harshika,True
1080,Muthuni,2,Muthuni_T2,Muthuni,True
1080,Nadeera,2,Nadeera_T2,Nadeera,True
1080,Thenuri,4,Thenuri_T4,Thenuri,True
1081,Buddhini,7,Buddhini_T7,Buddhini,True
1081,Harshika,3,Harshika_T3,Harshika,True
1081,Muthuni,2,Muthuni_T2,Muthuni,True
1081,Nadeera,3,Nadeera_T3,Nadeera,True
1081,Thenuri,1,Thenuri_T1,Thenuri,True
1082,Buddhini,7,Buddhini_T7,Buddhini,True
1082,Harshika,3,Harshika_T3,Harshika,True
1082,Muthuni,2,Muthuni_T2,Muthuni,True
1082,Nadeera,3,Nadeera_T3,Nadeera,True
1082,Thenuri,2,Thenuri_T2,Thenuri,True
1083,Buddhini,7,Buddhini_T7,Buddhini,True
1083,Harshika,3,Harshika_T3,Harshika,True
1083,Muthuni,2,Muthuni_T2,Muthuni,True
1083,Nadeera,3,Nadeera_T3,Nadeera,True
1083,Thenuri,3,Thenuri_T3,Thenuri,True
1084,Buddhini,7,Buddhini_T7,Buddhini,True
1084,Harshika,3,Harshika_T3,Harshika,True
1084,Muthuni,2,Muthuni_T2,Muthuni,True
1084,Nadeera,3,Nadeera_T3,Nadeera,True
1084,Thenuri,4,Thenuri_T4,Thenuri,True
1085,Buddhini,7,Buddhini_T7,Buddhini,True
1085,Harshika,3,Harshika_T3,Harshika,True
1085,Muthuni,2,Muthuni_T2,Muthuni,True
1085,Nadeera,4,Nadeera_T4,Nadeera,True
1085,Thenuri,1,Thenuri_T1,Thenuri,True
1086,Buddhini,7,Buddhini_T7,Buddhini,True
1086,Harshika,3,Harshika_T3,Harshika,True
1086,Muthuni,2,Muthuni_T2,Muthuni,True
1086,Nadeera,4,Nadeera_T4,Nadeera,True
1086,Thenuri,2,Thenuri_T2,Thenuri,True
1087,Buddhini,7,Buddhini_T7,Nadeera,False
1087,Harshika,3,Harshika_T3,Harshika,True
1087,Muthuni,2,Muthuni_T2,Muthuni,True
1087,Nadeera,4,Nadeera_T4,Nadeera,True
1087,Thenuri,3,Thenuri_T3,Thenuri,True
1088,Buddhini,7,Buddhini_T7,Buddhini,True
1088,Harshika,3,Harshika_T3,Harshika,True
1088,Muthuni,2,Muthuni_T2,Muthuni,True
1088,Nadeera,4,Nadeera_T4,Nadeera,True
1088,Thenuri,4,Thenuri_T4,Thenuri,True
1089,Buddhini,7,Buddhini_T7,Buddhini,True
1089,Harshika,3,Harshika_T3,Harshika,True
1089,Muthuni,3,Muthuni_T3,Muthuni,True
1089,Nadeera,1,Nadeera_T1,Nadeera,True
1089,Thenuri,1,Thenuri_T1,Thenuri,True
1090,Buddhini,7,Buddhini_T7,Buddhini,True
1090,Harshika,3,Harshika_T3,Harshika,True
1090,Muthuni,3,Muthuni_T3,Muthuni,True
1090,Nadeera,1,Nadeera_T1,Nadeera,True
1090,Thenuri,2,Thenuri_T2,Thenuri,True
1091,Buddhini,7,Buddhini_T7,Nadeera,False
1091,Harshika,3,Harshika_T3,Harshika,True
1091,Muthuni,3,Muthuni_T3,Muthuni,True
1091,Nadeera,1,Nadeera_T1,Nadeera,True
1091,Thenuri,3,Thenuri_T3,Thenuri,True
1092,Buddhini,7,Buddhini_T7,Buddhini,True
1092,Harshika,3,Harshika_T3,Harshika,True
1092,Muthuni,3,Muthuni_T3,Muthuni,True
1092,Nadeera,1,Nadeera_T1,Nadeera,True
1092,Thenuri,4,Thenuri_T4,Thenuri,True
1093,Buddhini,7,Buddhini_T7,Buddhini,True
1093,Harshika,3,Harshika_T3,Harshika,True
1093,Muthuni,3,Muthuni_T3,Muthuni,True
1093,Nadeera,2,Nadeera_T2,Nadeera,True
1093,Thenuri,1,Thenuri_T1,Thenuri,True
1094,Buddhini,7,Buddhini_T7,Buddhini,True
1094,Harshika,3,Harshika_T3,Harshika,True
1094,Muthuni,3,Muthuni_T3,Muthuni,True
1094,Nadeera,2,Nadeera_T2,Nadeera,True
1094,Thenuri,2,Thenuri_T2,Thenuri,True
1095,Buddhini,7,Buddhini_T7,Buddhini,True
1095,Harshika,3,Harshika_T3,Harshika,True
1095,Muthuni,3,Muthuni_T3,Muthuni,True
1095,Nadeera,2,Nadeera_T2,Nadeera,True
1095,Thenuri,3,Thenuri_T3,Thenuri,True
1096,Buddhini,7,Buddhini_T7,Buddhini,True
1096,Harshika,3,Harshika_T3,Harshika,True
1096,Muthuni,3,Muthuni_T3,Muthuni,True
1096,Nadeera,2,Nadeera_T2,Nadeera,True
1096,Thenuri,4,Thenuri_T4,Thenuri,True
1097,Buddhini,7,Buddhini_T7,Buddhini,True
1097,Harshika,3,Harshika_T3,Harshika,True
1097,Muthuni,3,Muthuni_T3,Muthuni,True
1097,Nadeera,3,Nadeera_T3,Nadeera,True
1097,Thenuri,1,Thenuri_T1,Thenuri,True
1098,Buddhini,7,Buddhini_T7,Buddhini,True
1098,Harshika,3,Harshika_T3,Harshika,True
1098,Muthuni,3,Muthuni_T3,Muthuni,True
1098,Nadeera,3,Nadeera_T3,Nadeera,True
1098,Thenuri,2,Thenuri_T2,Thenuri,True
1099,Buddhini,7,Buddhini_T7,Buddhini,True
1099,Harshika,3,Harshika_T3,Harshika,True
1099,Muthuni,3,Muthuni_T3,Muthuni,True
1099,Nadeera,3,Nadeera_T3,Nadeera,True
1099,Thenuri,3,Thenuri_T3,Thenuri,True
1100,Buddhini,7,Buddhini_T7,Buddhini,True
1100,Harshika,3,Harshika_T3,Harshika,True
1100,Muthuni,3,Muthuni_T3,Muthuni,True
1100,Nadeera,3,Nadeera_T3,Nadeera,True
1100,Thenuri,4,Thenuri_T4,Thenuri,True
1101,Buddhini,7,Buddhini_T7,Buddhini,True
1101,Harshika,3,Harshika_T3,Harshika,True
1101,Muthuni,3,Muthuni_T3,Muthuni,True
1101,Nadeera,4,Nadeera_T4,Nadeera,True
1101,Thenuri,1,Thenuri_T1,Thenuri,True
1102,Buddhini,7,Buddhini_T7,Buddhini,True
1102,Harshika,3,Harshika_T3,Harshika,True
1102,Muthuni,3,Muthuni_T3,Muthuni,True
1102,Nadeera,4,Nadeera_T4,Nadeera,True
1102,Thenuri,2,Thenuri_T2,Thenuri,True
1103,Buddhini,7,Buddhini_T7,Nadeera,False
1103,Harshika,3,Harshika_T3,Harshika,True
1103,Muthuni,3,Muthuni_T3,Muthuni,True
1103,Nadeera,4,Nadeera_T4,Nadeera,True
1103,Thenuri,3,Thenuri_T3,Thenuri,True
1104,Buddhini,7,Buddhini_T7,Buddhini,True
1104,Harshika,3,Harshika_T3,Harshika,True
1104,Muthuni,3,Muthuni_T3,Muthuni,True
1104,Nadeera,4,Nadeera_T4,Nadeera,True
1104,Thenuri,4,Thenuri_T4,Thenuri,True
1105,Buddhini,7,Buddhini_T7,Buddhini,True
1105,Harshika,4,Harshika_T4,Harshika,True
1105,Muthuni,1,Muthuni_T1,Muthuni,True
1105,Nadeera,1,Nadeera_T1,Nadeera,True
1105,Thenuri,1,Thenuri_T1,Thenuri,True
1106,Buddhini,7,Buddhini_T7,Buddhini,True
1106,Harshika,4,Harshika_T4,Harshika,True
1106,Muthuni,1,Muthuni_T1,Muthuni,True
1106,Nadeera,1,Nadeera_T1,Nadeera,True
1106,Thenuri,2,Thenuri_T2,Thenuri,True
1107,Buddhini,7,Buddhini_T7,Nadeera,False
1107,Harshika,4,Harshika_T4,Harshika,True
1107,Muthuni,1,Muthuni_T1,Muthuni,True
1107,Nadeera,1,Nadeera_T1,Nadeera,True
1107,Thenuri,3,Thenuri_T3,Thenuri,True
1108,Buddhini,7,Buddhini_T7,Buddhini,True
1108,Harshika,4,Harshika_T4,Harshika,True
1108,Muthuni,1,Muthuni_T1,Muthuni,True
1108,Nadeera,1,Nadeera_T1,Nadeera,True
1108,Thenuri,4,Thenuri_T4,Thenuri,True
1109,Buddhini,7,Buddhini_T7,Buddhini,True
1109,Harshika,4,Harshika_T4,Harshika,True
1109,Muthuni,1,Muthuni_T1,Muthuni,True
1109,Nadeera,2,Nadeera_T2,Nadeera,True
1109,Thenuri,1,Thenuri_T1,Thenuri,True
1110,Buddhini,7,Buddhini_T7,Buddhini,True
1110,Harshika,4,Harshika_T4,Harshika,True
1110,Muthuni,1,Muthuni_T1,Muthuni,True
1110,Nadeera,2,Nadeera_T2,Nadeera,True
1110,Thenuri,2,Thenuri_T2,Thenuri,True
1111,Buddhini,7,Buddhini_T7,Buddhini,True
1111,Harshika,4,Harshika_T4,Harshika,True
1111,Muthuni,1,Muthuni_T1,Muthuni,True
1111,Nadeera,2,Nadeera_T2,Nadeera,True
1111,Thenuri,3,Thenuri_T3,Thenuri,True
1112,Buddhini,7,Buddhini_T7,Buddhini,True
1112,Harshika,4,Harshika_T4,Harshika,True
1112,Muthuni,1,Muthuni_T1,Muthuni,True
1112,Nadeera,2,Nadeera_T2,Nadeera,True
1112,Thenuri,4,Thenuri_T4,Thenuri,True
1113,Buddhini,7,Buddhini_T7,Buddhini,True
1113,Harshika,4,Harshika_T4,Harshika,True
1113,Muthuni,1,Muthuni_T1,Muthuni,True
1113,Nadeera,3,Nadeera_T3,Nadeera,True
1113,Thenuri,1,Thenuri_T1,Thenuri,True
1114,Buddhini,7,Buddhini_T7,Buddhini,True
1114,Harshika,4,Harshika_T4,Harshika,True
1114,Muthuni,1,Muthuni_T1,Muthuni,True
1114,Nadeera,3,Nadeera_T3,Nadeera,True
1114,Thenuri,2,Thenuri_T2,Thenuri,True
1115,Buddhini,7,Buddhini_T7,Buddhini,True
1115,Harshika,4,Harshika_T4,Harshika,True
1115,Muthuni,1,Muthuni_T1,Muthuni,True
1115,Nadeera,3,Nadeera_T3,Nadeera,True
1115,Thenuri,3,Thenuri_T3,Thenuri,True
1116,Buddhini,7,Buddhini_T7,Buddhini,True
1116,Harshika,4,Harshika_T4,Harshika,True
1116,Muthuni,1,Muthuni_T1,Muthuni,True
1116,Nadeera,3,Nadeera_T3,Nadeera,True
1116,Thenuri,4,Thenuri_T4,Thenuri,True
1117,Buddhini,7,Buddhini_T7,Buddhini,True
1117,Harshika,4,Harshika_T4,Harshika,True
1117,Muthuni,1,Muthuni_T1,Muthuni,True
1117,Nadeera,4,Nadeera_T4,Nadeera,True
1117,Thenuri,1,Thenuri_T1,Thenuri,True
1118,Buddhini,7,Buddhini_T7,Buddhini,True
1118,Harshika,4,Harshika_T4,Harshika,True
1118,Muthuni,1,Muthuni_T1,Muthuni,True
1118,Nadeera,4,Nadeera_T4,Nadeera,True
1118,Thenuri,2,Thenuri_T2,Thenuri,True
1119,Buddhini,7,Buddhini_T7,Nadeera,False
1119,Harshika,4,Harshika_T4,Harshika,True
1119,Muthuni,1,Muthuni_T1,Muthuni,True
1119,Nadeera,4,Nadeera_T4,Nadeera,True
1119,Thenuri,3,Thenuri_T3,Thenuri,True
1120,Buddhini,7,Buddhini_T7,Buddhini,True
1120,Harshika,4,Harshika_T4,Harshika,True
1120,Muthuni,1,Muthuni_T1,Muthuni,True
1120,Nadeera,4,Nadeera_T4,Nadeera,True
1120,Thenuri,4,Thenuri_T4,Thenuri,True
1121,Buddhini,7,Buddhini_T7,Buddhini,True
1121,Harshika,4,Harshika_T4,Harshika,True
1121,Muthuni,2,Muthuni_T2,Muthuni,True
1121,Nadeera,1,Nadeera_T1,Nadeera,True
1121,Thenuri,1,Thenuri_T1,Thenuri,True
1122,Buddhini,7,Buddhini_T7,Buddhini,True
1122,Harshika,4,Harshika_T4,Harshika,True
1122,Muthuni,2,Muthuni_T2,Muthuni,True
1122,Nadeera,1,Nadeera_T1,Nadeera,True
1122,Thenuri,2,Thenuri_T2,Thenuri,True
1123,Buddhini,7,Buddhini_T7,Nadeera,False
1123,Harshika,4,Harshika_T4,Harshika,True
1123,Muthuni,2,Muthuni_T2,Muthuni,True
1123,Nadeera,1,Nadeera_T1,Nadeera,True
1123,Thenuri,3,Thenuri_T3,Thenuri,True
1124,Buddhini,7,Buddhini_T7,Buddhini,True
1124,Harshika,4,Harshika_T4,Harshika,True
1124,Muthuni,2,Muthuni_T2,Muthuni,True
1124,Nadeera,1,Nadeera_T1,Nadeera,True
1124,Thenuri,4,Thenuri_T4,Thenuri,True
1125,Buddhini,7,Buddhini_T7,Buddhini,True
1125,Harshika,4,Harshika_T4,Harshika,True
1125,Muthuni,2,Muthuni_T2,Muthuni,True
1125,Nadeera,2,Nadeera_T2,Nadeera,True
1125,Thenuri,1,Thenuri_T1,Thenuri,True
1126,Buddhini,7,Buddhini_T7,Buddhini,True
1126,Harshika,4,Harshika_T4,Harshika,True
1126,Muthuni,2,Muthuni_T2,Muthuni,True
1126,Nadeera,2,Nadeera_T2,Nadeera,True
1126,Thenuri,2,Thenuri_T2,Thenuri,True
1127,Buddhini,7,Buddhini_T7,Buddhini,True
1127,Harshika,4,Harshika_T4,Harshika,True
1127,Muthuni,2,Muthuni_T2,Muthuni,True
1127,Nadeera,2,Nadeera_T2,Nadeera,True
1127,Thenuri,3,Thenuri_T3,Thenuri,True
1128,Buddhini,7,Buddhini_T7,Buddhini,True
1128,Harshika,4,Harshika_T4,Harshika,True
1128,Muthuni,2,Muthuni_T2,Muthuni,True
1128,Nadeera,2,Nadeera_T2,Nadeera,True
1128,Thenuri,4,Thenuri_T4,Thenuri,True
1129,Buddhini,7,Buddhini_T7,Buddhini,True
1129,Harshika,4,Harshika_T4,Harshika,True
1129,Muthuni,2,Muthuni_T2,Muthuni,True
1129,Nadeera,3,Nadeera_T3,Nadeera,True
1129,Thenuri,1,Thenuri_T1,Thenuri,True
1130,Buddhini,7,Buddhini_T7,Buddhini,True
1130,Harshika,4,Harshika_T4,Harshika,True
1130,Muthuni,2,Muthuni_T2,Muthuni,True
1130,Nadeera,3,Nadeera_T3,Nadeera,True
1130,Thenuri,2,Thenuri_T2,Thenuri,True
1131,Buddhini,7,Buddhini_T7,Buddhini,True
1131,Harshika,4,Harshika_T4,Harshika,True
1131,Muthuni,2,Muthuni_T2,Muthuni,True
1131,Nadeera,3,Nadeera_T3,Nadeera,True
1131,Thenuri,3,Thenuri_T3,Thenuri,True
1132,Buddhini,7,Buddhini_T7,Buddhini,True
1132,Harshika,4,Harshika_T4,Harshika,True
1132,Muthuni,2,Muthuni_T2,Muthuni,True
1132,Nadeera,3,Nadeera_T3,Nadeera,True
1132,Thenuri,4,Thenuri_T4,Thenuri,True
1133,Buddhini,7,Buddhini_T7,Buddhini,True
1133,Harshika,4,Harshika_T4,Harshika,True
1133,Muthuni,2,Muthuni_T2,Muthuni,True
1133,Nadeera,4,Nadeera_T4,Nadeera,True
1133,Thenuri,1,Thenuri_T1,Thenuri,True
1134,Buddhini,7,Buddhini_T7,Buddhini,True
1134,Harshika,4,Harshika_T4,Harshika,True
1134,Muthuni,2,Muthuni_T2,Muthuni,True
1134,Nadeera,4,Nadeera_T4,Nadeera,True
1134,Thenuri,2,Thenuri_T2,Thenuri,True
1135,Buddhini,7,Buddhini_T7,Nadeera,False
1135,Harshika,4,Harshika_T4,Harshika,True
1135,Muthuni,2,Muthuni_T2,Muthuni,True
1135,Nadeera,4,Nadeera_T4,Nadeera,True
1135,Thenuri,3,Thenuri_T3,Thenuri,True
1136,Buddhini,7,Buddhini_T7,Buddhini,True
1136,Harshika,4,Harshika_T4,Harshika,True
1136,Muthuni,2,Muthuni_T2,Muthuni,True
1136,Nadeera,4,Nadeera_T4,Nadeera,True
1136,Thenuri,4,Thenuri_T4,Thenuri,True
1137,Buddhini,7,Buddhini_T7,Buddhini,True
1137,Harshika,4,Harshika_T4,Harshika,True
1137,Muthuni,3,Muthuni_T3,Muthuni,True
1137,Nadeera,1,Nadeera_T1,Nadeera,True
1137,Thenuri,1,Thenuri_T1,Thenuri,True
1138,Buddhini,7,Buddhini_T7,Buddhini,True
1138,Harshika,4,Harshika_T4,Harshika,True
1138,Muthuni,3,Muthuni_T3,Muthuni,True
1138,Nadeera,1,Nadeera_T1,Nadeera,True
1138,Thenuri,2,Thenuri_T2,Thenuri,True
1139,Buddhini,7,Buddhini_T7,Nadeera,False
1139,Harshika,4,Harshika_T4,Harshika,True
1139,Muthuni,3,Muthuni_T3,Muthuni,True
1139,Nadeera,1,Nadeera_T1,Nadeera,True
1139,Thenuri,3,Thenuri_T3,Thenuri,True
1140,Buddhini,7,Buddhini_T7,Buddhini,True
1140,Harshika,4,Harshika_T4,Harshika,True
1140,Muthuni,3,Muthuni_T3,Muthuni,True
1140,Nadeera,1,Nadeera_T1,Nadeera,True
1140,Thenuri,4,Thenuri_T4,Thenuri,True
1141,Buddhini,7,Buddhini_T7,Buddhini,True
1141,Harshika,4,Harshika_T4,Harshika,True
1141,Muthuni,3,Muthuni_T3,Muthuni,True
1141,Nadeera,2,Nadeera_T2,Nadeera,True
1141,Thenuri,1,Thenuri_T1,Thenuri,True
1142,Buddhini,7,Buddhini_T7,Buddhini,True
1142,Harshika,4,Harshika_T4,Harshika,True
1142,Muthuni,3,Muthuni_T3,Muthuni,True
1142,Nadeera,2,Nadeera_T2,Nadeera,True
1142,Thenuri,2,Thenuri_T2,Thenuri,True
1143,Buddhini,7,Buddhini_T7,Buddhini,True
1143,Harshika,4,Harshika_T4,Harshika,True
1143,Muthuni,3,Muthuni_T3,Muthuni,True
1143,Nadeera,2,Nadeera_T2,Nadeera,True
1143,Thenuri,3,Thenuri_T3,Thenuri,True
1144,Buddhini,7,Buddhini_T7,Buddhini,True
1144,Harshika,4,Harshika_T4,Harshika,True
1144,Muthuni,3,Muthuni_T3,Muthuni,True
1144,Nadeera,2,Nadeera_T2,Nadeera,True
1144,Thenuri,4,Thenuri_T4,Thenuri,True
1145,Buddhini,7,Buddhini_T7,Buddhini,True
1145,Harshika,4,Harshika_T4,Harshika,True
1145,Muthuni,3,Muthuni_T3,Muthuni,True
1145,Nadeera,3,Nadeera_T3,Nadeera,True
1145,Thenuri,1,Thenuri_T1,Thenuri,True
1146,Buddhini,7,Buddhini_T7,Buddhini,True
1146,Harshika,4,Harshika_T4,Harshika,True
1146,Muthuni,3,Muthuni_T3,Muthuni,True
1146,Nadeera,3,Nadeera_T3,Nadeera,True
1146,Thenuri,2,Thenuri_T2,Thenuri,True
1147,Buddhini,7,Buddhini_T7,Buddhini,True
1147,Harshika,4,Harshika_T4,Harshika,True
1147,Muthuni,3,Muthuni_T3,Muthuni,True
1147,Nadeera,3,Nadeera_T3,Nadeera,True
1147,Thenuri,3,Thenuri_T3,Thenuri,True
1148,Buddhini,7,Buddhini_T7,Buddhini,True
1148,Harshika,4,Harshika_T4,Harshika,True
1148,Muthuni,3,Muthuni_T3,Muthuni,True
1148,Nadeera,3,Nadeera_T3,Nadeera,True
1148,Thenuri,4,Thenuri_T4,Thenuri,True
1149,Buddhini,7,Buddhini_T7,Buddhini,True
1149,Harshika,4,Harshika_T4,Harshika,True
1149,Muthuni,3,Muthuni_T3,Muthuni,True
1149,Nadeera,4,Nadeera_T4,Nadeera,True
1149,Thenuri,1,Thenuri_T1,Thenuri,True
1150,Buddhini,7,Buddhini_T7,Buddhini,True
1150,Harshika,4,Harshika_T4,Harshika,True
1150,Muthuni,3,Muthuni_T3,Muthuni,True
1150,Nadeera,4,Nadeera_T4,Nadeera,True
1150,Thenuri,2,Thenuri_T2,Thenuri,True
1151,Buddhini,7,Buddhini_T7,Nadeera,False
1151,Harshika,4,Harshika_T4,Harshika,True
1151,Muthuni,3,Muthuni_T3,Muthuni,True
1151,Nadeera,4,Nadeera_T4,Nadeera,True
1151,Thenuri,3,Thenuri_T3,Thenuri,True
1152,Buddhini,7,Buddhini_T7,Buddhini,True
1152,Harshika,4,Harshika_T4,Harshika,True
1152,Muthuni,3,Muthuni_T3,Muthuni,True
1152,Nadeera,4,Nadeera_T4,Nadeera,True
1152,Thenuri,4,Thenuri_T4,Thenuri,True
1153,Buddhini,7,Buddhini_T7,Buddhini,True
1153,Harshika,5,Harshika_T5,Harshika,True
1153,Muthuni,1,Muthuni_T1,Muthuni,True
1153,Nadeera,1,Nadeera_T1,Nadeera,True
1153,Thenuri,1,Thenuri_T1,Thenuri,True
1154,Buddhini,7,Buddhini_T7,Buddhini,True
1154,Harshika,5,Harshika_T5,Harshika,True
1154,Muthuni,1,Muthuni_T1,Muthuni,True
1154,Nadeera,1,Nadeera_T1,Nadeera,True
1154,Thenuri,2,Thenuri_T2,Thenuri,True
1155,Buddhini,7,Buddhini_T7,Nadeera,False
1155,Harshika,5,Harshika_T5,Harshika,True
1155,Muthuni,1,Muthuni_T1,Muthuni,True
1155,Nadeera,1,Nadeera_T1,Nadeera,True
1155,Thenuri,3,Thenuri_T3,Thenuri,True
1156,Buddhini,7,Buddhini_T7,Buddhini,True
1156,Harshika,5,Harshika_T5,Harshika,True
1156,Muthuni,1,Muthuni_T1,Muthuni,True
1156,Nadeera,1,Nadeera_T1,Nadeera,True
1156,Thenuri,4,Thenuri_T4,Thenuri,True
1157,Buddhini,7,Buddhini_T7,Buddhini,True
1157,Harshika,5,Harshika_T5,Harshika,True
1157,Muthuni,1,Muthuni_T1,Muthuni,True
1157,Nadeera,2,Nadeera_T2,Nadeera,True
1157,Thenuri,1,Thenuri_T1,Thenuri,True
1158,Buddhini,7,Buddhini_T7,Buddhini,True
1158,Harshika,5,Harshika_T5,Harshika,True
1158,Muthuni,1,Muthuni_T1,Muthuni,True
1158,Nadeera,2,Nadeera_T2,Nadeera,True
1158,Thenuri,2,Thenuri_T2,Thenuri,True
1159,Buddhini,7,Buddhini_T7,Nadeera,False
1159,Harshika,5,Harshika_T5,Harshika,True
1159,Muthuni,1,Muthuni_T1,Muthuni,True
1159,Nadeera,2,Nadeera_T2,Nadeera,True
1159,Thenuri,3,Thenuri_T3,Thenuri,True
1160,Buddhini,7,Buddhini_T7,Buddhini,True
1160,Harshika,5,Harshika_T5,Harshika,True
1160,Muthuni,1,Muthuni_T1,Muthuni,True
1160,Nadeera,2,Nadeera_T2,Nadeera,True
1160,Thenuri,4,Thenuri_T4,Thenuri,True
1161,Buddhini,7,Buddhini_T7,Buddhini,True
1161,Harshika,5,Harshika_T5,Harshika,True
1161,Muthuni,1,Muthuni_T1,Muthuni,True
1161,Nadeera,3,Nadeera_T3,Nadeera,True
1161,Thenuri,1,Thenuri_T1,Thenuri,True
1162,Buddhini,7,Buddhini_T7,Buddhini,True
1162,Harshika,5,Harshika_T5,Harshika,True
1162,Muthuni,1,Muthuni_T1,Muthuni,True
1162,Nadeera,3,Nadeera_T3,Nadeera,True
1162,Thenuri,2,Thenuri_T2,Thenuri,True
1163,Buddhini,7,Buddhini_T7,Buddhini,True
1163,Harshika,5,Harshika_T5,Harshika,True
1163,Muthuni,1,Muthuni_T1,Muthuni,True
1163,Nadeera,3,Nadeera_T3,Nadeera,True
1163,Thenuri,3,Thenuri_T3,Thenuri,True
1164,Buddhini,7,Buddhini_T7,Buddhini,True
1164,Harshika,5,Harshika_T5,Harshika,True
1164,Muthuni,1,Muthuni_T1,Muthuni,True
1164,Nadeera,3,Nadeera_T3,Nadeera,True
1164,Thenuri,4,Thenuri_T4,Thenuri,True
1165,Buddhini,7,Buddhini_T7,Buddhini,True
1165,Harshika,5,Harshika_T5,Harshika,True
1165,Muthuni,1,Muthuni_T1,Muthuni,True
1165,Nadeera,4,Nadeera_T4,Nadeera,True
1165,Thenuri,1,Thenuri_T1,Thenuri,True
1166,Buddhini,7,Buddhini_T7,Buddhini,True
1166,Harshika,5,Harshika_T5,Harshika,True
1166,Muthuni,1,Muthuni_T1,Muthuni,True
1166,Nadeera,4,Nadeera_T4,Nadeera,True
1166,Thenuri,2,Thenuri_T2,Thenuri,True
1167,Buddhini,7,Buddhini_T7,Nadeera,False
1167,Harshika,5,Harshika_T5,Harshika,True
1167,Muthuni,1,Muthuni_T1,Muthuni,True
1167,Nadeera,4,Nadeera_T4,Nadeera,True
1167,Thenuri,3,Thenuri_T3,Thenuri,True
1168,Buddhini,7,Buddhini_T7,Buddhini,True
1168,Harshika,5,Harshika_T5,Harshika,True
1168,Muthuni,1,Muthuni_T1,Muthuni,True
1168,Nadeera,4,Nadeera_T4,Nadeera,True
1168,Thenuri,4,Thenuri_T4,Thenuri,True
1169,Buddhini,7,Buddhini_T7,Buddhini,True
1169,Harshika,5,Harshika_T5,Harshika,True
1169,Muthuni,2,Muthuni_T2,Muthuni,True
1169,Nadeera,1,Nadeera_T1,Nadeera,True
1169,Thenuri,1,Thenuri_T1,Thenuri,True
1170,Buddhini,7,Buddhini_T7,Buddhini,True
1170,Harshika,5,Harshika_T5,Harshika,True
1170,Muthuni,2,Muthuni_T2,Muthuni,True
1170,Nadeera,1,Nadeera_T1,Nadeera,True
1170,Thenuri,2,Thenuri_T2,Thenuri,True
1171,Buddhini,7,Buddhini_T7,Nadeera,False
1171,Harshika,5,Harshika_T5,Harshika,True
1171,Muthuni,2,Muthuni_T2,Muthuni,True
1171,Nadeera,1,Nadeera_T1,Nadeera,True
1171,Thenuri,3,Thenuri_T3,Thenuri,True
1172,Buddhini,7,Buddhini_T7,Buddhini,True
1172,Harshika,5,Harshika_T5,Harshika,True
1172,Muthuni,2,Muthuni_T2,Muthuni,True
1172,Nadeera,1,Nadeera_T1,Nadeera,True
1172,Thenuri,4,Thenuri_T4,Thenuri,True
1173,Buddhini,7,Buddhini_T7,Buddhini,True
1173,Harshika,5,Harshika_T5,Harshika,True
1173,Muthuni,2,Muthuni_T2,Muthuni,True
1173,Nadeera,2,Nadeera_T2,Nadeera,True
1173,Thenuri,1,Thenuri_T1,Thenuri,True
1174,Buddhini,7,Buddhini_T7,Buddhini,True
1174,Harshika,5,Harshika_T5,Harshika,True
1174,Muthuni,2,Muthuni_T2,Muthuni,True
1174,Nadeera,2,Nadeera_T2,Nadeera,True
1174,Thenuri,2,Thenuri_T2,Thenuri,True
1175,Buddhini,7,Buddhini_T7,Buddhini,True
1175,Harshika,5,Harshika_T5,Harshika,True
1175,Muthuni,2,Muthuni_T2,Muthuni,True
1175,Nadeera,2,Nadeera_T2,Nadeera,True
1175,Thenuri,3,Thenuri_T3,Thenuri,True
1176,Buddhini,7,Buddhini_T7,Buddhini,True
1176,Harshika,5,Harshika_T5,Harshika,True
1176,Muthuni,2,Muthuni_T2,Muthuni,True
1176,Nadeera,2,Nadeera_T2,Nadeera,True
1176,Thenuri,4,Thenuri_T4,Thenuri,True
1177,Buddhini,7,Buddhini_T7,Buddhini,True
1177,Harshika,5,Harshika_T5,Harshika,True
1177,Muthuni,2,Muthuni_T2,Muthuni,True
1177,Nadeera,3,Nadeera_T3,Nadeera,True
1177,Thenuri,1,Thenuri_T1,Thenuri,True
1178,Buddhini,7,Buddhini_T7,Buddhini,True
1178,Harshika,5,Harshika_T5,Harshika,True
1178,Muthuni,2,Muthuni_T2,Muthuni,True
1178,Nadeera,3,Nadeera_T3,Nadeera,True
1178,Thenuri,2,Thenuri_T2,Thenuri,True
1179,Buddhini,7,Buddhini_T7,Buddhini,True
1179,Harshika,5,Harshika_T5,Harshika,True
1179,Muthuni,2,Muthuni_T2,Muthuni,True
1179,Nadeera,3,Nadeera_T3,Nadeera,True
1179,Thenuri,3,Thenuri_T3,Thenuri,True
1180,Buddhini,7,Buddhini_T7,Buddhini,True
1180,Harshika,5,Harshika_T5,Harshika,True
1180,Muthuni,2,Muthuni_T2,Muthuni,True
1180,Nadeera,3,Nadeera_T3,Nadeera,True
1180,Thenuri,4,Thenuri_T4,Thenuri,True
1181,Buddhini,7,Buddhini_T7,Buddhini,True
1181,Harshika,5,Harshika_T5,Harshika,True
1181,Muthuni,2,Muthuni_T2,Muthuni,True
1181,Nadeera,4,Nadeera_T4,Nadeera,True
1181,Thenuri,1,Thenuri_T1,Thenuri,True
1182,Buddhini,7,Buddhini_T7,Buddhini,True
1182,Harshika,5,Harshika_T5,Harshika,True
1182,Muthuni,2,Muthuni_T2,Muthuni,True
1182,Nadeera,4,Nadeera_T4,Nadeera,True
1182,Thenuri,2,Thenuri_T2,Thenuri,True
1183,Buddhini,7,Buddhini_T7,Nadeera,False
1183,Harshika,5,Harshika_T5,Harshika,True
1183,Muthuni,2,Muthuni_T2,Muthuni,True
1183,Nadeera,4,Nadeera_T4,Nadeera,True
1183,Thenuri,3,Thenuri_T3,Thenuri,True
1184,Buddhini,7,Buddhini_T7,Buddhini,True
1184,Harshika,5,Harshika_T5,Harshika,True
1184,Muthuni,2,Muthuni_T2,Muthuni,True
1184,Nadeera,4,Nadeera_T4,Nadeera,True
1184,Thenuri,4,Thenuri_T4,Thenuri,True
1185,Buddhini,7,Buddhini_T7,Buddhini,True
1185,Harshika,5,Harshika_T5,Harshika,True
1185,Muthuni,3,Muthuni_T3,Muthuni,True
1185,Nadeera,1,Nadeera_T1,Nadeera,True
1185,Thenuri,1,Thenuri_T1,Thenuri,True
1186,Buddhini,7,Buddhini_T7,Buddhini,True
1186,Harshika,5,Harshika_T5,Harshika,True
1186,Muthuni,3,Muthuni_T3,Muthuni,True
1186,Nadeera,1,Nadeera_T1,Nadeera,True
1186,Thenuri,2,Thenuri_T2,Thenuri,True
1187,Buddhini,7,Buddhini_T7,Nadeera,False
1187,Harshika,5,Harshika_T5,Harshika,True
1187,Muthuni,3,Muthuni_T3,Muthuni,True
1187,Nadeera,1,Nadeera_T1,Nadeera,True
1187,Thenuri,3,Thenuri_T3,Thenuri,True
1188,Buddhini,7,Buddhini_T7,Buddhini,True
1188,Harshika,5,Harshika_T5,Harshika,True
1188,Muthuni,3,Muthuni_T3,Muthuni,True
1188,Nadeera,1,Nadeera_T1,Nadeera,True
1188,Thenuri,4,Thenuri_T4,Thenuri,True
1189,Buddhini,7,Buddhini_T7,Buddhini,True
1189,Harshika,5,Harshika_T5,Harshika,True
1189,Muthuni,3,Muthuni_T3,Muthuni,True
1189,Nadeera,2,Nadeera_T2,Nadeera,True
1189,Thenuri,1,Thenuri_T1,Thenuri,True
1190,Buddhini,7,Buddhini_T7,Buddhini,True
1190,Harshika,5,Harshika_T5,Harshika,True
1190,Muthuni,3,Muthuni_T3,Muthuni,True
1190,Nadeera,2,Nadeera_T2,Nadeera,True
1190,Thenuri,2,Thenuri_T2,Thenuri,True
1191,Buddhini,7,Buddhini_T7,Buddhini,True
1191,Harshika,5,Harshika_T5,Harshika,True
1191,Muthuni,3,Muthuni_T3,Muthuni,True
1191,Nadeera,2,Nadeera_T2,Nadeera,True
1191,Thenuri,3,Thenuri_T3,Thenuri,True
1192,Buddhini,7,Buddhini_T7,Buddhini,True
1192,Harshika,5,Harshika_T5,Harshika,True
1192,Muthuni,3,Muthuni_T3,Muthuni,True
1192,Nadeera,2,Nadeera_T2,Nadeera,True
1192,Thenuri,4,Thenuri_T4,Thenuri,True
1193,Buddhini,7,Buddhini_T7,Buddhini,True
1193,Harshika,5,Harshika_T5,Harshika,True
1193,Muthuni,3,Muthuni_T3,Muthuni,True
1193,Nadeera,3,Nadeera_T3,Nadeera,True
1193,Thenuri,1,Thenuri_T1,Thenuri,True
1194,Buddhini,7,Buddhini_T7,Buddhini,True
1194,Harshika,5,Harshika_T5,Harshika,True
1194,Muthuni,3,Muthuni_T3,Muthuni,True
1194,Nadeera,3,Nadeera_T3,Nadeera,True
1194,Thenuri,2,Thenuri_T2,Thenuri,True
1195,Buddhini,7,Buddhini_T7,Buddhini,True
1195,Harshika,5,Harshika_T5,Harshika,True
1195,Muthuni,3,Muthuni_T3,Muthuni,True
1195,Nadeera,3,Nadeera_T3,Nadeera,True
1195,Thenuri,3,Thenuri_T3,Thenuri,True
1196,Buddhini,7,Buddhini_T7,Buddhini,True
1196,Harshika,5,Harshika_T5,Harshika,True
1196,Muthuni,3,Muthuni_T3,Muthuni,True
1196,Nadeera,3,Nadeera_T3,Nadeera,True
1196,Thenuri,4,Thenuri_T4,Thenuri,True
1197,Buddhini,7,Buddhini_T7,Buddhini,True
1197,Harshika,5,Harshika_T5,Harshika,True
1197,Muthuni,3,Muthuni_T3,Muthuni,True
1197,Nadeera,4,Nadeera_T4,Nadeera,True
1197,Thenuri,1,Thenuri_T1,Thenuri,True
1198,Buddhini,7,Buddhini_T7,Buddhini,True
1198,Harshika,5,Harshika_T5,Harshika,True
1198,Muthuni,3,Muthuni_T3,Muthuni,True
1198,Nadeera,4,Nadeera_T4,Nadeera,True
1198,Thenuri,2,Thenuri_T2,Thenuri,True
1199,Buddhini,7,Buddhini_T7,Nadeera,False
1199,Harshika,5,Harshika_T5,Harshika,True
1199,Muthuni,3,Muthuni_T3,Muthuni,True
1199,Nadeera,4,Nadeera_T4,Nadeera,True
1199,Thenuri,3,Thenuri_T3,Thenuri,True
1200,Buddhini,7,Buddhini_T7,Buddhini,True
1200,Harshika,5,Harshika_T5,Harshika,True
1200,Muthuni,3,Muthuni_T3,Muthuni,True
1200,Nadeera,4,Nadeera_T4,Nadeera,True
1200,Thenuri,4,Thenuri_T4,Thenuri,True
1201,Buddhini,9,Buddhini_T9,Buddhini,True
1201,Harshika,1,Harshika_T1,Harshika,True
1201,Muthuni,1,Muthuni_T1,Muthuni,True
1201,Nadeera,1,Nadeera_T1,Nadeera,True
1201,Thenuri,1,Thenuri_T1,Thenuri,True
1202,Buddhini,9,Buddhini_T9,Buddhini,True
1202,Harshika,1,Harshika_T1,Harshika,True
1202,Muthuni,1,Muthuni_T1,Muthuni,True
1202,Nadeera,1,Nadeera_T1,Nadeera,True
1202,Thenuri,2,Thenuri_T2,Thenuri,True
1203,Buddhini,9,Buddhini_T9,Buddhini,True
1203,Harshika,1,Harshika_T1,Harshika,True
1203,Muthuni,1,Muthuni_T1,Muthuni,True
1203,Nadeera,1,Nadeera_T1,Nadeera,True
1203,Thenuri,3,Thenuri_T3,Thenuri,True
1204,Buddhini,9,Buddhini_T9,Buddhini,True
1204,Harshika,1,Harshika_T1,Harshika,True
1204,Muthuni,1,Muthuni_T1,Muthuni,True
1204,Nadeera,1,Nadeera_T1,Nadeera,True
1204,Thenuri,4,Thenuri_T4,Thenuri,True
1205,Buddhini,9,Buddhini_T9,Buddhini,True
1205,Harshika,1,Harshika_T1,Harshika,True
1205,Muthuni,1,Muthuni_T1,Muthuni,True
1205,Nadeera,2,Nadeera_T2,Nadeera,True
1205,Thenuri,1,Thenuri_T1,Thenuri,True
1206,Buddhini,9,Buddhini_T9,Buddhini,True
1206,Harshika,1,Harshika_T1,Harshika,True
1206,Muthuni,1,Muthuni_T1,Muthuni,True
1206,Nadeera,2,Nadeera_T2,Nadeera,True
1206,Thenuri,2,Thenuri_T2,Thenuri,True
1207,Buddhini,9,Buddhini_T9,Buddhini,True
1207,Harshika,1,Harshika_T1,Harshika,True
1207,Muthuni,1,Muthuni_T1,Muthuni,True
1207,Nadeera,2,Nadeera_T2,Nadeera,True
1207,Thenuri,3,Thenuri_T3,Thenuri,True
1208,Buddhini,9,Buddhini_T9,Buddhini,True
1208,Harshika,1,Harshika_T1,Harshika,True
1208,Muthuni,1,Muthuni_T1,Muthuni,True
1208,Nadeera,2,Nadeera_T2,Nadeera,True
1208,Thenuri,4,Thenuri_T4,Thenuri,True
1209,Buddhini,9,Buddhini_T9,Buddhini,True
1209,Harshika,1,Harshika_T1,Harshika,True
1209,Muthuni,1,Muthuni_T1,Muthuni,True
1209,Nadeera,3,Nadeera_T3,Nadeera,True
1209,Thenuri,1,Thenuri_T1,Thenuri,True
1210,Buddhini,9,Buddhini_T9,Buddhini,True
1210,Harshika,1,Harshika_T1,Harshika,True
1210,Muthuni,1,Muthuni_T1,Muthuni,True
1210,Nadeera,3,Nadeera_T3,Nadeera,True
1210,Thenuri,2,Thenuri_T2,Thenuri,True
1211,Buddhini,9,Buddhini_T9,Buddhini,True
1211,Harshika,1,Harshika_T1,Harshika,True
1211,Muthuni,1,Muthuni_T1,Muthuni,True
1211,Nadeera,3,Nadeera_T3,Nadeera,True
1211,Thenuri,3,Thenuri_T3,Thenuri,True
1212,Buddhini,9,Buddhini_T9,Buddhini,True
1212,Harshika,1,Harshika_T1,Harshika,True
1212,Muthuni,1,Muthuni_T1,Muthuni,True
1212,Nadeera,3,Nadeera_T3,Nadeera,True
1212,Thenuri,4,Thenuri_T4,Thenuri,True
1213,Buddhini,9,Buddhini_T9,Buddhini,True
1213,Harshika,1,Harshika_T1,Harshika,True
1213,Muthuni,1,Muthuni_T1,Muthuni,True
1213,Nadeera,4,Nadeera_T4,Nadeera,True
1213,Thenuri,1,Thenuri_T1,Thenuri,True
1214,Buddhini,9,Buddhini_T9,Buddhini,True
1214,Harshika,1,Harshika_T1,Harshika,True
1214,Muthuni,1,Muthuni_T1,Muthuni,True
1214,Nadeera,4,Nadeera_T4,Nadeera,True
1214,Thenuri,2,Thenuri_T2,Thenuri,True
1215,Buddhini,9,Buddhini_T9,Buddhini,True
1215,Harshika,1,Harshika_T1,Harshika,True
1215,Muthuni,1,Muthuni_T1,Muthuni,True
1215,Nadeera,4,Nadeera_T4,Nadeera,True
1215,Thenuri,3,Thenuri_T3,Thenuri,True
1216,Buddhini,9,Buddhini_T9,Buddhini,True
1216,Harshika,1,Harshika_T1,Harshika,True
1216,Muthuni,1,Muthuni_T1,Muthuni,True
1216,Nadeera,4,Nadeera_T4,Nadeera,True
1216,Thenuri,4,Thenuri_T4,Thenuri,True
1217,Buddhini,9,Buddhini_T9,Buddhini,True
1217,Harshika,1,Harshika_T1,Harshika,True
1217,Muthuni,2,Muthuni_T2,Muthuni,True
1217,Nadeera,1,Nadeera_T1,Nadeera,True
1217,Thenuri,1,Thenuri_T1,Thenuri,True
1218,Buddhini,9,Buddhini_T9,Buddhini,True
1218,Harshika,1,Harshika_T1,Harshika,True
1218,Muthuni,2,Muthuni_T2,Muthuni,True
1218,Nadeera,1,Nadeera_T1,Nadeera,True
1218,Thenuri,2,Thenuri_T2,Thenuri,True
1219,Buddhini,9,Buddhini_T9,Buddhini,True
1219,Harshika,1,Harshika_T1,Harshika,True
1219,Muthuni,2,Muthuni_T2,Muthuni,True
1219,Nadeera,1,Nadeera_T1,Nadeera,True
1219,Thenuri,3,Thenuri_T3,Thenuri,True
1220,Buddhini,9,Buddhini_T9,Buddhini,True
1220,Harshika,1,Harshika_T1,Harshika,True
1220,Muthuni,2,Muthuni_T2,Muthuni,True
1220,Nadeera,1,Nadeera_T1,Nadeera,True
1220,Thenuri,4,Thenuri_T4,Thenuri,True
1221,Buddhini,9,Buddhini_T9,Buddhini,True
1221,Harshika,1,Harshika_T1,Harshika,True
1221,Muthuni,2,Muthuni_T2,Muthuni,True
1221,Nadeera,2,Nadeera_T2,Nadeera,True
1221,Thenuri,1,Thenuri_T1,Thenuri,True
1222,Buddhini,9,Buddhini_T9,Buddhini,True
1222,Harshika,1,Harshika_T1,Harshika,True
1222,Muthuni,2,Muthuni_T2,Muthuni,True
1222,Nadeera,2,Nadeera_T2,Nadeera,True
1222,Thenuri,2,Thenuri_T2,Thenuri,True
1223,Buddhini,9,Buddhini_T9,Buddhini,True
1223,Harshika,1,Harshika_T1,Harshika,True
1223,Muthuni,2,Muthuni_T2,Muthuni,True
1223,Nadeera,2,Nadeera_T2,Nadeera,True
1223,Thenuri,3,Thenuri_T3,Thenuri,True
1224,Buddhini,9,Buddhini_T9,Buddhini,True
1224,Harshika,1,Harshika_T1,Harshika,True
1224,Muthuni,2,Muthuni_T2,Muthuni,True
1224,Nadeera,2,Nadeera_T2,Nadeera,True
1224,Thenuri,4,Thenuri_T4,Thenuri,True
1225,Buddhini,9,Buddhini_T9,Buddhini,True
1225,Harshika,1,Harshika_T1,Harshika,True
1225,Muthuni,2,Muthuni_T2,Muthuni,True
1225,Nadeera,3,Nadeera_T3,Nadeera,True
1225,Thenuri,1,Thenuri_T1,Thenuri,True
1226,Buddhini,9,Buddhini_T9,Buddhini,True
1226,Harshika,1,Harshika_T1,Harshika,True
1226,Muthuni,2,Muthuni_T2,Muthuni,True
1226,Nadeera,3,Nadeera_T3,Nadeera,True
1226,Thenuri,2,Thenuri_T2,Thenuri,True
1227,Buddhini,9,Buddhini_T9,Buddhini,True
1227,Harshika,1,Harshika_T1,Harshika,True
1227,Muthuni,2,Muthuni_T2,Muthuni,True
1227,Nadeera,3,Nadeera_T3,Nadeera,True
1227,Thenuri,3,Thenuri_T3,Thenuri,True
1228,Buddhini,9,Buddhini_T9,Buddhini,True
1228,Harshika,1,Harshika_T1,Harshika,True
1228,Muthuni,2,Muthuni_T2,Muthuni,True
1228,Nadeera,3,Nadeera_T3,Nadeera,True
1228,Thenuri,4,Thenuri_T4,Thenuri,True
1229,Buddhini,9,Buddhini_T9,Buddhini,True
1229,Harshika,1,Harshika_T1,Harshika,True
1229,Muthuni,2,Muthuni_T2,Muthuni,True
1229,Nadeera,4,Nadeera_T4,Nadeera,True
1229,Thenuri,1,Thenuri_T1,Thenuri,True
1230,Buddhini,9,Buddhini_T9,Buddhini,True
1230,Harshika,1,Harshika_T1,Harshika,True
1230,Muthuni,2,Muthuni_T2,Muthuni,True
1230,Nadeera,4,Nadeera_T4,Nadeera,True
1230,Thenuri,2,Thenuri_T2,Thenuri,True
1231,Buddhini,9,Buddhini_T9,Buddhini,True
1231,Harshika,1,Harshika_T1,Harshika,True
1231,Muthuni,2,Muthuni_T2,Muthuni,True
1231,Nadeera,4,Nadeera_T4,Nadeera,True
1231,Thenuri,3,Thenuri_T3,Thenuri,True
1232,Buddhini,9,Buddhini_T9,Buddhini,True
1232,Harshika,1,Harshika_T1,Harshika,True
1232,Muthuni,2,Muthuni_T2,Muthuni,True
1232,Nadeera,4,Nadeera_T4,Nadeera,True
1232,Thenuri,4,Thenuri_T4,Thenuri,True
1233,Buddhini,9,Buddhini_T9,Buddhini,True
1233,Harshika,1,Harshika_T1,Harshika,True
1233,Muthuni,3,Muthuni_T3,Muthuni,True
1233,Nadeera,1,Nadeera_T1,Nadeera,True
1233,Thenuri,1,Thenuri_T1,Thenuri,True
1234,Buddhini,9,Buddhini_T9,Buddhini,True
1234,Harshika,1,Harshika_T1,Harshika,True
1234,Muthuni,3,Muthuni_T3,Muthuni,True
1234,Nadeera,1,Nadeera_T1,Nadeera,True
1234,Thenuri,2,Thenuri_T2,Thenuri,True
1235,Buddhini,9,Buddhini_T9,Buddhini,True
1235,Harshika,1,Harshika_T1,Harshika,True
1235,Muthuni,3,Muthuni_T3,Muthuni,True
1235,Nadeera,1,Nadeera_T1,Nadeera,True
1235,Thenuri,3,Thenuri_T3,Thenuri,True
1236,Buddhini,9,Buddhini_T9,Buddhini,True
1236,Harshika,1,Harshika_T1,Harshika,True
1236,Muthuni,3,Muthuni_T3,Muthuni,True
1236,Nadeera,1,Nadeera_T1,Nadeera,True
1236,Thenuri,4,Thenuri_T4,Thenuri,True
1237,Buddhini,9,Buddhini_T9,Buddhini,True
1237,Harshika,1,Harshika_T1,Harshika,True
1237,Muthuni,3,Muthuni_T3,Muthuni,True
1237,Nadeera,2,Nadeera_T2,Nadeera,True
1237,Thenuri,1,Thenuri_T1,Thenuri,True
1238,Buddhini,9,Buddhini_T9,Buddhini,True
1238,Harshika,1,Harshika_T1,Harshika,True
1238,Muthuni,3,Muthuni_T3,Muthuni,True
1238,Nadeera,2,Nadeera_T2,Nadeera,True
1238,Thenuri,2,Thenuri_T2,Thenuri,True
1239,Buddhini,9,Buddhini_T9,Buddhini,True
1239,Harshika,1,Harshika_T1,Harshika,True
1239,Muthuni,3,Muthuni_T3,Muthuni,True
1239,Nadeera,2,Nadeera_T2,Nadeera,True
1239,Thenuri,3,Thenuri_T3,Thenuri,True
1240,Buddhini,9,Buddhini_T9,Buddhini,True
1240,Harshika,1,Harshika_T1,Harshika,True
1240,Muthuni,3,Muthuni_T3,Muthuni,True
1240,Nadeera,2,Nadeera_T2,Nadeera,True
1240,Thenuri,4,Thenuri_T4,Thenuri,True
1241,Buddhini,9,Buddhini_T9,Buddhini,True
1241,Harshika,1,Harshika_T1,Harshika,True
1241,Muthuni,3,Muthuni_T3,Muthuni,True
1241,Nadeera,3,Nadeera_T3,Nadeera,True
1241,Thenuri,1,Thenuri_T1,Thenuri,True
1242,Buddhini,9,Buddhini_T9,Buddhini,True
1242,Harshika,1,Harshika_T1,Harshika,True
1242,Muthuni,3,Muthuni_T3,Muthuni,True
1242,Nadeera,3,Nadeera_T3,Nadeera,True
1242,Thenuri,2,Thenuri_T2,Thenuri,True
1243,Buddhini,9,Buddhini_T9,Buddhini,True
1243,Harshika,1,Harshika_T1,Harshika,True
1243,Muthuni,3,Muthuni_T3,Muthuni,True
1243,Nadeera,3,Nadeera_T3,Nadeera,True
1243,Thenuri,3,Thenuri_T3,Thenuri,True
1244,Buddhini,9,Buddhini_T9,Buddhini,True
1244,Harshika,1,Harshika_T1,Harshika,True
1244,Muthuni,3,Muthuni_T3,Muthuni,True
1244,Nadeera,3,Nadeera_T3,Nadeera,True
1244,Thenuri,4,Thenuri_T4,Thenuri,True
1245,Buddhini,9,Buddhini_T9,Buddhini,True
1245,Harshika,1,Harshika_T1,Harshika,True
1245,Muthuni,3,Muthuni_T3,Muthuni,True
1245,Nadeera,4,Nadeera_T4,Nadeera,True
1245,Thenuri,1,Thenuri_T1,Thenuri,True
1246,Buddhini,9,Buddhini_T9,Buddhini,True
1246,Harshika,1,Harshika_T1,Harshika,True
1246,Muthuni,3,Muthuni_T3,Muthuni,True
1246,Nadeera,4,Nadeera_T4,Nadeera,True
1246,Thenuri,2,Thenuri_T2,Thenuri,True
1247,Buddhini,9,Buddhini_T9,Buddhini,True
1247,Harshika,1,Harshika_T1,Harshika,True
1247,Muthuni,3,Muthuni_T3,Muthuni,True
1247,Nadeera,4,Nadeera_T4,Nadeera,True
1247,Thenuri,3,Thenuri_T3,Thenuri,True
1248,Buddhini,9,Buddhini_T9,Buddhini,True
1248,Harshika,1,Harshika_T1,Harshika,True
1248,Muthuni,3,Muthuni_T3,Muthuni,True
1248,Nadeera,4,Nadeera_T4,Nadeera,True
1248,Thenuri,4,Thenuri_T4,Thenuri,True
1249,Buddhini,9,Buddhini_T9,Buddhini,True
1249,Harshika,2,Harshika_T2,Harshika,True
1249,Muthuni,1,Muthuni_T1,Muthuni,True
1249,Nadeera,1,Nadeera_T1,Nadeera,True
1249,Thenuri,1,Thenuri_T1,Thenuri,True
1250,Buddhini,9,Buddhini_T9,Buddhini,True
1250,Harshika,2,Harshika_T2,Harshika,True
1250,Muthuni,1,Muthuni_T1,Muthuni,True
1250,Nadeera,1,Nadeera_T1,Nadeera,True
1250,Thenuri,2,Thenuri_T2,Thenuri,True
1251,Buddhini,9,Buddhini_T9,Buddhini,True
1251,Harshika,2,Harshika_T2,Harshika,True
1251,Muthuni,1,Muthuni_T1,Muthuni,True
1251,Nadeera,1,Nadeera_T1,Nadeera,True
1251,Thenuri,3,Thenuri_T3,Thenuri,True
1252,Buddhini,9,Buddhini_T9,Buddhini,True
1252,Harshika,2,Harshika_T2,Harshika,True
1252,Muthuni,1,Muthuni_T1,Muthuni,True
1252,Nadeera,1,Nadeera_T1,Nadeera,True
1252,Thenuri,4,Thenuri_T4,Thenuri,True
1253,Buddhini,9,Buddhini_T9,Buddhini,True
1253,Harshika,2,Harshika_T2,Harshika,True
1253,Muthuni,1,Muthuni_T1,Muthuni,True
1253,Nadeera,2,Nadeera_T2,Nadeera,True
1253,Thenuri,1,Thenuri_T1,Thenuri,True
1254,Buddhini,9,Buddhini_T9,Buddhini,True
1254,Harshika,2,Harshika_T2,Harshika,True
1254,Muthuni,1,Muthuni_T1,Muthuni,True
1254,Nadeera,2,Nadeera_T2,Nadeera,True
1254,Thenuri,2,Thenuri_T2,Thenuri,True
1255,Buddhini,9,Buddhini_T9,Buddhini,True
1255,Harshika,2,Harshika_T2,Harshika,True
1255,Muthuni,1,Muthuni_T1,Muthuni,True
1255,Nadeera,2,Nadeera_T2,Nadeera,True
1255,Thenuri,3,Thenuri_T3,Thenuri,True
1256,Buddhini,9,Buddhini_T9,Buddhini,True
1256,Harshika,2,Harshika_T2,Harshika,True
1256,Muthuni,1,Muthuni_T1,Muthuni,True
1256,Nadeera,2,Nadeera_T2,Nadeera,True
1256,Thenuri,4,Thenuri_T4,Thenuri,True
1257,Buddhini,9,Buddhini_T9,Buddhini,True
1257,Harshika,2,Harshika_T2,Harshika,True
1257,Muthuni,1,Muthuni_T1,Muthuni,True
1257,Nadeera,3,Nadeera_T3,Nadeera,True
1257,Thenuri,1,Thenuri_T1,Thenuri,True
1258,Buddhini,9,Buddhini_T9,Buddhini,True
1258,Harshika,2,Harshika_T2,Harshika,True
1258,Muthuni,1,Muthuni_T1,Muthuni,True
1258,Nadeera,3,Nadeera_T3,Nadeera,True
1258,Thenuri,2,Thenuri_T2,Thenuri,True
1259,Buddhini,9,Buddhini_T9,Buddhini,True
1259,Harshika,2,Harshika_T2,Harshika,True
1259,Muthuni,1,Muthuni_T1,Muthuni,True
1259,Nadeera,3,Nadeera_T3,Nadeera,True
1259,Thenuri,3,Thenuri_T3,Thenuri,True
1260,Buddhini,9,Buddhini_T9,Buddhini,True
1260,Harshika,2,Harshika_T2,Harshika,True
1260,Muthuni,1,Muthuni_T1,Muthuni,True
1260,Nadeera,3,Nadeera_T3,Nadeera,True
1260,Thenuri,4,Thenuri_T4,Thenuri,True
1261,Buddhini,9,Buddhini_T9,Buddhini,True
1261,Harshika,2,Harshika_T2,Harshika,True
1261,Muthuni,1,Muthuni_T1,Muthuni,True
1261,Nadeera,4,Nadeera_T4,Nadeera,True
1261,Thenuri,1,Thenuri_T1,Thenuri,True
1262,Buddhini,9,Buddhini_T9,Buddhini,True
1262,Harshika,2,Harshika_T2,Harshika,True
1262,Muthuni,1,Muthuni_T1,Muthuni,True
1262,Nadeera,4,Nadeera_T4,Nadeera,True
1262,Thenuri,2,Thenuri_T2,Thenuri,True
1263,Buddhini,9,Buddhini_T9,Buddhini,True
1263,Harshika,2,Harshika_T2,Harshika,True
1263,Muthuni,1,Muthuni_T1,Muthuni,True
1263,Nadeera,4,Nadeera_T4,Nadeera,True
1263,Thenuri,3,Thenuri_T3,Thenuri,True
1264,Buddhini,9,Buddhini_T9,Buddhini,True
1264,Harshika,2,Harshika_T2,Harshika,True
1264,Muthuni,1,Muthuni_T1,Muthuni,True
1264,Nadeera,4,Nadeera_T4,Nadeera,True
1264,Thenuri,4,Thenuri_T4,Thenuri,True
1265,Buddhini,9,Buddhini_T9,Buddhini,True
1265,Harshika,2,Harshika_T2,Harshika,True
1265,Muthuni,2,Muthuni_T2,Muthuni,True
1265,Nadeera,1,Nadeera_T1,Nadeera,True
1265,Thenuri,1,Thenuri_T1,Thenuri,True
1266,Buddhini,9,Buddhini_T9,Buddhini,True
1266,Harshika,2,Harshika_T2,Harshika,True
1266,Muthuni,2,Muthuni_T2,Muthuni,True
1266,Nadeera,1,Nadeera_T1,Nadeera,True
1266,Thenuri,2,Thenuri_T2,Thenuri,True
1267,Buddhini,9,Buddhini_T9,Buddhini,True
1267,Harshika,2,Harshika_T2,Harshika,True
1267,Muthuni,2,Muthuni_T2,Muthuni,True
1267,Nadeera,1,Nadeera_T1,Nadeera,True
1267,Thenuri,3,Thenuri_T3,Thenuri,True
1268,Buddhini,9,Buddhini_T9,Buddhini,True
1268,Harshika,2,Harshika_T2,Harshika,True
1268,Muthuni,2,Muthuni_T2,Muthuni,True
1268,Nadeera,1,Nadeera_T1,Nadeera,True
1268,Thenuri,4,Thenuri_T4,Thenuri,True
1269,Buddhini,9,Buddhini_T9,Buddhini,True
1269,Harshika,2,Harshika_T2,Harshika,True
1269,Muthuni,2,Muthuni_T2,Muthuni,True
1269,Nadeera,2,Nadeera_T2,Nadeera,True
1269,Thenuri,1,Thenuri_T1,Thenuri,True
1270,Buddhini,9,Buddhini_T9,Buddhini,True
1270,Harshika,2,Harshika_T2,Harshika,True
1270,Muthuni,2,Muthuni_T2,Muthuni,True
1270,Nadeera,2,Nadeera_T2,Nadeera,True
1270,Thenuri,2,Thenuri_T2,Thenuri,True
1271,Buddhini,9,Buddhini_T9,Buddhini,True
1271,Harshika,2,Harshika_T2,Harshika,True
1271,Muthuni,2,Muthuni_T2,Muthuni,True
1271,Nadeera,2,Nadeera_T2,Nadeera,True
1271,Thenuri,3,Thenuri_T3,Thenuri,True
1272,Buddhini,9,Buddhini_T9,Buddhini,True
1272,Harshika,2,Harshika_T2,Harshika,True
1272,Muthuni,2,Muthuni_T2,Muthuni,True
1272,Nadeera,2,Nadeera_T2,Nadeera,True
1272,Thenuri,4,Thenuri_T4,Thenuri,True
1273,Buddhini,9,Buddhini_T9,Buddhini,True
1273,Harshika,2,Harshika_T2,Harshika,True
1273,Muthuni,2,Muthuni_T2,Muthuni,True
1273,Nadeera,3,Nadeera_T3,Nadeera,True
1273,Thenuri,1,Thenuri_T1,Thenuri,True
1274,Buddhini,9,Buddhini_T9,Buddhini,True
1274,Harshika,2,Harshika_T2,Harshika,True
1274,Muthuni,2,Muthuni_T2,Muthuni,True
1274,Nadeera,3,Nadeera_T3,Nadeera,True
1274,Thenuri,2,Thenuri_T2,Thenuri,True
1275,Buddhini,9,Buddhini_T9,Buddhini,True
1275,Harshika,2,Harshika_T2,Harshika,True
1275,Muthuni,2,Muthuni_T2,Muthuni,True
1275,Nadeera,3,Nadeera_T3,Nadeera,True
1275,Thenuri,3,Thenuri_T3,Thenuri,True
1276,Buddhini,9,Buddhini_T9,Buddhini,True
1276,Harshika,2,Harshika_T2,Harshika,True
1276,Muthuni,2,Muthuni_T2,Muthuni,True
1276,Nadeera,3,Nadeera_T3,Nadeera,True
1276,Thenuri,4,Thenuri_T4,Thenuri,True
1277,Buddhini,9,Buddhini_T9,Buddhini,True
1277,Harshika,2,Harshika_T2,Harshika,True
1277,Muthuni,2,Muthuni_T2,Muthuni,True
1277,Nadeera,4,Nadeera_T4,Nadeera,True
1277,Thenuri,1,Thenuri_T1,Thenuri,True
1278,Buddhini,9,Buddhini_T9,Buddhini,True
1278,Harshika,2,Harshika_T2,Harshika,True
1278,Muthuni,2,Muthuni_T2,Muthuni,True
1278,Nadeera,4,Nadeera_T4,Nadeera,True
1278,Thenuri,2,Thenuri_T2,Thenuri,True
1279,Buddhini,9,Buddhini_T9,Buddhini,True
1279,Harshika,2,Harshika_T2,Harshika,True
1279,Muthuni,2,Muthuni_T2,Muthuni,True
1279,Nadeera,4,Nadeera_T4,Nadeera,True
1279,Thenuri,3,Thenuri_T3,Thenuri,True
1280,Buddhini,9,Buddhini_T9,Buddhini,True
1280,Harshika,2,Harshika_T2,Harshika,True
1280,Muthuni,2,Muthuni_T2,Muthuni,True
1280,Nadeera,4,Nadeera_T4,Nadeera,True
1280,Thenuri,4,Thenuri_T4,Thenuri,True
1281,Buddhini,9,Buddhini_T9,Buddhini,True
1281,Harshika,2,Harshika_T2,Harshika,True
1281,Muthuni,3,Muthuni_T3,Muthuni,True
1281,Nadeera,1,Nadeera_T1,Nadeera,True
1281,Thenuri,1,Thenuri_T1,Thenuri,True
1282,Buddhini,9,Buddhini_T9,Buddhini,True
1282,Harshika,2,Harshika_T2,Harshika,True
1282,Muthuni,3,Muthuni_T3,Muthuni,True
1282,Nadeera,1,Nadeera_T1,Nadeera,True
1282,Thenuri,2,Thenuri_T2,Thenuri,True
1283,Buddhini,9,Buddhini_T9,Buddhini,True
1283,Harshika,2,Harshika_T2,Harshika,True
1283,Muthuni,3,Muthuni_T3,Muthuni,True
1283,Nadeera,1,Nadeera_T1,Nadeera,True
1283,Thenuri,3,Thenuri_T3,Thenuri,True
1284,Buddhini,9,Buddhini_T9,Buddhini,True
1284,Harshika,2,Harshika_T2,Harshika,True
1284,Muthuni,3,Muthuni_T3,Muthuni,True
1284,Nadeera,1,Nadeera_T1,Nadeera,True
1284,Thenuri,4,Thenuri_T4,Thenuri,True
1285,Buddhini,9,Buddhini_T9,Buddhini,True
1285,Harshika,2,Harshika_T2,Harshika,True
1285,Muthuni,3,Muthuni_T3,Muthuni,True
1285,Nadeera,2,Nadeera_T2,Nadeera,True
1285,Thenuri,1,Thenuri_T1,Thenuri,True
1286,Buddhini,9,Buddhini_T9,Buddhini,True
1286,Harshika,2,Harshika_T2,Harshika,True
1286,Muthuni,3,Muthuni_T3,Muthuni,True
1286,Nadeera,2,Nadeera_T2,Nadeera,True
1286,Thenuri,2,Thenuri_T2,Thenuri,True
1287,Buddhini,9,Buddhini_T9,Buddhini,True
1287,Harshika,2,Harshika_T2,Harshika,True
1287,Muthuni,3,Muthuni_T3,Muthuni,True
1287,Nadeera,2,Nadeera_T2,Nadeera,True
1287,Thenuri,3,Thenuri_T3,Thenuri,True
1288,Buddhini,9,Buddhini_T9,Buddhini,True
1288,Harshika,2,Harshika_T2,Harshika,True
1288,Muthuni,3,Muthuni_T3,Muthuni,True
1288,Nadeera,2,Nadeera_T2,Nadeera,True
1288,Thenuri,4,Thenuri_T4,Thenuri,True
1289,Buddhini,9,Buddhini_T9,Buddhini,True
1289,Harshika,2,Harshika_T2,Harshika,True
1289,Muthuni,3,Muthuni_T3,Muthuni,True
1289,Nadeera,3,Nadeera_T3,Nadeera,True
1289,Thenuri,1,Thenuri_T1,Thenuri,True
1290,Buddhini,9,Buddhini_T9,Buddhini,True
1290,Harshika,2,Harshika_T2,Harshika,True
1290,Muthuni,3,Muthuni_T3,Muthuni,True
1290,Nadeera,3,Nadeera_T3,Nadeera,True
1290,Thenuri,2,Thenuri_T2,Thenuri,True
1291,Buddhini,9,Buddhini_T9,Buddhini,True
1291,Harshika,2,Harshika_T2,Harshika,True
1291,Muthuni,3,Muthuni_T3,Muthuni,True
1291,Nadeera,3,Nadeera_T3,Nadeera,True
1291,Thenuri,3,Thenuri_T3,Thenuri,True
1292,Buddhini,9,Buddhini_T9,Buddhini,True
1292,Harshika,2,Harshika_T2,Harshika,True
1292,Muthuni,3,Muthuni_T3,Muthuni,True
1292,Nadeera,3,Nadeera_T3,Nadeera,True
1292,Thenuri,4,Thenuri_T4,Thenuri,True
1293,Buddhini,9,Buddhini_T9,Buddhini,True
1293,Harshika,2,Harshika_T2,Harshika,True
1293,Muthuni,3,Muthuni_T3,Muthuni,True
1293,Nadeera,4,Nadeera_T4,Nadeera,True
1293,Thenuri,1,Thenuri_T1,Thenuri,True
1294,Buddhini,9,Buddhini_T9,Buddhini,True
1294,Harshika,2,Harshika_T2,Harshika,True
1294,Muthuni,3,Muthuni_T3,Muthuni,True
1294,Nadeera,4,Nadeera_T4,Nadeera,True
1294,Thenuri,2,Thenuri_T2,Thenuri,True
1295,Buddhini,9,Buddhini_T9,Buddhini,True
1295,Harshika,2,Harshika_T2,Harshika,True
1295,Muthuni,3,Muthuni_T3,Muthuni,True
1295,Nadeera,4,Nadeera_T4,Nadeera,True
1295,Thenuri,3,Thenuri_T3,Thenuri,True
1296,Buddhini,9,Buddhini_T9,Buddhini,True
1296,Harshika,2,Harshika_T2,Harshika,True
1296,Muthuni,3,Muthuni_T3,Muthuni,True
1296,Nadeera,4,Nadeera_T4,Nadeera,True
1296,Thenuri,4,Thenuri_T4,Thenuri,True
1297,Buddhini,9,Buddhini_T9,Buddhini,True
1297,Harshika,3,Harshika_T3,Harshika,True
1297,Muthuni,1,Muthuni_T1,Muthuni,True
1297,Nadeera,1,Nadeera_T1,Nadeera,True
1297,Thenuri,1,Thenuri_T1,Thenuri,True
1298,Buddhini,9,Buddhini_T9,Buddhini,True
1298,Harshika,3,Harshika_T3,Harshika,True
1298,Muthuni,1,Muthuni_T1,Muthuni,True
1298,Nadeera,1,Nadeera_T1,Nadeera,True
1298,Thenuri,2,Thenuri_T2,Thenuri,True
1299,Buddhini,9,Buddhini_T9,Buddhini,True
1299,Harshika,3,Harshika_T3,Harshika,True
1299,Muthuni,1,Muthuni_T1,Muthuni,True
1299,Nadeera,1,Nadeera_T1,Nadeera,True
1299,Thenuri,3,Thenuri_T3,Thenuri,True
1300,Buddhini,9,Buddhini_T9,Buddhini,True
1300,Harshika,3,Harshika_T3,Harshika,True
1300,Muthuni,1,Muthuni_T1,Muthuni,True
1300,Nadeera,1,Nadeera_T1,Nadeera,True
1300,Thenuri,4,Thenuri_T4,Thenuri,True
1301,Buddhini,9,Buddhini_T9,Buddhini,True
1301,Harshika,3,Harshika_T3,Harshika,True
1301,Muthuni,1,Muthuni_T1,Muthuni,True
1301,Nadeera,2,Nadeera_T2,Nadeera,True
1301,Thenuri,1,Thenuri_T1,Thenuri,True
1302,Buddhini,9,Buddhini_T9,Buddhini,True
1302,Harshika,3,Harshika_T3,Harshika,True
1302,Muthuni,1,Muthuni_T1,Muthuni,True
1302,Nadeera,2,Nadeera_T2,Nadeera,True
1302,Thenuri,2,Thenuri_T2,Thenuri,True
1303,Buddhini,9,Buddhini_T9,Buddhini,True
1303,Harshika,3,Harshika_T3,Harshika,True
1303,Muthuni,1,Muthuni_T1,Muthuni,True
1303,Nadeera,2,Nadeera_T2,Nadeera,True
1303,Thenuri,3,Thenuri_T3,Thenuri,True
1304,Buddhini,9,Buddhini_T9,Buddhini,True
1304,Harshika,3,Harshika_T3,Harshika,True
1304,Muthuni,1,Muthuni_T1,Muthuni,True
1304,Nadeera,2,Nadeera_T2,Nadeera,True
1304,Thenuri,4,Thenuri_T4,Thenuri,True
1305,Buddhini,9,Buddhini_T9,Buddhini,True
1305,Harshika,3,Harshika_T3,Harshika,True
1305,Muthuni,1,Muthuni_T1,Muthuni,True
1305,Nadeera,3,Nadeera_T3,Nadeera,True
1305,Thenuri,1,Thenuri_T1,Thenuri,True
1306,Buddhini,9,Buddhini_T9,Buddhini,True
1306,Harshika,3,Harshika_T3,Harshika,True
1306,Muthuni,1,Muthuni_T1,Muthuni,True
1306,Nadeera,3,Nadeera_T3,Nadeera,True
1306,Thenuri,2,Thenuri_T2,Thenuri,True
1307,Buddhini,9,Buddhini_T9,Buddhini,True
1307,Harshika,3,Harshika_T3,Harshika,True
1307,Muthuni,1,Muthuni_T1,Muthuni,True
1307,Nadeera,3,Nadeera_T3,Nadeera,True
1307,Thenuri,3,Thenuri_T3,Thenuri,True
1308,Buddhini,9,Buddhini_T9,Buddhini,True
1308,Harshika,3,Harshika_T3,Harshika,True
1308,Muthuni,1,Muthuni_T1,Muthuni,True
1308,Nadeera,3,Nadeera_T3,Nadeera,True
1308,Thenuri,4,Thenuri_T4,Thenuri,True
1309,Buddhini,9,Buddhini_T9,Buddhini,True
1309,Harshika,3,Harshika_T3,Harshika,True
1309,Muthuni,1,Muthuni_T1,Muthuni,True
1309,Nadeera,4,Nadeera_T4,Nadeera,True
1309,Thenuri,1,Thenuri_T1,Thenuri,True
1310,Buddhini,9,Buddhini_T9,Buddhini,True
1310,Harshika,3,Harshika_T3,Harshika,True
1310,Muthuni,1,Muthuni_T1,Muthuni,True
1310,Nadeera,4,Nadeera_T4,Nadeera,True
1310,Thenuri,2,Thenuri_T2,Thenuri,True
1311,Buddhini,9,Buddhini_T9,Buddhini,True
1311,Harshika,3,Harshika_T3,Harshika,True
1311,Muthuni,1,Muthuni_T1,Muthuni,True
1311,Nadeera,4,Nadeera_T4,Nadeera,True
1311,Thenuri,3,Thenuri_T3,Thenuri,True
1312,Buddhini,9,Buddhini_T9,Buddhini,True
1312,Harshika,3,Harshika_T3,Harshika,True
1312,Muthuni,1,Muthuni_T1,Muthuni,True
1312,Nadeera,4,Nadeera_T4,Nadeera,True
1312,Thenuri,4,Thenuri_T4,Thenuri,True
1313,Buddhini,9,Buddhini_T9,Buddhini,True
1313,Harshika,3,Harshika_T3,Harshika,True
1313,Muthuni,2,Muthuni_T2,Muthuni,True
1313,Nadeera,1,Nadeera_T1,Nadeera,True
1313,Thenuri,1,Thenuri_T1,Thenuri,True
1314,Buddhini,9,Buddhini_T9,Buddhini,True
1314,Harshika,3,Harshika_T3,Harshika,True
1314,Muthuni,2,Muthuni_T2,Muthuni,True
1314,Nadeera,1,Nadeera_T1,Nadeera,True
1314,Thenuri,2,Thenuri_T2,Thenuri,True
1315,Buddhini,9,Buddhini_T9,Buddhini,True
1315,Harshika,3,Harshika_T3,Harshika,True
1315,Muthuni,2,Muthuni_T2,Muthuni,True
1315,Nadeera,1,Nadeera_T1,Nadeera,True
1315,Thenuri,3,Thenuri_T3,Thenuri,True
1316,Buddhini,9,Buddhini_T9,Buddhini,True
1316,Harshika,3,Harshika_T3,Harshika,True
1316,Muthuni,2,Muthuni_T2,Muthuni,True
1316,Nadeera,1,Nadeera_T1,Nadeera,True
1316,Thenuri,4,Thenuri_T4,Thenuri,True
1317,Buddhini,9,Buddhini_T9,Buddhini,True
1317,Harshika,3,Harshika_T3,Harshika,True
1317,Muthuni,2,Muthuni_T2,Muthuni,True
1317,Nadeera,2,Nadeera_T2,Nadeera,True
1317,Thenuri,1,Thenuri_T1,Thenuri,True
1318,Buddhini,9,Buddhini_T9,Buddhini,True
1318,Harshika,3,Harshika_T3,Harshika,True
1318,Muthuni,2,Muthuni_T2,Muthuni,True
1318,Nadeera,2,Nadeera_T2,Nadeera,True
1318,Thenuri,2,Thenuri_T2,Thenuri,True
1319,Buddhini,9,Buddhini_T9,Buddhini,True
1319,Harshika,3,Harshika_T3,Harshika,True
1319,Muthuni,2,Muthuni_T2,Muthuni,True
1319,Nadeera,2,Nadeera_T2,Nadeera,True
1319,Thenuri,3,Thenuri_T3,Thenuri,True
1320,Buddhini,9,Buddhini_T9,Buddhini,True
1320,Harshika,3,Harshika_T3,Harshika,True
1320,Muthuni,2,Muthuni_T2,Muthuni,True
1320,Nadeera,2,Nadeera_T2,Nadeera,True
1320,Thenuri,4,Thenuri_T4,Thenuri,True
1321,Buddhini,9,Buddhini_T9,Buddhini,True
1321,Harshika,3,Harshika_T3,Harshika,True
1321,Muthuni,2,Muthuni_T2,Muthuni,True
1321,Nadeera,3,Nadeera_T3,Nadeera,True
1321,Thenuri,1,Thenuri_T1,Thenuri,True
1322,Buddhini,9,Buddhini_T9,Buddhini,True
1322,Harshika,3,Harshika_T3,Harshika,True
1322,Muthuni,2,Muthuni_T2,Muthuni,True
1322,Nadeera,3,Nadeera_T3,Nadeera,True
1322,Thenuri,2,Thenuri_T2,Thenuri,True
1323,Buddhini,9,Buddhini_T9,Buddhini,True
1323,Harshika,3,Harshika_T3,Harshika,True
1323,Muthuni,2,Muthuni_T2,Muthuni,True
1323,Nadeera,3,Nadeera_T3,Nadeera,True
1323,Thenuri,3,Thenuri_T3,Thenuri,True
1324,Buddhini,9,Buddhini_T9,Buddhini,True
1324,Harshika,3,Harshika_T3,Harshika,True
1324,Muthuni,2,Muthuni_T2,Muthuni,True
1324,Nadeera,3,Nadeera_T3,Nadeera,True
1324,Thenuri,4,Thenuri_T4,Thenuri,True
1325,Buddhini,9,Buddhini_T9,Buddhini,True
1325,Harshika,3,Harshika_T3,Harshika,True
1325,Muthuni,2,Muthuni_T2,Muthuni,True
1325,Nadeera,4,Nadeera_T4,Nadeera,True
1325,Thenuri,1,Thenuri_T1,Thenuri,True
1326,Buddhini,9,Buddhini_T9,Buddhini,True
1326,Harshika,3,Harshika_T3,Harshika,True
1326,Muthuni,2,Muthuni_T2,Muthuni,True
1326,Nadeera,4,Nadeera_T4,Nadeera,True
1326,Thenuri,2,Thenuri_T2,Thenuri,True
1327,Buddhini,9,Buddhini_T9,Buddhini,True
1327,Harshika,3,Harshika_T3,Harshika,True
1327,Muthuni,2,Muthuni_T2,Muthuni,True
1327,Nadeera,4,Nadeera_T4,Nadeera,True
1327,Thenuri,3,Thenuri_T3,Thenuri,True
1328,Buddhini,9,Buddhini_T9,Buddhini,True
1328,Harshika,3,Harshika_T3,Harshika,True
1328,Muthuni,2,Muthuni_T2,Muthuni,True
1328,Nadeera,4,Nadeera_T4,Nadeera,True
1328,Thenuri,4,Thenuri_T4,Thenuri,True
1329,Buddhini,9,Buddhini_T9,Buddhini,True
1329,Harshika,3,Harshika_T3,Harshika,True
1329,Muthuni,3,Muthuni_T3,Muthuni,True
1329,Nadeera,1,Nadeera_T1,Nadeera,True
1329,Thenuri,1,Thenuri_T1,Thenuri,True
1330,Buddhini,9,Buddhini_T9,Buddhini,True
1330,Harshika,3,Harshika_T3,Harshika,True
1330,Muthuni,3,Muthuni_T3,Muthuni,True
1330,Nadeera,1,Nadeera_T1,Nadeera,True
1330,Thenuri,2,Thenuri_T2,Thenuri,True
1331,Buddhini,9,Buddhini_T9,Buddhini,True
1331,Harshika,3,Harshika_T3,Harshika,True
1331,Muthuni,3,Muthuni_T3,Muthuni,True
1331,Nadeera,1,Nadeera_T1,Nadeera,True
1331,Thenuri,3,Thenuri_T3,Thenuri,True
1332,Buddhini,9,Buddhini_T9,Buddhini,True
1332,Harshika,3,Harshika_T3,Harshika,True
1332,Muthuni,3,Muthuni_T3,Muthuni,True
1332,Nadeera,1,Nadeera_T1,Nadeera,True
1332,Thenuri,4,Thenuri_T4,Thenuri,True
1333,Buddhini,9,Buddhini_T9,Buddhini,True
1333,Harshika,3,Harshika_T3,Harshika,True
1333,Muthuni,3,Muthuni_T3,Muthuni,True
1333,Nadeera,2,Nadeera_T2,Nadeera,True
1333,Thenuri,1,Thenuri_T1,Thenuri,True
1334,Buddhini,9,Buddhini_T9,Buddhini,True
1334,Harshika,3,Harshika_T3,Harshika,True
1334,Muthuni,3,Muthuni_T3,Muthuni,True
1334,Nadeera,2,Nadeera_T2,Nadeera,True
1334,Thenuri,2,Thenuri_T2,Thenuri,True
1335,Buddhini,9,Buddhini_T9,Buddhini,True
1335,Harshika,3,Harshika_T3,Harshika,True
1335,Muthuni,3,Muthuni_T3,Muthuni,True
1335,Nadeera,2,Nadeera_T2,Nadeera,True
1335,Thenuri,3,Thenuri_T3,Thenuri,True
1336,Buddhini,9,Buddhini_T9,Buddhini,True
1336,Harshika,3,Harshika_T3,Harshika,True
1336,Muthuni,3,Muthuni_T3,Muthuni,True
1336,Nadeera,2,Nadeera_T2,Nadeera,True
1336,Thenuri,4,Thenuri_T4,Thenuri,True
1337,Buddhini,9,Buddhini_T9,Buddhini,True
1337,Harshika,3,Harshika_T3,Harshika,True
1337,Muthuni,3,Muthuni_T3,Muthuni,True
1337,Nadeera,3,Nadeera_T3,Nadeera,True
1337,Thenuri,1,Thenuri_T1,Thenuri,True
1338,Buddhini,9,Buddhini_T9,Buddhini,True
1338,Harshika,3,Harshika_T3,Harshika,True
1338,Muthuni,3,Muthuni_T3,Muthuni,True
1338,Nadeera,3,Nadeera_T3,Nadeera,True
1338,Thenuri,2,Thenuri_T2,Thenuri,True
1339,Buddhini,9,Buddhini_T9,Buddhini,True
1339,Harshika,3,Harshika_T3,Harshika,True
1339,Muthuni,3,Muthuni_T3,Muthuni,True
1339,Nadeera,3,Nadeera_T3,Nadeera,True
1339,Thenuri,3,Thenuri_T3,Thenuri,True
1340,Buddhini,9,Buddhini_T9,Buddhini,True
1340,Harshika,3,Harshika_T3,Harshika,True
1340,Muthuni,3,Muthuni_T3,Muthuni,True
1340,Nadeera,3,Nadeera_T3,Nadeera,True
1340,Thenuri,4,Thenuri_T4,Thenuri,True
1341,Buddhini,9,Buddhini_T9,Buddhini,True
1341,Harshika,3,Harshika_T3,Harshika,True
1341,Muthuni,3,Muthuni_T3,Muthuni,True
1341,Nadeera,4,Nadeera_T4,Nadeera,True
1341,Thenuri,1,Thenuri_T1,Thenuri,True
1342,Buddhini,9,Buddhini_T9,Buddhini,True
1342,Harshika,3,Harshika_T3,Harshika,True
1342,Muthuni,3,Muthuni_T3,Muthuni,True
1342,Nadeera,4,Nadeera_T4,Nadeera,True
1342,Thenuri,2,Thenuri_T2,Thenuri,True
1343,Buddhini,9,Buddhini_T9,Buddhini,True
1343,Harshika,3,Harshika_T3,Harshika,True
1343,Muthuni,3,Muthuni_T3,Muthuni,True
1343,Nadeera,4,Nadeera_T4,Nadeera,True
1343,Thenuri,3,Thenuri_T3,Thenuri,True
1344,Buddhini,9,Buddhini_T9,Buddhini,True
1344,Harshika,3,Harshika_T3,Harshika,True
1344,Muthuni,3,Muthuni_T3,Muthuni,True
1344,Nadeera,4,Nadeera_T4,Nadeera,True
1344,Thenuri,4,Thenuri_T4,Thenuri,True
1345,Buddhini,9,Buddhini_T9,Buddhini,True
1345,Harshika,4,Harshika_T4,Harshika,True
1345,Muthuni,1,Muthuni_T1,Muthuni,True
1345,Nadeera,1,Nadeera_T1,Nadeera,True
1345,Thenuri,1,Thenuri_T1,Thenuri,True
1346,Buddhini,9,Buddhini_T9,Buddhini,True
1346,Harshika,4,Harshika_T4,Harshika,True
1346,Muthuni,1,Muthuni_T1,Muthuni,True
1346,Nadeera,1,Nadeera_T1,Nadeera,True
1346,Thenuri,2,Thenuri_T2,Thenuri,True
1347,Buddhini,9,Buddhini_T9,Buddhini,True
1347,Harshika,4,Harshika_T4,Harshika,True
1347,Muthuni,1,Muthuni_T1,Muthuni,True
1347,Nadeera,1,Nadeera_T1,Nadeera,True
1347,Thenuri,3,Thenuri_T3,Thenuri,True
1348,Buddhini,9,Buddhini_T9,Buddhini,True
1348,Harshika,4,Harshika_T4,Harshika,True
1348,Muthuni,1,Muthuni_T1,Muthuni,True
1348,Nadeera,1,Nadeera_T1,Nadeera,True
1348,Thenuri,4,Thenuri_T4,Thenuri,True
1349,Buddhini,9,Buddhini_T9,Buddhini,True
1349,Harshika,4,Harshika_T4,Harshika,True
1349,Muthuni,1,Muthuni_T1,Muthuni,True
1349,Nadeera,2,Nadeera_T2,Nadeera,True
1349,Thenuri,1,Thenuri_T1,Thenuri,True
1350,Buddhini,9,Buddhini_T9,Buddhini,True
1350,Harshika,4,Harshika_T4,Harshika,True
1350,Muthuni,1,Muthuni_T1,Muthuni,True
1350,Nadeera,2,Nadeera_T2,Nadeera,True
1350,Thenuri,2,Thenuri_T2,Thenuri,True
1351,Buddhini,9,Buddhini_T9,Buddhini,True
1351,Harshika,4,Harshika_T4,Harshika,True
1351,Muthuni,1,Muthuni_T1,Muthuni,True
1351,Nadeera,2,Nadeera_T2,Nadeera,True
1351,Thenuri,3,Thenuri_T3,Thenuri,True
1352,Buddhini,9,Buddhini_T9,Buddhini,True
1352,Harshika,4,Harshika_T4,Harshika,True
1352,Muthuni,1,Muthuni_T1,Muthuni,True
1352,Nadeera,2,Nadeera_T2,Nadeera,True
1352,Thenuri,4,Thenuri_T4,Thenuri,True
1353,Buddhini,9,Buddhini_T9,Buddhini,True
1353,Harshika,4,Harshika_T4,Harshika,True
1353,Muthuni,1,Muthuni_T1,Muthuni,True
1353,Nadeera,3,Nadeera_T3,Nadeera,True
1353,Thenuri,1,Thenuri_T1,Thenuri,True
1354,Buddhini,9,Buddhini_T9,Buddhini,True
1354,Harshika,4,Harshika_T4,Harshika,True
1354,Muthuni,1,Muthuni_T1,Muthuni,True
1354,Nadeera,3,Nadeera_T3,Nadeera,True
1354,Thenuri,2,Thenuri_T2,Thenuri,True
1355,Buddhini,9,Buddhini_T9,Buddhini,True
1355,Harshika,4,Harshika_T4,Harshika,True
1355,Muthuni,1,Muthuni_T1,Muthuni,True
1355,Nadeera,3,Nadeera_T3,Nadeera,True
1355,Thenuri,3,Thenuri_T3,Thenuri,True
1356,Buddhini,9,Buddhini_T9,Buddhini,True
1356,Harshika,4,Harshika_T4,Harshika,True
1356,Muthuni,1,Muthuni_T1,Muthuni,True
1356,Nadeera,3,Nadeera_T3,Nadeera,True
1356,Thenuri,4,Thenuri_T4,Thenuri,True
1357,Buddhini,9,Buddhini_T9,Buddhini,True
1357,Harshika,4,Harshika_T4,Harshika,True
1357,Muthuni,1,Muthuni_T1,Muthuni,True
1357,Nadeera,4,Nadeera_T4,Nadeera,True
1357,Thenuri,1,Thenuri_T1,Thenuri,True
1358,Buddhini,9,Buddhini_T9,Buddhini,True
1358,Harshika,4,Harshika_T4,Harshika,True
1358,Muthuni,1,Muthuni_T1,Muthuni,True
1358,Nadeera,4,Nadeera_T4,Nadeera,True
1358,Thenuri,2,Thenuri_T2,Thenuri,True
1359,Buddhini,9,Buddhini_T9,Buddhini,True
1359,Harshika,4,Harshika_T4,Harshika,True
1359,Muthuni,1,Muthuni_T1,Muthuni,True
1359,Nadeera,4,Nadeera_T4,Nadeera,True
1359,Thenuri,3,Thenuri_T3,Thenuri,True
1360,Buddhini,9,Buddhini_T9,Buddhini,True
1360,Harshika,4,Harshika_T4,Harshika,True
1360,Muthuni,1,Muthuni_T1,Muthuni,True
1360,Nadeera,4,Nadeera_T4,Nadeera,True
1360,Thenuri,4,Thenuri_T4,Thenuri,True
1361,Buddhini,9,Buddhini_T9,Buddhini,True
1361,Harshika,4,Harshika_T4,Harshika,True
1361,Muthuni,2,Muthuni_T2,Muthuni,True
1361,Nadeera,1,Nadeera_T1,Nadeera,True
1361,Thenuri,1,Thenuri_T1,Thenuri,True
1362,Buddhini,9,Buddhini_T9,Buddhini,True
1362,Harshika,4,Harshika_T4,Harshika,True
1362,Muthuni,2,Muthuni_T2,Muthuni,True
1362,Nadeera,1,Nadeera_T1,Nadeera,True
1362,Thenuri,2,Thenuri_T2,Thenuri,True
1363,Buddhini,9,Buddhini_T9,Buddhini,True
1363,Harshika,4,Harshika_T4,Harshika,True
1363,Muthuni,2,Muthuni_T2,Muthuni,True
1363,Nadeera,1,Nadeera_T1,Nadeera,True
1363,Thenuri,3,Thenuri_T3,Thenuri,True
1364,Buddhini,9,Buddhini_T9,Buddhini,True
1364,Harshika,4,Harshika_T4,Harshika,True
1364,Muthuni,2,Muthuni_T2,Muthuni,True
1364,Nadeera,1,Nadeera_T1,Nadeera,True
1364,Thenuri,4,Thenuri_T4,Thenuri,True
1365,Buddhini,9,Buddhini_T9,Buddhini,True
1365,Harshika,4,Harshika_T4,Harshika,True
1365,Muthuni,2,Muthuni_T2,Muthuni,True
1365,Nadeera,2,Nadeera_T2,Nadeera,True
1365,Thenuri,1,Thenuri_T1,Thenuri,True
1366,Buddhini,9,Buddhini_T9,Buddhini,True
1366,Harshika,4,Harshika_T4,Harshika,True
1366,Muthuni,2,Muthuni_T2,Muthuni,True
1366,Nadeera,2,Nadeera_T2,Nadeera,True
1366,Thenuri,2,Thenuri_T2,Thenuri,True
1367,Buddhini,9,Buddhini_T9,Buddhini,True
1367,Harshika,4,Harshika_T4,Harshika,True
1367,Muthuni,2,Muthuni_T2,Muthuni,True
1367,Nadeera,2,Nadeera_T2,Nadeera,True
1367,Thenuri,3,Thenuri_T3,Thenuri,True
1368,Buddhini,9,Buddhini_T9,Buddhini,True
1368,Harshika,4,Harshika_T4,Harshika,True
1368,Muthuni,2,Muthuni_T2,Muthuni,True
1368,Nadeera,2,Nadeera_T2,Nadeera,True
1368,Thenuri,4,Thenuri_T4,Thenuri,True
1369,Buddhini,9,Buddhini_T9,Buddhini,True
1369,Harshika,4,Harshika_T4,Harshika,True
1369,Muthuni,2,Muthuni_T2,Muthuni,True
1369,Nadeera,3,Nadeera_T3,Nadeera,True
1369,Thenuri,1,Thenuri_T1,Thenuri,True
1370,Buddhini,9,Buddhini_T9,Buddhini,True
1370,Harshika,4,Harshika_T4,Harshika,True
1370,Muthuni,2,Muthuni_T2,Muthuni,True
1370,Nadeera,3,Nadeera_T3,Nadeera,True
1370,Thenuri,2,Thenuri_T2,Thenuri,True
1371,Buddhini,9,Buddhini_T9,Buddhini,True
1371,Harshika,4,Harshika_T4,Harshika,True
1371,Muthuni,2,Muthuni_T2,Muthuni,True
1371,Nadeera,3,Nadeera_T3,Nadeera,True
1371,Thenuri,3,Thenuri_T3,Thenuri,True
1372,Buddhini,9,Buddhini_T9,Buddhini,True
1372,Harshika,4,Harshika_T4,Harshika,True
1372,Muthuni,2,Muthuni_T2,Muthuni,True
1372,Nadeera,3,Nadeera_T3,Nadeera,True
1372,Thenuri,4,Thenuri_T4,Thenuri,True
1373,Buddhini,9,Buddhini_T9,Buddhini,True
1373,Harshika,4,Harshika_T4,Harshika,True
1373,Muthuni,2,Muthuni_T2,Muthuni,True
1373,Nadeera,4,Nadeera_T4,Nadeera,True
1373,Thenuri,1,Thenuri_T1,Thenuri,True
1374,Buddhini,9,Buddhini_T9,Buddhini,True
1374,Harshika,4,Harshika_T4,Harshika,True
1374,Muthuni,2,Muthuni_T2,Muthuni,True
1374,Nadeera,4,Nadeera_T4,Nadeera,True
1374,Thenuri,2,Thenuri_T2,Thenuri,True
1375,Buddhini,9,Buddhini_T9,Buddhini,True
1375,Harshika,4,Harshika_T4,Harshika,True
1375,Muthuni,2,Muthuni_T2,Muthuni,True
1375,Nadeera,4,Nadeera_T4,Nadeera,True
1375,Thenuri,3,Thenuri_T3,Thenuri,True
1376,Buddhini,9,Buddhini_T9,Buddhini,True
1376,Harshika,4,Harshika_T4,Harshika,True
1376,Muthuni,2,Muthuni_T2,Muthuni,True
1376,Nadeera,4,Nadeera_T4,Nadeera,True
1376,Thenuri,4,Thenuri_T4,Thenuri,True
1377,Buddhini,9,Buddhini_T9,Buddhini,True
1377,Harshika,4,Harshika_T4,Harshika,True
1377,Muthuni,3,Muthuni_T3,Muthuni,True
1377,Nadeera,1,Nadeera_T1,Nadeera,True
1377,Thenuri,1,Thenuri_T1,Thenuri,True
1378,Buddhini,9,Buddhini_T9,Buddhini,True
1378,Harshika,4,Harshika_T4,Harshika,True
1378,Muthuni,3,Muthuni_T3,Muthuni,True
1378,Nadeera,1,Nadeera_T1,Nadeera,True
1378,Thenuri,2,Thenuri_T2,Thenuri,True
1379,Buddhini,9,Buddhini_T9,Buddhini,True
1379,Harshika,4,Harshika_T4,Harshika,True
1379,Muthuni,3,Muthuni_T3,Muthuni,True
1379,Nadeera,1,Nadeera_T1,Nadeera,True
1379,Thenuri,3,Thenuri_T3,Thenuri,True
1380,Buddhini,9,Buddhini_T9,Buddhini,True
1380,Harshika,4,Harshika_T4,Harshika,True
1380,Muthuni,3,Muthuni_T3,Muthuni,True
1380,Nadeera,1,Nadeera_T1,Nadeera,True
1380,Thenuri,4,Thenuri_T4,Thenuri,True
1381,Buddhini,9,Buddhini_T9,Buddhini,True
1381,Harshika,4,Harshika_T4,Harshika,True
1381,Muthuni,3,Muthuni_T3,Muthuni,True
1381,Nadeera,2,Nadeera_T2,Nadeera,True
1381,Thenuri,1,Thenuri_T1,Thenuri,True
1382,Buddhini,9,Buddhini_T9,Buddhini,True
1382,Harshika,4,Harshika_T4,Harshika,True
1382,Muthuni,3,Muthuni_T3,Muthuni,True
1382,Nadeera,2,Nadeera_T2,Nadeera,True
1382,Thenuri,2,Thenuri_T2,Thenuri,True
1383,Buddhini,9,Buddhini_T9,Buddhini,True
1383,Harshika,4,Harshika_T4,Harshika,True
1383,Muthuni,3,Muthuni_T3,Muthuni,True
1383,Nadeera,2,Nadeera_T2,Nadeera,True
1383,Thenuri,3,Thenuri_T3,Thenuri,True
1384,Buddhini,9,Buddhini_T9,Buddhini,True
1384,Harshika,4,Harshika_T4,Harshika,True
1384,Muthuni,3,Muthuni_T3,Muthuni,True
1384,Nadeera,2,Nadeera_T2,Nadeera,True
1384,Thenuri,4,Thenuri_T4,Thenuri,True
1385,Buddhini,9,Buddhini_T9,Buddhini,True
1385,Harshika,4,Harshika_T4,Harshika,True
1385,Muthuni,3,Muthuni_T3,Muthuni,True
1385,Nadeera,3,Nadeera_T3,Nadeera,True
1385,Thenuri,1,Thenuri_T1,Thenuri,True
1386,Buddhini,9,Buddhini_T9,Buddhini,True
1386,Harshika,4,Harshika_T4,Harshika,True
1386,Muthuni,3,Muthuni_T3,Muthuni,True
1386,Nadeera,3,Nadeera_T3,Nadeera,True
1386,Thenuri,2,Thenuri_T2,Thenuri,True
1387,Buddhini,9,Buddhini_T9,Buddhini,True
1387,Harshika,4,Harshika_T4,Harshika,True
1387,Muthuni,3,Muthuni_T3,Muthuni,True
1387,Nadeera,3,Nadeera_T3,Nadeera,True
1387,Thenuri,3,Thenuri_T3,Thenuri,True
1388,Buddhini,9,Buddhini_T9,Buddhini,True
1388,Harshika,4,Harshika_T4,Harshika,True
1388,Muthuni,3,Muthuni_T3,Muthuni,True
1388,Nadeera,3,Nadeera_T3,Nadeera,True
1388,Thenuri,4,Thenuri_T4,Thenuri,True
1389,Buddhini,9,Buddhini_T9,Buddhini,True
1389,Harshika,4,Harshika_T4,Harshika,True
1389,Muthuni,3,Muthuni_T3,Muthuni,True
1389,Nadeera,4,Nadeera_T4,Nadeera,True
1389,Thenuri,1,Thenuri_T1,Thenuri,True
1390,Buddhini,9,Buddhini_T9,Buddhini,True
1390,Harshika,4,Harshika_T4,Harshika,True
1390,Muthuni,3,Muthuni_T3,Muthuni,True
1390,Nadeera,4,Nadeera_T4,Nadeera,True
1390,Thenuri,2,Thenuri_T2,Thenuri,True
1391,Buddhini,9,Buddhini_T9,Buddhini,True
1391,Harshika,4,Harshika_T4,Harshika,True
1391,Muthuni,3,Muthuni_T3,Muthuni,True
1391,Nadeera,4,Nadeera_T4,Nadeera,True
1391,Thenuri,3,Thenuri_T3,Thenuri,True
1392,Buddhini,9,Buddhini_T9,Buddhini,True
1392,Harshika,4,Harshika_T4,Harshika,True
1392,Muthuni,3,Muthuni_T3,Muthuni,True
1392,Nadeera,4,Nadeera_T4,Nadeera,True
1392,Thenuri,4,Thenuri_T4,Thenuri,True
1393,Buddhini,9,Buddhini_T9,Buddhini,True
1393,Harshika,5,Harshika_T5,Harshika,True
1393,Muthuni,1,Muthuni_T1,Muthuni,True
1393,Nadeera,1,Nadeera_T1,Nadeera,True
1393,Thenuri,1,Thenuri_T1,Thenuri,True
1394,Buddhini,9,Buddhini_T9,Buddhini,True
1394,Harshika,5,Harshika_T5,Harshika,True
1394,Muthuni,1,Muthuni_T1,Muthuni,True
1394,Nadeera,1,Nadeera_T1,Nadeera,True
1394,Thenuri,2,Thenuri_T2,Thenuri,True
1395,Buddhini,9,Buddhini_T9,Buddhini,True
1395,Harshika,5,Harshika_T5,Harshika,True
1395,Muthuni,1,Muthuni_T1,Muthuni,True
1395,Nadeera,1,Nadeera_T1,Nadeera,True
1395,Thenuri,3,Thenuri_T3,Thenuri,True
1396,Buddhini,9,Buddhini_T9,Buddhini,True
1396,Harshika,5,Harshika_T5,Harshika,True
1396,Muthuni,1,Muthuni_T1,Muthuni,True
1396,Nadeera,1,Nadeera_T1,Nadeera,True
1396,Thenuri,4,Thenuri_T4,Thenuri,True
1397,Buddhini,9,Buddhini_T9,Buddhini,True
1397,Harshika,5,Harshika_T5,Harshika,True
1397,Muthuni,1,Muthuni_T1,Muthuni,True
1397,Nadeera,2,Nadeera_T2,Nadeera,True
1397,Thenuri,1,Thenuri_T1,Thenuri,True
1398,Buddhini,9,Buddhini_T9,Buddhini,True
1398,Harshika,5,Harshika_T5,Harshika,True
1398,Muthuni,1,Muthuni_T1,Muthuni,True
1398,Nadeera,2,Nadeera_T2,Nadeera,True
1398,Thenuri,2,Thenuri_T2,Thenuri,True
1399,Buddhini,9,Buddhini_T9,Buddhini,True
1399,Harshika,5,Harshika_T5,Harshika,True
1399,Muthuni,1,Muthuni_T1,Muthuni,True
1399,Nadeera,2,Nadeera_T2,Nadeera,True
1399,Thenuri,3,Thenuri_T3,Thenuri,True
1400,Buddhini,9,Buddhini_T9,Buddhini,True
1400,Harshika,5,Harshika_T5,Harshika,True
1400,Muthuni,1,Muthuni_T1,Muthuni,True
1400,Nadeera,2,Nadeera_T2,Nadeera,True
1400,Thenuri,4,Thenuri_T4,Thenuri,True
1401,Buddhini,9,Buddhini_T9,Buddhini,True
1401,Harshika,5,Harshika_T5,Harshika,True
1401,Muthuni,1,Muthuni_T1,Muthuni,True
1401,Nadeera,3,Nadeera_T3,Nadeera,True
1401,Thenuri,1,Thenuri_T1,Thenuri,True
1402,Buddhini,9,Buddhini_T9,Buddhini,True
1402,Harshika,5,Harshika_T5,Harshika,True
1402,Muthuni,1,Muthuni_T1,Muthuni,True
1402,Nadeera,3,Nadeera_T3,Nadeera,True
1402,Thenuri,2,Thenuri_T2,Thenuri,True
1403,Buddhini,9,Buddhini_T9,Buddhini,True
1403,Harshika,5,Harshika_T5,Harshika,True
1403,Muthuni,1,Muthuni_T1,Muthuni,True
1403,Nadeera,3,Nadeera_T3,Nadeera,True
1403,Thenuri,3,Thenuri_T3,Thenuri,True
1404,Buddhini,9,Buddhini_T9,Buddhini,True
1404,Harshika,5,Harshika_T5,Harshika,True
1404,Muthuni,1,Muthuni_T1,Muthuni,True
1404,Nadeera,3,Nadeera_T3,Nadeera,True
1404,Thenuri,4,Thenuri_T4,Thenuri,True
1405,Buddhini,9,Buddhini_T9,Buddhini,True
1405,Harshika,5,Harshika_T5,Harshika,True
1405,Muthuni,1,Muthuni_T1,Muthuni,True
1405,Nadeera,4,Nadeera_T4,Nadeera,True
1405,Thenuri,1,Thenuri_T1,Thenuri,True
1406,Buddhini,9,Buddhini_T9,Buddhini,True
1406,Harshika,5,Harshika_T5,Harshika,True
1406,Muthuni,1,Muthuni_T1,Muthuni,True
1406,Nadeera,4,Nadeera_T4,Nadeera,True
1406,Thenuri,2,Thenuri_T2,Thenuri,True
1407,Buddhini,9,Buddhini_T9,Buddhini,True
1407,Harshika,5,Harshika_T5,Harshika,True
1407,Muthuni,1,Muthuni_T1,Muthuni,True
1407,Nadeera,4,Nadeera_T4,Nadeera,True
1407,Thenuri,3,Thenuri_T3,Thenuri,True
1408,Buddhini,9,Buddhini_T9,Buddhini,True
1408,Harshika,5,Harshika_T5,Harshika,True
1408,Muthuni,1,Muthuni_T1,Muthuni,True
1408,Nadeera,4,Nadeera_T4,Nadeera,True
1408,Thenuri,4,Thenuri_T4,Thenuri,True
1409,Buddhini,9,Buddhini_T9,Buddhini,True
1409,Harshika,5,Harshika_T5,Harshika,True
1409,Muthuni,2,Muthuni_T2,Muthuni,True
1409,Nadeera,1,Nadeera_T1,Nadeera,True
1409,Thenuri,1,Thenuri_T1,Thenuri,True
1410,Buddhini,9,Buddhini_T9,Buddhini,True
1410,Harshika,5,Harshika_T5,Harshika,True
1410,Muthuni,2,Muthuni_T2,Muthuni,True
1410,Nadeera,1,Nadeera_T1,Nadeera,True
1410,Thenuri,2,Thenuri_T2,Thenuri,True
1411,Buddhini,9,Buddhini_T9,Buddhini,True
1411,Harshika,5,Harshika_T5,Harshika,True
1411,Muthuni,2,Muthuni_T2,Muthuni,True
1411,Nadeera,1,Nadeera_T1,Nadeera,True
1411,Thenuri,3,Thenuri_T3,Thenuri,True
1412,Buddhini,9,Buddhini_T9,Buddhini,True
1412,Harshika,5,Harshika_T5,Harshika,True
1412,Muthuni,2,Muthuni_T2,Muthuni,True
1412,Nadeera,1,Nadeera_T1,Nadeera,True
1412,Thenuri,4,Thenuri_T4,Thenuri,True
1413,Buddhini,9,Buddhini_T9,Buddhini,True
1413,Harshika,5,Harshika_T5,Harshika,True
1413,Muthuni,2,Muthuni_T2,Muthuni,True
1413,Nadeera,2,Nadeera_T2,Nadeera,True
1413,Thenuri,1,Thenuri_T1,Thenuri,True
1414,Buddhini,9,Buddhini_T9,Buddhini,True
1414,Harshika,5,Harshika_T5,Harshika,True
1414,Muthuni,2,Muthuni_T2,Muthuni,True
1414,Nadeera,2,Nadeera_T2,Nadeera,True
1414,Thenuri,2,Thenuri_T2,Thenuri,True
1415,Buddhini,9,Buddhini_T9,Buddhini,True
1415,Harshika,5,Harshika_T5,Harshika,True
1415,Muthuni,2,Muthuni_T2,Muthuni,True
1415,Nadeera,2,Nadeera_T2,Nadeera,True
1415,Thenuri,3,Thenuri_T3,Thenuri,True
1416,Buddhini,9,Buddhini_T9,Buddhini,True
1416,Harshika,5,Harshika_T5,Harshika,True
1416,Muthuni,2,Muthuni_T2,Muthuni,True
1416,Nadeera,2,Nadeera_T2,Nadeera,True
1416,Thenuri,4,Thenuri_T4,Thenuri,True
1417,Buddhini,9,Buddhini_T9,Buddhini,True
1417,Harshika,5,Harshika_T5,Harshika,True
1417,Muthuni,2,Muthuni_T2,Muthuni,True
1417,Nadeera,3,Nadeera_T3,Nadeera,True
1417,Thenuri,1,Thenuri_T1,Thenuri,True
1418,Buddhini,9,Buddhini_T9,Buddhini,True
1418,Harshika,5,Harshika_T5,Harshika,True
1418,Muthuni,2,Muthuni_T2,Muthuni,True
1418,Nadeera,3,Nadeera_T3,Nadeera,True
1418,Thenuri,2,Thenuri_T2,Thenuri,True
1419,Buddhini,9,Buddhini_T9,Buddhini,True
1419,Harshika,5,Harshika_T5,Harshika,True
1419,Muthuni,2,Muthuni_T2,Muthuni,True
1419,Nadeera,3,Nadeera_T3,Nadeera,True
1419,Thenuri,3,Thenuri_T3,Thenuri,True
1420,Buddhini,9,Buddhini_T9,Buddhini,True
1420,Harshika,5,Harshika_T5,Harshika,True
1420,Muthuni,2,Muthuni_T2,Muthuni,True
1420,Nadeera,3,Nadeera_T3,Nadeera,True
1420,Thenuri,4,Thenuri_T4,Thenuri,True
1421,Buddhini,9,Buddhini_T9,Buddhini,True
1421,Harshika,5,Harshika_T5,Harshika,True
1421,Muthuni,2,Muthuni_T2,Muthuni,True
1421,Nadeera,4,Nadeera_T4,Nadeera,True
1421,Thenuri,1,Thenuri_T1,Thenuri,True
1422,Buddhini,9,Buddhini_T9,Buddhini,True
1422,Harshika,5,Harshika_T5,Harshika,True
1422,Muthuni,2,Muthuni_T2,Muthuni,True
1422,Nadeera,4,Nadeera_T4,Nadeera,True
1422,Thenuri,2,Thenuri_T2,Thenuri,True
1423,Buddhini,9,Buddhini_T9,Buddhini,True
1423,Harshika,5,Harshika_T5,Harshika,True
1423,Muthuni,2,Muthuni_T2,Muthuni,True
1423,Nadeera,4,Nadeera_T4,Nadeera,True
1423,Thenuri,3,Thenuri_T3,Thenuri,True
1424,Buddhini,9,Buddhini_T9,Buddhini,True
1424,Harshika,5,Harshika_T5,Harshika,True
1424,Muthuni,2,Muthuni_T2,Muthuni,True
1424,Nadeera,4,Nadeera_T4,Nadeera,True
1424,Thenuri,4,Thenuri_T4,Thenuri,True
1425,Buddhini,9,Buddhini_T9,Buddhini,True
1425,Harshika,5,Harshika_T5,Harshika,True
1425,Muthuni,3,Muthuni_T3,Muthuni,True
1425,Nadeera,1,Nadeera_T1,Nadeera,True
1425,Thenuri,1,Thenuri_T1,Thenuri,True
1426,Buddhini,9,Buddhini_T9,Buddhini,True
1426,Harshika,5,Harshika_T5,Harshika,True
1426,Muthuni,3,Muthuni_T3,Muthuni,True
1426,Nadeera,1,Nadeera_T1,Nadeera,True
1426,Thenuri,2,Thenuri_T2,Thenuri,True
1427,Buddhini,9,Buddhini_T9,Buddhini,True
1427,Harshika,5,Harshika_T5,Harshika,True
1427,Muthuni,3,Muthuni_T3,Muthuni,True
1427,Nadeera,1,Nadeera_T1,Nadeera,True
1427,Thenuri,3,Thenuri_T3,Thenuri,True
1428,Buddhini,9,Buddhini_T9,Buddhini,True
1428,Harshika,5,Harshika_T5,Harshika,True
1428,Muthuni,3,Muthuni_T3,Muthuni,True
1428,Nadeera,1,Nadeera_T1,Nadeera,True
1428,Thenuri,4,Thenuri_T4,Thenuri,True
1429,Buddhini,9,Buddhini_T9,Buddhini,True
1429,Harshika,5,Harshika_T5,Harshika,True
1429,Muthuni,3,Muthuni_T3,Muthuni,True
1429,Nadeera,2,Nadeera_T2,Nadeera,True
1429,Thenuri,1,Thenuri_T1,Thenuri,True
1430,Buddhini,9,Buddhini_T9,Buddhini,True
1430,Harshika,5,Harshika_T5,Harshika,True
1430,Muthuni,3,Muthuni_T3,Muthuni,True
1430,Nadeera,2,Nadeera_T2,Nadeera,True
1430,Thenuri,2,Thenuri_T2,Thenuri,True
1431,Buddhini,9,Buddhini_T9,Buddhini,True
1431,Harshika,5,Harshika_T5,Harshika,True
1431,Muthuni,3,Muthuni_T3,Muthuni,True
1431,Nadeera,2,Nadeera_T2,Nadeera,True
1431,Thenuri,3,Thenuri_T3,Thenuri,True
1432,Buddhini,9,Buddhini_T9,Buddhini,True
1432,Harshika,5,Harshika_T5,Harshika,True
1432,Muthuni,3,Muthuni_T3,Muthuni,True
1432,Nadeera,2,Nadeera_T2,Nadeera,True
1432,Thenuri,4,Thenuri_T4,Thenuri,True
1433,Buddhini,9,Buddhini_T9,Buddhini,True
1433,Harshika,5,Harshika_T5,Harshika,True
1433,Muthuni,3,Muthuni_T3,Muthuni,True
1433,Nadeera,3,Nadeera_T3,Nadeera,True
1433,Thenuri,1,Thenuri_T1,Thenuri,True
1434,Buddhini,9,Buddhini_T9,Buddhini,True
1434,Harshika,5,Harshika_T5,Harshika,True
1434,Muthuni,3,Muthuni_T3,Muthuni,True
1434,Nadeera,3,Nadeera_T3,Nadeera,True
1434,Thenuri,2,Thenuri_T2,Thenuri,True
1435,Buddhini,9,Buddhini_T9,Buddhini,True
1435,Harshika,5,Harshika_T5,Harshika,True
1435,Muthuni,3,Muthuni_T3,Muthuni,True
1435,Nadeera,3,Nadeera_T3,Nadeera,True
1435,Thenuri,3,Thenuri_T3,Thenuri,True
1436,Buddhini,9,Buddhini_T9,Buddhini,True
1436,Harshika,5,Harshika_T5,Harshika,True
1436,Muthuni,3,Muthuni_T3,Muthuni,True
1436,Nadeera,3,Nadeera_T3,Nadeera,True
1436,Thenuri,4,Thenuri_T4,Thenuri,True
1437,Buddhini,9,Buddhini_T9,Buddhini,True
1437,Harshika,5,Harshika_T5,Harshika,True
1437,Muthuni,3,Muthuni_T3,Muthuni,True
1437,Nadeera,4,Nadeera_T4,Nadeera,True
1437,Thenuri,1,Thenuri_T1,Thenuri,True
1438,Buddhini,9,Buddhini_T9,Buddhini,True
1438,Harshika,5,Harshika_T5,Harshika,True
1438,Muthuni,3,Muthuni_T3,Muthuni,True
1438,Nadeera,4,Nadeera_T4,Nadeera,True
1438,Thenuri,2,Thenuri_T2,Thenuri,True
1439,Buddhini,9,Buddhini_T9,Buddhini,True
1439,Harshika,5,Harshika_T5,Harshika,True
1439,Muthuni,3,Muthuni_T3,Muthuni,True
1439,Nadeera,4,Nadeera_T4,Nadeera,True
1439,Thenuri,3,Thenuri_T3,Thenuri,True
1440,Buddhini,9,Buddhini_T9,Buddhini,True
1440,Harshika,5,Harshika_T5,Harshika,True
1440,Muthuni,3,Muthuni_T3,Muthuni,True
1440,Nadeera,4,Nadeera_T4,Nadeera,True
1440,Thenuri,4,Thenuri_T4,Thenuri,True
