split,accuracy,balanced_accuracy,macro_f1,n_components,explained_variance
1,0.9775280898876404,0.96,0.9633759194734803,26,0.9541111992188647
2,0.9714285714285714,0.96,0.9680216802168022,26,0.9510044015206134
3,0.9787234042553191,0.96,0.970652537986054,26,0.9511033396244327
4,0.9782608695652174,0.96,0.9633759194734803,26,0.9538713666037838
5,0.954954954954955,0.9453479853479854,0.9447721072244482,26,0.9546194544765947
6,0.9565217391304348,0.9504761904761905,0.9547179108154717,26,0.9513549214367558
7,0.9568965517241379,0.945930735930736,0.9447596700338001,26,0.951489615499071
8,0.9649122807017544,0.9504761904761905,0.9500141027568384,26,0.954328587423735
9,0.9777777777777777,0.96,0.9636028054632705,26,0.9541961027222293
10,0.971830985915493,0.96,0.9682485662065922,26,0.9510308772604783
11,0.9789473684210527,0.96,0.9708794239758441,26,0.9512325733475488
12,0.978494623655914,0.96,0.9636028054632705,26,0.9541153320863317
13,0.9818181818181818,0.96,0.9658443296997513,25,0.9515175958191807
14,0.978021978021978,0.96,0.970490090443073,26,0.953003326299786
15,0.9826086956521739,0.96,0.973120948212325,26,0.9528255232980838
16,0.9823008849557522,0.96,0.9658443296997513,25,0.9515006985651457
17,1.0,1.0,1.0,26,0.9536724647412693
18,1.0,1.0,1.0,26,0.9504343634659129
19,1.0,1.0,1.0,26,0.950446582932853
20,1.0,1.0,1.0,26,0.9531271283200249
21,0.9727272727272728,0.9853479853479854,0.9699436207780238,26,0.9541692137550429
22,0.978021978021978,0.9904761904761905,0.9797175866495508,26,0.9507606551177414
23,0.9739130434782609,0.985930735930736,0.9705263713607744,26,0.9507888105054538
24,0.9734513274336283,0.9857142857142858,0.9630186577554998,26,0.9535215235341855
25,1.0,1.0,1.0,26,0.9538042864380093
26,1.0,1.0,1.0,26,0.9504914983922643
27,1.0,1.0,1.0,26,0.9506304083552006
28,1.0,1.0,1.0,26,0.9533580686576777
29,1.0,1.0,1.0,25,0.950863837422474
30,1.0,1.0,1.0,26,0.9523717366478589
31,1.0,1.0,1.0,26,0.9520777616525826
32,1.0,1.0,1.0,25,0.950445054585036
33,0.9777777777777777,0.9766899766899767,0.9696969696969697,26,0.950630144233338
34,0.971830985915493,0.9636363636363636,0.9618181818181817,27,0.952120441320755
35,0.968421052631579,0.9454545454545455,0.9407154249259513,27,0.9523009826228975
36,0.956989247311828,0.9406926406926408,0.9326780807440288,26,0.9505981685704125
37,0.9642857142857143,0.9671661671661672,0.9536301097276707,26,0.9513790140222093
38,0.967741935483871,0.9722943722943723,0.9625382747333966,27,0.9525033978622826
39,0.9572649572649573,0.9361471861471863,0.9189278745074342,27,0.9526787317193537
40,0.9652173913043478,0.9541125541125541,0.9404635661263445,26,0.9510215587329939
41,0.978021978021978,0.9766899766899767,0.9696969696969697,26,0.951110197999555
42,0.9722222222222222,0.9636363636363636,0.9618181818181817,27,0.9524091277617046
43,0.96875,0.9454545454545455,0.9407154249259513,27,0.9526126597157327
44,0.9787234042553191,0.9636363636363636,0.9618181818181817,26,0.9508677984658965
45,0.972972972972973,0.9585081585081585,0.9513156408808582,26,0.952679547941814
46,0.967391304347826,0.9454545454545455,0.9423340961098396,27,0.9542635594770962
47,0.9655172413793104,0.940909090909091,0.92975856569323,27,0.9537856044148892
48,0.9736842105263158,0.9454545454545455,0.9423340961098396,26,0.9529043386162411
49,0.96,0.9453479853479854,0.9378857342913826,26,0.9530728500243665
50,0.9629629629629629,0.9504761904761905,0.9537869062901155,27,0.9542472933967717
51,0.9619047619047619,0.945930735930736,0.9494737397818271,27,0.9542446918608822
52,0.970873786407767,0.9504761904761905,0.9491411455467939,26,0.9526952158167725
53,0.9508196721311475,0.9358241758241759,0.9305373332977617,26,0.953374092763211
54,0.9514563106796117,0.940952380952381,0.9423605998163476,27,0.95458201479945
55,0.9606299212598425,0.940952380952381,0.9497206815950339,26,0.9500062416118207
56,0.96,0.940952380952381,0.9357793288301519,26,0.953114838064862
57,0.9603960396039604,0.9453479853479854,0.9381126202811727,26,0.9530827919780812
58,0.9634146341463414,0.9504761904761905,0.9540137922799057,27,0.9542430573792853
59,0.9622641509433962,0.945930735930736,0.9497006257716173,27,0.9542730182392422
60,0.9711538461538461,0.9504761904761905,0.949368031536584,26,0.9529274868479197
61,0.9669421487603306,0.9453479853479854,0.9403541445176534,25,0.9500279516903347
62,0.9705882352941176,0.9504761904761905,0.9562553165163864,26,0.9517689184064632
63,0.9761904761904762,0.9504761904761905,0.9588861742856383,26,0.9512357761466123
64,0.9758064516129032,0.9504761904761905,0.9516095557730647,25,0.9501521404493571
65,0.98989898989899,0.9904761904761905,0.9925903056498919,26,0.9525206365752288
66,0.9875,0.9904761904761905,0.9902439024390244,27,0.9536500775042064
67,0.9807692307692307,0.985930735930736,0.9776510241120041,27,0.9534384495886478
68,0.9901960784313726,0.9904761904761905,0.9845956354300384,26,0.951876086495556
69,0.9586776859504132,0.9710622710622712,0.955423721046639,26,0.9528159922897921
70,0.9705882352941176,0.980952380952381,0.9701937771257411,27,0.9539447860736532
71,0.9761904761904762,0.9811688311688312,0.965767701347261,27,0.9534907250862172
72,0.967741935483871,0.9761904761904763,0.9535449735449735,26,0.9521999006917726
73,0.99,0.9904761904761905,0.9925903056498919,26,0.9525701164853005
74,0.9876543209876543,0.9904761904761905,0.9902439024390244,27,0.9536743931132796
75,0.9809523809523809,0.985930735930736,0.9776510241120041,27,0.9535238407098264
76,0.9902912621359223,0.9904761904761905,0.9845956354300384,26,0.952098648358103
77,0.9833333333333333,0.9853479853479854,0.9804699365674976,26,0.9541085268105113
78,0.9900990099009901,0.9904761904761905,0.9902439024390244,26,0.9510478937752266
79,0.992,0.9904761904761905,0.9845956354300384,26,0.9503474021854507
80,0.991869918699187,0.9904761904761905,0.9845956354300384,26,0.9537741386400588
81,0.9702970297029703,0.9671661671661671,0.9622881183856794,27,0.9537676844497298
82,0.975609756097561,0.9722943722943722,0.9711962833914054,27,0.9505179119941806
83,0.9528301886792453,0.9313852813852813,0.9255658428713762,27,0.9502900510326578
84,0.9615384615384616,0.9493506493506493,0.9442730899358682,27,0.953990393280904
85,0.959349593495935,0.9576423576423576,0.9462853293665272,27,0.9540752884604766
86,0.9615384615384616,0.9627705627705627,0.9530144652095871,27,0.9507287456904686
87,0.953125,0.94004329004329,0.9265072326047935,27,0.9505122488714054
88,0.9603174603174603,0.958008658008658,0.9412132229735622,27,0.9542939482610031
89,0.9705882352941176,0.9671661671661671,0.9622881183856794,27,0.9540197787481696
90,0.9759036144578314,0.9722943722943722,0.9711962833914054,27,0.9506971749081756
91,0.9626168224299065,0.9495670995670995,0.9414240931482312,27,0.9506002188800203
92,0.9714285714285714,0.9541125541125541,0.9545871918612235,27,0.9540951567203642
93,0.9672131147540983,0.9489843489843489,0.9439067895695679,26,0.9506182133329975
94,0.9611650485436893,0.9359307359307358,0.932577998548864,27,0.9526242279334551
95,0.952755905511811,0.9132034632034631,0.902212427620776,27,0.9517360225935696
96,0.968,0.9359307359307358,0.9351031061528815,26,0.9514055477300142
97,0.9772727272727273,0.96,0.9633759194734803,26,0.9541837610979536
98,0.9710144927536232,0.96,0.9680216802168022,26,0.9510722024528643
99,0.967741935483871,0.9554545454545454,0.9578279586623617,26,0.9511076346635032
100,0.978021978021978,0.96,0.9633759194734803,26,0.9539158184607567
101,0.9545454545454546,0.9453479853479854,0.9447721072244482,26,0.9546162075786121
102,0.9560439560439561,0.9504761904761905,0.9547179108154717,26,0.951417055696818
103,0.9565217391304348,0.945930735930736,0.9511336574367645,26,0.9514507568732943
104,0.9646017699115044,0.9504761904761905,0.9500667480247742,26,0.9543623679133033
105,0.9775280898876404,0.96,0.9636028054632705,26,0.9542773553586252
106,0.9714285714285714,0.96,0.9682485662065922,26,0.9511489591318916
107,0.9680851063829787,0.9554545454545454,0.9580548446521518,26,0.951216775376993
108,0.9782608695652174,0.96,0.9636028054632705,26,0.9541820388312412
109,0.9724770642201835,0.9548717948717949,0.9545889184443401,25,0.9515861437239077
110,0.9777777777777777,0.96,0.970490090443073,26,0.9529980587866784
111,0.9736842105263158,0.9554545454545454,0.9602963688886327,26,0.9528212446463734
112,0.9821428571428571,0.96,0.9658443296997513,25,0.9516418515531392
113,1.0,1.0,1.0,26,0.9537434203973313
114,0.9852941176470589,0.99,0.9899937460913071,26,0.950516077730494
115,0.9891304347826086,0.9954545454545455,0.9871748336358136,26,0.9504039537660408
116,1.0,1.0,1.0,26,0.9531712519663591
117,0.9724770642201835,0.9853479853479854,0.9699436207780238,26,0.9541791991566929
118,0.9777777777777777,0.9904761904761905,0.9797175866495508,26,0.9508295464203501
119,0.9736842105263158,0.985930735930736,0.9695238650951102,26,0.9507121467711156
120,0.9732142857142857,0.9857142857142858,0.9620161514898357,26,0.9535399441418624
121,1.0,1.0,1.0,26,0.9538703549255986
122,1.0,1.0,1.0,26,0.9505864320091965
123,0.989247311827957,0.9954545454545455,0.9871748336358136,26,0.9505593516390973
124,1.0,1.0,1.0,26,0.9534222526347484
125,1.0,1.0,1.0,25,0.9508764756527492
126,1.0,1.0,1.0,26,0.9523979833681784
127,0.9911504424778761,0.9954545454545455,0.9871748336358136,26,0.9520139181299889
128,1.0,1.0,1.0,25,0.950550767840721
129,0.9775280898876404,0.9766899766899767,0.9696969696969697,26,0.950764295186231
130,0.9714285714285714,0.9636363636363636,0.9618181818181817,27,0.952272463321482
131,0.9574468085106383,0.9545454545454547,0.9371670190274841,27,0.9524044292393858
132,0.9565217391304348,0.9406926406926408,0.9326780807440288,26,0.9508760309223513
133,0.963963963963964,0.9671661671661672,0.9536301097276707,26,0.9513835427453978
134,0.9565217391304348,0.9541125541125541,0.9434906556857776,27,0.952649358171746
135,0.9568965517241379,0.9495670995670997,0.9332969341313373,27,0.952735489293639
136,0.956140350877193,0.9493506493506494,0.9308075507605335,26,0.9512502120535664
137,0.9777777777777777,0.9766899766899767,0.9696969696969697,26,0.9512557389080589
138,0.971830985915493,0.9636363636363636,0.9618181818181817,27,0.9525495835562845
139,0.9578947368421052,0.9545454545454547,0.9371670190274841,27,0.9527204323736327
140,0.967741935483871,0.9454545454545455,0.9423340961098396,26,0.9511020063510545
141,0.9636363636363636,0.9403263403263404,0.9324903167008431,26,0.9527934880447302
142,0.967032967032967,0.9454545454545455,0.9423340961098396,26,0.9500233483541002
143,0.9565217391304348,0.9363636363636363,0.9176829333191421,27,0.9538831693418854
144,0.9734513274336283,0.9454545454545455,0.9423340961098396,26,0.9530075795915293
145,0.9662921348314607,0.9548717948717949,0.9521205082180693,26,0.9533013269083407
146,0.9714285714285714,0.96,0.9680216802168022,26,0.9500943538926052
147,0.9680851063829787,0.9554545454545454,0.9515532593749583,26,0.9500689821605132
148,0.967391304347826,0.9552380952380952,0.952308272261255,26,0.9529760592532976
149,0.954954954954955,0.9453479853479854,0.9447721072244482,26,0.9536428893834757
150,0.9565217391304348,0.9504761904761905,0.9565953737430342,26,0.9503516770637058
151,0.9568965517241379,0.945930735930736,0.9447596700338001,26,0.9503061905721797
152,0.956140350877193,0.9457142857142857,0.9453082204038973,26,0.9532895908417272
153,0.9666666666666667,0.9548717948717949,0.9523473942078594,26,0.9533528707583047
154,0.971830985915493,0.96,0.9682485662065922,26,0.9500720582586052
155,0.968421052631579,0.9554545454545454,0.9517801453647484,26,0.9501050411900347
156,0.967741935483871,0.9552380952380952,0.9525351582510451,26,0.953210681475071
157,0.9727272727272728,0.9548717948717949,0.9545889184443401,25,0.9504555454582684
158,0.978021978021978,0.96,0.970490090443073,26,0.952029176225087
159,0.9739130434782609,0.9554545454545454,0.9612988751542968,26,0.9516867915160321
160,0.9734513274336283,0.9552380952380952,0.9547766824875259,25,0.9504097912683741
161,0.9886363636363636,0.9948717948717949,0.9878787878787879,26,0.9528368637359563
162,1.0,1.0,1.0,27,0.9538817479364119
163,0.989247311827957,0.9954545454545455,0.9881773399014779,27,0.9537298408740176
164,0.989010989010989,0.9952380952380953,0.9880665519219736,26,0.9522249784650602
165,0.9727272727272728,0.9853479853479854,0.9699436207780238,26,0.9531726487255068
166,0.978021978021978,0.9904761904761905,0.9797175866495508,27,0.954228133265975
167,0.9826086956521739,0.9906926406926407,0.9752413855577873,27,0.9538232533794121
168,0.9646017699115044,0.980952380952381,0.958256752993595,26,0.952491539433742
169,1.0,1.0,1.0,26,0.9529309963615895
170,1.0,1.0,1.0,27,0.9539485521294695
171,0.9893617021276596,0.9954545454545455,0.9881773399014779,27,0.9538086244029683
172,0.9891304347826086,0.9952380952380953,0.9880665519219736,26,0.9524531529118495
173,0.9908256880733946,0.9948717948717949,0.9878787878787879,26,0.9545043955180064
174,1.0,1.0,1.0,26,0.951388212431506
175,0.9912280701754386,0.9954545454545455,0.9881773399014779,26,0.9509057757476674
176,0.9910714285714286,0.9952380952380953,0.9880665519219736,26,0.954089366571045
177,0.9555555555555556,0.9403263403263404,0.9324903167008431,27,0.9539530211537818
178,0.9577464788732394,0.9454545454545455,0.9423340961098396,27,0.9508538489363787
179,0.9578947368421052,0.940909090909091,0.9305114360113176,27,0.9508247499495783
180,0.956989247311828,0.9406926406926408,0.9326780807440288,27,0.9540333356540299
181,0.9464285714285714,0.930802530802531,0.9166604127579738,27,0.9541974272738092
182,0.946236559139785,0.9225108225108226,0.9116254491650814,27,0.95099138704169
183,0.9572649572649573,0.9361471861471863,0.919680744825522,27,0.9510903432920068
184,0.9652173913043478,0.9675324675324676,0.9539964100939711,27,0.9541979719304875
185,0.9560439560439561,0.9403263403263404,0.9324903167008431,27,0.9541838743088653
186,0.9444444444444444,0.9272727272727274,0.9222222222222222,27,0.9508503015610114
187,0.9583333333333334,0.9272727272727274,0.9222222222222222,27,0.9509367824401945
188,0.9574468085106383,0.9406926406926408,0.9326780807440288,27,0.9542674752742875
189,0.963963963963964,0.9403263403263404,0.9324903167008431,26,0.9507372941574472
190,0.967391304347826,0.9454545454545455,0.9423340961098396,27,0.9527386858803824
191,0.9655172413793104,0.940909090909091,0.9305114360113176,27,0.9524251861503716
192,0.9736842105263158,0.9454545454545455,0.9423340961098396,26,0.9510350569345142
193,0.9772727272727273,0.96,0.9633759194734803,26,0.9543010827452618
194,0.9710144927536232,0.96,0.9680216802168022,26,0.9512431995926119
195,0.956989247311828,0.9509090909090908,0.9460031772731521,26,0.9513436385990564
196,0.978021978021978,0.96,0.9633759194734803,26,0.9541669019329646
197,0.9636363636363636,0.9504761904761905,0.9560250525913176,25,0.9500371980982304
198,0.9560439560439561,0.9504761904761905,0.9547179108154717,26,0.9516255826076602
199,0.9478260869565217,0.9413852813852813,0.9319341435004086,26,0.9517848752776038
200,0.9646017699115044,0.9504761904761905,0.9500141027568384,25,0.9500592978172909
201,0.9775280898876404,0.96,0.9636028054632705,26,0.9543623203894107
202,0.9714285714285714,0.96,0.9682485662065922,26,0.9512459684173385
203,0.9574468085106383,0.9509090909090908,0.9462300632629421,26,0.9514356763443933
204,0.9782608695652174,0.96,0.9636028054632705,26,0.9543882290085628
205,0.981651376146789,0.96,0.9658443296997513,25,0.9518271407753195
206,0.9777777777777777,0.96,0.970490090443073,26,0.9532331935338482
207,0.9649122807017544,0.9509090909090908,0.948471587499423,26,0.9529952892448642
208,0.9821428571428571,0.96,0.9658443296997513,25,0.951820641051569
209,1.0,1.0,1.0,26,0.9538448789306245
210,1.0,1.0,1.0,26,0.9506682527071064
211,0.9782608695652174,0.990909090909091,0.9753488372093024,26,0.9506548559815815
212,1.0,1.0,1.0,26,0.9534025299485787
213,0.9724770642201835,0.9853479853479854,0.9699436207780238,26,0.9543442457767825
214,0.9777777777777777,0.9904761904761905,0.9797175866495508,26,0.9510106880175144
215,0.9649122807017544,0.9813852813852815,0.9576990837059005,26,0.9510462766305987
216,0.9732142857142857,0.9857142857142858,0.9620161514898357,26,0.9538231823208447
217,1.0,1.0,1.0,26,0.9539379690767417
218,1.0,1.0,1.0,26,0.9506731043873304
219,0.978494623655914,0.990909090909091,0.9753488372093024,26,0.9507842480953437
220,1.0,1.0,1.0,26,0.9536155127590924
221,1.0,1.0,1.0,25,0.9511377860551562
222,1.0,1.0,1.0,26,0.9526091073241505
223,0.9823008849557522,0.990909090909091,0.9753488372093024,26,0.9522505465397617
224,1.0,1.0,1.0,25,0.9507831978044077
225,0.9662921348314607,0.9585081585081585,0.9513156408808582,26,0.9508614389361293
226,0.9714285714285714,0.9636363636363636,0.9618181818181817,27,0.9524204900456781
227,0.9574468085106383,0.9545454545454547,0.9371670190274841,27,0.9525920034428882
228,0.9565217391304348,0.9406926406926408,0.9326780807440288,26,0.9509934492773238
229,0.963963963963964,0.9671661671661672,0.9536301097276707,26,0.951581584418317
230,0.9565217391304348,0.9541125541125541,0.9434906556857776,27,0.95283768263784
231,0.9568965517241379,0.94978354978355,0.9261859519018387,27,0.9530537222485347
232,0.956140350877193,0.9493506493506494,0.9308075507605335,26,0.9514303251231535
233,0.9777777777777777,0.9766899766899767,0.9696969696969697,26,0.9512965150050853
234,0.971830985915493,0.9636363636363636,0.9618181818181817,27,0.9526254992243688
235,0.9578947368421052,0.9545454545454547,0.9371670190274841,27,0.9528388565933149
236,0.967741935483871,0.9454545454545455,0.9423340961098396,26,0.9511852733372789
237,0.9727272727272728,0.9585081585081585,0.9513156408808582,26,0.9530020367120337
238,0.967032967032967,0.9454545454545455,0.9423340961098396,26,0.950256942441756
239,0.9565217391304348,0.9363636363636363,0.9176829333191421,27,0.9540420696987443
240,0.9734513274336283,0.9454545454545455,0.9423340961098396,26,0.9532876443045858
241,0.9680851063829787,0.9548717948717949,0.9578023263998874,25,0.9504808504188296
242,0.9733333333333334,0.96,0.9680216802168022,26,0.9518054776088666
243,0.9696969696969697,0.9466666666666667,0.954920634920635,26,0.9521564668595153
244,0.9690721649484536,0.9552380952380952,0.9579900904430732,25,0.9504899061601286
245,0.9482758620689655,0.9320146520146521,0.9411940234054498,25,0.9509829379935704
246,0.9587628865979382,0.9504761904761905,0.9547179108154717,26,0.9521399508603905
247,0.9586776859504132,0.945930735930736,0.9478318666543839,26,0.9525009089996367
248,0.957983193277311,0.9457142857142857,0.9509900385857154,25,0.950733589864814
249,0.968421052631579,0.9548717948717949,0.9580292123896775,25,0.9507784883488026
250,0.9605263157894737,0.9466666666666667,0.956912268182243,26,0.9518841696365405
251,0.97,0.9466666666666667,0.9553535353535352,26,0.9522655055312939
252,0.9693877551020408,0.9466666666666667,0.9553535353535352,25,0.9505504549500431
253,0.9739130434782609,0.9548717948717949,0.9602707366261584,25,0.9524950951264645
254,0.96875,0.9466666666666667,0.9612412725112474,26,0.9537625876928366
255,0.9666666666666667,0.9421212121212121,0.9478598795840176,26,0.9535905260728997
256,0.9745762711864406,0.9552380952380952,0.960458500669344,25,0.9525305672493307
257,0.978494623655914,0.9815384615384616,0.9735429482797905,25,0.9500702708829617
258,0.9864864864864865,0.9866666666666667,0.9825771324863883,26,0.9513004007059674
259,0.9795918367346939,0.9733333333333334,0.9703099211443241,26,0.9515652055773636
260,0.9791666666666666,0.981904761904762,0.9737307123229761,26,0.9541080040578982
261,0.9565217391304348,0.9586813186813187,0.9468373593382375,25,0.9505556819080236
262,0.96875,0.9771428571428572,0.9633473507148864,26,0.9516008443135447
263,0.9666666666666667,0.9725974025974027,0.9541561354261102,26,0.951874621097557
264,0.9661016949152542,0.9723809523809525,0.9538192901681745,26,0.954498942801165
265,0.9787234042553191,0.9815384615384616,0.9735429482797905,25,0.9503822112542399
266,0.9866666666666667,0.9866666666666667,0.9825771324863883,26,0.95142063990106
267,0.9797979797979798,0.9733333333333334,0.9705368071341145,26,0.951723084853615
268,0.979381443298969,0.9733333333333334,0.9705368071341145,26,0.9543380520110416
269,0.9824561403508771,0.9815384615384616,0.9735429482797905,25,0.9519523369698816
270,0.9894736842105263,0.9866666666666667,0.9825771324863883,26,0.9531819814954768
271,0.9831932773109243,0.9821212121212122,0.9707544723878663,26,0.9528940061746473
272,0.9914529914529915,0.9866666666666667,0.9825771324863883,25,0.9514487956409421
273,0.9473684210526315,0.9269930069930069,0.9270995670995671,26,0.9524104512872678
274,0.9605263157894737,0.9503030303030304,0.952073732718894,27,0.9536624619149557
275,0.98,0.9684848484848484,0.9684848484848484,27,0.9538545197492622
276,0.9591836734693877,0.9455411255411255,0.9440189328743547,26,0.9523800130189598
277,0.9316239316239316,0.9041358641358641,0.9024079668916037,26,0.9529654228772396
278,0.9591836734693877,0.9589610389610389,0.950823612583952,27,0.9539044334182009
279,0.9590163934426229,0.9407792207792207,0.9336539809874971,27,0.9539013454079557
280,0.9583333333333334,0.9541991341991342,0.9449182512261908,26,0.9529382840958504
281,0.9479166666666666,0.9269930069930069,0.9270995670995671,26,0.9528517741109743
282,0.961038961038961,0.9503030303030304,0.952073732718894,27,0.9539949546566897
283,0.9702970297029703,0.9503030303030304,0.9485714285714286,27,0.9541207172761429
284,0.9595959595959596,0.9455411255411255,0.9440189328743547,26,0.9525658913904712
285,0.9568965517241379,0.9269930069930069,0.9270995670995671,26,0.9543272836446476
286,0.9484536082474226,0.913939393939394,0.9170653907496014,26,0.9513627406264981
287,0.9586776859504132,0.909090909090909,0.9126050420168067,26,0.950736849784165
288,0.9831932773109243,0.9636363636363636,0.9675,25,0.9500915884588118
289,0.9619047619047619,0.9453479853479854,0.9435675524732007,26,0.9539850636984455
290,0.9651162790697675,0.9504761904761905,0.9537869062901155,26,0.9506176607969348
291,0.9636363636363636,0.9371428571428572,0.9406858609939484,26,0.9508333940982239
292,0.9629629629629629,0.9457142857142857,0.9437553165163864,26,0.9537576794563215
293,0.952755905511811,0.9358241758241759,0.9362191514795798,26,0.9542633929391526
294,0.9537037037037037,0.940952380952381,0.9404831368887852,26,0.9508218546008838
295,0.9621212121212122,0.940952380952381,0.9454180308407703,26,0.9510972317723316
296,0.9615384615384616,0.940952380952381,0.9452113124945172,26,0.9542043630541354
297,0.9433962264150944,0.9186813186813186,0.9226572229653103,26,0.9540322284934055
298,0.9540229885057471,0.9371428571428572,0.9426774942555565,26,0.9505782641748171
299,0.963963963963964,0.9371428571428572,0.9411187614268488,26,0.9508481647669633
300,0.963302752293578,0.9371428571428572,0.9411187614268488,26,0.953935262122295
301,0.9761904761904762,0.9504761904761905,0.9546817523936484,25,0.9510636363416806
302,0.9626168224299065,0.9371428571428572,0.9470064985845607,26,0.9525563755106526
303,0.9694656488549618,0.9371428571428572,0.9454477657558531,26,0.9519485509750657
304,0.9767441860465116,0.9504761904761905,0.9546817523936484,25,0.9511900311945866
305,0.9711538461538461,0.972014652014652,0.9661340969685,26,0.9534824398395657
306,0.9764705882352941,0.9771428571428572,0.9728210349254127,26,0.9500321714626926
307,0.9724770642201835,0.9638095238095238,0.9559581881533102,26,0.950181772137109
308,0.9813084112149533,0.9771428571428572,0.9753461425294301,26,0.9529346059310434
309,0.9523809523809523,0.9577289377289377,0.9421405130265889,26,0.9537471988854248
310,0.9626168224299065,0.9676190476190476,0.9538235411910769,26,0.9501722064414333
311,0.9694656488549618,0.9676190476190476,0.952528731132222,26,0.9503856968941745
312,0.9612403100775194,0.9628571428571429,0.9515210685539474,26,0.9532515117285036
313,0.9619047619047619,0.9586813186813187,0.9563110435487638,26,0.9535904268155879
314,0.9651162790697675,0.9638095238095238,0.9607807095731389,26,0.9500342258583788
315,0.9727272727272728,0.9638095238095238,0.9561850741431002,26,0.9502471064837524
316,0.9722222222222222,0.9638095238095238,0.9633058171771559,26,0.953112846509241
317,0.984,0.9771428571428572,0.9751674381362804,25,0.9503991372766779
318,0.9811320754716981,0.9771428571428572,0.9728210349254127,26,0.9518691464574027
319,0.9846153846153847,0.9771428571428572,0.9682253994953743,26,0.951104641732082
320,0.984375,0.9771428571428572,0.9753461425294301,26,0.9547590373183688
321,0.9339622641509434,0.9123409923409923,0.9120356257802456,26,0.9509829649792115
322,0.9540229885057471,0.9407792207792209,0.9423176351579183,27,0.9521908812288516
323,0.954954954954955,0.9362337662337662,0.932458864828164,27,0.9518101228376449
324,0.9541284403669725,0.936017316017316,0.9367886178861788,26,0.950949567617722
325,0.9375,0.9079453879453879,0.9047268878080856,26,0.9512064822506707
326,0.944954128440367,0.9312554112554112,0.9250016178419012,27,0.9522675834166303
327,0.9548872180451128,0.9312554112554112,0.9251636118485458,27,0.95174591253438
328,0.9541984732824428,0.9446753246753247,0.9388699011940188,26,0.9512725244234749
329,0.9345794392523364,0.9123409923409923,0.9120356257802456,26,0.9512363243457038
330,0.9545454545454546,0.9407792207792209,0.9423176351579183,27,0.9524162402936159
331,0.9553571428571429,0.9362337662337662,0.932458864828164,27,0.9520770937677705
332,0.9636363636363636,0.9407792207792209,0.9448427427619357,26,0.9509980584716498
333,0.952755905511811,0.9174691974691974,0.9196907157882768,26,0.9525469202621811
334,0.9444444444444444,0.9044155844155843,0.9073092931886257,27,0.9542050298808153
335,0.9545454545454546,0.9044155844155843,0.904818920916482,27,0.9528661813584812
336,0.9769230769230769,0.9541125541125541,0.9602690100430415,26,0.9530444067147305
337,0.967741935483871,0.9548717948717949,0.9578023263998874,25,0.9506088127209471
338,0.972972972972973,0.96,0.9680216802168022,26,0.9519968322785956
339,0.9591836734693877,0.9421212121212121,0.9420954685564487,26,0.9522933944850683
340,0.96875,0.9552380952380952,0.9579900904430732,25,0.9507562925491412
341,0.9478260869565217,0.9320146520146521,0.9411940234054498,25,0.9510119648953915
342,0.9583333333333334,0.9504761904761905,0.9547179108154717,26,0.9523208482252884
343,0.9583333333333334,0.945930735930736,0.9468293603887197,26,0.9526176926834867
344,0.9576271186440678,0.9457142857142857,0.9509900385857154,25,0.9509515535194476
345,0.9574468085106383,0.9415384615384615,0.9486435711491975,25,0.9509062212649606
346,0.96,0.9466666666666667,0.956912268182243,26,0.9521020567681886
347,0.9595959595959596,0.9421212121212121,0.942528368989349,26,0.9523935505806901
348,0.9587628865979382,0.9419047619047619,0.9469223914229744,25,0.9508553657875395
349,0.9824561403508771,0.96,0.968916526320335,25,0.9525748876618574
350,0.968421052631579,0.9466666666666667,0.9612412725112474,26,0.9539336483163177
351,0.957983193277311,0.9375757575757575,0.935031376891842,26,0.9537188187907365
352,0.9829059829059829,0.96,0.968916526320335,25,0.952693655278103
353,0.9782608695652174,0.9815384615384616,0.9735429482797905,25,0.9502098861375046
354,0.9863013698630136,0.9866666666666667,0.9825771324863883,26,0.951520945402167
355,0.9690721649484536,0.9687878787878788,0.957484754780138,26,0.9516220638901186
356,0.9789473684210527,0.981904761904762,0.9737307123229761,26,0.9542811417632577
357,0.956140350877193,0.9586813186813187,0.9468373593382375,25,0.9506245957437498
358,0.968421052631579,0.9771428571428572,0.9633473507148864,26,0.9518024191648276
359,0.9663865546218487,0.9725974025974027,0.9531536291604461,26,0.9519268722259384
360,0.9572649572649573,0.9676190476190477,0.9439710387078808,26,0.9546567133487492
361,0.978494623655914,0.9815384615384616,0.9735429482797905,25,0.9505126332413707
362,0.9864864864864865,0.9866666666666667,0.9825771324863883,26,0.9516355008326078
363,0.9693877551020408,0.9687878787878788,0.9577116407699281,26,0.951743245281892
364,0.9791666666666666,0.9733333333333334,0.9705368071341145,26,0.9545019083859636
365,0.9911504424778761,0.9866666666666667,0.9825771324863883,25,0.9520311794720603
366,0.9893617021276596,0.9866666666666667,0.9825771324863883,26,0.9533932440787058
367,0.9830508474576272,0.9821212121212122,0.969751966122202,26,0.952922071166273
368,0.9913793103448276,0.9866666666666667,0.9825771324863883,25,0.9516670616682484
369,0.9468085106382979,0.9269930069930069,0.9270995670995671,26,0.952757328457669
370,0.96,0.9503030303030304,0.952073732718894,27,0.9539692609660287
371,0.9494949494949495,0.9412121212121212,0.9274225699281964,27,0.9540826692214603
372,0.9587628865979382,0.9455411255411255,0.9440189328743547,26,0.9527077426988607
373,0.9310344827586207,0.9041358641358641,0.9024079668916037,26,0.9531995874887583
374,0.9484536082474226,0.9407792207792207,0.9345254273657106,27,0.9541186447280694
375,0.9586776859504132,0.9544155844155844,0.9406298910295116,27,0.9542187621428054
376,0.957983193277311,0.9541991341991342,0.9449182512261908,26,0.9531154901914707
377,0.9473684210526315,0.9269930069930069,0.9270995670995671,26,0.9531069490913492
378,0.9605263157894737,0.9503030303030304,0.952073732718894,27,0.9542578354529584
379,0.95,0.9412121212121212,0.9274225699281964,27,0.9543473981393796
380,0.9591836734693877,0.9455411255411255,0.9440189328743547,26,0.9528999399703476
381,0.9565217391304348,0.9269930069930069,0.9270995670995671,25,0.9500023436732665
382,0.9479166666666666,0.913939393939394,0.9170653907496014,26,0.9516385027009602
383,0.95,0.9045454545454545,0.8997798756526205,26,0.9510498337661806
384,0.9745762711864406,0.9454545454545455,0.9502392344497608,25,0.9501555799533593
385,0.9680851063829787,0.9548717948717949,0.9578023263998874,26,0.9541591567468996
386,0.9733333333333334,0.96,0.9664481160940642,26,0.9509106270465384
387,0.9595959595959596,0.9421212121212121,0.9430979748221129,26,0.9511671906448858
388,0.9690721649484536,0.9552380952380952,0.9579900904430732,26,0.9540411022023068
389,0.9568965517241379,0.9453479853479854,0.9504539254062664,26,0.954462137159035
390,0.9587628865979382,0.9504761904761905,0.9524946277219712,26,0.9511506770092598
391,0.9586776859504132,0.945930735930736,0.9478318666543839,26,0.951346863465169
392,0.957983193277311,0.9457142857142857,0.9509900385857154,26,0.9543646878554817
393,0.9473684210526315,0.9282051282051282,0.9368919968919969,26,0.9542535793082921
394,0.9605263157894737,0.9466666666666667,0.956912268182243,26,0.9509388459005967
395,0.96,0.9421212121212121,0.9435308752550131,26,0.9511931313753268
396,0.9591836734693877,0.9419047619047619,0.9469223914229744,26,0.9541991262131438
397,0.9739130434782609,0.9548717948717949,0.9602707366261584,25,0.9514320021021293
398,0.9791666666666666,0.96,0.970490090443073,26,0.9528177441045255
399,0.9666666666666667,0.9421212121212121,0.9478598795840176,26,0.9524363192767177
400,0.9745762711864406,0.9552380952380952,0.960458500669344,25,0.9515111033871994
401,0.978494623655914,0.9815384615384616,0.9735429482797905,26,0.9537637980012926
402,0.9864864864864865,0.9866666666666667,0.9825771324863883,26,0.9504228305640295
403,0.9795918367346939,0.9821212121212122,0.9707544723878663,26,0.9505612003483912
404,0.9791666666666666,0.981904761904762,0.9737307123229761,26,0.9532497364127158
405,0.9652173913043478,0.9720146520146521,0.9566604127579736,26,0.9540671691174958
406,0.96875,0.9771428571428572,0.9633473507148864,26,0.950622276263878
407,0.9666666666666667,0.9725974025974027,0.9541561354261102,26,0.9507067918251543
408,0.9576271186440678,0.9676190476190477,0.9449735449735449,26,0.9535397119751318
409,0.9680851063829787,0.9682051282051282,0.9636558239099073,26,0.9539228961154876
410,0.9866666666666667,0.9866666666666667,0.9825771324863883,26,0.9504896347554379
411,0.9696969696969697,0.9687878787878788,0.9587141470355922,26,0.9506339616225826
412,0.9690721649484536,0.9685714285714285,0.961723227693198,26,0.9534471033559
413,0.9824561403508771,0.9815384615384616,0.9735429482797905,25,0.9509005693558626
414,0.9894736842105263,0.9866666666666667,0.9825771324863883,26,0.9522139745583913
415,0.9831932773109243,0.9821212121212122,0.9707544723878663,26,0.9517139190194096
416,0.9829059829059829,0.981904761904762,0.9737307123229761,25,0.9503978902742947
417,0.9368421052631579,0.9170163170163169,0.9169590643274853,26,0.9508973916576743
418,0.9473684210526315,0.932121212121212,0.9349999999999999,27,0.9522111966385934
419,0.95,0.9275757575757575,0.9231773399014779,27,0.9523049414049579
420,0.9489795918367347,0.9273593073593073,0.9272873311427527,26,0.9510962076732354
421,0.9316239316239316,0.9123409923409923,0.9044165781611978,26,0.9510037562647817
422,0.9489795918367347,0.9273593073593073,0.9230665519219736,27,0.9522193396494419
423,0.9426229508196722,0.9046320346320347,0.8954646710442307,27,0.952208965625057
424,0.9583333333333334,0.9407792207792207,0.9338170865279298,26,0.9512552741991671
425,0.9270833333333334,0.9036829836829836,0.9021052631578946,26,0.9511360207391637
426,0.948051948051948,0.932121212121212,0.9349999999999999,27,0.9524516827213536
427,0.9405940594059405,0.8957575757575758,0.8935064935064935,27,0.9524827199202662
428,0.9393939393939394,0.9091774891774891,0.9096646648513559,26,0.9513756684369452
429,0.9310344827586207,0.8855011655011655,0.883625730994152,26,0.9523814711807317
430,0.9484536082474226,0.913939393939394,0.9170653907496014,27,0.9541037258302776
431,0.9338842975206612,0.8545454545454545,0.8383526383526384,27,0.9533470217728596
432,0.9495798319327731,0.9091774891774891,0.9096646648513559,26,0.9530530615647569
433,0.967741935483871,0.9548717948717949,0.9578023263998874,25,0.9506751191463342
434,0.972972972972973,0.96,0.9680216802168022,26,0.9521008746656944
435,0.9489795918367347,0.9375757575757575,0.9302694721299373,26,0.9524898540762937
436,0.96875,0.9552380952380952,0.9579900904430732,25,0.9507936032115277
437,0.9565217391304348,0.9453479853479854,0.9504539254062664,25,0.951249657140919
438,0.9583333333333334,0.9504761904761905,0.9547179108154717,26,0.9524906074663312
439,0.95,0.9413852813852813,0.9350063401209923,26,0.9529125674353714
440,0.9576271186440678,0.9457142857142857,0.9509900385857154,25,0.951134025248138
441,0.9680851063829787,0.9548717948717949,0.9580292123896775,25,0.9509424753882683
442,0.96,0.9466666666666667,0.956912268182243,26,0.9521359703034858
443,0.9494949494949495,0.9375757575757575,0.9307023725628376,26,0.9525560936351345
444,0.9690721649484536,0.9466666666666667,0.9553535353535352,25,0.9508575917217545
445,0.9736842105263158,0.9548717948717949,0.9602707366261584,25,0.9527146502793044
446,0.9789473684210527,0.96,0.970490090443073,26,0.9540854530129457
447,0.957983193277311,0.9375757575757575,0.935031376891842,26,0.9539011734659919
448,0.9829059829059829,0.96,0.968916526320335,25,0.9528520027175799
449,0.9782608695652174,0.9815384615384616,0.9735429482797905,25,0.9502483678620618
450,0.9863013698630136,0.9866666666666667,0.9825771324863883,26,0.9515878221185826
451,0.9587628865979382,0.9642424242424242,0.9456587583536266,26,0.9518552578553313
452,0.9789473684210527,0.981904761904762,0.9737307123229761,26,0.9544417241809655
453,0.9649122807017544,0.9720146520146521,0.9566604127579736,25,0.95081104403981
454,0.968421052631579,0.9771428571428572,0.9633473507148864,26,0.9519215265856766
455,0.957983193277311,0.9680519480519483,0.9413288477712364,26,0.95224585524889
456,0.9658119658119658,0.9723809523809525,0.9528167839025103,25,0.9500884575210125
457,0.978494623655914,0.9815384615384616,0.9735429482797905,25,0.9505359100980015
458,0.9864864864864865,0.9866666666666667,0.9825771324863883,26,0.9516355753921701
459,0.9693877551020408,0.9775757575757578,0.9579259696956907,26,0.951951567682555
460,0.9791666666666666,0.9733333333333334,0.9705368071341145,26,0.9546368827565017
461,0.9823008849557522,0.9815384615384616,0.9735429482797905,25,0.952159942782901
462,0.9893617021276596,0.9866666666666667,0.9825771324863883,26,0.9534996681599864
463,0.9745762711864406,0.9775757575757578,0.9579259696956907,26,0.9531592887267631
464,0.9913793103448276,0.9866666666666667,0.9825771324863883,25,0.9518201853265801
465,0.9468085106382979,0.9269930069930069,0.9270995670995671,26,0.9527487775616237
466,0.96,0.9503030303030304,0.952073732718894,27,0.953927951784659
467,0.9393939393939394,0.9230303030303031,0.9103488372093024,27,0.9541279095966805
468,0.9690721649484536,0.9588744588744589,0.959408543263965,26,0.952605407395133
469,0.9310344827586207,0.9041358641358641,0.9024079668916037,26,0.9532805991357821
470,0.9484536082474226,0.9407792207792207,0.9317913193684447,27,0.9541878280976657
471,0.9421487603305785,0.9316883116883116,0.909957001226976,27,0.9542688264101139
472,0.957983193277311,0.9541991341991342,0.9422970737766381,26,0.9533384105857071
473,0.9473684210526315,0.9269930069930069,0.9270995670995671,26,0.9531260598897089
474,0.9605263157894737,0.9503030303030304,0.952073732718894,27,0.9541728583357832
475,0.95,0.9412121212121212,0.9274225699281964,27,0.9543192042016695
476,0.9693877551020408,0.9637229437229436,0.9600537045542875,26,0.9528475529478937
477,0.9565217391304348,0.9269930069930069,0.9270995670995671,25,0.950189237495018
478,0.9479166666666666,0.913939393939394,0.9170653907496014,26,0.9516677327412335
479,0.9416666666666667,0.9,0.887953879226109,26,0.9510764065792223
480,0.9661016949152542,0.9406926406926408,0.9424820023126562,25,0.950363454921019
481,0.9659090909090909,0.9548717948717949,0.9503023263998873,26,0.9544894994169433
482,0.9710144927536232,0.96,0.9680216802168022,26,0.9511025264234237
483,0.978494623655914,0.96,0.970652537986054,26,0.9513105714156915
484,0.978021978021978,0.96,0.9623734132078162,26,0.9539498371919194
485,0.9545454545454546,0.9453479853479854,0.9429539254062664,25,0.9501552992189006
486,0.9560439560439561,0.9504761904761905,0.9484199248357232,26,0.9514452842913484
487,0.9565217391304348,0.945930735930736,0.9364795980458631,26,0.9517352343156179
488,0.9646017699115044,0.9504761904761905,0.9481959209386567,26,0.9544034770599508
489,0.9662921348314607,0.9548717948717949,0.9505292123896775,25,0.9501044847449757
490,0.9714285714285714,0.96,0.9682485662065922,26,0.9511081005396099
491,0.9680851063829787,0.9554545454545454,0.959057350917816,26,0.9514529527503814
492,0.9782608695652174,0.96,0.9626002991976064,26,0.9541738653908395
493,0.9724770642201835,0.9548717948717949,0.9527707366261582,25,0.95189538811214
494,0.9777777777777777,0.96,0.970490090443073,26,0.9529751025017021
495,0.9736842105263158,0.9554545454545454,0.9612988751542968,26,0.9529172071618237
496,0.9821428571428571,0.96,0.9648418234340872,25,0.9516406944820771
497,0.9885057471264368,0.9948717948717949,0.9868762816131238,26,0.9540376932213539
498,1.0,1.0,1.0,26,0.9505208784958252
499,0.9891304347826086,0.9954545454545455,0.9881773399014779,26,0.9506518531677489
500,1.0,1.0,1.0,26,0.9531672396933841
501,0.9724770642201835,0.9853479853479854,0.9689411145123596,26,0.9545220331601479
502,0.9777777777777777,0.9904761904761905,0.9740693196405648,26,0.9508365114108878
503,0.9736842105263158,0.985930735930736,0.9705263713607744,26,0.951038134375664
504,0.9732142857142857,0.9857142857142858,0.9620161514898357,26,0.9535988906122242
505,0.9886363636363636,0.9948717948717949,0.9868762816131238,26,0.9541585819266794
506,1.0,1.0,1.0,26,0.9505425256369188
507,0.989247311827957,0.9954545454545455,0.9881773399014779,26,0.9508353251787535
508,1.0,1.0,1.0,26,0.9533946165422796
509,0.9907407407407407,0.9948717948717949,0.9868762816131238,25,0.9512723797033448
510,1.0,1.0,1.0,26,0.9523899273262255
511,0.9911504424778761,0.9954545454545455,0.9881773399014779,26,0.9522063620671961
512,1.0,1.0,1.0,25,0.9505876653355476
513,0.9550561797752809,0.9403263403263404,0.92946001367054,26,0.9509692485376667
514,0.9571428571428572,0.9454545454545455,0.9398496240601503,27,0.9523290385494569
515,0.9574468085106383,0.9272727272727274,0.9174603174603174,27,0.9525920909424914
516,0.9565217391304348,0.9272727272727274,0.9191919191919192,26,0.9507662370105417
517,0.9459459459459459,0.930802530802531,0.9136301097276707,26,0.9516745611422903
518,0.9456521739130435,0.9359307359307361,0.9187583148558758,27,0.9527111381190231
519,0.9396551724137931,0.9132034632034631,0.8911916709734424,27,0.9529867750239976
520,0.956140350877193,0.9359307359307361,0.9187583148558758,26,0.951323838531819
521,0.9555555555555556,0.9403263403263404,0.92946001367054,26,0.9514989727801
522,0.9577464788732394,0.9454545454545455,0.9398496240601503,27,0.9526332157208363
523,0.9473684210526315,0.909090909090909,0.8952890247007893,27,0.9529136049724436
524,0.956989247311828,0.9272727272727274,0.9191919191919192,26,0.9510978116091672
525,0.9545454545454546,0.922144522144522,0.9094798920885877,26,0.9530548440570069
526,0.9560439560439561,0.9272727272727274,0.9191919191919192,26,0.9501365812479761
527,0.9565217391304348,0.9227272727272726,0.9073692590933969,27,0.954142368633299
528,0.9557522123893806,0.909090909090909,0.8976982097186701,26,0.9531218202640471
529,0.9595959595959596,0.9453479853479854,0.9360675524732007,26,0.9535371627003066
530,0.9625,0.9504761904761905,0.9537869062901155,27,0.9543760409326822
531,0.9711538461538461,0.9504761904761905,0.9564177640593673,26,0.9500873246572831
532,0.9705882352941176,0.9504761904761905,0.9481386392811295,26,0.9528698113068711
533,0.9504132231404959,0.9358241758241759,0.9287191514795797,26,0.9538523844972718
534,0.9509803921568627,0.940952380952381,0.9362639628751573,26,0.9502196937607296
535,0.9523809523809523,0.9364069264069265,0.9344004386219373,26,0.9504125360777953
536,0.9596774193548387,0.940952380952381,0.93396114701197,26,0.9532934589770135
537,0.96,0.9453479853479854,0.9362944384629909,26,0.953579013720638
538,0.9629629629629629,0.9504761904761905,0.9540137922799057,27,0.95434660539979
539,0.9714285714285714,0.9504761904761905,0.9566446500491574,26,0.9501376840709148
540,0.970873786407767,0.9504761904761905,0.9483655252709198,26,0.9530984728402193
541,0.9666666666666667,0.9453479853479854,0.9385359626994717,25,0.9505632100005644
542,0.9702970297029703,0.9504761904761905,0.9562553165163864,26,0.9518073650197245
543,0.976,0.9504761904761905,0.9588861742856383,26,0.9514873612240804
544,0.975609756097561,0.9504761904761905,0.9506070495074006,25,0.9503660924510504
545,0.9795918367346939,0.9853479853479854,0.9794674303018333,26,0.9529642691149055
546,0.9873417721518988,0.9904761904761905,0.9902439024390244,27,0.9538013235269389
547,0.9805825242718447,0.985930735930736,0.9776510241120041,27,0.9537706920024024
548,0.9900990099009901,0.9904761904761905,0.9845956354300384,26,0.9520260464541485
549,0.9583333333333334,0.9710622710622712,0.9544212147809749,26,0.9532810762418694
550,0.9702970297029703,0.980952380952381,0.9643132220795891,27,0.9541159859546132
551,0.968,0.9764069264069265,0.961052687150248,27,0.9539001854469875
552,0.967479674796748,0.9761904761904763,0.9525424672793094,26,0.9523892438170467
553,0.9797979797979798,0.9853479853479854,0.9794674303018333,26,0.9530292571599761
554,0.9875,0.9904761904761905,0.9902439024390244,27,0.9538003423851921
555,0.9807692307692307,0.985930735930736,0.9776510241120041,27,0.9538766091462985
556,0.9901960784313726,0.9904761904761905,0.9845956354300384,26,0.9522502851289513
557,0.9831932773109243,0.9853479853479854,0.9794674303018333,26,0.9544922986825491
558,0.99,0.9904761904761905,0.9902439024390244,26,0.9511236834686221
559,0.9919354838709677,0.9904761904761905,0.9845956354300384,26,0.950628873192309
560,0.9918032786885246,0.9904761904761905,0.9845956354300384,26,0.9538863599767907
561,0.95,0.9308025308025307,0.9220511623592497,27,0.9542621511462078
562,0.9506172839506173,0.9359307359307358,0.9300935264991746,27,0.9509964661220522
563,0.9523809523809523,0.9313852813852813,0.9196059113300492,27,0.9508338288979706
564,0.9611650485436893,0.9359307359307358,0.9326186341031921,27,0.9543048479815315
565,0.9426229508196722,0.9212787212787212,0.9062853293665272,27,0.954635627121483
566,0.941747572815534,0.9264069264069263,0.9090022172949002,27,0.9512218024648813
567,0.937007874015748,0.9036796536796536,0.8846890507866118,27,0.9511270595943302
568,0.968,0.9627705627705627,0.9441569459172852,27,0.9546476005952446
569,0.9504950495049505,0.9308025308025307,0.9220511623592497,27,0.9545417895659075
570,0.9512195121951219,0.9359307359307358,0.9265505226480837,27,0.9511547978925377
571,0.9433962264150944,0.9132034632034631,0.8991821245904731,27,0.9511735357314512
572,0.9711538461538461,0.9541125541125541,0.9527690100430416,27,0.9545147547744994
573,0.9504132231404959,0.9126207126207125,0.9020710407772974,26,0.9511284082561153
574,0.9509803921568627,0.9177489177489179,0.9094358216309436,27,0.9531518720185678
575,0.9523809523809523,0.9132034632034631,0.8991821245904731,27,0.9523466143092412
576,0.9758064516129032,0.9541125541125541,0.9527690100430416,26,0.9517814013777482
577,0.9655172413793104,0.9548717948717949,0.9503023263998873,26,0.9545429728836591
578,0.9705882352941176,0.96,0.9680216802168022,26,0.9512486305867633
579,0.967391304347826,0.9554545454545454,0.9578279586623617,26,0.9513596978878205
580,0.9777777777777777,0.96,0.9623734132078162,26,0.9540596705002333
581,0.9541284403669725,0.9453479853479854,0.9429539254062664,25,0.9503870232364963
582,0.9555555555555556,0.9504761904761905,0.9484199248357232,26,0.951580670379118
583,0.956140350877193,0.945930735930736,0.9354770917801989,26,0.9517299888248645
584,0.9642857142857143,0.9504761904761905,0.9481959209386567,25,0.9501818811316413
585,0.9659090909090909,0.9548717948717949,0.9505292123896775,25,0.9502562565435615
586,0.9710144927536232,0.96,0.9682485662065922,26,0.9512791044237692
587,0.967741935483871,0.9554545454545454,0.9580548446521518,26,0.9514570970882734
588,0.978021978021978,0.96,0.9626002991976064,25,0.9500046113663945
589,0.9722222222222222,0.9548717948717949,0.9527707366261582,25,0.9518873366809457
590,0.9775280898876404,0.96,0.970490090443073,26,0.9530509290910898
591,0.9734513274336283,0.9554545454545454,0.9602963688886327,26,0.9529280076352186
592,0.9819819819819819,0.96,0.9648418234340872,25,0.9518178280173194
593,0.9883720930232558,0.9948717948717949,0.9868762816131238,26,0.9540907742506954
594,1.0,1.0,1.0,26,0.9506455607603932
595,0.989010989010989,0.9954545454545455,0.9871748336358136,26,0.9506535279006619
596,1.0,1.0,1.0,26,0.9532735016896822
597,0.9629629629629629,0.9805860805860807,0.9558854400959664,26,0.9545093065440301
598,0.9775280898876404,0.9904761904761905,0.9740693196405648,26,0.9509467314147012
599,0.9734513274336283,0.985930735930736,0.9612441532763786,26,0.9509998793058123
600,0.972972972972973,0.9857142857142858,0.9610136452241715,26,0.9536770546371576
601,0.9885057471264368,0.9948717948717949,0.9868762816131238,26,0.9542037488584124
602,1.0,1.0,1.0,26,0.9506757134049288
603,0.9891304347826086,0.9954545454545455,0.9871748336358136,26,0.9507920011152238
604,1.0,1.0,1.0,26,0.9535159884441091
605,0.9906542056074766,0.9948717948717949,0.9868762816131238,25,0.9512638900514693
606,1.0,1.0,1.0,26,0.9524417531723599
607,0.9910714285714286,0.9954545454545455,0.9871748336358136,26,0.952158858590592
608,1.0,1.0,1.0,25,0.9507277384279003
609,0.9545454545454546,0.9403263403263404,0.92946001367054,26,0.9511186902403579
610,0.9565217391304348,0.9454545454545455,0.9398496240601503,27,0.952565838922136
611,0.946236559139785,0.9227272727272726,0.9063667528277328,27,0.9527444122501864
612,0.9560439560439561,0.9272727272727274,0.9191919191919192,26,0.9510505271976682
613,0.9454545454545454,0.930802530802531,0.9136301097276707,26,0.9516516921370026
614,0.945054945054945,0.9359307359307361,0.9166530516979812,27,0.9529240521599324
615,0.9391304347826087,0.9132034632034631,0.8910549655735792,27,0.953109281769132
616,0.9557522123893806,0.9359307359307361,0.9187583148558758,26,0.9515336967938924
617,0.9550561797752809,0.9403263403263404,0.92946001367054,26,0.9516549481532678
618,0.9571428571428572,0.9454545454545455,0.9398496240601503,27,0.9528533336162711
619,0.9361702127659575,0.9181818181818182,0.8945407564012214,27,0.9530600215784011
620,0.9565217391304348,0.9272727272727274,0.9191919191919192,26,0.9513297878278943
621,0.9541284403669725,0.922144522144522,0.9094798920885877,26,0.9531462399587355
622,0.9444444444444444,0.909090909090909,0.8976982097186701,26,0.9503510140804237
623,0.9473684210526315,0.9045454545454545,0.8848730433544837,26,0.9500872540235109
624,0.9553571428571429,0.909090909090909,0.8976982097186701,26,0.9532456640768886
625,0.9659090909090909,0.9548717948717949,0.9503023263998873,26,0.9536476315048795
626,0.9710144927536232,0.96,0.9680216802168022,26,0.9501445976805697
627,0.967741935483871,0.9554545454545454,0.9505507531092942,26,0.9502956198282145
628,0.978021978021978,0.96,0.9623734132078162,26,0.9530450558517235
629,0.9545454545454546,0.9453479853479854,0.9429539254062664,26,0.9539618975114452
630,0.9560439560439561,0.9504761904761905,0.9504987368018438,26,0.950415958318623
631,0.9565217391304348,0.945930735930736,0.9364795980458631,26,0.9505517871647263
632,0.9646017699115044,0.9504761904761905,0.9481959209386567,26,0.9533847361032222
633,0.9662921348314607,0.9548717948717949,0.9505292123896775,26,0.9537074849114747
634,0.9714285714285714,0.96,0.9682485662065922,26,0.950104468440424
635,0.9680851063829787,0.9554545454545454,0.9507776390990843,26,0.950332153091604
636,0.9782608695652174,0.96,0.9626002991976064,26,0.9532989683357345
637,0.9724770642201835,0.9548717948717949,0.9527707366261582,25,0.9508140459238144
638,0.9777777777777777,0.96,0.970490090443073,26,0.9519851065099576
639,0.9736842105263158,0.9554545454545454,0.9530191633355651,26,0.9517777911346481
640,0.9821428571428571,0.96,0.9648418234340872,25,0.9505574100044613
641,0.9885057471264368,0.9948717948717949,0.9868762816131238,26,0.9531719039453337
642,1.0,1.0,1.0,27,0.953965985375061
643,0.9891304347826086,0.9954545454545455,0.9881773399014779,27,0.9538939869511404
644,1.0,1.0,1.0,26,0.9522721754002947
645,0.963302752293578,0.9805860805860807,0.9568879463616305,26,0.9534932588280831
646,0.9777777777777777,0.9904761904761905,0.9740693196405648,27,0.9543146739278379
647,0.9736842105263158,0.9861471861471862,0.9642310646837935,27,0.9539752917074756
648,0.9732142857142857,0.9857142857142858,0.9620161514898357,26,0.9525796222270947
649,0.9886363636363636,0.9948717948717949,0.9868762816131238,26,0.9532575490249493
650,1.0,1.0,1.0,27,0.9540179269536655
651,0.989247311827957,0.9954545454545455,0.9881773399014779,27,0.9539885480588839
652,0.989010989010989,0.9952380952380953,0.9870640456563095,26,0.9525093637080468
653,0.9907407407407407,0.9948717948717949,0.9868762816131238,25,0.9502097674066387
654,1.0,1.0,1.0,26,0.9513770978037307
655,0.9911504424778761,0.9954545454545455,0.9881773399014779,26,0.9510359380818335
656,0.990990990990991,0.9952380952380953,0.9870640456563095,26,0.9541329075423092
657,0.9325842696629213,0.9039627039627038,0.8885790679908327,27,0.9543282914828495
658,0.9571428571428572,0.9454545454545455,0.9398496240601503,27,0.9509726324409459
659,0.9574468085106383,0.9272727272727274,0.9191919191919192,27,0.951192218237873
660,0.9456521739130435,0.9225108225108224,0.9096676561317734,27,0.9542361678825784
661,0.9369369369369369,0.9126207126207125,0.8938839062743733,27,0.9545869670828288
662,0.9565217391304348,0.9406926406926408,0.927916175982124,27,0.9511079178997124
663,0.9396551724137931,0.8997835497835498,0.875622773811029,27,0.9514714951245893
664,0.956140350877193,0.9359307359307361,0.9188170865279298,27,0.9544442610047986
665,0.9444444444444444,0.922144522144522,0.9094798920885877,27,0.9545981924507522
666,0.9436619718309859,0.9272727272727274,0.9191919191919192,27,0.951120351861733
667,0.9473684210526315,0.909090909090909,0.8976982097186701,27,0.9513791979365218
668,0.956989247311828,0.9272727272727274,0.9191919191919192,27,0.9545604211369554
669,0.9454545454545454,0.9039627039627038,0.8885790679908327,26,0.9512115966151978
670,0.9560439560439561,0.9272727272727274,0.9191919191919192,27,0.9529258761808596
671,0.9391304347826087,0.8727272727272727,0.8471428571428572,27,0.9526632470687283
672,0.9380530973451328,0.8861471861471861,0.866590361445783,26,0.951265252281813
673,0.9655172413793104,0.9548717948717949,0.9503023263998873,26,0.9546450695657548
674,0.9705882352941176,0.96,0.9680216802168022,26,0.9513099402730484
675,0.9565217391304348,0.9509090909090908,0.9377222504171187,26,0.9515250635174852
676,0.9777777777777777,0.96,0.9623734132078162,26,0.9541719310371679
677,0.9541284403669725,0.9453479853479854,0.9429539254062664,25,0.9503600559351405
678,0.9555555555555556,0.9504761904761905,0.9484199248357232,26,0.9517015804155181
679,0.9473684210526315,0.9413852813852813,0.9236523103909893,26,0.9519872117423672
680,0.9642857142857143,0.9504761904761905,0.9481959209386567,25,0.9502830700443101
681,0.9659090909090909,0.9548717948717949,0.9505292123896775,25,0.9502245264598396
682,0.9710144927536232,0.96,0.9682485662065922,26,0.9512722064598806
683,0.956989247311828,0.9509090909090908,0.9462300632629421,26,0.9516017692103688
684,0.978021978021978,0.96,0.9626002991976064,26,0.9544249785679649
685,0.9722222222222222,0.9548717948717949,0.9527707366261582,25,0.952138008849446
686,0.9775280898876404,0.96,0.970490090443073,26,0.9531701190162438
687,0.9646017699115044,0.9509090909090908,0.9401906606433895,26,0.953050901551852
688,0.9819819819819819,0.96,0.9648418234340872,25,0.9519373902840254
689,0.9883720930232558,0.9948717948717949,0.9868762816131238,26,0.9541770993677594
690,1.0,1.0,1.0,26,0.9507236890229399
691,0.978021978021978,0.990909090909091,0.9753488372093024,26,0.9508292984896523
692,1.0,1.0,1.0,26,0.9533899096598996
693,0.9722222222222222,0.9853479853479854,0.9689411145123596,26,0.9546531937441207
694,0.9775280898876404,0.9904761904761905,0.9740693196405648,26,0.9510595752324945
695,0.9646017699115044,0.9813852813852815,0.9576990837059005,26,0.95125196020053
696,0.972972972972973,0.9857142857142858,0.9610136452241715,26,0.9538676929609252
697,0.9885057471264368,0.9948717948717949,0.9868762816131238,26,0.9542650841544653
698,1.0,1.0,1.0,26,0.9506825150972491
699,0.9782608695652174,0.990909090909091,0.9753488372093024,26,0.9509371323597401
700,1.0,1.0,1.0,26,0.9536280172629233
701,0.9906542056074766,0.9948717948717949,0.9868762816131238,25,0.9514900819572002
702,1.0,1.0,1.0,26,0.9525827442579651
703,0.9821428571428571,0.990909090909091,0.9753488372093024,26,0.9523221862138841
704,1.0,1.0,1.0,25,0.9508817782038086
705,0.9318181818181818,0.9039627039627038,0.8885790679908327,26,0.9511685520217379
706,0.9565217391304348,0.9454545454545455,0.9398496240601503,27,0.9526022549593804
707,0.9354838709677419,0.9181818181818182,0.8945407564012214,27,0.9528366929120808
708,0.945054945054945,0.909090909090909,0.8976982097186701,26,0.9510794307979725
709,0.9454545454545454,0.930802530802531,0.9136301097276707,26,0.9518373530791728
710,0.945054945054945,0.9359307359307361,0.9166530516979812,27,0.9529934038106632
711,0.9304347826086956,0.9086580086580085,0.8792301841843695,27,0.9532959308346586
712,0.9557522123893806,0.9359307359307361,0.9187583148558758,26,0.9516599676258589
713,0.9438202247191011,0.922144522144522,0.9094798920885877,26,0.9516515355424376
714,0.9571428571428572,0.9454545454545455,0.9398496240601503,27,0.9528040317178661
715,0.9361702127659575,0.9181818181818182,0.8945407564012214,27,0.9530741505621131
716,0.9565217391304348,0.9272727272727274,0.9191919191919192,26,0.9513405368719057
717,0.9541284403669725,0.922144522144522,0.9094798920885877,26,0.9533225497364531
718,0.9444444444444444,0.909090909090909,0.8976982097186701,26,0.9504777647960808
719,0.9385964912280702,0.9,0.8730470469279723,26,0.9501965407292755
720,0.9553571428571429,0.909090909090909,0.8976982097186701,26,0.9533991618058777
721,0.9545454545454546,0.9326495726495727,0.9291995695076567,26,0.9540440335440635
722,0.9565217391304348,0.9377777777777778,0.9467331648106396,26,0.9509725186610134
723,0.967741935483871,0.9377777777777778,0.9493640225798915,26,0.9510995775694209
724,0.967032967032967,0.9552380952380952,0.9504900904430731,26,0.9537936640029708
725,0.9454545454545454,0.9231257631257632,0.9218511685140358,26,0.954485039213645
726,0.945054945054945,0.9282539682539683,0.9334293954093094,26,0.9512707632516687
727,0.9565217391304348,0.945930735930736,0.943757163768136,26,0.9514796624629916
728,0.9646017699115044,0.9504761904761905,0.9481959209386567,26,0.9542810072619982
729,0.9550561797752809,0.9326495726495727,0.9294264554974468,26,0.9541812455177283
730,0.9571428571428572,0.9377777777777778,0.9469600508004298,26,0.9509330380578884
731,0.9680851063829787,0.9377777777777778,0.9495909085696816,26,0.9512803425093113
732,0.9782608695652174,0.96,0.9626002991976064,26,0.9540749138732072
733,0.963302752293578,0.9326495726495727,0.9316679797339276,25,0.9514029297680539
734,0.9666666666666667,0.9377777777777778,0.9492015750369106,26,0.9528792023348085
735,0.9649122807017544,0.9332323232323233,0.9408761606139352,26,0.9526572910410314
736,0.9821428571428571,0.96,0.9648418234340872,25,0.9515106488299041
737,0.9770114942528736,0.9726495726495725,0.9656565656565655,26,0.9536135771134159
738,0.9852941176470589,0.9777777777777779,0.9787114845938376,26,0.9504028204572653
739,0.9891304347826086,0.9777777777777779,0.9787114845938376,26,0.9504266975353014
740,0.9777777777777777,0.9730158730158729,0.9658443296997513,26,0.9530883334446216
741,0.963302752293578,0.963125763125763,0.9477213985558016,26,0.954040976334274
742,0.9666666666666667,0.9682539682539681,0.9584290712433882,26,0.9506779325939542
743,0.9649122807017544,0.9637085137085137,0.9501036568204129,26,0.950763670358296
744,0.9553571428571429,0.9587301587301587,0.9298958726986628,26,0.9535062825315211
745,0.9772727272727273,0.9726495726495725,0.9656565656565655,26,0.9537992637985656
746,0.9855072463768116,0.9777777777777779,0.9787114845938376,26,0.9503880330153052
747,0.989247311827957,0.9777777777777779,0.9787114845938376,26,0.9506378258562983
748,0.989010989010989,0.9777777777777779,0.9787114845938376,26,0.9533448275102672
749,0.9907407407407407,0.9777777777777779,0.9787114845938376,25,0.9507625119134075
750,0.9887640449438202,0.9777777777777779,0.9787114845938376,26,0.9522568130984799
751,0.9823008849557522,0.9732323232323232,0.9677546253611162,26,0.9519145377004234
752,0.990990990990991,0.9777777777777779,0.9787114845938376,25,0.9505149387575693
753,0.9438202247191011,0.9181041181041181,0.9086807928913192,26,0.9506910062170039
754,0.9428571428571428,0.9232323232323232,0.9188972431077694,27,0.9522773417584866
755,0.9468085106382979,0.905050505050505,0.8973737373737374,27,0.9526180334609508
756,0.9347826086956522,0.9002886002886002,0.8873450512004728,26,0.9508766332368357
757,0.9369369369369369,0.9085803085803086,0.8928508889484499,26,0.9513728062979963
758,0.9347826086956522,0.9137085137085137,0.9007200929152148,27,0.9526350771272586
759,0.9310344827586207,0.890981240981241,0.8718579612049501,27,0.9529565571905095
760,0.9473684210526315,0.9137085137085137,0.897979094076655,26,0.9512351011658708
761,0.9444444444444444,0.9181041181041181,0.9086807928913192,26,0.951175280566405
762,0.9436619718309859,0.9232323232323232,0.9188972431077694,27,0.9524578798713982
763,0.9473684210526315,0.905050505050505,0.8973737373737374,27,0.9529131780151179
764,0.946236559139785,0.905050505050505,0.8973737373737374,26,0.9510895652015515
765,0.9545454545454546,0.9181041181041181,0.9086807928913192,26,0.9527460363061175
766,0.9560439560439561,0.9232323232323232,0.9188972431077694,27,0.9543576874082205
767,0.9565217391304348,0.9186868686868687,0.9079403838750482,27,0.9540456340507623
768,0.9557522123893806,0.905050505050505,0.8973737373737374,26,0.9530306743364497
769,0.9494949494949495,0.923125763125763,0.9198428443614579,26,0.9530926930395541
770,0.95,0.9282539682539681,0.9373764396644407,27,0.9542636121167736
771,0.9519230769230769,0.9237085137085137,0.9332793550511906,27,0.9543289803285047
772,0.9607843137254902,0.9282539682539681,0.9317969721050593,26,0.952762626417936
773,0.9421487603305785,0.9136019536019535,0.912494443367837,26,0.9533301399706928
774,0.9411764705882353,0.9187301587301586,0.9259501331906728,27,0.9545074095652052
775,0.9523809523809523,0.9187301587301586,0.9333102149693593,26,0.9501164460701845
776,0.9516129032258065,0.9187301587301586,0.9177364389002272,26,0.953179349498768
777,0.95,0.923125763125763,0.9200697303512481,26,0.953121359349685
778,0.9506172839506173,0.9282539682539681,0.9376033256542311,27,0.9542133990400609
779,0.9523809523809523,0.9237085137085137,0.9335062410409808,27,0.9543770807068929
780,0.9611650485436893,0.9282539682539681,0.9320238580948494,26,0.9530117277841554
781,0.9583333333333334,0.923125763125763,0.9223112545877289,26,0.954661711721482
782,0.9603960396039604,0.9282539682539681,0.9398448498907118,26,0.9516556976614582
783,0.968,0.9282539682539681,0.9424757076599637,26,0.9511620873899544
784,0.967479674796748,0.9282539682539681,0.9342653823313303,25,0.9501814316836766
785,0.9693877551020408,0.963125763125763,0.963125763125763,26,0.9525517635681285
786,0.9746835443037974,0.9682539682539681,0.9738334358133496,27,0.9536510093128504
787,0.970873786407767,0.9637085137085137,0.9614566393813677,27,0.9535241221072881
788,0.9702970297029703,0.9634920634920634,0.9564876045535525,26,0.9519697007949187
789,0.9583333333333334,0.9536019536019535,0.9452546669751459,26,0.9527833199603649
790,0.9603960396039604,0.9587301587301587,0.9537833105000665,27,0.953867234861935
791,0.96,0.9541847041847042,0.9448583024196117,27,0.9535498450802747
792,0.959349593495935,0.9539682539682539,0.9365338410626048,26,0.9522921657046008
793,0.9696969696969697,0.963125763125763,0.963125763125763,26,0.9526310882654728
794,0.975,0.9682539682539681,0.9738334358133496,27,0.9536389228503925
795,0.9711538461538461,0.9637085137085137,0.9614566393813677,27,0.953624419209367
796,0.9803921568627451,0.9682539682539681,0.9682539682539681,26,0.9522087063694542
797,0.9747899159663865,0.963125763125763,0.963125763125763,26,0.9540042399543002
798,0.98,0.9682539682539681,0.9738334358133496,26,0.950943356729107
799,0.9838709677419355,0.9682539682539681,0.9681851688043638,26,0.9502830393763175
800,0.9754098360655737,0.9634920634920634,0.9564876045535525,26,0.9537539571063648
801,0.94,0.9085803085803086,0.9061499903605167,27,0.9539275461984357
802,0.9382716049382716,0.9137085137085137,0.9140191943272816,27,0.9507668798239911
803,0.9238095238095239,0.8864357864357864,0.876916392461068,27,0.9508519328913473
804,0.9320388349514563,0.8907647907647908,0.8846469740837911,27,0.9540374371896349
805,0.9344262295081968,0.8990564990564991,0.8903841573677942,27,0.9542067385002935
806,0.9320388349514563,0.9041847041847042,0.8960743321718931,27,0.9509443978316641
807,0.937007874015748,0.8996392496392497,0.889003960682917,27,0.951030986026955
808,0.944,0.9041847041847042,0.8910526871502482,27,0.9543882448338062
809,0.9405940594059405,0.9085803085803086,0.9061499903605167,27,0.9541573061039808
810,0.9390243902439024,0.9137085137085137,0.9140191943272816,27,0.9508722721930559
811,0.9433962264150944,0.9091630591630592,0.9037476610531945,27,0.951136578520239
812,0.9519230769230769,0.9137085137085137,0.9112781954887218,27,0.9542915666296161
813,0.9504132231404959,0.9085803085803086,0.9061499903605167,26,0.9508558505566627
814,0.9509803921568627,0.9137085137085137,0.9140191943272816,27,0.9527747216241127
815,0.9365079365079365,0.8864357864357864,0.876916392461068,27,0.9521697608092183
816,0.9516129032258065,0.8955266955266955,0.8992491260069919,26,0.9515513883195518
817,0.9540229885057471,0.9326495726495727,0.9281970632419926,26,0.9541228977898112
818,0.9558823529411765,0.9377777777777778,0.9457306585449755,26,0.9510623953532142
819,0.9565217391304348,0.9332323232323233,0.9365895685694825,26,0.9511582354526774
820,0.9555555555555556,0.9330158730158731,0.9283848272851782,26,0.9538589124011944
821,0.944954128440367,0.9231257631257632,0.9208486622483717,26,0.9545005559927935
822,0.9555555555555556,0.9504761904761905,0.9547179108154717,26,0.9513481079172468
823,0.9473684210526315,0.9237085137085138,0.921585066859197,26,0.9514844703478841
824,0.9642857142857143,0.9504761904761905,0.9482485662065923,26,0.9543303312092295
825,0.9545454545454546,0.9326495726495727,0.9284239492317827,26,0.9542444938001594
826,0.9565217391304348,0.9377777777777778,0.9459575445347657,26,0.9510832245389891
827,0.956989247311828,0.9332323232323233,0.9368164545592726,26,0.951311093513395
828,0.978021978021978,0.96,0.9626002991976064,26,0.954157455016484
829,0.9629629629629629,0.9326495726495727,0.9306654734682634,25,0.9514659447377897
830,0.9662921348314607,0.9377777777777778,0.9481990687712465,26,0.9528903692144185
831,0.9646017699115044,0.9332323232323233,0.9390579787957535,26,0.9526387038444565
832,0.9819819819819819,0.96,0.9648418234340872,25,0.9516292464079467
833,0.9767441860465116,0.9726495726495725,0.9646540593909014,26,0.9537033391792453
834,0.9850746268656716,0.9777777777777779,0.9777089783281735,26,0.9505105093289632
835,0.978021978021978,0.9732323232323232,0.9659364435429344,26,0.9504245761562985
836,0.9775280898876404,0.9730158730158729,0.9648418234340872,26,0.9531714444164058
837,0.9629629629629629,0.963125763125763,0.9467188922901373,26,0.9540785699341543
838,0.9662921348314607,0.9682539682539681,0.957426564977724,26,0.9507738294638405
839,0.9646017699115044,0.9637085137085137,0.948285475002231,26,0.9507262408107214
840,0.963963963963964,0.9634920634920634,0.9398440545808967,26,0.9535612725677772
841,0.9770114942528736,0.9726495726495725,0.9646540593909014,26,0.9538635215928559
842,0.9852941176470589,0.9777777777777779,0.9777089783281735,26,0.9505178165068279
843,0.9782608695652174,0.9732323232323232,0.9659364435429344,26,0.9506069235664883
844,0.9888888888888889,0.9777777777777779,0.9777089783281735,26,0.9534368262613349
845,0.9813084112149533,0.9726495726495725,0.9646540593909014,25,0.95077688823167
846,0.9886363636363636,0.9777777777777779,0.9777089783281735,26,0.9523049981283381
847,0.9821428571428571,0.9732323232323232,0.9659364435429344,26,0.951853578105144
848,0.990909090909091,0.9777777777777779,0.9777089783281735,25,0.9505926347659047
849,0.9431818181818182,0.9181041181041181,0.9076782866256551,26,0.9508816822311239
850,0.9420289855072463,0.9232323232323232,0.9178947368421053,27,0.9524760016929071
851,0.9354838709677419,0.9141414141414141,0.8951984612694528,27,0.9527866515474004
852,0.9340659340659341,0.9002886002886002,0.8855268693822911,26,0.9511056734483241
853,0.9363636363636364,0.9085803085803086,0.8918483826827858,26,0.9514083126584499
854,0.9340659340659341,0.9137085137085137,0.8997175866495507,27,0.952797134487206
855,0.9391304347826087,0.9091630591630592,0.8905764966740577,27,0.9530795696903602
856,0.9557522123893806,0.9359307359307361,0.9187583148558758,26,0.9514312212915849
857,0.9438202247191011,0.9181041181041181,0.9076782866256551,26,0.9513697976137458
858,0.9428571428571428,0.9232323232323232,0.9178947368421053,27,0.9526856853329471
859,0.9361702127659575,0.9141414141414141,0.8951984612694528,27,0.9530673542168492
860,0.9565217391304348,0.9272727272727274,0.9164578111946533,26,0.9513057511867358
861,0.944954128440367,0.8999222999222999,0.8853391053391053,26,0.9528859015437589
862,0.9444444444444444,0.905050505050505,0.8955555555555555,26,0.9501134143335161
863,0.9385964912280702,0.8823232323232324,0.8625139836498864,26,0.9500205247946688
864,0.9553571428571429,0.905050505050505,0.8955555555555555,26,0.9531534365259409
865,0.9545454545454546,0.9326495726495727,0.9291995695076567,26,0.953205182519435
866,0.9565217391304348,0.9377777777777778,0.9467331648106396,26,0.9500219894325104
867,0.956989247311828,0.9332323232323233,0.930196838018537,26,0.950031334198287
868,0.9560439560439561,0.9330158730158731,0.9293873335508425,26,0.9528262418937016
869,0.9454545454545454,0.9231257631257632,0.9218511685140358,26,0.9534853453296773
870,0.945054945054945,0.9282539682539683,0.9353068583368718,26,0.9502442720408922
871,0.9478260869565217,0.9237085137085138,0.9234032486773789,26,0.950269017050773
872,0.9469026548672567,0.9234920634920636,0.9223872816934847,26,0.953178722521604
873,0.9550561797752809,0.9326495726495727,0.9294264554974468,26,0.9532867431375284
874,0.9571428571428572,0.9377777777777778,0.9469600508004298,27,0.9543378410972595
875,0.9574468085106383,0.9332323232323233,0.9304237240083271,26,0.9501238885355897
876,0.9565217391304348,0.9330158730158731,0.9296142195406325,26,0.9530951985866566
877,0.963302752293578,0.9326495726495727,0.9316679797339276,25,0.9503384452638938
878,0.9666666666666667,0.9377777777777778,0.9492015750369106,26,0.9518807828519449
879,0.9649122807017544,0.9332323232323233,0.9408761606139352,26,0.9515043069189727
880,0.9732142857142857,0.9377777777777778,0.9436221074775292,25,0.9503611900535026
881,0.9770114942528736,0.9726495726495725,0.9656565656565655,26,0.9527567998605022
882,0.9852941176470589,0.9777777777777779,0.9787114845938376,27,0.9538154041960002
883,0.9782608695652174,0.9732323232323232,0.9677546253611162,27,0.9537109458600453
884,0.9777777777777777,0.9730158730158729,0.9658443296997513,26,0.9521267731487255
885,0.963302752293578,0.963125763125763,0.9477213985558016,26,0.9530326296942015
886,0.9666666666666667,0.9682539682539681,0.9584290712433882,27,0.9540817953333744
887,0.9736842105263158,0.9684704184704185,0.9548186710174257,27,0.9537641389425107
888,0.9553571428571429,0.9587301587301587,0.9298958726986628,26,0.9524207284273751
889,0.9772727272727273,0.9726495726495725,0.9656565656565655,26,0.9528912839899464
890,0.9855072463768116,0.9777777777777779,0.9787114845938376,27,0.9538624628758196
891,0.978494623655914,0.9732323232323232,0.9677546253611162,27,0.9538094811734176
892,0.978021978021978,0.9730158730158729,0.9658443296997513,26,0.9523791009543883
893,0.9814814814814815,0.9726495726495725,0.9656565656565655,26,0.9543340066946845
894,0.9887640449438202,0.9777777777777779,0.9787114845938376,26,0.9512516064004568
895,0.9823008849557522,0.9732323232323232,0.9677546253611162,26,0.9507273000740053
896,0.9819819819819819,0.9730158730158729,0.9658443296997513,26,0.9539192509249599
897,0.9438202247191011,0.9181041181041181,0.9086807928913192,27,0.9539429389474855
898,0.9428571428571428,0.9232323232323232,0.9188972431077694,27,0.9508279977631471
899,0.9468085106382979,0.905050505050505,0.8984126984126984,27,0.9511434264809608
900,0.9347826086956522,0.9002886002886002,0.8873450512004728,27,0.9539489595819699
901,0.9369369369369369,0.9085803085803086,0.8928508889484499,27,0.9541583656435342
902,0.9456521739130435,0.9184704184704184,0.9080665519219735,27,0.9509704424086215
903,0.9482758620689655,0.9139249639249639,0.8971096926892523,27,0.951453251615235
904,0.9385964912280702,0.908946608946609,0.8932171893147502,27,0.9541001783507665
905,0.9444444444444444,0.9181041181041181,0.9086807928913192,27,0.9541170170947929
906,0.9436619718309859,0.9232323232323232,0.9188972431077694,27,0.9509130100722692
907,0.9473684210526315,0.905050505050505,0.8984126984126984,27,0.9513738691023976
908,0.9354838709677419,0.9002886002886002,0.8873450512004728,27,0.9541737453023093
909,0.9454545454545454,0.8999222999222999,0.8871572871572871,26,0.9509428643306531
910,0.945054945054945,0.905050505050505,0.8973737373737374,27,0.9527408944048791
911,0.9565217391304348,0.905050505050505,0.8973737373737374,27,0.9525801791545327
912,0.9469026548672567,0.9002886002886002,0.8873450512004728,26,0.9512269190102282
913,0.9540229885057471,0.9326495726495727,0.9281970632419926,26,0.9542417926196716
914,0.9558823529411765,0.9377777777777778,0.9457306585449755,26,0.9512012596994506
915,0.9456521739130435,0.9286868686868687,0.9256670428193704,26,0.9513422180218836
916,0.9555555555555556,0.9330158730158731,0.9283848272851782,26,0.9540771895899515
917,0.944954128440367,0.9231257631257632,0.9208486622483717,26,0.9546977870203651
918,0.9444444444444444,0.9282539682539683,0.9324268891436451,26,0.9515283705600799
919,0.9385964912280702,0.9191630591630592,0.9106643022305672,26,0.9517742236579024
920,0.9553571428571429,0.9282539682539683,0.9260906577807617,25,0.9501724568406293
921,0.9545454545454546,0.9326495726495727,0.9284239492317827,26,0.9543387378235813
922,0.9565217391304348,0.9377777777777778,0.9459575445347657,26,0.9511371987478594
923,0.946236559139785,0.9286868686868687,0.9258939288091605,26,0.9514761917879969
924,0.967032967032967,0.9377777777777778,0.940378076975384,26,0.9543306163537554
925,0.9629629629629629,0.9326495726495727,0.9306654734682634,25,0.9516967493815855
926,0.9662921348314607,0.9377777777777778,0.9481990687712465,26,0.9530942673268303
927,0.9557522123893806,0.9286868686868687,0.9199233256392123,26,0.9528124817838913
928,0.972972972972973,0.9377777777777778,0.9426196012118648,25,0.9518595689790593
929,0.9767441860465116,0.9726495726495725,0.9646540593909014,26,0.953794599969988
930,0.9850746268656716,0.9777777777777779,0.9777089783281735,26,0.9506296921074157
931,0.967032967032967,0.9686868686868687,0.9550127027555207,26,0.950628149303134
932,0.9775280898876404,0.9730158730158729,0.9648418234340872,26,0.9533495290967895
933,0.9629629629629629,0.963125763125763,0.9467188922901373,26,0.9542328036014374
934,0.9662921348314607,0.9682539682539681,0.957426564977724,26,0.9509241167880871
935,0.9557522123893806,0.959163059163059,0.9373629492521189,26,0.9510188049459367
936,0.963963963963964,0.9634920634920634,0.9400807337179268,26,0.9537992698500691
937,0.9770114942528736,0.9726495726495725,0.9646540593909014,26,0.9539298650713335
938,0.9852941176470589,0.9777777777777779,0.9777089783281735,26,0.9505615742433611
939,0.967391304347826,0.9686868686868687,0.9550127027555207,26,0.9507812916446207
940,0.9888888888888889,0.9777777777777779,0.9777089783281735,26,0.9535834155664125
941,0.9906542056074766,0.9777777777777779,0.9777089783281735,25,0.9510258546253098
942,0.9886363636363636,0.9777777777777779,0.9777089783281735,26,0.9524742534247246
943,0.9732142857142857,0.9686868686868687,0.9550127027555207,26,0.9520550250177986
944,0.990909090909091,0.9777777777777779,0.9777089783281735,25,0.9508502596944466
945,0.9431818181818182,0.9181041181041181,0.9076782866256551,26,0.950914304151518
946,0.9420289855072463,0.9232323232323232,0.9178947368421053,27,0.952579843462362
947,0.9354838709677419,0.9141414141414141,0.8951984612694528,27,0.9529185098169469
948,0.9340659340659341,0.9002886002886002,0.8855268693822911,26,0.9512345366945958
949,0.9363636363636364,0.9085803085803086,0.8918483826827858,26,0.951560107263667
950,0.9340659340659341,0.9137085137085137,0.8986649550706034,27,0.9529405025709262
951,0.9304347826086956,0.9046176046176047,0.8796539709239457,27,0.9533445303838589
952,0.9469026548672567,0.9137085137085137,0.8969765878109909,26,0.9516232981349781
953,0.9438202247191011,0.9181041181041181,0.9076782866256551,26,0.9513760687896328
954,0.9428571428571428,0.9232323232323232,0.9178947368421053,27,0.9526800658101545
955,0.9361702127659575,0.9141414141414141,0.8951984612694528,27,0.9531544679281839
956,0.9456521739130435,0.905050505050505,0.8955555555555555,26,0.9513788511601876
957,0.9541284403669725,0.9181041181041181,0.9076782866256551,26,0.9530794518535716
958,0.9444444444444444,0.905050505050505,0.8955555555555555,26,0.9502911937023222
959,0.9385964912280702,0.8959595959595958,0.8745407564012215,26,0.9501836476788521
960,0.9553571428571429,0.905050505050505,0.8955555555555555,26,0.9534333124074574
961,0.8947368421052632,0.8673717948717948,0.8751803751803753,26,0.9536475017614925
962,0.881578947368421,0.8724999999999999,0.8835663956639568,26,0.9503188245087253
963,0.83,0.7804545454545455,0.7541032658274036,27,0.9541219022466477
964,0.9285714285714286,0.9052380952380952,0.9131459170013387,26,0.9534690125798921
965,0.9316239316239316,0.9078479853479854,0.9237550073792958,26,0.9540331962160451
966,0.9285714285714286,0.9129761904761905,0.9253929168566651,26,0.9504518675894338
967,0.8770491803278688,0.8131926406926407,0.8268895712357344,26,0.9500845791955911
968,0.95,0.9254761904761905,0.9386601307189542,26,0.9538320124291378
969,0.9583333333333334,0.9423717948717949,0.9479076479076479,26,0.9536106712035307
970,0.961038961038961,0.9475,0.9573572070031551,26,0.9501930862062338
971,0.8910891089108911,0.8554545454545455,0.8586610000321968,27,0.9541328156289133
972,0.9595959595959596,0.9427380952380953,0.9480954119508336,26,0.9536915277238986
973,0.9224137931034483,0.8724999999999999,0.8984615384615384,25,0.9509811410320591
974,0.9072164948453608,0.8724999999999999,0.8991219512195123,26,0.9520214812089558
975,0.8677685950413223,0.7849999999999999,0.788611111111111,26,0.9510550578663985
976,0.9495798319327731,0.9099999999999999,0.9318007662835249,25,0.9509569002653887
977,0.9148936170212766,0.9073717948717949,0.9060769018215827,26,0.9531067160382382
978,0.8933333333333333,0.9,0.9,27,0.9540670716599338
979,0.8484848484848485,0.8204545454545455,0.7807699324940705,27,0.9533886208794249
980,0.9381443298969072,0.9327380952380953,0.9325109963664181,26,0.9525603204219795
981,0.9482758620689655,0.9478479853479854,0.9459141065333017,26,0.953481798579711
982,0.9484536082474226,0.9529761904761905,0.9510423116615068,27,0.954363749403662
983,0.9008264462809917,0.8656926406926407,0.8630860192244187,27,0.9537300986762288
984,0.957983193277311,0.9684523809523811,0.9529318723638364,26,0.9529589831125671
985,0.9894736842105263,0.9875,0.9888972243060765,26,0.9530920006448115
986,0.9868421052631579,0.9875,0.9888972243060765,27,0.9539513205690382
987,0.91,0.8954545454545455,0.8895106732348111,27,0.9534121505562335
988,0.9897959183673469,0.9875,0.9888972243060765,26,0.9527607035406557
989,0.9391304347826087,0.9125,0.9282696629213483,25,0.9503371610171448
990,0.9270833333333334,0.9125,0.9282696629213483,26,0.9513768897514379
991,0.875,0.8204545454545455,0.8034551176792556,26,0.9502191600715658
992,0.9661016949152542,0.95,0.9621262458471762,26,0.9544508409811663
993,0.8854166666666666,0.8528263403263404,0.860174347026106,26,0.9504531551098908
994,0.8701298701298701,0.8579545454545455,0.8672052471604543,27,0.9516682063753865
995,0.8514851485148515,0.7954545454545455,0.7918324238690371,27,0.9511081520533775
996,0.9090909090909091,0.8781926406926408,0.8857246757261077,26,0.9503050549517943
997,0.923728813559322,0.8933025308025309,0.9006828465651996,26,0.9511936686296674
998,0.9191919191919192,0.898430735930736,0.9058110516934047,27,0.9519990761196262
999,0.9024390243902439,0.8486471861471863,0.8589709906951286,27,0.9515147381663822
1000,0.9586776859504132,0.9472943722943723,0.9505865924082244,26,0.9509651353661224
1001,0.9484536082474226,0.9278263403263404,0.9326010586720501,26,0.9508194173269444
1002,0.9487179487179487,0.9329545454545455,0.9402404780761753,27,0.9517820072233559
1003,0.9117647058823529,0.8704545454545455,0.8813520871143374,27,0.9512104655746427
1004,0.97,0.9511363636363637,0.957167019027484,26,0.9506887239353085
1005,0.905982905982906,0.8528263403263404,0.8742312439900074,26,0.9522172897837139
1006,0.9081632653061225,0.8647727272727274,0.8859967865529601,27,0.9534825520197796
1007,0.860655737704918,0.7704545454545455,0.7773496240601504,27,0.9524835210216055
1008,0.925,0.8781926406926408,0.8964526450747666,26,0.9525095379084918
1009,0.8962264150943396,0.8578479853479853,0.8609456012536885,26,0.9523387559577008
1010,0.8735632183908046,0.8504761904761905,0.8552635945263856,27,0.9534680756631632
1011,0.8378378378378378,0.770930735930736,0.7447465406812049,27,0.9526226862107471
1012,0.908256880733945,0.8707142857142858,0.874203274111464,26,0.9521251759788695
1013,0.9140625,0.8733241758241759,0.8865227797859084,26,0.95254659357933
1014,0.9174311926605505,0.8832142857142857,0.8989161148055974,27,0.9536562563857652
1015,0.8796992481203008,0.8036688311688313,0.8175328460895355,27,0.9529900650992901
1016,0.9389312977099237,0.903452380952381,0.9148690706619116,26,0.9524600655414058
1017,0.9532710280373832,0.9328479853479854,0.9336728739809613,26,0.952179168288944
1018,0.9545454545454546,0.9379761904761905,0.9431224330764685,27,0.9532298064471157
1019,0.8660714285714286,0.808430735930736,0.8030630389977033,27,0.9526381097806943
1020,0.9636363636363636,0.9379761904761905,0.9419520947601822,26,0.9522651412547932
1021,0.9133858267716536,0.8578479853479853,0.876501156809244,26,0.9538867081415905
1022,0.9074074074074074,0.8629761904761905,0.8848871772928255,26,0.9506154462228528
1023,0.8636363636363636,0.770930735930736,0.7674317258663901,27,0.953633335632523
1024,0.9230769230769231,0.8629761904761905,0.8842267645348517,26,0.9537942985274983
1025,0.9047619047619048,0.8853479853479854,0.8846604127579738,26,0.9516899618735062
1026,0.8837209302325582,0.8779761904761905,0.875248338996256,27,0.9527622310350026
1027,0.8545454545454545,0.8109307359307361,0.7785233285233286,27,0.951720721726151
1028,0.9351851851851852,0.9154761904761906,0.9205282073674563,26,0.9511686310933651
1029,0.9291338582677166,0.9133241758241759,0.9180516018410463,26,0.9518793935236892
1030,0.9351851851851852,0.930952380952381,0.9312813396567681,27,0.952909695095125
1031,0.8939393939393939,0.8436688311688313,0.8451106004857405,27,0.9520270889355884
1032,0.9538461538461539,0.9511904761904763,0.9461939020294844,26,0.9513884207609302
1033,0.9622641509433962,0.9603479853479854,0.9615479982907205,26,0.9515410810782207
1034,0.9655172413793104,0.9654761904761905,0.9678196600147821,27,0.9525263774927668
1035,0.8828828828828829,0.848430735930736,0.839659397206567,27,0.9518084211294101
1036,0.981651376146789,0.9779761904761906,0.9816662343491181,26,0.9512425822425827
1037,0.9285714285714286,0.8978479853479854,0.9127249474741939,26,0.9532067926546003
1038,0.9252336448598131,0.9029761904761905,0.9185135653603727,27,0.9542676660536693
1039,0.8778625954198473,0.8109307359307361,0.8012085137085136,27,0.9528228254300783
1040,0.9457364341085271,0.9154761904761906,0.9248054256398287,26,0.9528416595944845
1041,0.8878504672897196,0.8433025308025307,0.8527654957148154,27,0.9533873922096295
1042,0.875,0.8484307359307358,0.8574491495994787,27,0.9500524251499162
1043,0.8303571428571429,0.7563852813852814,0.7405951748057011,28,0.9534822341603055
1044,0.8909090909090909,0.8436688311688311,0.8531317960811158,27,0.9536883078604892
1045,0.9147286821705426,0.8712787212787212,0.8835735261385583,27,0.9537104733097224
1046,0.9181818181818182,0.8889069264069264,0.8960549541324291,27,0.9501896373968347
1047,0.8731343283582089,0.7891233766233766,0.8037321543704523,28,0.9534830573191733
1048,0.9318181818181818,0.8945887445887445,0.9050828027769393,27,0.9540805710350911
1049,0.9444444444444444,0.9183025308025308,0.9251922073607597,27,0.9535084857110683
1050,0.9438202247191011,0.9234307359307359,0.9304843805151997,27,0.950025150870566
1051,0.8584070796460177,0.7938852813852814,0.7961756879333841,28,0.9534175217888765
1052,0.963963963963964,0.9416125541125542,0.9499360290705259,27,0.9538533477800617
1053,0.90625,0.8359307359307359,0.8617520990222116,26,0.9500503614658342
1054,0.908256880733945,0.8552489177489179,0.8762406889919845,27,0.951822790827795
1055,0.8646616541353384,0.7688852813852813,0.7815288220551379,27,0.9501424983127855
1056,0.9389312977099237,0.8972943722943721,0.9177569850310165,26,0.9508899903092245
1057,0.8936170212765957,0.8673717948717948,0.8751803751803753,26,0.9537592398107823
1058,0.88,0.8724999999999999,0.8835663956639568,26,0.9504425434178505
1059,0.8181818181818182,0.7759090909090909,0.7412747631352282,27,0.9541902209850602
1060,0.9072164948453608,0.8802380952380953,0.8884380480381505,26,0.9534707715817149
1061,0.9310344827586207,0.9078479853479854,0.9237550073792958,26,0.9540468524087851
1062,0.9278350515463918,0.9129761904761905,0.9253929168566651,26,0.9505523735560654
1063,0.8677685950413223,0.808647186147186,0.8140640447023426,26,0.9501181338207858
1064,0.9327731092436975,0.9082142857142858,0.9214542483660131,26,0.9538679628712293
1065,0.9578947368421052,0.9423717948717949,0.9479076479076479,26,0.9537717854097891
1066,0.9605263157894737,0.9475,0.9573572070031551,26,0.950356966257439
1067,0.88,0.8509090909090908,0.8458324973400213,27,0.9541832663491917
1068,0.9591836734693877,0.9427380952380953,0.9480954119508336,26,0.953730495481865
1069,0.9217391304347826,0.8724999999999999,0.8984615384615384,25,0.9510360254386683
1070,0.90625,0.8724999999999999,0.8991219512195123,26,0.9520735444592772
1071,0.85,0.7759090909090909,0.7639599483204134,26,0.9511502994062541
1072,0.9322033898305084,0.885,0.9101955888472743,25,0.9509435605511005
1073,0.9139784946236559,0.9073717948717949,0.9060769018215827,26,0.9532194344624704
1074,0.8918918918918919,0.9,0.9,27,0.9541699418750518
1075,0.8367346938775511,0.815909090909091,0.767941429801895,27,0.9534392262477179
1076,0.9375,0.9327380952380953,0.9325109963664181,26,0.9526100342296717
1077,0.9478260869565217,0.9478479853479854,0.9459141065333017,26,0.9535096680969817
1078,0.9479166666666666,0.9529761904761905,0.9510423116615068,27,0.9544332110263657
1079,0.9166666666666666,0.8986471861471863,0.8910447436420508,27,0.9537322533341994
1080,0.9661016949152542,0.9732142857142858,0.956691270860077,26,0.9529847101655436
1081,0.9787234042553191,0.9823717948717949,0.9802514346118997,26,0.9532175359090936
1082,0.9866666666666667,0.9875,0.9888972243060765,27,0.954027284796847
1083,0.9090909090909091,0.903409090909091,0.8907774086378737,27,0.9534325831908468
1084,0.9896907216494846,0.9875,0.9888972243060765,26,0.9528149171805476
1085,0.9385964912280702,0.9125,0.9282696629213483,25,0.9503651940243509
1086,0.9263157894736842,0.9125,0.9282696629213483,26,0.9514478787912296
1087,0.865546218487395,0.815909090909091,0.7906266149870801,26,0.9502158763850109
1088,0.9658119658119658,0.95,0.9621262458471762,26,0.9543957987763384
1089,0.8842105263157894,0.8528263403263404,0.860174347026106,26,0.9505517880236123
1090,0.868421052631579,0.8579545454545455,0.8672052471604543,27,0.9518274875831275
1091,0.83,0.7863636363636364,0.7671812610783395,27,0.9513969267331909
1092,0.8979591836734694,0.8600108225108224,0.8684236947791165,26,0.9505229465658138
1093,0.9145299145299145,0.8751207126207126,0.8834166865126617,26,0.9511820911606763
1094,0.9081632653061225,0.8802489177489177,0.8885448916408668,27,0.9520875243523392
1095,0.8934426229508197,0.8518398268398268,0.8528526645768025,27,0.9516611885762624
1096,0.9583333333333334,0.9550324675324676,0.9497772360803431,26,0.9511280550657452
1097,0.9479166666666666,0.9278263403263404,0.9326010586720501,26,0.9509379698662848
1098,0.948051948051948,0.9329545454545455,0.9402404780761753,27,0.9519508184073535
1099,0.8910891089108911,0.8613636363636363,0.8567009243236399,27,0.9514468522009027
1100,0.9595959595959596,0.9463744588744589,0.9494097868903795,26,0.9508311920894562
1101,0.9051724137931034,0.8528263403263404,0.8742312439900074,26,0.9523075264348686
1102,0.9072164948453608,0.8761363636363637,0.8976029962546817,27,0.9535870409950161
1103,0.8512396694214877,0.7738636363636364,0.7709469233337043,27,0.952707500740107
1104,0.9243697478991597,0.8781926406926408,0.8964526450747666,26,0.9525862675667149
1105,0.8947368421052632,0.8673717948717948,0.8751803751803753,26,0.9528709649775973
1106,0.881578947368421,0.8724999999999999,0.8835663956639568,27,0.9536660464525638
1107,0.83,0.7884090909090908,0.7630310501745342,27,0.9529700431508393
1108,0.9285714285714286,0.9052380952380952,0.9131459170013387,26,0.9524942226173196
1109,0.9316239316239316,0.9078479853479854,0.9237550073792958,26,0.9530674486942353
1110,0.9387755102040817,0.9177380952380952,0.9338323086518756,27,0.9539084484868079
1111,0.8934426229508197,0.8461471861471861,0.8587248307248307,27,0.9532776651677223
1112,0.9416666666666667,0.9207142857142857,0.9308921144215262,26,0.9527164668841621
1113,0.9583333333333334,0.9423717948717949,0.9479076479076479,26,0.9528126538141887
1114,0.961038961038961,0.9475,0.9573572070031551,27,0.9535384106714707
1115,0.8910891089108911,0.8634090909090908,0.8614063352668003,27,0.9529307045912938
1116,0.9595959595959596,0.9427380952380953,0.9480954119508336,26,0.952688971674176
1117,0.9137931034482759,0.8673717948717948,0.8907359307359307,26,0.954461577506358
1118,0.9072164948453608,0.8724999999999999,0.8991219512195123,26,0.9509577951677854
1119,0.8512396694214877,0.7759090909090909,0.7657781301385953,27,0.9540459566232896
1120,0.9243697478991597,0.8802380952380953,0.9024949450020522,26,0.9541950867099365
1121,0.9148936170212766,0.9073717948717949,0.9060769018215827,26,0.9523107482116694
1122,0.9066666666666666,0.9125,0.9142127659574466,27,0.9530732992169876
1123,0.8383838383838383,0.815909090909091,0.7697596116200767,27,0.9521925891177663
1124,0.9484536082474226,0.9452380952380952,0.9449257846432753,26,0.9516320849765566
1125,0.9482758620689655,0.9478479853479854,0.9459141065333017,26,0.9524933937239661
1126,0.9484536082474226,0.9529761904761905,0.9510423116615068,27,0.9532891237229444
1127,0.9008264462809917,0.8813852813852815,0.8724184810157883,27,0.9524376338014939
1128,0.957983193277311,0.9684523809523811,0.949602320389706,26,0.9517907536787251
1129,0.9789473684210527,0.9823717948717949,0.9802514346118997,26,0.952264543019638
1130,0.9868421052631579,0.9875,0.9888972243060765,27,0.9529341368934782
1131,0.91,0.903409090909091,0.8925955904560556,27,0.952135897075903
1132,0.9795918367346939,0.9827380952380953,0.9804391986550854,26,0.9517906527591398
1133,0.9304347826086956,0.9073717948717949,0.9201337987854842,26,0.9538393374653109
1134,0.9270833333333334,0.9125,0.9282696629213483,26,0.9502882022727875
1135,0.8666666666666667,0.815909090909091,0.7924447968052619,27,0.9533384556269882
1136,0.9491525423728814,0.9327380952380953,0.943238965715077,26,0.9533277488406467
1137,0.8854166666666666,0.8528263403263404,0.860174347026106,27,0.9536891682221507
1138,0.8701298701298701,0.8579545454545455,0.8672052471604543,27,0.9503238072859668
1139,0.8316831683168316,0.7863636363636364,0.7689994428965212,28,0.954220695487076
1140,0.9090909090909091,0.8781926406926408,0.8857246757261077,27,0.9537191662620702
1141,0.9322033898305084,0.8980644355644356,0.9045732725047291,27,0.9538099976167216
1142,0.9292929292929293,0.910930735930736,0.9141923545004417,27,0.9505885139420704
1143,0.9024390243902439,0.8566017316017316,0.8593677164315912,27,0.9500049184179328
1144,0.9421487603305785,0.9243506493506495,0.9258874458874459,27,0.9540317095758013
1145,0.9484536082474226,0.9278263403263404,0.9326010586720501,27,0.953869181026896
1146,0.9487179487179487,0.9329545454545455,0.9402404780761753,27,0.950284274905846
1147,0.8921568627450981,0.8613636363636363,0.8585191061418218,28,0.954046860090423
1148,0.96,0.9329545454545455,0.9402404780761753,27,0.9539970466165997
1149,0.9230769230769231,0.8778263403263404,0.8962648810315809,26,0.950327048808294
1150,0.9081632653061225,0.8647727272727274,0.8859967865529601,27,0.9520689240849123
1151,0.8524590163934426,0.7738636363636364,0.772765105151886,27,0.9510767089814508
1152,0.9333333333333333,0.8793290043290043,0.8895604828276692,26,0.9506970203047571
1153,0.8936170212765957,0.8673717948717948,0.8751803751803753,26,0.9539392626851917
1154,0.88,0.8724999999999999,0.8835663956639568,26,0.9505622833804428
1155,0.8181818181818182,0.7838636363636363,0.7502337790462097,26,0.9501913645667877
1156,0.9072164948453608,0.8802380952380953,0.8884380480381505,26,0.9536852055814004
1157,0.9310344827586207,0.9078479853479854,0.9237550073792958,26,0.9543078071078005
1158,0.9278350515463918,0.9129761904761905,0.9253929168566651,26,0.9507322603916261
1159,0.8760330578512396,0.8291017316017315,0.83263963256467,26,0.9504777386342088
1160,0.9411764705882353,0.9207142857142857,0.9308921144215262,26,0.9541184809448139
1161,0.9578947368421052,0.9423717948717949,0.9479076479076479,26,0.953884692312805
1162,0.9605263157894737,0.9475,0.9573572070031551,26,0.9504095219426925
1163,0.88,0.8588636363636363,0.8486090641384758,26,0.9500770384585431
1164,0.9591836734693877,0.9427380952380953,0.9480954119508336,26,0.9538946783728933
1165,0.9217391304347826,0.8724999999999999,0.8984615384615384,25,0.9513135902314671
1166,0.90625,0.8724999999999999,0.8991219512195123,26,0.9523235065065874
1167,0.8416666666666667,0.7713636363636363,0.7529808590102708,26,0.9512796989987782
1168,0.9322033898305084,0.8927380952380952,0.9134559135182316,25,0.951258919127899
1169,0.9139784946236559,0.9073717948717949,0.9060769018215827,26,0.9533633714714234
1170,0.8918918918918919,0.9,0.9,27,0.9542912264575212
1171,0.826530612244898,0.8113636363636363,0.7569623404917522,27,0.9536300761250881
1172,0.9375,0.9327380952380953,0.9325109963664181,26,0.9527935645724928
1173,0.9478260869565217,0.9478479853479854,0.9459141065333017,26,0.9537098105414769
1174,0.9479166666666666,0.9529761904761905,0.9510423116615068,26,0.9500370951735405
1175,0.9,0.8816017316017316,0.8673965456627994,27,0.9539871858776107
1176,0.9576271186440678,0.9684523809523811,0.9519293660981722,26,0.9532437718415276
1177,0.9787234042553191,0.9823717948717949,0.9802514346118997,26,0.9532965760661763
1178,0.9866666666666667,0.9875,0.9888972243060765,27,0.9541467193448429
1179,0.898989898989899,0.8988636363636363,0.8797983193277311,27,0.9535856803917873
1180,0.979381443298969,0.9827380952380953,0.9804391986550854,26,0.9529476146339739
1181,0.9385964912280702,0.9125,0.9282696629213483,25,0.9506033946254716
1182,0.9263157894736842,0.9125,0.9282696629213483,26,0.9516407134741491
1183,0.8571428571428571,0.8113636363636363,0.7796475256769374,26,0.9504690757667181
1184,0.9658119658119658,0.95,0.9621262458471762,25,0.9502537597766638
1185,0.8842105263157894,0.8528263403263404,0.860174347026106,26,0.9507014627441265
1186,0.868421052631579,0.8579545454545455,0.8672052471604543,27,0.9519567752329703
1187,0.83,0.7943181818181818,0.7729868789621112,27,0.9515128201881551
1188,0.9081632653061225,0.8781926406926408,0.8857246757261077,26,0.9506218765397585
1189,0.9230769230769231,0.8933025308025309,0.8985775834073048,26,0.9514541029051138
1190,0.9081632653061225,0.8802489177489177,0.8885448916408668,27,0.9522855889044064
1191,0.8934426229508197,0.8520562770562771,0.8465704453032666,27,0.9518996065694237
1192,0.9583333333333334,0.9550324675324676,0.9497772360803431,26,0.9513763506979475
1193,0.9479166666666666,0.9278263403263404,0.9326010586720501,26,0.9510313014028223
1194,0.948051948051948,0.9329545454545455,0.9402404780761753,27,0.9519881703493688
1195,0.8811881188118812,0.8568181818181818,0.8457218350134973,27,0.9515095037477167
1196,0.9696969696969697,0.9645562770562771,0.9652335709494577,26,0.9509128846150132
1197,0.9051724137931034,0.8528263403263404,0.8742312439900074,26,0.9525006000910633
1198,0.8865979381443299,0.8397727272727273,0.8639631495113866,27,0.9538302787273851
1199,0.8512396694214877,0.7818181818181819,0.776824103028426,27,0.952792644340959
1200,0.9243697478991597,0.8668290043290042,0.8802794370760353,26,0.9528339080580661
1201,0.979381443298969,0.96,0.9674943235918846,26,0.9543650212389401
1202,0.9615384615384616,0.9488888888888889,0.9576616337591947,26,0.9511391061725353
1203,0.9607843137254902,0.9377777777777778,0.9513124274099883,26,0.9511437735404039
1204,0.94,0.921904761904762,0.935025974844466,26,0.9538915650276608
1205,0.9663865546218487,0.9504761904761905,0.9601434567097218,26,0.9548081924925331
1206,0.95,0.9393650793650794,0.9466527582190233,26,0.9514338418967834
1207,0.9516129032258065,0.9284704184704186,0.9374603174603175,26,0.9514808244509639
1208,0.9344262295081968,0.9123809523809525,0.928341069907335,25,0.9500321542646228
1209,0.9795918367346939,0.96,0.9677212095816747,26,0.9544680153356613
1210,0.9620253164556962,0.9488888888888889,0.9578885197489848,26,0.9511256043434455
1211,0.9611650485436893,0.9377777777777778,0.9515393133997785,26,0.9512484255033745
1212,0.9603960396039604,0.9377777777777778,0.9513325950535252,26,0.9541387179071162
1213,0.9830508474576272,0.96,0.9699627338181556,25,0.9520601753036617
1214,0.9595959595959596,0.9377777777777778,0.9496499449691148,26,0.9534101683121153
1215,0.959349593495935,0.9332323232323233,0.9419598995231864,26,0.9530402265152279
1216,0.9504132231404959,0.921904761904762,0.9374943850707369,25,0.9521105542316756
1217,1.0,1.0,1.0,26,0.9538739800387471
1218,0.974025974025974,0.9788888888888889,0.9794076655052265,26,0.950545264476849
1219,0.9801980198019802,0.9777777777777779,0.9837908496732026,26,0.9504585503754139
1220,0.9696969696969697,0.9730158730158729,0.975798319327731,26,0.953116753505587
1221,0.9830508474576272,0.9904761904761905,0.9820639898604183,26,0.9543142354720985
1222,0.9696969696969697,0.9793650793650794,0.9693575401919432,26,0.9508226508777263
1223,0.959349593495935,0.9637085137085137,0.9544182311349871,26,0.9507837665399073
1224,0.9504132231404959,0.9587301587301587,0.9460972845550568,26,0.953575846614509
1225,1.0,1.0,1.0,26,0.9540404129370961
1226,0.9871794871794872,0.9888888888888889,0.9894076655052265,26,0.9506070306318206
1227,0.9705882352941176,0.9732323232323232,0.9719699115601296,26,0.9506289054861506
1228,0.98,0.9777777777777779,0.9835841313269494,26,0.9534212291243909
1229,1.0,1.0,1.0,25,0.9513846288711539
1230,0.9795918367346939,0.9777777777777779,0.9787114845938376,26,0.9527206096977099
1231,0.9754098360655737,0.9732323232323232,0.9719699115601296,26,0.9523579076148185
1232,0.9666666666666667,0.9619047619047618,0.9671682626538989,25,0.9509503323016888
1233,0.9489795918367347,0.909090909090909,0.9167862266857962,26,0.9508253109546044
1234,0.9240506329113924,0.905050505050505,0.914452798663325,27,0.9525255785370822
1235,0.941747572815534,0.9116161616161615,0.9158452658452658,27,0.9525636305418397
1236,0.9207920792079208,0.8757575757575757,0.8921746557062026,26,0.9508029581718983
1237,0.95,0.9177489177489176,0.9199587267025235,26,0.9515234814563015
1238,0.9207920792079208,0.8955266955266955,0.8969579365316298,27,0.9528945435577093
1239,0.936,0.9020923520923521,0.8982688043663654,27,0.952818503201222
1240,0.926829268292683,0.8844155844155844,0.895561625343397,26,0.9512710864259571
1241,0.9494949494949495,0.909090909090909,0.9167862266857962,26,0.9514883141191613
1242,0.925,0.905050505050505,0.914452798663325,27,0.9527485859609623
1243,0.9519230769230769,0.9161616161616163,0.927667338903294,27,0.9527876599101561
1244,0.9215686274509803,0.8757575757575757,0.8921746557062026,26,0.9512063917115487
1245,0.9663865546218487,0.9272727272727274,0.9355555555555555,26,0.9535329790856402
1246,0.95,0.909090909090909,0.9167862266857962,26,0.9505867884934531
1247,0.9596774193548387,0.9227272727272726,0.9288664610784039,26,0.9502019447025322
1248,0.9426229508196722,0.8868686868686868,0.9006278719001017,26,0.9536041864447605
1249,0.9722222222222222,0.9504761904761905,0.9532595496651979,26,0.9534236286884817
1250,0.9550561797752809,0.9393650793650794,0.9434268598325082,27,0.9543911679052787
1251,0.9469026548672567,0.9237085137085137,0.9301347641507165,27,0.9542952831145183
1252,0.9369369369369369,0.9123809523809523,0.9207912009177794,26,0.9528365199177476
1253,0.9615384615384616,0.940952380952381,0.9459086827830351,26,0.9536993083126739
1254,0.954954954954955,0.940952380952381,0.9423605998163476,26,0.9500309177926887
1255,0.9481481481481482,0.9187301587301586,0.9304755788716703,26,0.9500025714056789
1256,0.9323308270676691,0.9028571428571428,0.9141062959806483,26,0.9532081461825151
1257,0.9724770642201835,0.9504761904761905,0.953486435654988,26,0.9534846374640881
1258,0.9555555555555556,0.9393650793650794,0.9436537458222982,27,0.9543335644203172
1259,0.9473684210526315,0.9237085137085137,0.9303616501405066,27,0.9542958367009265
1260,0.9553571428571429,0.9282539682539681,0.9370978211268387,26,0.9530696592997163
1261,0.9767441860465116,0.9504761904761905,0.9557279598914687,25,0.9506688277255279
1262,0.9545454545454546,0.9282539682539681,0.9354151710424283,26,0.952111674806217
1263,0.9626865671641791,0.9282539682539681,0.9395460637095725,26,0.9514363335763284
1264,0.946969696969697,0.9123809523809523,0.9232596111440504,25,0.9508059454174486
1265,0.9906542056074766,0.9904761904761905,0.9925903056498919,26,0.9528109125616064
1266,0.9772727272727273,0.9793650793650794,0.979883855981417,27,0.9537341233179757
1267,0.9642857142857143,0.9637085137085137,0.9698225957049486,27,0.9535101031353608
1268,0.9636363636363636,0.9634920634920634,0.9686767684952597,26,0.951984712204189
1269,0.9689922480620154,0.9761904761904763,0.9675424672793094,26,0.9531020849309119
1270,0.9636363636363636,0.9761904761904763,0.9630186577554998,27,0.9538056013369843
1271,0.9552238805970149,0.9541847041847042,0.952318109034865,27,0.9536144628680553
1272,0.946969696969697,0.9492063492063492,0.9439053572628889,26,0.9523054626252732
1273,0.9907407407407407,0.9904761904761905,0.9925903056498919,26,0.9529243900140143
1274,0.9775280898876404,0.9793650793650794,0.979883855981417,27,0.9537541706304077
1275,0.9646017699115044,0.9637085137085137,0.9698225957049486,27,0.9536169021376099
1276,0.972972972972973,0.9682539682539681,0.9764606936130213,26,0.9522453769103214
1277,0.9921875,0.9904761904761905,0.9925903056498919,26,0.9547100088916871
1278,0.9724770642201835,0.9682539682539681,0.9694037569650662,26,0.9513421255248297
1279,0.9699248120300752,0.9637085137085137,0.9698225957049486,26,0.9505673573499106
1280,0.9618320610687023,0.9523809523809523,0.960098286581243,26,0.9542713077496593
1281,0.9541284403669725,0.9177489177489179,0.9281458612054475,27,0.954048088665837
1282,0.9222222222222223,0.8955266955266955,0.9051450710345537,27,0.9508951058528039
1283,0.9473684210526315,0.9132034632034631,0.9214862914862915,27,0.9506659258198443
1284,0.9196428571428571,0.8662337662337662,0.8851022495589437,27,0.954194656349236
1285,0.9465648854961832,0.9082251082251082,0.9126123234916559,27,0.9546100546778994
1286,0.9196428571428571,0.886002886002886,0.8878515579414167,27,0.9511256195728606
1287,0.9338235294117647,0.8925685425685426,0.8932155430209692,27,0.950712226864924
1288,0.9104477611940298,0.8526695526695527,0.8707991366784691,27,0.9545252652027024
1289,0.9545454545454546,0.9177489177489179,0.9281458612054475,27,0.9544390858531977
1290,0.9230769230769231,0.8955266955266955,0.9051450710345537,27,0.9510656378544444
1291,0.9304347826086956,0.883910533910534,0.894911088030718,27,0.9508188506620093
1292,0.9203539823008849,0.8662337662337662,0.8851022495589437,27,0.9543675831606769
1293,0.9615384615384616,0.9177489177489179,0.9281458612054475,26,0.9513847188754472
1294,0.918918918918919,0.8662337662337662,0.8760113404680345,27,0.9535042769868799
1295,0.9555555555555556,0.9132034632034631,0.9214862914862915,27,0.9526436301236083
1296,0.9473684210526315,0.8955266955266955,0.9122020076825088,26,0.9521242629793244
1297,0.9791666666666666,0.96,0.9674943235918846,26,0.9544213391360158
1298,0.961038961038961,0.9488888888888889,0.9576616337591947,26,0.9511724636237039
1299,0.9405940594059405,0.9286868686868687,0.9266659627635239,26,0.9512236464030984
1300,0.9494949494949495,0.9330158730158731,0.943618683245656,26,0.9539246450512249
1301,0.9661016949152542,0.9504761904761905,0.9601434567097218,25,0.9500482053295813
1302,0.9494949494949495,0.9393650793650794,0.9466527582190233,26,0.9513819847599938
1303,0.943089430894309,0.9239249639249639,0.924637060816836,26,0.9514289634595
1304,0.9338842975206612,0.9123809523809525,0.928341069907335,25,0.9501276640052768
1305,0.979381443298969,0.96,0.9677212095816747,25,0.950084006272869
1306,0.9615384615384616,0.9488888888888889,0.9578885197489848,26,0.9512097804468147
1307,0.9411764705882353,0.9286868686868687,0.9268928487533138,26,0.9513088062315231
1308,0.96,0.9377777777777778,0.9513325950535252,26,0.9541833495170762
1309,0.9829059829059829,0.96,0.9699627338181556,25,0.9521151716204898
1310,0.9693877551020408,0.9488888888888889,0.9601300439854656,26,0.9533818384022946
1311,0.9508196721311475,0.9286868686868687,0.9291343729897946,26,0.9531119596820793
1312,0.95,0.921904761904762,0.9374943850707369,25,0.952154121922422
1313,1.0,1.0,1.0,26,0.9539175852394067
1314,0.9736842105263158,0.9788888888888889,0.9794076655052265,26,0.9505656480904155
1315,0.96,0.9686868686868687,0.959144385026738,26,0.9503865604064231
1316,0.9693877551020408,0.9730158730158729,0.975798319327731,26,0.9531782577480193
1317,0.9743589743589743,0.9857142857142858,0.9690083154440249,26,0.9542930294201122
1318,0.9693877551020408,0.9793650793650794,0.9693575401919432,26,0.9508034918760463
1319,0.9590163934426229,0.9637085137085137,0.953415724869323,26,0.9506513890730289
1320,0.95,0.9587301587301587,0.9450947782893927,26,0.9536083134476143
1321,1.0,1.0,1.0,26,0.9540681183824806
1322,0.987012987012987,0.9888888888888889,0.9894076655052265,26,0.9506420418015419
1323,0.9603960396039604,0.9686868686868687,0.959144385026738,26,0.9505673714726739
1324,0.9797979797979798,0.9777777777777779,0.9835841313269494,26,0.9534789980467949
1325,1.0,1.0,1.0,25,0.9513702754833387
1326,0.979381443298969,0.9777777777777779,0.9787114845938376,26,0.9526982242972106
1327,0.9752066115702479,0.9732323232323232,0.9709674052944655,26,0.9522444039690943
1328,0.9663865546218487,0.9619047619047618,0.9671682626538989,25,0.9509696124621138
1329,0.9484536082474226,0.909090909090909,0.9167862266857962,26,0.9510022436884575
1330,0.9230769230769231,0.905050505050505,0.914452798663325,27,0.9526350974421659
1331,0.9411764705882353,0.9181818181818182,0.9109043927648578,27,0.9526685755066139
1332,0.93,0.8868686868686868,0.9006278719001017,26,0.9510012176356438
1333,0.9495798319327731,0.9177489177489176,0.9199587267025235,26,0.951549043427593
1334,0.93,0.9066378066378066,0.9073255371073087,27,0.9529785598114241
1335,0.9274193548387096,0.8975468975468974,0.887758437540209,27,0.9529064521193089
1336,0.9262295081967213,0.8844155844155844,0.895561625343397,26,0.9514283887333383
1337,0.9489795918367347,0.909090909090909,0.9167862266857962,26,0.9516451936273371
1338,0.9493670886075949,0.9272727272727274,0.9355555555555555,27,0.9528887680142973
1339,0.9320388349514563,0.9070707070707071,0.903017978190392,27,0.9528755324299227
1340,0.9306930693069307,0.8868686868686868,0.9006278719001017,26,0.9514027789841702
1341,0.9576271186440678,0.909090909090909,0.9167862266857962,26,0.9536103719740897
1342,0.9494949494949495,0.909090909090909,0.9167862266857962,26,0.950732247789775
1343,0.9349593495934959,0.9087583148558759,0.893065923749807,26,0.950356876859268
1344,0.9421487603305785,0.8868686868686868,0.9006278719001017,26,0.9536787680001124
1345,0.979381443298969,0.96,0.9674943235918846,26,0.9535997876806052
1346,0.9615384615384616,0.9488888888888889,0.956910569105691,26,0.9502099552143494
1347,0.9509803921568627,0.9332323232323233,0.9394914892969155,26,0.9500717616966134
1348,0.95,0.9330158730158731,0.943618683245656,26,0.9530385896807254
1349,0.9663865546218487,0.9504761904761905,0.9601434567097218,26,0.9538898485259607
1350,0.95,0.9393650793650794,0.9454842626319231,26,0.950429119787123
1351,0.9516129032258065,0.9284704184704186,0.9374603174603175,26,0.9502744640663453
1352,0.9344262295081968,0.9123809523809525,0.928341069907335,26,0.9534245086199894
1353,0.9795918367346939,0.96,0.9677212095816747,26,0.9537015190532109
1354,0.9746835443037974,0.96,0.9682485662065922,26,0.9501584731229953
1355,0.941747572815534,0.9286868686868687,0.9287110305714957,26,0.9500668367209735
1356,0.9603960396039604,0.9377777777777778,0.9513325950535252,26,0.9533024217732545
1357,0.9830508474576272,0.96,0.9699627338181556,25,0.9511109236336613
1358,0.9696969696969697,0.9488888888888889,0.9601300439854656,26,0.9524525736153793
1359,0.959349593495935,0.9332323232323233,0.9419598995231864,26,0.9519403450588224
1360,0.9504132231404959,0.921904761904762,0.9374943850707369,25,0.9511536906769497
1361,1.0,1.0,1.0,26,0.9530890360908736
1362,0.987012987012987,0.9888888888888889,0.9894076655052265,27,0.9539691751680802
1363,0.9702970297029703,0.9732323232323232,0.9719699115601296,27,0.9538148392201741
1364,0.9696969696969697,0.9730158730158729,0.975798319327731,26,0.952292198382536
1365,0.9745762711864406,0.9857142857142858,0.9700108217096892,26,0.9533847652413863
1366,0.9797979797979798,0.9904761904761905,0.9797175866495508,27,0.9542172114227631
1367,0.959349593495935,0.9637085137085137,0.9470918627796419,27,0.9539021634259135
1368,0.9504132231404959,0.9587301587301587,0.9460972845550568,26,0.9526539003280411
1369,1.0,1.0,1.0,26,0.953244400067411
1370,0.9871794871794872,0.9888888888888889,0.9894076655052265,27,0.9540189830243263
1371,0.9705882352941176,0.9732323232323232,0.9719699115601296,27,0.9539353076592341
1372,0.98,0.9777777777777779,0.9835841313269494,26,0.9525884656396456
1373,1.0,1.0,1.0,25,0.9504423949164227
1374,0.9795918367346939,0.9777777777777779,0.9787114845938376,26,0.9517516875486534
1375,0.9754098360655737,0.9732323232323232,0.9719699115601296,26,0.9512214732086067
1376,0.9666666666666667,0.9619047619047618,0.9671682626538989,26,0.954636115295278
1377,0.9489795918367347,0.909090909090909,0.9167862266857962,27,0.9542903846657954
1378,0.9113924050632911,0.8868686868686868,0.8957552251669899,27,0.9511455454049255
1379,0.941747572815534,0.9045454545454545,0.9049635665872742,27,0.9508735441159846
1380,0.9504950495049505,0.9161616161616163,0.9275615887380593,27,0.9539719178088802
1381,0.9416666666666667,0.8995670995670995,0.9015333950807862,27,0.9546494656347052
1382,0.9108910891089109,0.8773448773448773,0.8786043602833166,27,0.9514195722467463
1383,0.92,0.8793650793650795,0.8663593707872403,27,0.9510207670752067
1384,0.926829268292683,0.8844155844155844,0.8903875616575364,27,0.9541022491422119
1385,0.9494949494949495,0.909090909090909,0.9167862266857962,27,0.9546225349299587
1386,0.925,0.8979797979797979,0.9062984218077474,27,0.9513061016288412
1387,0.9326923076923077,0.8934343434343435,0.8971072065189712,27,0.9510272258165267
1388,0.9411764705882353,0.8979797979797979,0.9088235294117648,27,0.9543353967686453
1389,0.957983193277311,0.909090909090909,0.9167862266857962,26,0.9518309359399455
1390,0.95,0.909090909090909,0.9167862266857962,27,0.9535711865959325
1391,0.9596774193548387,0.9227272727272726,0.9237328954570334,27,0.9528387743258949
1392,0.9508196721311475,0.905050505050505,0.9193254453964368,26,0.952018862153227
1393,0.9791666666666666,0.96,0.9674943235918846,26,0.9545727222257017
1394,0.961038961038961,0.9488888888888889,0.9576616337591947,26,0.9513581799830433
1395,0.9405940594059405,0.9286868686868687,0.9266659627635239,26,0.9513525344443587
1396,0.9393939393939394,0.921904761904762,0.935025974844466,26,0.9541303886534251
1397,0.9661016949152542,0.9504761904761905,0.9601434567097218,25,0.9502055261008596
1398,0.9494949494949495,0.9393650793650794,0.9466527582190233,26,0.9516531242074937
1399,0.943089430894309,0.9239249639249639,0.924637060816836,26,0.9516796574395329
1400,0.9338842975206612,0.9123809523809525,0.928341069907335,25,0.9504090024841062
1401,0.979381443298969,0.96,0.9677212095816747,25,0.9501452720034677
1402,0.9615384615384616,0.9488888888888889,0.9578885197489848,26,0.951313105230264
1403,0.9411764705882353,0.9286868686868687,0.9268928487533138,26,0.9513997140258735
1404,0.94,0.921904761904762,0.9352528608342562,25,0.9501348304219636
1405,0.9829059829059829,0.96,0.9699627338181556,25,0.9523363914297727
1406,0.9591836734693877,0.9377777777777778,0.9496499449691148,26,0.9536257509466727
1407,0.9508196721311475,0.9286868686868687,0.9291343729897946,26,0.9532383860945033
1408,0.95,0.921904761904762,0.9374943850707369,25,0.9525185026577551
1409,1.0,1.0,1.0,26,0.9540639826401577
1410,0.9736842105263158,0.9788888888888889,0.9794076655052265,26,0.9507434551134493
1411,0.96,0.9686868686868687,0.959144385026738,26,0.9506036206238303
1412,0.9795918367346939,0.9777777777777779,0.9835841313269494,26,0.9533973714573162
1413,0.9829059829059829,0.9904761904761905,0.9820639898604183,26,0.9544997557546349
1414,0.9693877551020408,0.9793650793650794,0.9693575401919432,26,0.9510280602510128
1415,0.9508196721311475,0.959163059163059,0.9415949744915058,26,0.9509707881280743
1416,0.95,0.9587301587301587,0.9481242393963287,26,0.9538991928372542
1417,1.0,1.0,1.0,26,0.9542024072253273
1418,0.987012987012987,0.9888888888888889,0.9894076655052265,26,0.9507548127392084
1419,0.9603960396039604,0.9686868686868687,0.959144385026738,26,0.9507241420303217
1420,0.9797979797979798,0.9777777777777779,0.9835841313269494,26,0.9536758233670198
1421,1.0,1.0,1.0,25,0.9516338699887006
1422,0.979381443298969,0.9777777777777779,0.9787114845938376,26,0.9529355708973071
1423,0.9669421487603306,0.9686868686868687,0.959144385026738,26,0.9525024933636542
1424,0.9747899159663865,0.9666666666666668,0.974921630094044,25,0.9513452841688332
1425,0.9484536082474226,0.909090909090909,0.9167862266857962,26,0.9511115554140239
1426,0.9230769230769231,0.905050505050505,0.914452798663325,27,0.9528302301814952
1427,0.9313725490196079,0.9070707070707071,0.903017978190392,27,0.9527843924998273
1428,0.92,0.8757575757575757,0.8921746557062026,26,0.9512356613785872
1429,0.9495798319327731,0.9177489177489176,0.9199587267025235,26,0.9517830264310481
1430,0.92,0.8955266955266955,0.8946187552450799,27,0.9532223333550494
1431,0.9274193548387096,0.8975468975468974,0.8825843738543486,27,0.953133210542212
1432,0.9262295081967213,0.8844155844155844,0.895561625343397,26,0.9517320374711751
1433,0.9489795918367347,0.909090909090909,0.9167862266857962,26,0.9517454942673889
1434,0.9367088607594937,0.9161616161616163,0.9250364811340421,27,0.9529741620181932
1435,0.9320388349514563,0.9070707070707071,0.903017978190392,27,0.9529565811141962
1436,0.9207920792079208,0.8757575757575757,0.8921746557062026,26,0.9515721482223994
1437,0.9661016949152542,0.9272727272727274,0.9355555555555555,26,0.9538757432588769
1438,0.9494949494949495,0.909090909090909,0.9167862266857962,26,0.9509516686741248
1439,0.943089430894309,0.9136363636363637,0.9041064881237049,26,0.9504596730733896
1440,0.9421487603305785,0.8868686868686868,0.9006278719001017,26,0.954101530607509
